id,time,grade,send/reps,type,weight,outside,effort,date,send,attempts,attempt_load,readiness,predicted_send_probability,grade_only_expected_send_probability,performance_residual
5,2024-04-18 17:14:39.003432,0,1,0,0.0,0,5,2024-04-18,1,1,0,0.0,0.9835406317095422,0.9883844429385786,0.011615557061421367
6,2024-04-18 17:15:49.305998,3,1,0,0.0,0,5,2024-04-18,1,1,9,0.0,0.7529249611305162,0.8318390349179802,0.16816096508201983
7,2024-04-18 17:17:39.545875,4,1,0,0.0,0,5,2024-04-18,1,1,16,0.0,0.5305311169651673,0.6570963018227935,0.34290369817720645
8,2024-04-18 17:19:26.590790,2,1,0,0.0,0,5,2024-04-18,1,1,4,0.0,0.8915111327792199,0.9273753283850786,0.07262467161492137
9,2024-04-18 17:24:21.139056,3,1,0,0.0,0,5,2024-04-18,1,1,9,0.0,0.7529249611305162,0.8318390349179802,0.16816096508201983
10,2024-04-18 17:27:06.186809,7,0,0,0.0,0,5,2024-04-18,0,1,49,0.0,0.05448964977324341,0.10023392045771826,-0.10023392045771826
11,2024-04-18 17:28:27.091924,7,0,0,0.0,0,5,2024-04-18,0,1,49,0.0,0.05448964977324341,0.10023392045771826,-0.10023392045771826
12,2024-04-18 17:30:22.146263,6,0,0,0.0,0,5,2024-04-18,0,1,36,0.0,0.1345030263732803,0.22334270735276335,-0.22334270735276335
13,2024-04-18 17:31:52.498268,4,0,0,0.0,0,5,2024-04-18,0,1,16,0.0,0.5305311169651673,0.6570963018227935,-0.6570963018227935
14,2024-04-18 17:33:01.254208,4,0,0,0.0,0,5,2024-04-18,0,1,16,0.0,0.5305311169651673,0.6570963018227935,-0.6570963018227935
15,2024-04-18 17:35:03.607256,4,0,0,0.0,0,5,2024-04-18,0,1,16,0.0,0.5305311169651673,0.6570963018227935,-0.6570963018227935
16,2024-04-18 17:38:30.408485,5,0,0,0.0,0,5,2024-04-18,0,1,25,0.0,0.2953125065838389,0.4260573723585436,-0.4260573723585436
17,2024-04-18 17:39:57.486231,4,0,0,0.0,0,5,2024-04-18,0,1,16,0.0,0.5305311169651673,0.6570963018227935,-0.6570963018227935
18,2024-04-18 17:42:23.147983,5,0,0,0.0,0,5,2024-04-18,0,1,25,0.0,0.2953125065838389,0.4260573723585436,-0.4260573723585436
19,2024-04-18 17:44:47.699392,5,0,0,0.0,0,5,2024-04-18,0,1,25,0.0,0.2953125065838389,0.4260573723585436,-0.4260573723585436
20,2024-04-18 17:46:50.112496,5,0,0,0.0,0,5,2024-04-18,0,1,25,0.0,0.2953125065838389,0.4260573723585436,-0.4260573723585436
21,2024-04-18 17:48:40.076611,5,0,0,0.0,0,5,2024-04-18,0,1,25,0.0,0.2953125065838389,0.4260573723585436,-0.4260573723585436
24,2024-04-20 12:19:14.873879,1,1,0,0.0,0,5,2024-04-20,1,1,1,326.64630791098136,0.9611276715028592,0.9705563170026417,0.029443682997358334
25,2024-04-20 12:20:29.458006,2,1,0,0.0,0,5,2024-04-20,1,1,4,326.64630791098136,0.9016618684925913,0.9273753283850786,0.07262467161492137
26,2024-04-20 12:21:28.950257,1,1,0,0.0,0,5,2024-04-20,1,1,1,326.64630791098136,0.9611276715028592,0.9705563170026417,0.029443682997358334
27,2024-04-20 12:22:52.473313,1,1,0,0.0,0,5,2024-04-20,1,1,1,326.64630791098136,0.9611276715028592,0.9705563170026417,0.029443682997358334
28,2024-04-20 12:24:52.112185,3,1,0,0.0,0,5,2024-04-20,1,1,9,326.64630791098136,0.7727370023812241,0.8318390349179802,0.16816096508201983
29,2024-04-20 12:26:13.137544,3,1,0,0.0,0,5,2024-04-20,1,1,9,326.64630791098136,0.7727370023812241,0.8318390349179802,0.16816096508201983
30,2024-04-20 12:28:32.501745,4,1,0,0.0,0,5,2024-04-20,1,1,16,326.64630791098136,0.5577002837476007,0.6570963018227935,0.34290369817720645
31,2024-04-20 12:32:13.607298,4,1,0,0.0,0,5,2024-04-20,1,1,16,326.64630791098136,0.5577002837476007,0.6570963018227935,0.34290369817720645
32,2024-04-20 12:34:15.302171,5,0,0,0.0,0,5,2024-04-20,0,1,25,326.64630791098136,0.3186108919586225,0.4260573723585436,-0.4260573723585436
33,2024-04-20 12:37:38.473680,5,0,0,0.0,0,5,2024-04-20,0,1,25,326.64630791098136,0.3186108919586225,0.4260573723585436,-0.4260573723585436
34,2024-04-20 12:39:35.874551,5,0,0,0.0,0,5,2024-04-20,0,1,25,326.64630791098136,0.3186108919586225,0.4260573723585436,-0.4260573723585436
35,2024-04-20 12:42:57.734727,5,0,0,0.0,0,5,2024-04-20,0,1,25,326.64630791098136,0.3186108919586225,0.4260573723585436,-0.4260573723585436
36,2024-04-20 12:48:18.402259,5,1,0,0.0,0,5,2024-04-20,1,1,25,326.64630791098136,0.3186108919586225,0.4260573723585436,0.5739426276414564
37,2024-04-20 12:53:28.089773,5,0,0,0.0,0,5,2024-04-20,0,1,25,326.64630791098136,0.3186108919586225,0.4260573723585436,-0.4260573723585436
38,2024-04-20 12:55:27.392239,5,0,0,0.0,0,5,2024-04-20,0,1,25,326.64630791098136,0.3186108919586225,0.4260573723585436,-0.4260573723585436
39,2024-04-20 12:58:26.537666,3,1,0,0.0,0,5,2024-04-20,1,1,9,326.64630791098136,0.7727370023812241,0.8318390349179802,0.16816096508201983
40,2024-04-20 13:01:35.031083,5,1,0,0.0,0,5,2024-04-20,1,1,25,326.64630791098136,0.3186108919586225,0.4260573723585436,0.5739426276414564
41,2024-04-20 13:07:18.162689,6,0,0,0.0,0,5,2024-04-20,0,1,36,326.64630791098136,0.14777498838180975,0.22334270735276335,-0.22334270735276335
42,2024-04-20 13:18:18.537963,5,1,0,0.0,0,5,2024-04-20,1,1,25,326.64630791098136,0.3186108919586225,0.4260573723585436,0.5739426276414564
53,2024-04-23 18:52:58.386531,4,0,0,0.0,1,5,2024-04-23,0,1,16,509.71049287536573,0.5727876308238499,0.6570963018227935,-0.6570963018227935
54,2024-04-23 18:55:11.811893,4,1,0,0.0,1,5,2024-04-23,1,1,16,509.71049287536573,0.5727876308238499,0.6570963018227935,0.34290369817720645
55,2024-04-23 19:06:50.616744,5,1,0,0.0,1,5,2024-04-23,1,1,25,509.71049287536573,0.33208652028438923,0.4260573723585436,0.5739426276414564
56,2024-04-23 19:18:03.517204,5,0,0,0.0,1,5,2024-04-23,0,1,25,509.71049287536573,0.33208652028438923,0.4260573723585436,-0.4260573723585436
57,2024-04-23 19:19:55.028105,5,0,0,0.0,1,5,2024-04-23,0,1,25,509.71049287536573,0.33208652028438923,0.4260573723585436,-0.4260573723585436
58,2024-04-23 19:32:09.216696,11,0,0,0.0,1,5,2024-04-23,0,1,121,509.71049287536573,0.0012913893276719217,0.0025024645135895357,-0.0025024645135895357
59,2024-04-23 19:33:38.170127,11,0,0,0.0,1,5,2024-04-23,0,1,121,509.71049287536573,0.0012913893276719217,0.0025024645135895357,-0.0025024645135895357
60,2024-04-23 19:36:27.999769,11,0,0,0.0,1,5,2024-04-23,0,1,121,509.71049287536573,0.0012913893276719217,0.0025024645135895357,-0.0025024645135895357
61,2024-04-23 19:40:30.631232,11,0,0,0.0,1,5,2024-04-23,0,1,121,509.71049287536573,0.0012913893276719217,0.0025024645135895357,-0.0025024645135895357
62,2024-04-23 19:43:22.877503,11,0,0,0.0,1,5,2024-04-23,0,1,121,509.71049287536573,0.0012913893276719217,0.0025024645135895357,-0.0025024645135895357
63,2024-04-23 19:45:20.887205,11,0,0,0.0,1,5,2024-04-23,0,1,121,509.71049287536573,0.0012913893276719217,0.0025024645135895357,-0.0025024645135895357
64,2024-04-23 19:50:43.367174,11,0,0,0.0,1,5,2024-04-23,0,1,121,509.71049287536573,0.0012913893276719217,0.0025024645135895357,-0.0025024645135895357
65,2024-04-23 19:57:53.708897,11,0,0,0.0,1,5,2024-04-23,0,1,121,509.71049287536573,0.0012913893276719217,0.0025024645135895357,-0.0025024645135895357
66,2024-04-23 20:04:27.326478,11,0,0,0.0,1,5,2024-04-23,0,1,121,509.71049287536573,0.0012913893276719217,0.0025024645135895357,-0.0025024645135895357
67,2024-04-23 20:10:22.556088,11,0,0,0.0,1,5,2024-04-23,0,1,121,509.71049287536573,0.0012913893276719217,0.0025024645135895357,-0.0025024645135895357
68,2024-04-23 20:21:36.268845,11,0,0,0.0,1,5,2024-04-23,0,1,121,509.71049287536573,0.0012913893276719217,0.0025024645135895357,-0.0025024645135895357
69,2024-04-24 18:14:17.702846,4,0,0,0.0,1,5,2024-04-24,0,1,16,1899.2051263191822,0.6811954531826542,0.6570963018227935,-0.6570963018227935
70,2024-04-24 18:28:14.363249,4,0,0,0.0,1,5,2024-04-24,0,1,16,1899.2051263191822,0.6811954531826542,0.6570963018227935,-0.6570963018227935
71,2024-04-24 18:31:29.724491,5,1,0,0.0,1,5,2024-04-24,1,1,25,1899.2051263191822,0.44207972900499004,0.4260573723585436,0.5739426276414564
72,2024-04-24 18:48:03.164550,6,1,0,0.0,1,5,2024-04-24,1,1,36,1899.2051263191822,0.2271064101008692,0.22334270735276335,0.7766572926472366
73,2024-04-24 19:01:58.361938,8,0,0,0.0,1,5,2024-04-24,0,1,64,1899.2051263191822,0.03883902073985646,0.04136939225873243,-0.04136939225873243
74,2024-04-24 19:13:14.832455,8,1,0,0.0,1,5,2024-04-24,1,1,64,1899.2051263191822,0.03883902073985646,0.04136939225873243,0.9586306077412676
75,2024-04-24 20:03:36.292143,8,0,0,0.0,1,5,2024-04-24,0,1,64,1899.2051263191822,0.03883902073985646,0.04136939225873243,-0.04136939225873243
76,2024-04-26 17:17:59.771133,3,1,0,0.0,0,5,2024-04-26,1,1,9,1812.8163074611161,0.8484239653055484,0.8318390349179802,0.16816096508201983
77,2024-04-26 17:23:14.548933,3,1,0,0.0,0,5,2024-04-26,1,1,9,1812.8163074611161,0.8484239653055484,0.8318390349179802,0.16816096508201983
78,2024-04-26 17:25:24.905001,2,1,0,0.0,0,5,2024-04-26,1,1,4,1812.8163074611161,0.9378646153301987,0.9273753283850786,0.07262467161492137
79,2024-04-26 17:32:37.955636,4,1,0,0.0,0,5,2024-04-26,1,1,16,1812.8163074611161,0.6748702696492304,0.6570963018227935,0.34290369817720645
80,2024-04-26 17:35:43.996814,4,1,0,0.0,0,5,2024-04-26,1,1,16,1812.8163074611161,0.6748702696492304,0.6570963018227935,0.34290369817720645
81,2024-04-26 17:39:19.179902,5,1,0,0.0,0,5,2024-04-26,1,1,25,1812.8163074611161,0.4349456896496565,0.4260573723585436,0.5739426276414564
82,2024-04-26 17:43:38.496607,5,0,0,0.0,0,5,2024-04-26,0,1,25,1812.8163074611161,0.4349456896496565,0.4260573723585436,-0.4260573723585436
83,2024-04-26 17:49:20.391737,5,1,0,0.0,0,5,2024-04-26,1,1,25,1812.8163074611161,0.4349456896496565,0.4260573723585436,0.5739426276414564
84,2024-04-26 18:04:49.997061,7,0,0,0.0,0,5,2024-04-26,0,1,49,1812.8163074611161,0.09572150039573202,0.10023392045771826,-0.10023392045771826
85,2024-04-26 18:12:32.060819,7,0,0,0.0,0,5,2024-04-26,0,1,49,1812.8163074611161,0.09572150039573202,0.10023392045771826,-0.10023392045771826
86,2024-04-26 18:14:19.021749,7,0,0,0.0,0,5,2024-04-26,0,1,49,1812.8163074611161,0.09572150039573202,0.10023392045771826,-0.10023392045771826
87,2024-04-26 18:18:29.737499,7,0,0,0.0,0,5,2024-04-26,0,1,49,1812.8163074611161,0.09572150039573202,0.10023392045771826,-0.10023392045771826
88,2024-04-26 18:26:18.977973,7,0,0,0.0,0,5,2024-04-26,0,1,49,1812.8163074611161,0.09572150039573202,0.10023392045771826,-0.10023392045771826
89,2024-04-26 18:29:26.174062,7,0,0,0.0,0,5,2024-04-26,0,1,49,1812.8163074611161,0.09572150039573202,0.10023392045771826,-0.10023392045771826
90,2024-04-26 18:32:50.844375,7,0,0,0.0,0,5,2024-04-26,0,1,49,1812.8163074611161,0.09572150039573202,0.10023392045771826,-0.10023392045771826
91,2024-04-26 18:43:14.320269,6,0,0,0.0,0,5,2024-04-26,0,1,36,1812.8163074611161,0.22206072903873983,0.22334270735276335,-0.22334270735276335
92,2024-04-29 20:00:49.431069,4,1,0,0.0,0,5,2024-04-29,1,1,16,1758.8825738797605,0.6708885987933823,0.6570963018227935,0.34290369817720645
93,2024-04-29 20:02:58.852297,4,0,0,0.0,0,5,2024-04-29,0,1,16,1758.8825738797605,0.6708885987933823,0.6570963018227935,-0.6570963018227935
94,2024-04-29 20:04:57.735376,4,0,0,0.0,0,5,2024-04-29,0,1,16,1758.8825738797605,0.6708885987933823,0.6570963018227935,-0.6570963018227935
95,2024-04-29 20:08:46.413629,4,1,0,0.0,0,5,2024-04-29,1,1,16,1758.8825738797605,0.6708885987933823,0.6570963018227935,0.34290369817720645
96,2024-04-29 20:14:10.386094,7,1,0,0.0,0,5,2024-04-29,1,1,49,1758.8825738797605,0.09416711139456678,0.10023392045771826,0.8997660795422817
97,2024-04-30 18:58:45.580795,0,1,0,0.0,1,5,2024-04-30,1,1,0,1704.5027667778052,0.9906404582010627,0.9883844429385786,0.011615557061421367
98,2024-04-30 18:58:52.453588,1,1,0,0.0,1,5,2024-04-30,1,1,1,1704.5027667778052,0.9751554489881504,0.9705563170026417,0.029443682997358334
99,2024-04-30 19:01:50.032794,4,1,0,0.0,1,5,2024-04-30,1,1,16,1704.5027667778052,0.6668489979415195,0.6570963018227935,0.34290369817720645
100,2024-04-30 19:25:47.212648,6,0,0,0.0,1,5,2024-04-30,0,1,36,1704.5027667778052,0.2158484122370761,0.22334270735276335,-0.22334270735276335
101,2024-04-30 19:26:02.477564,6,0,0,0.0,1,5,2024-04-30,0,1,36,1704.5027667778052,0.2158484122370761,0.22334270735276335,-0.22334270735276335
102,2024-04-30 19:31:31.453368,6,0,0,0.0,1,5,2024-04-30,0,1,36,1704.5027667778052,0.2158484122370761,0.22334270735276335,-0.22334270735276335
103,2024-04-30 19:37:28.414944,6,0,0,0.0,1,5,2024-04-30,0,1,36,1704.5027667778052,0.2158484122370761,0.22334270735276335,-0.22334270735276335
104,2024-04-30 19:46:57.434652,6,0,0,0.0,1,5,2024-04-30,0,1,36,1704.5027667778052,0.2158484122370761,0.22334270735276335,-0.22334270735276335
105,2024-04-30 20:03:22.593388,6,0,0,0.0,1,5,2024-04-30,0,1,36,1704.5027667778052,0.2158484122370761,0.22334270735276335,-0.22334270735276335
106,2024-04-30 20:11:32.559136,9,0,0,0.0,1,5,2024-04-30,0,1,81,1704.5027667778052,0.013843262625826672,0.016442593182564774,-0.016442593182564774
107,2024-04-30 20:15:02.778549,9,0,0,0.0,1,5,2024-04-30,0,1,81,1704.5027667778052,0.013843262625826672,0.016442593182564774,-0.016442593182564774
108,2024-04-30 20:18:51.238901,9,0,0,0.0,1,5,2024-04-30,0,1,81,1704.5027667778052,0.013843262625826672,0.016442593182564774,-0.016442593182564774
109,2024-04-30 20:22:42.846556,9,0,0,0.0,1,5,2024-04-30,0,1,81,1704.5027667778052,0.013843262625826672,0.016442593182564774,-0.016442593182564774
110,2024-04-30 20:27:29.561835,9,0,0,0.0,1,5,2024-04-30,0,1,81,1704.5027667778052,0.013843262625826672,0.016442593182564774,-0.016442593182564774
111,2024-04-30 20:32:13.883847,9,0,0,0.0,1,5,2024-04-30,0,1,81,1704.5027667778052,0.013843262625826672,0.016442593182564774,-0.016442593182564774
112,2024-04-30 20:39:34.487881,9,0,0,0.0,1,5,2024-04-30,0,1,81,1704.5027667778052,0.013843262625826672,0.016442593182564774,-0.016442593182564774
113,2024-04-30 20:45:51.939986,9,0,0,0.0,1,5,2024-04-30,0,1,81,1704.5027667778052,0.013843262625826672,0.016442593182564774,-0.016442593182564774
114,2024-04-30 21:13:02.874763,11,0,0,0.0,1,5,2024-04-30,0,1,121,1704.5027667778052,0.001926714636304225,0.0025024645135895357,-0.0025024645135895357
115,2024-04-30 21:18:43.769502,11,0,0,0.0,1,5,2024-04-30,0,1,121,1704.5027667778052,0.001926714636304225,0.0025024645135895357,-0.0025024645135895357
116,2024-04-30 21:26:07.546074,11,0,0,0.0,1,5,2024-04-30,0,1,121,1704.5027667778052,0.001926714636304225,0.0025024645135895357,-0.0025024645135895357
117,2024-04-30 21:33:14.745478,11,0,0,0.0,1,5,2024-04-30,0,1,121,1704.5027667778052,0.001926714636304225,0.0025024645135895357,-0.0025024645135895357
118,2024-04-30 21:42:45.360481,11,0,0,0.0,1,5,2024-04-30,0,1,121,1704.5027667778052,0.001926714636304225,0.0025024645135895357,-0.0025024645135895357
127,2024-05-03 18:43:52.201931,10,0,0,0.0,1,5,2024-05-03,0,1,100,2479.3606059052795,0.006705322425523043,0.006434427060814574,-0.006434427060814574
128,2024-05-03 19:00:03.194494,10,0,0,0.0,0,5,2024-05-03,0,1,100,2479.3606059052795,0.006705322425523043,0.006434427060814574,-0.006434427060814574
129,2024-05-03 19:12:21.610475,10,0,0,0.0,1,5,2024-05-03,0,1,100,2479.3606059052795,0.006705322425523043,0.006434427060814574,-0.006434427060814574
130,2024-05-03 19:16:05.924956,10,0,0,0.0,1,5,2024-05-03,0,1,100,2479.3606059052795,0.006705322425523043,0.006434427060814574,-0.006434427060814574
131,2024-05-03 19:23:28.460713,10,0,0,0.0,1,5,2024-05-03,0,1,100,2479.3606059052795,0.006705322425523043,0.006434427060814574,-0.006434427060814574
132,2024-05-03 19:31:41.047207,10,0,0,0.0,1,5,2024-05-03,0,1,100,2479.3606059052795,0.006705322425523043,0.006434427060814574,-0.006434427060814574
133,2024-05-05 12:31:55.621348,0,1,0,0.0,0,5,2024-05-05,1,1,0,2572.8312268462864,0.9929886793238774,0.9883844429385786,0.011615557061421367
134,2024-05-05 12:33:03.390417,0,1,0,0.0,0,5,2024-05-05,1,1,0,2572.8312268462864,0.9929886793238774,0.9883844429385786,0.011615557061421367
135,2024-05-05 12:34:39.885850,2,1,0,0.0,0,5,2024-05-05,1,1,4,2572.8312268462864,0.9511631015617488,0.9273753283850786,0.07262467161492137
136,2024-05-05 12:36:19.590380,2,1,0,0.0,0,5,2024-05-05,1,1,4,2572.8312268462864,0.9511631015617488,0.9273753283850786,0.07262467161492137
137,2024-05-05 12:37:47.522543,3,1,0,0.0,0,5,2024-05-05,1,1,9,2572.8312268462864,0.8783826336117785,0.8318390349179802,0.16816096508201983
138,2024-05-05 12:40:53.061151,3,1,0,0.0,0,5,2024-05-05,1,1,9,2572.8312268462864,0.8783826336117785,0.8318390349179802,0.16816096508201983
139,2024-05-05 12:43:57.407212,4,1,0,0.0,0,5,2024-05-05,1,1,16,2572.8312268462864,0.7281399069897742,0.6570963018227935,0.34290369817720645
140,2024-05-05 12:46:29.098857,4,1,0,0.0,0,5,2024-05-05,1,1,16,2572.8312268462864,0.7281399069897742,0.6570963018227935,0.34290369817720645
141,2024-05-05 12:51:24.769276,5,1,0,0.0,0,5,2024-05-05,1,1,25,2572.8312268462864,0.49830219507738255,0.4260573723585436,0.5739426276414564
142,2024-05-05 12:55:40.260698,5,1,0,0.0,0,5,2024-05-05,1,1,25,2572.8312268462864,0.49830219507738255,0.4260573723585436,0.5739426276414564
143,2024-05-05 13:06:16.666747,7,1,0,0.0,0,5,2024-05-05,1,1,49,2572.8312268462864,0.12017383626995452,0.10023392045771826,0.8997660795422817
144,2024-05-05 13:06:54.401339,4,1,0,0.0,0,5,2024-05-05,1,1,16,2572.8312268462864,0.7281399069897742,0.6570963018227935,0.34290369817720645
145,2024-05-05 13:07:49.707447,5,1,0,0.0,0,5,2024-05-05,1,1,25,2572.8312268462864,0.49830219507738255,0.4260573723585436,0.5739426276414564
146,2024-05-05 13:09:08.272897,6,0,0,0.0,0,5,2024-05-05,0,1,36,2572.8312268462864,0.269179755942203,0.22334270735276335,-0.22334270735276335
147,2024-05-05 13:10:26.742062,5,1,0,0.0,0,5,2024-05-05,1,1,25,2572.8312268462864,0.49830219507738255,0.4260573723585436,0.5739426276414564
148,2024-05-05 13:11:26.775017,4,1,0,0.0,0,5,2024-05-05,1,1,16,2572.8312268462864,0.7281399069897742,0.6570963018227935,0.34290369817720645
149,2024-05-05 13:19:46.907050,7,0,0,0.0,0,5,2024-05-05,0,1,49,2572.8312268462864,0.12017383626995452,0.10023392045771826,-0.10023392045771826
150,2024-05-05 13:20:47.423732,4,1,0,0.0,0,5,2024-05-05,1,1,16,2572.8312268462864,0.7281399069897742,0.6570963018227935,0.34290369817720645
151,2024-05-05 13:21:48.358835,5,1,0,0.0,0,5,2024-05-05,1,1,25,2572.8312268462864,0.49830219507738255,0.4260573723585436,0.5739426276414564
152,2024-05-05 13:23:00.004160,6,0,0,0.0,0,5,2024-05-05,0,1,36,2572.8312268462864,0.269179755942203,0.22334270735276335,-0.22334270735276335
153,2024-05-05 13:24:30.273396,4,1,0,0.0,0,5,2024-05-05,1,1,16,2572.8312268462864,0.7281399069897742,0.6570963018227935,0.34290369817720645
154,2024-05-05 13:25:06.229238,5,0,0,0.0,0,5,2024-05-05,0,1,25,2572.8312268462864,0.49830219507738255,0.4260573723585436,-0.4260573723585436
155,2024-05-05 13:36:05.901958,7,1,0,0.0,0,5,2024-05-05,1,1,49,2572.8312268462864,0.12017383626995452,0.10023392045771826,0.8997660795422817
156,2024-05-05 13:37:02.548537,4,1,0,0.0,0,5,2024-05-05,1,1,16,2572.8312268462864,0.7281399069897742,0.6570963018227935,0.34290369817720645
157,2024-05-05 13:38:01.984002,6,0,0,0.0,0,5,2024-05-05,0,1,36,2572.8312268462864,0.269179755942203,0.22334270735276335,-0.22334270735276335
158,2024-05-05 13:38:47.575359,4,0,0,0.0,0,5,2024-05-05,0,1,16,2572.8312268462864,0.7281399069897742,0.6570963018227935,-0.6570963018227935
159,2024-05-05 13:39:29.233291,5,0,0,0.0,0,5,2024-05-05,0,1,25,2572.8312268462864,0.49830219507738255,0.4260573723585436,-0.4260573723585436
160,2024-05-05 13:40:34.641009,3,1,0,0.0,0,5,2024-05-05,1,1,9,2572.8312268462864,0.8783826336117785,0.8318390349179802,0.16816096508201983
167,2024-05-08 18:40:06.786044,2,1,0,0.0,1,5,2024-05-08,1,1,4,2391.50758816187,0.9482593037981302,0.9273753283850786,0.07262467161492137
168,2024-05-08 19:01:40.393994,6,0,0,0.0,1,5,2024-05-08,0,1,36,2391.50758816187,0.25738510328408853,0.22334270735276335,-0.22334270735276335
169,2024-05-08 19:22:04.539638,2,1,0,0.0,1,5,2024-05-08,1,1,4,2391.50758816187,0.9482593037981302,0.9273753283850786,0.07262467161492137
170,2024-05-08 19:22:11.825030,1,1,0,0.0,1,5,2024-05-08,1,1,1,2391.50758816187,0.9801670874151678,0.9705563170026417,0.029443682997358334
171,2024-05-08 19:37:50.545783,10,0,0,0.0,1,5,2024-05-08,0,1,100,2391.50758816187,0.006511894099734282,0.006434427060814574,-0.006434427060814574
172,2024-05-08 19:56:20.652678,10,0,0,0.0,1,5,2024-05-08,0,1,100,2391.50758816187,0.006511894099734282,0.006434427060814574,-0.006434427060814574
173,2024-05-08 20:00:09.160772,9,0,0,0.0,1,5,2024-05-08,0,1,81,2391.50758816187,0.01736817774610704,0.016442593182564774,-0.016442593182564774
174,2024-05-08 20:03:27.492252,9,0,0,0.0,1,5,2024-05-08,0,1,81,2391.50758816187,0.01736817774610704,0.016442593182564774,-0.016442593182564774
175,2024-05-08 20:11:49.884170,9,0,0,0.0,1,5,2024-05-08,0,1,81,2391.50758816187,0.01736817774610704,0.016442593182564774,-0.016442593182564774
176,2024-05-08 20:20:37.220713,9,0,0,0.0,1,5,2024-05-08,0,1,81,2391.50758816187,0.01736817774610704,0.016442593182564774,-0.016442593182564774
177,2024-05-08 20:27:30.264803,9,0,0,0.0,1,5,2024-05-08,0,1,81,2391.50758816187,0.01736817774610704,0.016442593182564774,-0.016442593182564774
178,2024-05-08 20:28:58.963453,9,0,0,0.0,1,5,2024-05-08,0,1,81,2391.50758816187,0.01736817774610704,0.016442593182564774,-0.016442593182564774
179,2024-05-08 20:39:20.832901,9,0,0,0.0,1,5,2024-05-08,0,1,81,2391.50758816187,0.01736817774610704,0.016442593182564774,-0.016442593182564774
180,2024-05-08 20:42:30.363489,9,0,0,0.0,1,5,2024-05-08,0,1,81,2391.50758816187,0.01736817774610704,0.016442593182564774,-0.016442593182564774
181,2024-05-08 21:09:22.539818,9,0,0,0.0,1,5,2024-05-08,0,1,81,2391.50758816187,0.01736817774610704,0.016442593182564774,-0.016442593182564774
189,2024-05-10 19:57:28.258514,7,1,0,0.0,0,5,2024-05-10,1,1,49,2839.3124538145003,0.12994930552464704,0.10023392045771826,0.8997660795422817
190,2024-05-10 19:58:31.175254,4,1,0,0.0,0,5,2024-05-10,1,1,16,2839.3124538145003,0.7454676109189715,0.6570963018227935,0.34290369817720645
191,2024-05-10 19:59:29.818494,5,1,0,0.0,0,5,2024-05-10,1,1,25,2839.3124538145003,0.5206349499033258,0.4260573723585436,0.5739426276414564
192,2024-05-10 20:01:06.853091,6,1,0,0.0,0,5,2024-05-10,1,1,36,2839.3124538145003,0.28712054841015444,0.22334270735276335,0.7766572926472366
193,2024-05-10 20:03:13.909251,5,1,0,0.0,0,5,2024-05-10,1,1,25,2839.3124538145003,0.5206349499033258,0.4260573723585436,0.5739426276414564
194,2024-05-10 20:04:14.518573,4,0,0,0.0,0,5,2024-05-10,0,1,16,2839.3124538145003,0.7454676109189715,0.6570963018227935,-0.6570963018227935
195,2024-05-10 20:05:47.166559,4,1,0,0.0,0,5,2024-05-10,1,1,16,2839.3124538145003,0.7454676109189715,0.6570963018227935,0.34290369817720645
196,2024-05-10 20:12:14.525950,7,1,0,0.0,0,5,2024-05-10,1,1,49,2839.3124538145003,0.12994930552464704,0.10023392045771826,0.8997660795422817
197,2024-05-10 20:13:40.576399,4,1,0,0.0,0,5,2024-05-10,1,1,16,2839.3124538145003,0.7454676109189715,0.6570963018227935,0.34290369817720645
198,2024-05-10 20:14:46.333832,5,1,0,0.0,0,5,2024-05-10,1,1,25,2839.3124538145003,0.5206349499033258,0.4260573723585436,0.5739426276414564
199,2024-05-10 20:16:17.228960,6,1,0,0.0,0,5,2024-05-10,1,1,36,2839.3124538145003,0.28712054841015444,0.22334270735276335,0.7766572926472366
200,2024-05-10 20:17:37.896441,5,1,0,0.0,0,5,2024-05-10,1,1,25,2839.3124538145003,0.5206349499033258,0.4260573723585436,0.5739426276414564
201,2024-05-10 20:18:52.591354,4,1,0,0.0,0,5,2024-05-10,1,1,16,2839.3124538145003,0.7454676109189715,0.6570963018227935,0.34290369817720645
202,2024-05-10 20:20:04.116876,4,1,0,0.0,0,5,2024-05-10,1,1,16,2839.3124538145003,0.7454676109189715,0.6570963018227935,0.34290369817720645
203,2024-05-10 20:27:19.713965,7,0,0,0.0,0,5,2024-05-10,0,1,49,2839.3124538145003,0.12994930552464704,0.10023392045771826,-0.10023392045771826
204,2024-05-10 20:28:30.290051,4,1,0,0.0,0,5,2024-05-10,1,1,16,2839.3124538145003,0.7454676109189715,0.6570963018227935,0.34290369817720645
205,2024-05-10 20:29:35.433036,5,1,0,0.0,0,5,2024-05-10,1,1,25,2839.3124538145003,0.5206349499033258,0.4260573723585436,0.5739426276414564
206,2024-05-10 20:30:35.866712,6,0,0,0.0,0,5,2024-05-10,0,1,36,2839.3124538145003,0.28712054841015444,0.22334270735276335,-0.22334270735276335
207,2024-05-10 20:32:14.075158,5,1,0,0.0,0,5,2024-05-10,1,1,25,2839.3124538145003,0.5206349499033258,0.4260573723585436,0.5739426276414564
208,2024-05-10 20:33:36.145118,4,1,0,0.0,0,5,2024-05-10,1,1,16,2839.3124538145003,0.7454676109189715,0.6570963018227935,0.34290369817720645
209,2024-05-10 20:35:05.118806,4,1,0,0.0,0,5,2024-05-10,1,1,16,2839.3124538145003,0.7454676109189715,0.6570963018227935,0.34290369817720645
214,2024-05-13 18:54:30.606366,2,1,0,225.0,1,5,2024-05-13,1,1,4,2552.8975834341118,0.9508515973721389,0.9273753283850786,0.07262467161492137
215,2024-05-13 19:02:32.393783,2,1,0,225.0,1,5,2024-05-13,1,1,4,2552.8975834341118,0.9508515973721389,0.9273753283850786,0.07262467161492137
216,2024-05-13 19:15:22.886800,5,0,0,225.0,1,5,2024-05-13,0,1,25,2552.8975834341118,0.4966308007318679,0.4260573723585436,-0.4260573723585436
217,2024-05-13 19:22:52.765670,6,1,0,225.0,1,5,2024-05-13,1,1,36,2552.8975834341118,0.2678665521334937,0.22334270735276335,0.7766572926472366
218,2024-05-13 20:23:38.072095,9,0,0,225.0,1,5,2024-05-13,0,1,81,2552.8975834341118,0.0183165381067122,0.016442593182564774,-0.016442593182564774
219,2024-05-13 20:26:24.842501,9,0,0,225.0,1,5,2024-05-13,0,1,81,2552.8975834341118,0.0183165381067122,0.016442593182564774,-0.016442593182564774
220,2024-05-13 20:27:04.794591,9,0,0,225.0,1,5,2024-05-13,0,1,81,2552.8975834341118,0.0183165381067122,0.016442593182564774,-0.016442593182564774
221,2024-05-13 20:34:52.109757,9,0,0,225.0,1,5,2024-05-13,0,1,81,2552.8975834341118,0.0183165381067122,0.016442593182564774,-0.016442593182564774
222,2024-05-13 20:35:39.367211,9,0,0,225.0,1,5,2024-05-13,0,1,81,2552.8975834341118,0.0183165381067122,0.016442593182564774,-0.016442593182564774
223,2024-05-13 20:42:21.980994,9,0,0,225.0,1,5,2024-05-13,0,1,81,2552.8975834341118,0.0183165381067122,0.016442593182564774,-0.016442593182564774
224,2024-05-13 20:54:42.934212,9,0,0,225.0,1,5,2024-05-13,0,1,81,2552.8975834341118,0.0183165381067122,0.016442593182564774,-0.016442593182564774
225,2024-05-13 21:09:24.835145,6,0,0,225.0,1,5,2024-05-13,0,1,36,2552.8975834341118,0.2678665521334937,0.22334270735276335,-0.22334270735276335
226,2024-05-13 21:17:15.198378,6,0,0,225.0,1,5,2024-05-13,0,1,36,2552.8975834341118,0.2678665521334937,0.22334270735276335,-0.22334270735276335
227,2024-05-13 21:19:02.778661,6,0,0,225.0,1,5,2024-05-13,0,1,36,2552.8975834341118,0.2678665521334937,0.22334270735276335,-0.22334270735276335
228,2024-05-16 14:51:39.679711,2,1,0,225.0,1,5,2024-05-16,1,1,4,2500.368725632334,0.9500216777513939,0.9273753283850786,0.07262467161492137
229,2024-05-16 14:56:56.352917,2,1,0,225.0,1,5,2024-05-16,1,1,4,2500.368725632334,0.9500216777513939,0.9273753283850786,0.07262467161492137
230,2024-05-16 15:09:54.709193,3,1,0,225.0,1,5,2024-05-16,1,1,9,2500.368725632334,0.8757623566033313,0.8318390349179802,0.16816096508201983
231,2024-05-16 15:16:01.569797,3,0,0,225.0,1,5,2024-05-16,0,1,9,2500.368725632334,0.8757623566033313,0.8318390349179802,-0.8318390349179802
232,2024-05-16 15:19:47.347198,3,1,0,225.0,1,5,2024-05-16,1,1,9,2500.368725632334,0.8757623566033313,0.8318390349179802,0.16816096508201983
233,2024-05-16 15:40:56.682920,5,0,0,225.0,1,5,2024-05-16,0,1,25,2500.368725632334,0.49222682391212497,0.4260573723585436,-0.4260573723585436
234,2024-05-16 15:42:25.704221,5,0,0,225.0,1,5,2024-05-16,0,1,25,2500.368725632334,0.49222682391212497,0.4260573723585436,-0.4260573723585436
235,2024-05-16 15:44:51.948755,5,0,0,225.0,1,5,2024-05-16,0,1,25,2500.368725632334,0.49222682391212497,0.4260573723585436,-0.4260573723585436
236,2024-05-16 15:51:59.415793,5,1,0,225.0,1,5,2024-05-16,1,1,25,2500.368725632334,0.49222682391212497,0.4260573723585436,0.5739426276414564
237,2024-05-16 16:10:07.970710,10,0,0,225.0,1,5,2024-05-16,0,1,100,2500.368725632334,0.00675241572335029,0.006434427060814574,-0.006434427060814574
238,2024-05-16 16:14:27.985096,10,0,0,225.0,1,5,2024-05-16,0,1,100,2500.368725632334,0.00675241572335029,0.006434427060814574,-0.006434427060814574
239,2024-05-16 16:23:51.250334,10,0,0,225.0,1,5,2024-05-16,0,1,100,2500.368725632334,0.00675241572335029,0.006434427060814574,-0.006434427060814574
240,2024-05-16 16:33:36.273401,10,0,0,225.0,1,5,2024-05-16,0,1,100,2500.368725632334,0.00675241572335029,0.006434427060814574,-0.006434427060814574
241,2024-05-16 16:43:40.070086,10,0,0,225.0,1,5,2024-05-16,0,1,100,2500.368725632334,0.00675241572335029,0.006434427060814574,-0.006434427060814574
242,2024-05-16 17:40:44.793027,8,0,0,225.0,1,5,2024-05-16,0,1,64,2500.368725632334,0.04710678204658461,0.04136939225873243,-0.04136939225873243
243,2024-05-16 17:46:54.564988,8,0,0,225.0,1,5,2024-05-16,0,1,64,2500.368725632334,0.04710678204658461,0.04136939225873243,-0.04136939225873243
244,2024-05-16 18:06:21.761150,8,0,0,225.0,1,5,2024-05-16,0,1,64,2500.368725632334,0.04710678204658461,0.04136939225873243,-0.04136939225873243
245,2024-05-16 18:20:23.530174,8,0,0,225.0,1,5,2024-05-16,0,1,64,2500.368725632334,0.04710678204658461,0.04136939225873243,-0.04136939225873243
246,2024-05-16 18:32:01.718228,8,0,0,225.0,1,5,2024-05-16,0,1,64,2500.368725632334,0.04710678204658461,0.04136939225873243,-0.04136939225873243
247,2024-05-16 18:38:10.632739,8,0,0,225.0,1,5,2024-05-16,0,1,64,2500.368725632334,0.04710678204658461,0.04136939225873243,-0.04136939225873243
248,2024-05-16 18:52:44.025679,8,0,0,225.0,1,5,2024-05-16,0,1,64,2500.368725632334,0.04710678204658461,0.04136939225873243,-0.04136939225873243
249,2024-05-16 19:03:47.059194,8,0,0,225.0,1,5,2024-05-16,0,1,64,2500.368725632334,0.04710678204658461,0.04136939225873243,-0.04136939225873243
250,2024-05-16 19:14:35.936215,8,0,0,225.0,1,5,2024-05-16,0,1,64,2500.368725632334,0.04710678204658461,0.04136939225873243,-0.04136939225873243
251,2024-05-16 19:28:20.493184,8,0,0,225.0,1,5,2024-05-16,0,1,64,2500.368725632334,0.04710678204658461,0.04136939225873243,-0.04136939225873243
252,2024-05-17 15:32:14.793969,5,0,0,225.0,1,5,2024-05-17,0,1,25,3537.427181839024,0.5785282881576701,0.4260573723585436,-0.4260573723585436
253,2024-05-17 15:32:37.553565,5,0,0,225.0,1,5,2024-05-17,0,1,25,3537.427181839024,0.5785282881576701,0.4260573723585436,-0.4260573723585436
254,2024-05-17 15:35:24.112550,5,0,0,225.0,1,5,2024-05-17,0,1,25,3537.427181839024,0.5785282881576701,0.4260573723585436,-0.4260573723585436
255,2024-05-17 16:36:02.646276,5,0,0,225.0,1,5,2024-05-17,0,1,25,3537.427181839024,0.5785282881576701,0.4260573723585436,-0.4260573723585436
256,2024-05-17 16:42:36.701356,5,0,0,225.0,1,5,2024-05-17,0,1,25,3537.427181839024,0.5785282881576701,0.4260573723585436,-0.4260573723585436
257,2024-05-17 16:42:43.945183,5,0,0,225.0,1,5,2024-05-17,0,1,25,3537.427181839024,0.5785282881576701,0.4260573723585436,-0.4260573723585436
258,2024-05-17 16:49:35.278067,5,0,0,225.0,1,5,2024-05-17,0,1,25,3537.427181839024,0.5785282881576701,0.4260573723585436,-0.4260573723585436
259,2024-05-17 16:52:12.507010,5,0,0,225.0,1,5,2024-05-17,0,1,25,3537.427181839024,0.5785282881576701,0.4260573723585436,-0.4260573723585436
260,2024-05-17 17:25:24.111526,5,1,0,225.0,1,5,2024-05-17,1,1,25,3537.427181839024,0.5785282881576701,0.4260573723585436,0.5739426276414564
261,2024-05-17 17:39:43.219526,9,0,0,225.0,1,5,2024-05-17,0,1,81,3537.427181839024,0.0253017897887134,0.016442593182564774,-0.016442593182564774
262,2024-05-17 17:51:41.125791,9,0,0,225.0,1,5,2024-05-17,0,1,81,3537.427181839024,0.0253017897887134,0.016442593182564774,-0.016442593182564774
263,2024-05-19 10:47:28.942269,1,0,0,225.0,1,5,2024-05-19,0,1,1,3246.372501325503,0.9850370545812152,0.9705563170026417,-0.9705563170026417
264,2024-05-19 10:50:17.850646,1,0,0,225.0,1,5,2024-05-19,0,1,1,3246.372501325503,0.9850370545812152,0.9705563170026417,-0.9705563170026417
265,2024-05-19 10:51:38.936994,1,1,0,225.0,1,5,2024-05-19,1,1,1,3246.372501325503,0.9850370545812152,0.9705563170026417,0.029443682997358334
266,2024-05-19 10:59:02.633383,2,0,0,225.0,1,5,2024-05-19,0,1,4,3246.372501325503,0.9606496737953687,0.9273753283850786,-0.9273753283850786
267,2024-05-19 11:00:44.406582,5,1,0,225.0,1,5,2024-05-19,1,1,25,3246.372501325503,0.5545606001098212,0.4260573723585436,0.5739426276414564
268,2024-05-19 11:21:47.867817,5,0,0,225.0,1,5,2024-05-19,0,1,25,3246.372501325503,0.5545606001098212,0.4260573723585436,-0.4260573723585436
269,2024-05-19 11:27:45.238759,5,0,0,225.0,1,5,2024-05-19,0,1,25,3246.372501325503,0.5545606001098212,0.4260573723585436,-0.4260573723585436
270,2024-05-19 11:39:32.789305,5,0,0,225.0,1,5,2024-05-19,0,1,25,3246.372501325503,0.5545606001098212,0.4260573723585436,-0.4260573723585436
271,2024-05-19 11:48:46.330163,10,0,0,225.0,1,5,2024-05-19,0,1,100,3246.372501325503,0.008655479377602263,0.006434427060814574,-0.006434427060814574
272,2024-05-19 11:53:17.836949,10,0,0,225.0,1,5,2024-05-19,0,1,100,3246.372501325503,0.008655479377602263,0.006434427060814574,-0.006434427060814574
273,2024-05-19 12:04:44.759824,10,0,0,225.0,1,5,2024-05-19,0,1,100,3246.372501325503,0.008655479377602263,0.006434427060814574,-0.006434427060814574
274,2024-05-19 12:36:10.534368,10,0,0,225.0,1,5,2024-05-19,0,1,100,3246.372501325503,0.008655479377602263,0.006434427060814574,-0.006434427060814574
275,2024-05-19 12:37:49.731420,10,0,0,225.0,1,5,2024-05-19,0,1,100,3246.372501325503,0.008655479377602263,0.006434427060814574,-0.006434427060814574
276,2024-05-19 14:12:40.281541,1,1,0,225.0,1,5,2024-05-19,1,1,1,3246.372501325503,0.9850370545812152,0.9705563170026417,0.029443682997358334
277,2024-05-19 14:19:52.429424,1,1,0,225.0,1,5,2024-05-19,1,1,1,3246.372501325503,0.9850370545812152,0.9705563170026417,0.029443682997358334
278,2024-05-19 14:22:43.376453,2,1,0,225.0,1,5,2024-05-19,1,1,4,3246.372501325503,0.9606496737953687,0.9273753283850786,0.07262467161492137
279,2024-05-19 14:26:14.132251,5,0,0,225.0,1,5,2024-05-19,0,1,25,3246.372501325503,0.5545606001098212,0.4260573723585436,-0.4260573723585436
280,2024-05-19 14:28:02.326356,5,0,0,225.0,1,5,2024-05-19,0,1,25,3246.372501325503,0.5545606001098212,0.4260573723585436,-0.4260573723585436
281,2024-05-19 14:30:46.093561,5,0,0,225.0,1,5,2024-05-19,0,1,25,3246.372501325503,0.5545606001098212,0.4260573723585436,-0.4260573723585436
282,2024-05-19 14:35:17.434423,5,0,0,225.0,1,5,2024-05-19,0,1,25,3246.372501325503,0.5545606001098212,0.4260573723585436,-0.4260573723585436
283,2024-05-19 14:56:42.678709,1,1,0,225.0,1,5,2024-05-19,1,1,1,3246.372501325503,0.9850370545812152,0.9705563170026417,0.029443682997358334
284,2024-05-19 14:59:28.059287,2,1,0,225.0,1,5,2024-05-19,1,1,4,3246.372501325503,0.9606496737953687,0.9273753283850786,0.07262467161492137
285,2024-05-19 15:04:17.313915,3,1,0,225.0,1,5,2024-05-19,1,1,9,3246.372501325503,0.9005283214559288,0.8318390349179802,0.16816096508201983
286,2024-05-19 15:09:30.796746,3,1,0,225.0,1,5,2024-05-19,1,1,9,3246.372501325503,0.9005283214559288,0.8318390349179802,0.16816096508201983
287,2024-05-19 15:12:12.074528,5,1,0,225.0,1,5,2024-05-19,1,1,25,3246.372501325503,0.5545606001098212,0.4260573723585436,0.5739426276414564
288,2024-05-19 15:44:59.450721,7,0,0,225.0,1,5,2024-05-19,0,1,49,3246.372501325503,0.14618034535708818,0.10023392045771826,-0.10023392045771826
289,2024-05-19 15:47:35.355664,7,0,0,225.0,1,5,2024-05-19,0,1,49,3246.372501325503,0.14618034535708818,0.10023392045771826,-0.10023392045771826
290,2024-05-19 15:48:55.779354,7,0,0,225.0,1,5,2024-05-19,0,1,49,3246.372501325503,0.14618034535708818,0.10023392045771826,-0.10023392045771826
291,2024-05-19 15:53:22.006146,7,0,0,225.0,1,5,2024-05-19,0,1,49,3246.372501325503,0.14618034535708818,0.10023392045771826,-0.10023392045771826
292,2024-05-19 15:56:17.752733,7,0,0,225.0,1,5,2024-05-19,0,1,49,3246.372501325503,0.14618034535708818,0.10023392045771826,-0.10023392045771826
293,2024-05-19 16:04:49.898160,7,0,0,225.0,1,5,2024-05-19,0,1,49,3246.372501325503,0.14618034535708818,0.10023392045771826,-0.10023392045771826
294,2024-05-19 16:18:50.016259,7,0,0,225.0,1,5,2024-05-19,0,1,49,3246.372501325503,0.14618034535708818,0.10023392045771826,-0.10023392045771826
295,2024-05-19 16:22:12.251857,7,0,0,225.0,1,5,2024-05-19,0,1,49,3246.372501325503,0.14618034535708818,0.10023392045771826,-0.10023392045771826
296,2024-05-19 16:32:46.986388,7,0,0,225.0,1,5,2024-05-19,0,1,49,3246.372501325503,0.14618034535708818,0.10023392045771826,-0.10023392045771826
297,2024-05-19 16:51:37.889899,7,0,0,225.0,1,5,2024-05-19,0,1,49,3246.372501325503,0.14618034535708818,0.10023392045771826,-0.10023392045771826
298,2024-05-20 18:34:53.557441,1,1,0,225.0,1,5,2024-05-20,1,1,1,4188.439312082308,0.98904639006758,0.9705563170026417,0.029443682997358334
299,2024-05-20 18:34:59.814739,2,1,0,225.0,1,5,2024-05-20,1,1,4,4188.439312082308,0.9710012568985029,0.9273753283850786,0.07262467161492137
300,2024-05-20 18:35:10.309756,3,1,0,225.0,1,5,2024-05-20,1,1,9,4188.439312082308,0.925468510251437,0.8318390349179802,0.16816096508201983
301,2024-05-20 18:48:39.301648,0,1,0,225.0,1,5,2024-05-20,1,1,0,4188.439312082308,0.9959098253500809,0.9883844429385786,0.011615557061421367
302,2024-05-20 19:08:44.645297,9,0,0,225.0,1,5,2024-05-20,0,1,81,4188.439312082308,0.03128284161797501,0.016442593182564774,-0.016442593182564774
303,2024-05-20 19:18:47.827566,9,0,0,225.0,1,5,2024-05-20,0,1,81,4188.439312082308,0.03128284161797501,0.016442593182564774,-0.016442593182564774
304,2024-05-20 19:24:06.273627,9,0,0,225.0,1,5,2024-05-20,0,1,81,4188.439312082308,0.03128284161797501,0.016442593182564774,-0.016442593182564774
305,2024-05-20 19:29:49.525415,9,0,0,225.0,1,5,2024-05-20,0,1,81,4188.439312082308,0.03128284161797501,0.016442593182564774,-0.016442593182564774
306,2024-05-20 19:37:28.984772,9,0,0,225.0,1,5,2024-05-20,0,1,81,4188.439312082308,0.03128284161797501,0.016442593182564774,-0.016442593182564774
307,2024-05-20 19:50:26.704668,9,0,0,225.0,1,5,2024-05-20,0,1,81,4188.439312082308,0.03128284161797501,0.016442593182564774,-0.016442593182564774
308,2024-05-20 19:56:21.614792,6,0,0,225.0,1,5,2024-05-20,0,1,36,4188.439312082308,0.3877185751468937,0.22334270735276335,-0.22334270735276335
309,2024-05-20 20:01:57.444890,6,0,0,225.0,1,5,2024-05-20,0,1,36,4188.439312082308,0.3877185751468937,0.22334270735276335,-0.22334270735276335
310,2024-05-20 20:03:21.385914,6,0,0,225.0,1,5,2024-05-20,0,1,36,4188.439312082308,0.3877185751468937,0.22334270735276335,-0.22334270735276335
311,2024-05-20 20:16:56.076348,6,0,0,225.0,1,5,2024-05-20,0,1,36,4188.439312082308,0.3877185751468937,0.22334270735276335,-0.22334270735276335
312,2024-05-20 20:38:22.350330,6,0,0,225.0,1,5,2024-05-20,0,1,36,4188.439312082308,0.3877185751468937,0.22334270735276335,-0.22334270735276335
313,2024-05-20 20:44:11.231917,9,0,0,225.0,1,5,2024-05-20,0,1,81,4188.439312082308,0.03128284161797501,0.016442593182564774,-0.016442593182564774
314,2024-05-20 20:49:23.804324,9,0,0,225.0,1,5,2024-05-20,0,1,81,4188.439312082308,0.03128284161797501,0.016442593182564774,-0.016442593182564774
315,2024-05-20 20:52:07.160107,9,0,0,225.0,1,5,2024-05-20,0,1,81,4188.439312082308,0.03128284161797501,0.016442593182564774,-0.016442593182564774
316,2024-05-20 20:57:41.068288,6,0,0,225.0,0,5,2024-05-20,0,1,36,4188.439312082308,0.3877185751468937,0.22334270735276335,-0.22334270735276335
317,2024-05-20 21:03:48.049543,9,0,0,225.0,1,5,2024-05-20,0,1,81,4188.439312082308,0.03128284161797501,0.016442593182564774,-0.016442593182564774
318,2024-05-20 21:10:24.847641,9,0,0,225.0,1,5,2024-05-20,0,1,81,4188.439312082308,0.03128284161797501,0.016442593182564774,-0.016442593182564774
319,2024-05-23 18:11:06.988094,1,1,0,225.0,0,5,2024-05-23,1,1,1,4020.6693328105907,0.988419699862971,0.9705563170026417,0.029443682997358334
320,2024-05-23 18:12:51.125055,2,1,0,225.0,0,5,2024-05-23,1,1,4,4020.6693328105907,0.9693741172151281,0.9273753283850786,0.07262467161492137
321,2024-05-23 18:15:34.588407,4,1,0,225.0,0,5,2024-05-23,1,1,16,4020.6693328105907,0.8131806771780178,0.6570963018227935,0.34290369817720645
322,2024-05-23 18:17:57.017841,3,1,0,225.0,0,5,2024-05-23,1,1,9,4020.6693328105907,0.9214930619096414,0.8318390349179802,0.16816096508201983
323,2024-05-23 18:21:09.391844,4,0,0,225.0,0,5,2024-05-23,0,1,16,4020.6693328105907,0.8131806771780178,0.6570963018227935,-0.6570963018227935
324,2024-05-23 18:23:17.999395,4,1,0,225.0,0,5,2024-05-23,1,1,16,4020.6693328105907,0.8131806771780178,0.6570963018227935,0.34290369817720645
325,2024-05-23 18:25:42.354435,5,0,0,225.0,0,5,2024-05-23,0,1,25,4020.6693328105907,0.6174678907593588,0.4260573723585436,-0.4260573723585436
326,2024-05-23 18:27:46.357082,5,1,0,225.0,0,5,2024-05-23,1,1,25,4020.6693328105907,0.6174678907593588,0.4260573723585436,0.5739426276414564
327,2024-05-23 18:29:54.684587,6,0,0,225.0,0,5,2024-05-23,0,1,36,4020.6693328105907,0.37444779057300626,0.22334270735276335,-0.22334270735276335
328,2024-05-23 18:36:04.014439,5,0,0,225.0,0,5,2024-05-23,0,1,25,4020.6693328105907,0.6174678907593588,0.4260573723585436,-0.4260573723585436
329,2024-05-23 18:37:06.054938,5,0,0,225.0,0,5,2024-05-23,0,1,25,4020.6693328105907,0.6174678907593588,0.4260573723585436,-0.4260573723585436
330,2024-05-23 18:38:26.669958,5,0,0,225.0,0,5,2024-05-23,0,1,25,4020.6693328105907,0.6174678907593588,0.4260573723585436,-0.4260573723585436
331,2024-05-23 18:39:53.453935,5,0,0,225.0,0,5,2024-05-23,0,1,25,4020.6693328105907,0.6174678907593588,0.4260573723585436,-0.4260573723585436
332,2024-05-23 18:43:05.528960,5,0,0,225.0,0,5,2024-05-23,0,1,25,4020.6693328105907,0.6174678907593588,0.4260573723585436,-0.4260573723585436
333,2024-05-26 15:16:48.001959,8,0,0,225.0,1,5,2024-05-26,0,1,64,3202.0985966725802,0.058871351170409744,0.04136939225873243,-0.04136939225873243
334,2024-05-26 15:22:42.514364,8,0,0,225.0,1,5,2024-05-26,0,1,64,3202.0985966725802,0.058871351170409744,0.04136939225873243,-0.04136939225873243
335,2024-05-26 15:28:31.155327,8,0,0,225.0,1,5,2024-05-26,0,1,64,3202.0985966725802,0.058871351170409744,0.04136939225873243,-0.04136939225873243
336,2024-05-26 15:34:29.930355,4,1,0,225.0,1,5,2024-05-26,1,1,16,3202.0985966725802,0.7678591950270474,0.6570963018227935,0.34290369817720645
337,2024-05-26 15:46:16.410982,8,0,0,225.0,1,5,2024-05-26,0,1,64,3202.0985966725802,0.058871351170409744,0.04136939225873243,-0.04136939225873243
338,2024-05-26 15:50:15.157620,8,0,0,225.0,1,5,2024-05-26,0,1,64,3202.0985966725802,0.058871351170409744,0.04136939225873243,-0.04136939225873243
339,2024-05-26 15:56:12.691436,8,0,0,225.0,1,5,2024-05-26,0,1,64,3202.0985966725802,0.058871351170409744,0.04136939225873243,-0.04136939225873243
340,2024-05-26 16:01:40.331828,8,0,0,225.0,1,5,2024-05-26,0,1,64,3202.0985966725802,0.058871351170409744,0.04136939225873243,-0.04136939225873243
341,2024-05-26 16:08:19.710930,8,0,0,225.0,1,5,2024-05-26,0,1,64,3202.0985966725802,0.058871351170409744,0.04136939225873243,-0.04136939225873243
342,2024-05-26 16:09:18.178828,8,0,0,225.0,1,5,2024-05-26,0,1,64,3202.0985966725802,0.058871351170409744,0.04136939225873243,-0.04136939225873243
343,2024-05-26 16:23:35.778501,8,0,0,225.0,1,5,2024-05-26,0,1,64,3202.0985966725802,0.058871351170409744,0.04136939225873243,-0.04136939225873243
344,2024-05-26 16:31:35.164298,8,0,0,225.0,1,5,2024-05-26,0,1,64,3202.0985966725802,0.058871351170409744,0.04136939225873243,-0.04136939225873243
345,2024-05-26 16:33:46.692555,8,0,0,225.0,1,5,2024-05-26,0,1,64,3202.0985966725802,0.058871351170409744,0.04136939225873243,-0.04136939225873243
346,2024-05-26 16:49:07.528922,8,0,0,225.0,1,5,2024-05-26,0,1,64,3202.0985966725802,0.058871351170409744,0.04136939225873243,-0.04136939225873243
347,2024-05-26 17:09:00.862495,8,0,0,225.0,1,5,2024-05-26,0,1,64,3202.0985966725802,0.058871351170409744,0.04136939225873243,-0.04136939225873243
348,2024-05-26 17:17:12.219088,8,0,0,225.0,1,5,2024-05-26,0,1,64,3202.0985966725802,0.058871351170409744,0.04136939225873243,-0.04136939225873243
349,2024-05-26 17:19:24.477180,8,0,0,225.0,1,5,2024-05-26,0,1,64,3202.0985966725802,0.058871351170409744,0.04136939225873243,-0.04136939225873243
350,2024-05-26 17:34:40.250982,8,0,0,225.0,1,5,2024-05-26,0,1,64,3202.0985966725802,0.058871351170409744,0.04136939225873243,-0.04136939225873243
351,2024-05-26 17:36:29.827519,8,0,0,225.0,1,5,2024-05-26,0,1,64,3202.0985966725802,0.058871351170409744,0.04136939225873243,-0.04136939225873243
352,2024-05-26 17:52:22.250774,8,0,0,225.0,1,5,2024-05-26,0,1,64,3202.0985966725802,0.058871351170409744,0.04136939225873243,-0.04136939225873243
353,2024-05-27 11:33:22.508887,1,1,0,225.0,1,5,2024-05-27,1,1,1,4129.378626509787,0.9888296947074066,0.9705563170026417,0.029443682997358334
354,2024-05-27 11:34:50.801403,1,1,0,225.0,1,5,2024-05-27,1,1,1,4129.378626509787,0.9888296947074066,0.9705563170026417,0.029443682997358334
355,2024-05-27 11:37:53.798824,1,1,0,225.0,1,5,2024-05-27,1,1,1,4129.378626509787,0.9888296947074066,0.9705563170026417,0.029443682997358334
356,2024-05-27 11:39:53.202299,1,1,0,225.0,1,5,2024-05-27,1,1,1,4129.378626509787,0.9888296947074066,0.9705563170026417,0.029443682997358334
357,2024-05-27 11:41:25.259007,1,1,0,225.0,1,5,2024-05-27,1,1,1,4129.378626509787,0.9888296947074066,0.9705563170026417,0.029443682997358334
358,2024-05-27 11:43:27.018288,1,1,0,225.0,1,5,2024-05-27,1,1,1,4129.378626509787,0.9888296947074066,0.9705563170026417,0.029443682997358334
359,2024-05-27 11:51:30.394563,1,1,0,225.0,1,5,2024-05-27,1,1,1,4129.378626509787,0.9888296947074066,0.9705563170026417,0.029443682997358334
360,2024-05-27 11:51:33.637094,1,1,0,225.0,1,5,2024-05-27,1,1,1,4129.378626509787,0.9888296947074066,0.9705563170026417,0.029443682997358334
362,2024-05-27 11:51:50.004173,1,1,0,225.0,1,5,2024-05-27,1,1,1,4129.378626509787,0.9888296947074066,0.9705563170026417,0.029443682997358334
368,2024-05-29 19:11:29.494701,1,1,0,225.0,0,5,2024-05-29,1,1,1,3388.9928093888034,0.985725980678846,0.9705563170026417,0.029443682997358334
369,2024-05-29 19:12:50.426080,1,1,0,225.0,0,5,2024-05-29,1,1,1,3388.9928093888034,0.985725980678846,0.9705563170026417,0.029443682997358334
370,2024-05-29 19:16:47.747373,2,1,0,225.0,0,5,2024-05-29,1,1,4,3388.9928093888034,0.9624186080421004,0.9273753283850786,0.07262467161492137
371,2024-05-29 19:19:02.194692,3,1,0,225.0,0,5,2024-05-29,1,1,9,3388.9928093888034,0.9047318953814271,0.8318390349179802,0.16816096508201983
372,2024-05-29 19:21:16.911764,4,1,0,225.0,0,5,2024-05-29,1,1,16,3388.9928093888034,0.7788447339884502,0.6570963018227935,0.34290369817720645
373,2024-05-29 19:23:20.248936,2,1,0,225.0,0,5,2024-05-29,1,1,4,3388.9928093888034,0.9624186080421004,0.9273753283850786,0.07262467161492137
374,2024-05-29 19:27:03.093963,5,1,0,225.0,0,5,2024-05-29,1,1,25,3388.9928093888034,0.5663439350953389,0.4260573723585436,0.5739426276414564
375,2024-05-29 19:30:56.376215,6,0,0,225.0,0,5,2024-05-29,0,1,36,3388.9928093888034,0.3262825522544395,0.22334270735276335,-0.22334270735276335
376,2024-05-29 19:32:44.018841,6,0,0,225.0,0,5,2024-05-29,0,1,36,3388.9928093888034,0.3262825522544395,0.22334270735276335,-0.22334270735276335
377,2024-05-29 19:34:56.080648,6,0,0,225.0,0,5,2024-05-29,0,1,36,3388.9928093888034,0.3262825522544395,0.22334270735276335,-0.22334270735276335
378,2024-05-29 19:37:19.699631,4,0,0,225.0,0,5,2024-05-29,0,1,16,3388.9928093888034,0.7788447339884502,0.6570963018227935,-0.6570963018227935
379,2024-05-29 19:41:12.864732,6,1,0,225.0,0,5,2024-05-29,1,1,36,3388.9928093888034,0.3262825522544395,0.22334270735276335,0.7766572926472366
380,2024-05-29 19:42:12.217671,5,1,0,225.0,0,5,2024-05-29,1,1,25,3388.9928093888034,0.5663439350953389,0.4260573723585436,0.5739426276414564
381,2024-05-29 19:48:44.884850,6,0,0,225.0,0,5,2024-05-29,0,1,36,3388.9928093888034,0.3262825522544395,0.22334270735276335,-0.22334270735276335
382,2024-05-29 19:51:37.359682,6,0,0,225.0,0,5,2024-05-29,0,1,36,3388.9928093888034,0.3262825522544395,0.22334270735276335,-0.22334270735276335
383,2024-05-29 20:00:33.276312,8,0,0,225.0,0,5,2024-05-29,0,1,64,3388.9928093888034,0.06244197954103637,0.04136939225873243,-0.04136939225873243
384,2024-05-29 20:01:46.773021,6,0,0,225.0,0,5,2024-05-29,0,1,36,3388.9928093888034,0.3262825522544395,0.22334270735276335,-0.22334270735276335
385,2024-05-29 20:05:17.174319,10,0,0,225.0,0,5,2024-05-29,0,1,100,3388.9928093888034,0.009075727112540895,0.006434427060814574,-0.006434427060814574
386,2024-05-29 20:08:59.883859,7,1,0,225.0,0,5,2024-05-29,1,1,49,3388.9928093888034,0.15225231212884088,0.10023392045771826,0.8997660795422817
387,2024-05-29 20:09:52.763054,4,1,0,225.0,0,5,2024-05-29,1,1,16,3388.9928093888034,0.7788447339884502,0.6570963018227935,0.34290369817720645
388,2024-05-29 20:11:16.199839,4,1,0,225.0,0,5,2024-05-29,1,1,16,3388.9928093888034,0.7788447339884502,0.6570963018227935,0.34290369817720645
389,2024-05-29 20:12:10.925657,5,1,0,225.0,0,5,2024-05-29,1,1,25,3388.9928093888034,0.5663439350953389,0.4260573723585436,0.5739426276414564
390,2024-05-29 20:13:13.001286,5,0,0,225.0,0,5,2024-05-29,0,1,25,3388.9928093888034,0.5663439350953389,0.4260573723585436,-0.4260573723585436
391,2024-05-29 20:14:47.617104,5,0,0,225.0,0,5,2024-05-29,0,1,25,3388.9928093888034,0.5663439350953389,0.4260573723585436,-0.4260573723585436
392,2024-05-29 20:15:36.593860,4,0,0,225.0,0,5,2024-05-29,0,1,16,3388.9928093888034,0.7788447339884502,0.6570963018227935,-0.6570963018227935
393,2024-05-29 20:18:56.721647,5,0,0,225.0,0,5,2024-05-29,0,1,25,3388.9928093888034,0.5663439350953389,0.4260573723585436,-0.4260573723585436
394,2024-05-29 20:20:03.541974,4,0,0,225.0,0,5,2024-05-29,0,1,16,3388.9928093888034,0.7788447339884502,0.6570963018227935,-0.6570963018227935
395,2024-05-29 20:30:53.482972,5,1,0,225.0,0,5,2024-05-29,1,1,25,3388.9928093888034,0.5663439350953389,0.4260573723585436,0.5739426276414564
396,2024-05-29 20:30:58.877232,4,1,0,225.0,0,5,2024-05-29,1,1,16,3388.9928093888034,0.7788447339884502,0.6570963018227935,0.34290369817720645
397,2024-05-29 20:33:47.462831,5,1,0,225.0,0,5,2024-05-29,1,1,25,3388.9928093888034,0.5663439350953389,0.4260573723585436,0.5739426276414564
398,2024-05-29 20:35:42.803123,3,1,0,225.0,0,5,2024-05-29,1,1,9,3388.9928093888034,0.9047318953814271,0.8318390349179802,0.16816096508201983
399,2024-05-29 20:38:30.219864,5,1,0,225.0,0,5,2024-05-29,1,1,25,3388.9928093888034,0.5663439350953389,0.4260573723585436,0.5739426276414564
400,2024-05-29 20:39:43.801257,5,1,0,225.0,0,5,2024-05-29,1,1,25,3388.9928093888034,0.5663439350953389,0.4260573723585436,0.5739426276414564
401,2024-05-29 20:41:11.382934,5,0,0,225.0,0,5,2024-05-29,0,1,25,3388.9928093888034,0.5663439350953389,0.4260573723585436,-0.4260573723585436
402,2024-05-29 20:43:11.862340,4,1,0,225.0,0,5,2024-05-29,1,1,16,3388.9928093888034,0.7788447339884502,0.6570963018227935,0.34290369817720645
403,2024-05-29 20:47:05.531270,5,1,0,225.0,0,5,2024-05-29,1,1,25,3388.9928093888034,0.5663439350953389,0.4260573723585436,0.5739426276414564
404,2024-05-29 20:47:44.255448,4,0,0,225.0,0,5,2024-05-29,0,1,16,3388.9928093888034,0.7788447339884502,0.6570963018227935,-0.6570963018227935
405,2024-05-29 20:48:25.912689,4,0,0,225.0,0,5,2024-05-29,0,1,16,3388.9928093888034,0.7788447339884502,0.6570963018227935,-0.6570963018227935
406,2024-05-29 20:49:32.155131,4,1,0,225.0,0,5,2024-05-29,1,1,16,3388.9928093888034,0.7788447339884502,0.6570963018227935,0.34290369817720645
407,2024-05-29 20:50:18.115786,4,0,0,225.0,0,5,2024-05-29,0,1,16,3388.9928093888034,0.7788447339884502,0.6570963018227935,-0.6570963018227935
418,2024-06-02 11:40:50.977417,10,0,0,170.0,1,5,2024-06-02,0,1,100,3001.415763375445,0.007978232319255336,0.006434427060814574,-0.006434427060814574
419,2024-06-02 12:03:23.957405,10,0,0,170.0,1,5,2024-06-02,0,1,100,3001.415763375445,0.007978232319255336,0.006434427060814574,-0.006434427060814574
420,2024-06-02 12:10:43.510302,10,0,0,170.0,1,5,2024-06-02,0,1,100,3001.415763375445,0.007978232319255336,0.006434427060814574,-0.006434427060814574
421,2024-06-02 12:15:55.251034,10,0,0,170.0,1,5,2024-06-02,0,1,100,3001.415763375445,0.007978232319255336,0.006434427060814574,-0.006434427060814574
422,2024-06-02 12:32:22.788238,10,0,0,170.0,1,5,2024-06-02,0,1,100,3001.415763375445,0.007978232319255336,0.006434427060814574,-0.006434427060814574
423,2024-06-02 12:52:58.155317,10,0,0,170.0,1,5,2024-06-02,0,1,100,3001.415763375445,0.007978232319255336,0.006434427060814574,-0.006434427060814574
424,2024-06-02 12:53:02.785786,10,0,0,170.0,1,5,2024-06-02,0,1,100,3001.415763375445,0.007978232319255336,0.006434427060814574,-0.006434427060814574
425,2024-06-02 13:04:00.947619,10,0,0,170.0,1,5,2024-06-02,0,1,100,3001.415763375445,0.007978232319255336,0.006434427060814574,-0.006434427060814574
426,2024-06-02 13:33:36.171880,9,0,0,170.0,1,5,2024-06-02,0,1,81,3001.415763375445,0.021226885695250382,0.016442593182564774,-0.016442593182564774
427,2024-06-02 13:44:24.281599,9,0,0,170.0,1,5,2024-06-02,0,1,81,3001.415763375445,0.021226885695250382,0.016442593182564774,-0.016442593182564774
428,2024-06-02 13:53:33.432060,9,0,0,170.0,1,5,2024-06-02,0,1,81,3001.415763375445,0.021226885695250382,0.016442593182564774,-0.016442593182564774
429,2024-06-02 14:06:01.975551,9,0,0,170.0,1,5,2024-06-02,0,1,81,3001.415763375445,0.021226885695250382,0.016442593182564774,-0.016442593182564774
430,2024-06-02 14:20:33.188387,9,0,0,170.0,1,5,2024-06-02,0,1,81,3001.415763375445,0.021226885695250382,0.016442593182564774,-0.016442593182564774
431,2024-06-02 14:20:59.449758,10,0,0,170.0,1,5,2024-06-02,0,1,100,3001.415763375445,0.007978232319255336,0.006434427060814574,-0.006434427060814574
432,2024-06-02 14:29:57.977891,9,0,0,170.0,1,5,2024-06-02,0,1,81,3001.415763375445,0.021226885695250382,0.016442593182564774,-0.016442593182564774
436,2024-06-04 18:08:50.665888,2,1,0,230.0,1,5,2024-06-04,1,1,4,3711.456049646343,0.966140668813653,0.9273753283850786,0.07262467161492137
437,2024-06-04 18:14:55.748360,8,0,0,230.0,1,5,2024-06-04,0,1,64,3711.456049646343,0.06908138893444726,0.04136939225873243,-0.04136939225873243
438,2024-06-04 18:20:07.635226,8,0,0,230.0,1,5,2024-06-04,0,1,64,3711.456049646343,0.06908138893444726,0.04136939225873243,-0.04136939225873243
439,2024-06-04 18:48:54.002779,8,0,0,230.0,1,5,2024-06-04,0,1,64,3711.456049646343,0.06908138893444726,0.04136939225873243,-0.04136939225873243
440,2024-06-04 18:55:08.237966,8,0,0,230.0,1,5,2024-06-04,0,1,64,3711.456049646343,0.06908138893444726,0.04136939225873243,-0.04136939225873243
441,2024-06-04 19:03:34.607510,8,0,0,230.0,1,5,2024-06-04,0,1,64,3711.456049646343,0.06908138893444726,0.04136939225873243,-0.04136939225873243
442,2024-06-04 19:14:38.489502,8,0,0,230.0,1,5,2024-06-04,0,1,64,3711.456049646343,0.06908138893444726,0.04136939225873243,-0.04136939225873243
443,2024-06-04 19:24:30.548475,8,0,0,230.0,1,5,2024-06-04,0,1,64,3711.456049646343,0.06908138893444726,0.04136939225873243,-0.04136939225873243
444,2024-06-04 19:40:01.459686,8,0,0,230.0,1,5,2024-06-04,0,1,64,3711.456049646343,0.06908138893444726,0.04136939225873243,-0.04136939225873243
445,2024-06-05 18:48:44.740457,6,1,0,230.0,0,5,2024-06-05,1,1,36,3874.2643091159393,0.36301851744397007,0.22334270735276335,0.7766572926472366
446,2024-06-05 19:03:04.435494,7,0,0,230.0,0,5,2024-06-05,0,1,49,3874.2643091159393,0.17446844039205295,0.10023392045771826,-0.10023392045771826
447,2024-06-05 19:03:10.357721,7,0,0,230.0,0,5,2024-06-05,0,1,49,3874.2643091159393,0.17446844039205295,0.10023392045771826,-0.10023392045771826
448,2024-06-05 19:03:13.118627,7,0,0,230.0,0,5,2024-06-05,0,1,49,3874.2643091159393,0.17446844039205295,0.10023392045771826,-0.10023392045771826
449,2024-06-05 19:10:17.742691,8,0,0,230.0,0,5,2024-06-05,0,1,64,3874.2643091159393,0.07267676167971501,0.04136939225873243,-0.04136939225873243
450,2024-06-05 19:15:24.078719,8,0,0,230.0,0,5,2024-06-05,0,1,64,3874.2643091159393,0.07267676167971501,0.04136939225873243,-0.04136939225873243
451,2024-06-05 19:17:02.057157,8,0,0,230.0,0,5,2024-06-05,0,1,64,3874.2643091159393,0.07267676167971501,0.04136939225873243,-0.04136939225873243
452,2024-06-05 19:23:35.063622,7,0,0,230.0,0,5,2024-06-05,0,1,49,3874.2643091159393,0.17446844039205295,0.10023392045771826,-0.10023392045771826
453,2024-06-05 19:26:39.195334,7,0,0,230.0,0,5,2024-06-05,0,1,49,3874.2643091159393,0.17446844039205295,0.10023392045771826,-0.10023392045771826
454,2024-06-05 19:28:11.293524,7,1,0,230.0,0,5,2024-06-05,1,1,49,3874.2643091159393,0.17446844039205295,0.10023392045771826,0.8997660795422817
455,2024-06-07 18:04:10.893187,3,0,0,230.0,0,5,2024-06-07,0,1,9,3644.3044676404106,0.9118612252729804,0.8318390349179802,-0.8318390349179802
456,2024-06-07 18:05:53.303168,2,1,0,230.0,0,5,2024-06-07,1,1,4,3644.3044676404106,0.9653961016637831,0.9273753283850786,0.07262467161492137
457,2024-06-07 18:06:47.279224,3,1,0,230.0,0,5,2024-06-07,1,1,9,3644.3044676404106,0.9118612252729804,0.8318390349179802,0.16816096508201983
458,2024-06-07 18:11:28.593462,4,1,0,230.0,0,5,2024-06-07,1,1,16,3644.3044676404106,0.7932418444924649,0.6570963018227935,0.34290369817720645
459,2024-06-07 18:11:32.546726,2,1,0,230.0,0,5,2024-06-07,1,1,4,3644.3044676404106,0.9653961016637831,0.9273753283850786,0.07262467161492137
460,2024-06-07 18:13:01.016226,5,1,0,230.0,0,5,2024-06-07,1,1,25,3644.3044676404106,0.587243441892792,0.4260573723585436,0.5739426276414564
461,2024-06-07 18:16:41.494595,7,0,0,230.0,0,5,2024-06-07,0,1,49,3644.3044676404106,0.16363698399539817,0.10023392045771826,-0.10023392045771826
462,2024-06-07 18:17:20.421997,5,1,0,230.0,0,5,2024-06-07,1,1,25,3644.3044676404106,0.587243441892792,0.4260573723585436,0.5739426276414564
463,2024-06-07 18:18:28.908496,6,0,0,230.0,0,5,2024-06-07,0,1,36,3644.3044676404106,0.34537870076718613,0.22334270735276335,-0.22334270735276335
464,2024-06-07 18:19:31.852002,5,1,0,230.0,0,5,2024-06-07,1,1,25,3644.3044676404106,0.587243441892792,0.4260573723585436,0.5739426276414564
465,2024-06-07 18:21:10.929254,5,1,0,230.0,0,5,2024-06-07,1,1,25,3644.3044676404106,0.587243441892792,0.4260573723585436,0.5739426276414564
466,2024-06-07 18:22:35.260391,7,1,0,230.0,0,5,2024-06-07,1,1,49,3644.3044676404106,0.16363698399539817,0.10023392045771826,0.8997660795422817
467,2024-06-07 18:28:45.137429,7,1,0,230.0,0,5,2024-06-07,1,1,49,3644.3044676404106,0.16363698399539817,0.10023392045771826,0.8997660795422817
468,2024-06-07 18:30:01.658616,5,1,0,230.0,0,5,2024-06-07,1,1,25,3644.3044676404106,0.587243441892792,0.4260573723585436,0.5739426276414564
469,2024-06-07 18:31:06.855635,6,1,0,230.0,0,5,2024-06-07,1,1,36,3644.3044676404106,0.34537870076718613,0.22334270735276335,0.7766572926472366
470,2024-06-07 18:32:02.954675,5,1,0,230.0,0,5,2024-06-07,1,1,25,3644.3044676404106,0.587243441892792,0.4260573723585436,0.5739426276414564
471,2024-06-07 18:32:58.371900,5,1,0,230.0,0,5,2024-06-07,1,1,25,3644.3044676404106,0.587243441892792,0.4260573723585436,0.5739426276414564
472,2024-06-07 18:33:51.325547,7,0,0,230.0,0,5,2024-06-07,0,1,49,3644.3044676404106,0.16363698399539817,0.10023392045771826,-0.10023392045771826
473,2024-06-07 18:39:24.317461,7,1,0,230.0,0,5,2024-06-07,1,1,49,3644.3044676404106,0.16363698399539817,0.10023392045771826,0.8997660795422817
474,2024-06-07 18:40:49.994173,5,1,0,230.0,0,5,2024-06-07,1,1,25,3644.3044676404106,0.587243441892792,0.4260573723585436,0.5739426276414564
475,2024-06-07 18:42:28.690072,6,1,0,230.0,0,5,2024-06-07,1,1,36,3644.3044676404106,0.34537870076718613,0.22334270735276335,0.7766572926472366
476,2024-06-07 18:43:30.240651,5,1,0,230.0,0,5,2024-06-07,1,1,25,3644.3044676404106,0.587243441892792,0.4260573723585436,0.5739426276414564
477,2024-06-07 18:44:49.542050,5,1,0,230.0,0,5,2024-06-07,1,1,25,3644.3044676404106,0.587243441892792,0.4260573723585436,0.5739426276414564
478,2024-06-07 18:45:44.220715,7,1,0,230.0,0,5,2024-06-07,1,1,49,3644.3044676404106,0.16363698399539817,0.10023392045771826,0.8997660795422817
479,2024-06-09 16:42:46.010204,8,0,0,230.0,1,5,2024-06-09,0,1,64,3611.661309353643,0.06695968391431587,0.04136939225873243,-0.04136939225873243
480,2024-06-09 16:45:01.439568,8,0,0,230.0,1,5,2024-06-09,0,1,64,3611.661309353643,0.06695968391431587,0.04136939225873243,-0.04136939225873243
481,2024-06-09 16:46:37.837480,8,0,0,230.0,1,5,2024-06-09,0,1,64,3611.661309353643,0.06695968391431587,0.04136939225873243,-0.04136939225873243
482,2024-06-09 16:50:49.573276,8,0,0,230.0,1,5,2024-06-09,0,1,64,3611.661309353643,0.06695968391431587,0.04136939225873243,-0.04136939225873243
483,2024-06-09 16:51:52.546784,5,1,0,230.0,1,5,2024-06-09,1,1,25,3611.661309353643,0.5845871315876282,0.4260573723585436,0.5739426276414564
484,2024-06-09 17:01:12.710165,8,0,0,230.0,1,5,2024-06-09,0,1,64,3611.661309353643,0.06695968391431587,0.04136939225873243,-0.04136939225873243
485,2024-06-09 18:03:51.341857,8,0,0,230.0,1,5,2024-06-09,0,1,64,3611.661309353643,0.06695968391431587,0.04136939225873243,-0.04136939225873243
486,2024-06-09 18:08:05.355920,8,0,0,230.0,1,5,2024-06-09,0,1,64,3611.661309353643,0.06695968391431587,0.04136939225873243,-0.04136939225873243
487,2024-06-09 18:20:01.252704,8,0,0,230.0,1,5,2024-06-09,0,1,64,3611.661309353643,0.06695968391431587,0.04136939225873243,-0.04136939225873243
488,2024-06-09 18:22:36.749666,8,0,0,230.0,1,5,2024-06-09,0,1,64,3611.661309353643,0.06695968391431587,0.04136939225873243,-0.04136939225873243
489,2024-06-09 18:36:51.256431,8,0,0,230.0,1,5,2024-06-09,0,1,64,3611.661309353643,0.06695968391431587,0.04136939225873243,-0.04136939225873243
490,2024-06-09 18:40:33.245637,8,0,0,230.0,1,5,2024-06-09,0,1,64,3611.661309353643,0.06695968391431587,0.04136939225873243,-0.04136939225873243
491,2024-06-09 18:45:09.964178,8,0,0,230.0,1,5,2024-06-09,0,1,64,3611.661309353643,0.06695968391431587,0.04136939225873243,-0.04136939225873243
492,2024-06-09 18:53:43.896386,8,0,0,230.0,1,5,2024-06-09,0,1,64,3611.661309353643,0.06695968391431587,0.04136939225873243,-0.04136939225873243
493,2024-06-09 19:10:20.999369,8,0,0,230.0,1,5,2024-06-09,0,1,64,3611.661309353643,0.06695968391431587,0.04136939225873243,-0.04136939225873243
494,2024-06-09 19:21:02.415076,8,0,0,230.0,1,5,2024-06-09,0,1,64,3611.661309353643,0.06695968391431587,0.04136939225873243,-0.04136939225873243
495,2024-06-09 19:23:36.633843,8,0,0,230.0,1,5,2024-06-09,0,1,64,3611.661309353643,0.06695968391431587,0.04136939225873243,-0.04136939225873243
496,2024-06-09 19:35:15.368367,8,0,0,230.0,1,5,2024-06-09,0,1,64,3611.661309353643,0.06695968391431587,0.04136939225873243,-0.04136939225873243
497,2024-06-09 19:37:37.172194,8,0,0,230.0,1,5,2024-06-09,0,1,64,3611.661309353643,0.06695968391431587,0.04136939225873243,-0.04136939225873243
498,2024-06-09 19:38:52.815476,8,0,0,230.0,1,5,2024-06-09,0,1,64,3611.661309353643,0.06695968391431587,0.04136939225873243,-0.04136939225873243
499,2024-06-09 19:51:37.326434,8,0,0,230.0,1,5,2024-06-09,0,1,64,3611.661309353643,0.06695968391431587,0.04136939225873243,-0.04136939225873243
511,2024-06-11 21:05:53.700785,3,1,0,230.0,0,5,2024-06-11,1,1,9,4137.791014206646,0.9242882714389588,0.8318390349179802,0.16816096508201983
512,2024-06-11 21:08:43.065804,5,1,0,230.0,0,5,2024-06-11,1,1,25,4137.791014206646,0.626702709035198,0.4260573723585436,0.5739426276414564
513,2024-06-11 21:12:43.851649,8,0,0,230.0,0,5,2024-06-11,0,1,64,4137.791014206646,0.07886322530256895,0.04136939225873243,-0.04136939225873243
514,2024-06-13 19:37:38.464861,5,1,0,230.0,1,5,2024-06-13,1,1,25,3476.4108201082367,0.5735304009308465,0.4260573723585436,0.5739426276414564
515,2024-06-13 19:48:11.833497,8,0,0,230.0,1,5,2024-06-13,0,1,64,3476.4108201082367,0.06418064377264267,0.04136939225873243,-0.04136939225873243
516,2024-06-13 19:51:09.522820,8,0,0,230.0,1,5,2024-06-13,0,1,64,3476.4108201082367,0.06418064377264267,0.04136939225873243,-0.04136939225873243
517,2024-06-13 19:58:59.171660,8,0,0,230.0,1,5,2024-06-13,0,1,64,3476.4108201082367,0.06418064377264267,0.04136939225873243,-0.04136939225873243
518,2024-06-13 20:01:57.382554,8,0,0,230.0,1,5,2024-06-13,0,1,64,3476.4108201082367,0.06418064377264267,0.04136939225873243,-0.04136939225873243
519,2024-06-13 20:08:30.856512,8,0,0,230.0,1,5,2024-06-13,0,1,64,3476.4108201082367,0.06418064377264267,0.04136939225873243,-0.04136939225873243
520,2024-06-13 20:13:05.898089,8,0,0,230.0,1,5,2024-06-13,0,1,64,3476.4108201082367,0.06418064377264267,0.04136939225873243,-0.04136939225873243
521,2024-06-13 20:23:53.091055,8,0,0,230.0,1,5,2024-06-13,0,1,64,3476.4108201082367,0.06418064377264267,0.04136939225873243,-0.04136939225873243
522,2024-06-13 20:34:10.048482,8,0,0,230.0,1,5,2024-06-13,0,1,64,3476.4108201082367,0.06418064377264267,0.04136939225873243,-0.04136939225873243
523,2024-06-13 20:36:25.074095,8,0,0,230.0,1,5,2024-06-13,0,1,64,3476.4108201082367,0.06418064377264267,0.04136939225873243,-0.04136939225873243
524,2024-06-13 20:41:45.305757,8,0,0,230.0,1,5,2024-06-13,0,1,64,3476.4108201082367,0.06418064377264267,0.04136939225873243,-0.04136939225873243
525,2024-06-13 20:46:01.240444,8,0,0,230.0,1,5,2024-06-13,0,1,64,3476.4108201082367,0.06418064377264267,0.04136939225873243,-0.04136939225873243
526,2024-06-13 21:00:12.469945,8,0,0,230.0,1,5,2024-06-13,0,1,64,3476.4108201082367,0.06418064377264267,0.04136939225873243,-0.04136939225873243
527,2024-06-13 21:01:55.446181,8,0,0,230.0,1,5,2024-06-13,0,1,64,3476.4108201082367,0.06418064377264267,0.04136939225873243,-0.04136939225873243
528,2024-06-13 21:20:39.571672,8,0,0,230.0,1,5,2024-06-13,0,1,64,3476.4108201082367,0.06418064377264267,0.04136939225873243,-0.04136939225873243
529,2024-06-13 21:21:47.987276,8,0,0,230.0,1,5,2024-06-13,0,1,64,3476.4108201082367,0.06418064377264267,0.04136939225873243,-0.04136939225873243
530,2024-06-14 18:49:00.044255,0,1,0,230.0,0,5,2024-06-14,1,1,0,4130.58659049901,0.9958300194585751,0.9883844429385786,0.011615557061421367
531,2024-06-14 18:49:10.813200,3,1,0,230.0,0,5,2024-06-14,1,1,9,4130.58659049901,0.9241190018608728,0.8318390349179802,0.16816096508201983
532,2024-06-14 18:51:12.750599,4,1,0,230.0,0,5,2024-06-14,1,1,16,4130.58659049901,0.8187167824159429,0.6570963018227935,0.34290369817720645
533,2024-06-14 18:53:46.308046,5,1,0,230.0,0,5,2024-06-14,1,1,25,4130.58659049901,0.6261372355843476,0.4260573723585436,0.5739426276414564
534,2024-06-14 18:59:05.182826,7,0,0,230.0,0,5,2024-06-14,0,1,49,4130.58659049901,0.18719916697247102,0.10023392045771826,-0.10023392045771826
535,2024-06-14 18:59:50.558869,6,0,0,230.0,0,5,2024-06-14,0,1,36,4130.58659049901,0.3831224005704879,0.22334270735276335,-0.22334270735276335
536,2024-06-14 19:03:26.162659,6,0,0,230.0,0,5,2024-06-14,0,1,36,4130.58659049901,0.3831224005704879,0.22334270735276335,-0.22334270735276335
537,2024-06-14 19:11:56.905195,7,1,0,230.0,0,5,2024-06-14,1,1,49,4130.58659049901,0.18719916697247102,0.10023392045771826,0.8997660795422817
538,2024-06-14 19:12:52.563636,5,1,0,230.0,0,5,2024-06-14,1,1,25,4130.58659049901,0.6261372355843476,0.4260573723585436,0.5739426276414564
539,2024-06-14 19:14:15.104979,6,1,0,230.0,0,5,2024-06-14,1,1,36,4130.58659049901,0.3831224005704879,0.22334270735276335,0.7766572926472366
540,2024-06-14 19:15:31.447260,5,1,0,230.0,0,5,2024-06-14,1,1,25,4130.58659049901,0.6261372355843476,0.4260573723585436,0.5739426276414564
541,2024-06-14 19:16:40.379997,5,1,0,230.0,0,5,2024-06-14,1,1,25,4130.58659049901,0.6261372355843476,0.4260573723585436,0.5739426276414564
542,2024-06-14 19:18:35.366377,7,0,0,230.0,0,5,2024-06-14,0,1,49,4130.58659049901,0.18719916697247102,0.10023392045771826,-0.10023392045771826
543,2024-06-14 19:19:40.950227,5,1,0,230.0,0,5,2024-06-14,1,1,25,4130.58659049901,0.6261372355843476,0.4260573723585436,0.5739426276414564
544,2024-06-14 19:26:40.753322,7,0,0,230.0,0,5,2024-06-14,0,1,49,4130.58659049901,0.18719916697247102,0.10023392045771826,-0.10023392045771826
545,2024-06-14 19:27:35.662991,7,1,0,230.0,0,5,2024-06-14,1,1,49,4130.58659049901,0.18719916697247102,0.10023392045771826,0.8997660795422817
546,2024-06-14 19:28:38.613696,5,1,0,230.0,0,5,2024-06-14,1,1,25,4130.58659049901,0.6261372355843476,0.4260573723585436,0.5739426276414564
547,2024-06-14 19:29:39.264029,6,0,0,230.0,0,5,2024-06-14,0,1,36,4130.58659049901,0.3831224005704879,0.22334270735276335,-0.22334270735276335
548,2024-06-14 19:30:25.241491,5,0,0,230.0,0,5,2024-06-14,0,1,25,4130.58659049901,0.6261372355843476,0.4260573723585436,-0.4260573723585436
549,2024-06-14 19:31:16.207668,5,1,0,230.0,0,5,2024-06-14,1,1,25,4130.58659049901,0.6261372355843476,0.4260573723585436,0.5739426276414564
550,2024-06-14 19:31:53.723055,7,0,0,230.0,0,5,2024-06-14,0,1,49,4130.58659049901,0.18719916697247102,0.10023392045771826,-0.10023392045771826
551,2024-06-14 19:32:50.355680,5,1,0,230.0,0,5,2024-06-14,1,1,25,4130.58659049901,0.6261372355843476,0.4260573723585436,0.5739426276414564
552,2024-06-14 19:40:23.513340,7,1,0,230.0,0,5,2024-06-14,1,1,49,4130.58659049901,0.18719916697247102,0.10023392045771826,0.8997660795422817
553,2024-06-14 19:40:55.639945,5,1,0,230.0,0,5,2024-06-14,1,1,25,4130.58659049901,0.6261372355843476,0.4260573723585436,0.5739426276414564
554,2024-06-14 19:41:40.164074,6,0,0,230.0,0,5,2024-06-14,0,1,36,4130.58659049901,0.3831224005704879,0.22334270735276335,-0.22334270735276335
555,2024-06-14 19:42:27.653881,5,1,0,230.0,0,5,2024-06-14,1,1,25,4130.58659049901,0.6261372355843476,0.4260573723585436,0.5739426276414564
556,2024-06-14 19:44:46.980281,5,1,0,230.0,0,5,2024-06-14,1,1,25,4130.58659049901,0.6261372355843476,0.4260573723585436,0.5739426276414564
557,2024-06-14 19:45:46.754583,6,1,0,230.0,0,5,2024-06-14,1,1,36,4130.58659049901,0.3831224005704879,0.22334270735276335,0.7766572926472366
558,2024-06-14 19:47:09.691813,5,1,0,230.0,0,5,2024-06-14,1,1,25,4130.58659049901,0.6261372355843476,0.4260573723585436,0.5739426276414564
559,2024-06-16 19:04:07.067557,5,1,0,230.0,1,5,2024-06-16,1,1,25,4204.335482887755,0.6319092319436931,0.4260573723585436,0.5739426276414564
560,2024-06-16 19:13:49.021702,8,0,0,230.0,1,5,2024-06-16,0,1,64,4204.335482887755,0.08049988206878275,0.04136939225873243,-0.04136939225873243
561,2024-06-16 19:24:39.946321,8,0,0,230.0,1,5,2024-06-16,0,1,64,4204.335482887755,0.08049988206878275,0.04136939225873243,-0.04136939225873243
562,2024-06-16 19:43:28.924302,8,0,0,230.0,1,5,2024-06-16,0,1,64,4204.335482887755,0.08049988206878275,0.04136939225873243,-0.04136939225873243
563,2024-06-16 19:50:26.950447,8,0,0,230.0,1,5,2024-06-16,0,1,64,4204.335482887755,0.08049988206878275,0.04136939225873243,-0.04136939225873243
564,2024-06-16 20:02:11.390037,8,0,0,230.0,1,5,2024-06-16,0,1,64,4204.335482887755,0.08049988206878275,0.04136939225873243,-0.04136939225873243
565,2024-06-16 20:04:15.999052,8,0,0,230.0,1,5,2024-06-16,0,1,64,4204.335482887755,0.08049988206878275,0.04136939225873243,-0.04136939225873243
566,2024-06-16 20:24:07.213496,8,0,0,230.0,1,5,2024-06-16,0,1,64,4204.335482887755,0.08049988206878275,0.04136939225873243,-0.04136939225873243
567,2024-06-16 20:43:12.548185,8,0,0,230.0,1,5,2024-06-16,0,1,64,4204.335482887755,0.08049988206878275,0.04136939225873243,-0.04136939225873243
568,2024-06-16 20:46:50.421139,8,0,0,230.0,1,5,2024-06-16,0,1,64,4204.335482887755,0.08049988206878275,0.04136939225873243,-0.04136939225873243
569,2024-06-16 21:06:22.521822,8,0,0,230.0,1,5,2024-06-16,0,1,64,4204.335482887755,0.08049988206878275,0.04136939225873243,-0.04136939225873243
570,2024-06-16 21:20:20.238558,8,0,0,230.0,1,5,2024-06-16,0,1,64,4204.335482887755,0.08049988206878275,0.04136939225873243,-0.04136939225873243
571,2024-06-16 21:41:11.384286,8,0,0,230.0,1,5,2024-06-16,0,1,64,4204.335482887755,0.08049988206878275,0.04136939225873243,-0.04136939225873243
572,2024-06-16 22:12:55.384138,8,0,0,230.0,1,5,2024-06-16,0,1,64,4204.335482887755,0.08049988206878275,0.04136939225873243,-0.04136939225873243
573,2024-06-16 22:47:59.315948,8,0,0,230.0,1,5,2024-06-16,0,1,64,4204.335482887755,0.08049988206878275,0.04136939225873243,-0.04136939225873243
574,2024-06-16 22:53:09.013936,8,0,0,230.0,1,5,2024-06-16,0,1,64,4204.335482887755,0.08049988206878275,0.04136939225873243,-0.04136939225873243
575,2024-06-18 20:17:31.169661,5,0,0,230.0,1,5,2024-06-18,0,1,25,4333.483612862591,0.6419258151642133,0.4260573723585436,-0.4260573723585436
576,2024-06-18 20:22:13.829874,5,1,0,230.0,1,5,2024-06-18,1,1,25,4333.483612862591,0.6419258151642133,0.4260573723585436,0.5739426276414564
577,2024-06-18 20:26:41.278451,8,0,0,230.0,1,5,2024-06-18,0,1,64,4333.483612862591,0.08376496360122383,0.04136939225873243,-0.04136939225873243
578,2024-06-18 20:41:04.382637,8,0,0,230.0,1,5,2024-06-18,0,1,64,4333.483612862591,0.08376496360122383,0.04136939225873243,-0.04136939225873243
579,2024-06-18 20:42:47.255825,8,0,0,230.0,1,5,2024-06-18,0,1,64,4333.483612862591,0.08376496360122383,0.04136939225873243,-0.04136939225873243
580,2024-06-18 20:55:41.519738,8,0,0,230.0,1,5,2024-06-18,0,1,64,4333.483612862591,0.08376496360122383,0.04136939225873243,-0.04136939225873243
581,2024-06-18 20:58:32.458477,8,0,0,230.0,1,5,2024-06-18,0,1,64,4333.483612862591,0.08376496360122383,0.04136939225873243,-0.04136939225873243
582,2024-06-18 21:16:40.629898,8,1,0,230.0,1,5,2024-06-18,1,1,64,4333.483612862591,0.08376496360122383,0.04136939225873243,0.9586306077412676
583,2024-06-18 21:21:28.838510,9,0,0,230.0,1,5,2024-06-18,0,1,81,4333.483612862591,0.032791175529573335,0.016442593182564774,-0.016442593182564774
584,2024-06-18 21:32:16.371460,9,0,0,230.0,1,5,2024-06-18,0,1,81,4333.483612862591,0.032791175529573335,0.016442593182564774,-0.016442593182564774
585,2024-06-18 21:41:19.588307,9,0,0,230.0,1,5,2024-06-18,0,1,81,4333.483612862591,0.032791175529573335,0.016442593182564774,-0.016442593182564774
586,2024-06-18 21:45:55.010675,9,0,0,230.0,1,5,2024-06-18,0,1,81,4333.483612862591,0.032791175529573335,0.016442593182564774,-0.016442593182564774
587,2024-06-18 21:48:49.723492,9,0,0,230.0,1,5,2024-06-18,0,1,81,4333.483612862591,0.032791175529573335,0.016442593182564774,-0.016442593182564774
588,2024-06-18 21:59:39.010830,9,0,0,230.0,1,5,2024-06-18,0,1,81,4333.483612862591,0.032791175529573335,0.016442593182564774,-0.016442593182564774
589,2024-06-19 17:16:57.192257,1,1,0,230.0,1,5,2024-06-19,1,1,1,4841.0981233637285,0.9911808742820751,0.9705563170026417,0.029443682997358334
590,2024-06-19 17:18:30.867757,1,1,0,230.0,1,5,2024-06-19,1,1,1,4841.0981233637285,0.9911808742820751,0.9705563170026417,0.029443682997358334
591,2024-06-19 17:33:18.860124,1,1,0,230.0,1,5,2024-06-19,1,1,1,4841.0981233637285,0.9911808742820751,0.9705563170026417,0.029443682997358334
592,2024-06-19 17:39:25.614277,1,1,0,230.0,1,5,2024-06-19,1,1,1,4841.0981233637285,0.9911808742820751,0.9705563170026417,0.029443682997358334
593,2024-06-19 18:03:15.505424,6,0,0,230.0,1,5,2024-06-19,0,1,36,4841.0981233637285,0.44077678037080464,0.22334270735276335,-0.22334270735276335
594,2024-06-19 18:39:06.965945,6,1,0,230.0,1,5,2024-06-19,1,1,36,4841.0981233637285,0.44077678037080464,0.22334270735276335,0.7766572926472366
595,2024-06-19 19:04:14.919286,7,0,0,230.0,1,5,2024-06-19,0,1,49,4841.0981233637285,0.22618019740457848,0.10023392045771826,-0.10023392045771826
596,2024-06-19 19:04:20.567234,4,1,0,230.0,1,5,2024-06-19,1,1,16,4841.0981233637285,0.8514455049470605,0.6570963018227935,0.34290369817720645
597,2024-06-19 19:10:27.574622,7,0,0,230.0,1,5,2024-06-19,0,1,49,4841.0981233637285,0.22618019740457848,0.10023392045771826,-0.10023392045771826
598,2024-06-19 19:28:13.445346,7,1,0,230.0,1,5,2024-06-19,1,1,49,4841.0981233637285,0.22618019740457848,0.10023392045771826,0.8997660795422817
599,2024-06-19 20:24:59.056301,10,0,0,230.0,1,5,2024-06-19,0,1,100,4841.0981233637285,0.014686984574635773,0.006434427060814574,-0.006434427060814574
600,2024-06-19 20:26:41.908373,10,0,0,230.0,1,5,2024-06-19,0,1,100,4841.0981233637285,0.014686984574635773,0.006434427060814574,-0.006434427060814574
601,2024-06-19 20:28:51.692078,10,0,0,230.0,1,5,2024-06-19,0,1,100,4841.0981233637285,0.014686984574635773,0.006434427060814574,-0.006434427060814574
602,2024-06-19 20:30:17.131205,10,0,0,230.0,1,5,2024-06-19,0,1,100,4841.0981233637285,0.014686984574635773,0.006434427060814574,-0.006434427060814574
603,2024-06-19 20:42:26.969335,10,0,0,230.0,1,5,2024-06-19,0,1,100,4841.0981233637285,0.014686984574635773,0.006434427060814574,-0.006434427060814574
604,2024-06-19 20:47:01.927414,10,0,0,230.0,1,5,2024-06-19,0,1,100,4841.0981233637285,0.014686984574635773,0.006434427060814574,-0.006434427060814574
605,2024-06-26 12:06:11.031268,0,0,0,230.0,1,5,2024-06-26,0,1,0,2864.471144957487,0.9936378685914229,0.9883844429385786,-0.9883844429385786
606,2024-06-30 17:05:29.416269,1,1,0,230.0,0,5,2024-06-30,1,1,1,1920.112429755663,0.976848546188988,0.9705563170026417,0.029443682997358334
607,2024-06-30 17:07:07.511515,2,1,0,230.0,0,5,2024-06-30,1,1,4,1920.112429755663,0.9399290007141928,0.9273753283850786,0.07262467161492137
608,2024-06-30 17:10:47.922194,2,1,0,230.0,0,5,2024-06-30,1,1,4,1920.112429755663,0.9399290007141928,0.9273753283850786,0.07262467161492137
609,2024-06-30 17:14:32.926653,4,1,0,230.0,0,5,2024-06-30,1,1,16,1920.112429755663,0.682716367742349,0.6570963018227935,0.34290369817720645
610,2024-06-30 17:17:34.796444,5,1,0,230.0,0,5,2024-06-30,1,1,25,1920.112429755663,0.44380998037236946,0.4260573723585436,0.5739426276414564
611,2024-06-30 17:33:20.814779,6,0,0,230.0,0,5,2024-06-30,0,1,36,1920.112429755663,0.22833963134278648,0.22334270735276335,-0.22334270735276335
612,2024-06-30 17:34:44.884132,7,0,0,230.0,0,5,2024-06-30,0,1,49,1920.112429755663,0.09888215367367158,0.10023392045771826,-0.10023392045771826
613,2024-06-30 17:40:44.649884,8,0,0,230.0,0,5,2024-06-30,0,1,64,1920.112429755663,0.0391016427556633,0.04136939225873243,-0.04136939225873243
614,2024-06-30 17:45:49.039092,9,0,0,230.0,0,5,2024-06-30,0,1,81,1920.112429755663,0.014865998615196233,0.016442593182564774,-0.016442593182564774
615,2024-06-30 17:49:07.206497,6,0,0,230.0,0,5,2024-06-30,0,1,36,1920.112429755663,0.22833963134278648,0.22334270735276335,-0.22334270735276335
616,2024-06-30 17:53:07.064139,6,1,0,230.0,0,5,2024-06-30,1,1,36,1920.112429755663,0.22833963134278648,0.22334270735276335,0.7766572926472366
617,2024-07-01 20:27:05.766139,1,1,0,230.0,1,5,2024-07-01,1,1,1,2089.389573278867,0.9780983808748296,0.9705563170026417,0.029443682997358334
618,2024-07-01 20:27:13.845446,1,1,0,230.0,1,5,2024-07-01,1,1,1,2089.389573278867,0.9780983808748296,0.9705563170026417,0.029443682997358334
619,2024-07-01 20:27:16.646664,1,1,0,230.0,1,5,2024-07-01,1,1,1,2089.389573278867,0.9780983808748296,0.9705563170026417,0.029443682997358334
620,2024-07-01 20:27:21.437437,1,1,0,230.0,1,5,2024-07-01,1,1,1,2089.389573278867,0.9780983808748296,0.9705563170026417,0.029443682997358334
621,2024-07-01 20:27:24.742331,1,1,0,230.0,1,5,2024-07-01,1,1,1,2089.389573278867,0.9780983808748296,0.9705563170026417,0.029443682997358334
630,2024-07-05 15:50:16.195792,1,1,0,236.0,1,5,2024-07-05,1,1,1,1404.263806050083,0.9725954223070714,0.9705563170026417,0.029443682997358334
631,2024-07-05 15:55:21.579539,1,1,0,236.0,1,5,2024-07-05,1,1,1,1404.263806050083,0.9725954223070714,0.9705563170026417,0.029443682997358334
632,2024-07-05 15:55:24.670944,5,0,0,236.0,1,5,2024-07-05,0,1,25,1404.263806050083,0.40161764888886536,0.4260573723585436,-0.4260573723585436
633,2024-07-05 16:01:41.420793,5,0,0,236.0,1,5,2024-07-05,0,1,25,1404.263806050083,0.40161764888886536,0.4260573723585436,-0.4260573723585436
634,2024-07-05 16:05:11.957464,5,0,0,236.0,1,5,2024-07-05,0,1,25,1404.263806050083,0.40161764888886536,0.4260573723585436,-0.4260573723585436
635,2024-07-05 16:08:12.609200,5,0,0,236.0,1,5,2024-07-05,0,1,25,1404.263806050083,0.40161764888886536,0.4260573723585436,-0.4260573723585436
636,2024-07-05 16:15:56.352215,6,0,0,236.0,1,5,2024-07-05,0,1,36,1404.263806050083,0.19929183181294985,0.22334270735276335,-0.22334270735276335
637,2024-07-05 16:21:34.395187,6,1,0,236.0,1,5,2024-07-05,1,1,36,1404.263806050083,0.19929183181294985,0.22334270735276335,0.7766572926472366
638,2024-07-05 17:14:19.116551,3,1,0,236.0,1,5,2024-07-05,1,1,9,1404.263806050083,0.8299487870112131,0.8318390349179802,0.16816096508201983
639,2024-07-05 17:22:38.281369,6,0,0,236.0,1,5,2024-07-05,0,1,36,1404.263806050083,0.19929183181294985,0.22334270735276335,-0.22334270735276335
640,2024-07-05 17:40:48.689107,6,0,0,236.0,1,5,2024-07-05,0,1,36,1404.263806050083,0.19929183181294985,0.22334270735276335,-0.22334270735276335
641,2024-07-05 17:45:36.277405,8,0,0,236.0,1,5,2024-07-05,0,1,64,1404.263806050083,0.03309493471707916,0.04136939225873243,-0.04136939225873243
642,2024-07-05 17:49:35.595354,8,0,0,236.0,1,5,2024-07-05,0,1,64,1404.263806050083,0.03309493471707916,0.04136939225873243,-0.04136939225873243
643,2024-07-05 17:54:30.586508,8,0,0,236.0,1,5,2024-07-05,0,1,64,1404.263806050083,0.03309493471707916,0.04136939225873243,-0.04136939225873243
644,2024-07-05 18:02:00.821767,8,0,0,236.0,1,5,2024-07-05,0,1,64,1404.263806050083,0.03309493471707916,0.04136939225873243,-0.04136939225873243
645,2024-07-05 18:12:44.106904,8,0,0,236.0,1,5,2024-07-05,0,1,64,1404.263806050083,0.03309493471707916,0.04136939225873243,-0.04136939225873243
646,2024-07-05 18:19:26.987456,8,0,0,236.0,1,5,2024-07-05,0,1,64,1404.263806050083,0.03309493471707916,0.04136939225873243,-0.04136939225873243
647,2024-07-05 18:24:29.481138,8,0,0,236.0,1,5,2024-07-05,0,1,64,1404.263806050083,0.03309493471707916,0.04136939225873243,-0.04136939225873243
648,2024-07-05 18:30:13.839300,8,0,0,236.0,1,5,2024-07-05,0,1,64,1404.263806050083,0.03309493471707916,0.04136939225873243,-0.04136939225873243
649,2024-07-05 18:49:50.580353,9,0,0,236.0,1,5,2024-07-05,0,1,81,1404.263806050083,0.012533754362960456,0.016442593182564774,-0.016442593182564774
650,2024-07-05 18:53:42.376980,9,0,0,236.0,1,5,2024-07-05,0,1,81,1404.263806050083,0.012533754362960456,0.016442593182564774,-0.016442593182564774
651,2024-07-05 18:57:20.494033,9,0,0,236.0,1,5,2024-07-05,0,1,81,1404.263806050083,0.012533754362960456,0.016442593182564774,-0.016442593182564774
652,2024-07-05 19:05:19.046044,9,0,0,236.0,1,5,2024-07-05,0,1,81,1404.263806050083,0.012533754362960456,0.016442593182564774,-0.016442593182564774
653,2024-07-05 19:17:38.517876,7,0,0,236.0,1,5,2024-07-05,0,1,49,1404.263806050083,0.0844996627115247,0.10023392045771826,-0.10023392045771826
654,2024-07-05 19:20:14.435809,7,0,0,236.0,1,5,2024-07-05,0,1,49,1404.263806050083,0.0844996627115247,0.10023392045771826,-0.10023392045771826
655,2024-07-05 19:24:43.376526,7,0,0,236.0,1,5,2024-07-05,0,1,49,1404.263806050083,0.0844996627115247,0.10023392045771826,-0.10023392045771826
656,2024-07-05 19:39:48.308349,7,0,0,236.0,1,5,2024-07-05,0,1,49,1404.263806050083,0.0844996627115247,0.10023392045771826,-0.10023392045771826
657,2024-07-05 19:50:39.149679,4,1,0,236.0,1,5,2024-07-05,1,1,16,1404.263806050083,0.6441145025405643,0.6570963018227935,0.34290369817720645
658,2024-07-05 19:52:50.777650,4,1,0,236.0,1,5,2024-07-05,1,1,16,1404.263806050083,0.6441145025405643,0.6570963018227935,0.34290369817720645
659,2024-07-05 19:59:36.014012,6,0,0,236.0,1,5,2024-07-05,0,1,36,1404.263806050083,0.19929183181294985,0.22334270735276335,-0.22334270735276335
660,2024-07-05 20:02:40.275192,6,0,0,236.0,1,5,2024-07-05,0,1,36,1404.263806050083,0.19929183181294985,0.22334270735276335,-0.22334270735276335
661,2024-07-05 20:19:53.335112,4,1,0,236.0,1,5,2024-07-05,1,1,16,1404.263806050083,0.6441145025405643,0.6570963018227935,0.34290369817720645
662,2024-07-07 17:07:46.089752,1,1,0,236.0,0,5,2024-07-07,1,1,1,2422.8202106241324,0.9803702207960265,0.9705563170026417,0.029443682997358334
663,2024-07-07 17:08:56.238852,2,1,0,236.0,0,5,2024-07-07,1,1,4,2422.8202106241324,0.9487721638721449,0.9273753283850786,0.07262467161492137
664,2024-07-07 17:10:27.807622,3,1,0,236.0,0,5,2024-07-07,1,1,9,2422.8202106241324,0.8729046509792101,0.8318390349179802,0.16816096508201983
665,2024-07-07 17:14:17.710311,4,1,0,236.0,0,5,2024-07-07,1,1,16,2422.8202106241324,0.7180666830977839,0.6570963018227935,0.34290369817720645
666,2024-07-07 17:19:38.576688,6,0,0,236.0,0,5,2024-07-07,0,1,36,2422.8202106241324,0.2593975958822448,0.22334270735276335,-0.22334270735276335
667,2024-07-07 17:24:07.077730,6,0,0,236.0,0,5,2024-07-07,0,1,36,2422.8202106241324,0.2593975958822448,0.22334270735276335,-0.22334270735276335
668,2024-07-07 17:25:57.645261,6,0,0,236.0,0,5,2024-07-07,0,1,36,2422.8202106241324,0.2593975958822448,0.22334270735276335,-0.22334270735276335
669,2024-07-07 17:27:32.404959,8,0,0,236.0,0,5,2024-07-07,0,1,64,2422.8202106241324,0.045952917569783515,0.04136939225873243,-0.04136939225873243
670,2024-07-07 17:31:38.067034,8,0,0,236.0,0,5,2024-07-07,0,1,64,2422.8202106241324,0.045952917569783515,0.04136939225873243,-0.04136939225873243
671,2024-07-07 17:34:13.015237,9,0,0,236.0,0,5,2024-07-07,0,1,81,2422.8202106241324,0.01754832648177057,0.016442593182564774,-0.016442593182564774
672,2024-07-07 17:38:47.583280,6,0,0,236.0,0,5,2024-07-07,0,1,36,2422.8202106241324,0.2593975958822448,0.22334270735276335,-0.22334270735276335
673,2024-07-07 17:44:55.337060,3,1,0,236.0,0,5,2024-07-07,1,1,9,2422.8202106241324,0.8729046509792101,0.8318390349179802,0.16816096508201983
674,2024-07-07 17:48:32.673863,5,1,0,236.0,0,5,2024-07-07,1,1,25,2422.8202106241324,0.4857276219433191,0.4260573723585436,0.5739426276414564
675,2024-07-07 17:54:12.204240,5,1,0,236.0,0,5,2024-07-07,1,1,25,2422.8202106241324,0.4857276219433191,0.4260573723585436,0.5739426276414564
676,2024-07-07 17:55:54.586363,5,1,0,236.0,0,5,2024-07-07,1,1,25,2422.8202106241324,0.4857276219433191,0.4260573723585436,0.5739426276414564
677,2024-07-09 19:51:15.911136,1,1,0,236.0,0,5,2024-07-09,1,1,1,2406.196489839643,0.9802626334540133,0.9705563170026417,0.029443682997358334
678,2024-07-09 19:51:23.681378,1,1,0,236.0,0,5,2024-07-09,1,1,1,2406.196489839643,0.9802626334540133,0.9705563170026417,0.029443682997358334
679,2024-07-09 19:51:26.871016,1,1,0,236.0,0,5,2024-07-09,1,1,1,2406.196489839643,0.9802626334540133,0.9705563170026417,0.029443682997358334
680,2024-07-09 19:51:30.749967,1,1,0,236.0,0,5,2024-07-09,1,1,1,2406.196489839643,0.9802626334540133,0.9705563170026417,0.029443682997358334
681,2024-07-09 19:51:34.034756,1,1,0,236.0,0,5,2024-07-09,1,1,1,2406.196489839643,0.9802626334540133,0.9705563170026417,0.029443682997358334
682,2024-07-09 19:51:36.785484,1,1,0,236.0,0,5,2024-07-09,1,1,1,2406.196489839643,0.9802626334540133,0.9705563170026417,0.029443682997358334
683,2024-07-09 19:51:39.841446,1,1,0,236.0,0,5,2024-07-09,1,1,1,2406.196489839643,0.9802626334540133,0.9705563170026417,0.029443682997358334
684,2024-07-09 19:51:42.279648,1,1,0,236.0,0,5,2024-07-09,1,1,1,2406.196489839643,0.9802626334540133,0.9705563170026417,0.029443682997358334
685,2024-07-09 19:51:44.520177,1,1,0,236.0,0,5,2024-07-09,1,1,1,2406.196489839643,0.9802626334540133,0.9705563170026417,0.029443682997358334
686,2024-07-09 19:51:53.010368,2,1,0,236.0,0,5,2024-07-09,1,1,4,2406.196489839643,0.948500490616709,0.9273753283850786,0.07262467161492137
687,2024-07-09 19:51:59.620261,2,1,0,236.0,0,5,2024-07-09,1,1,4,2406.196489839643,0.948500490616709,0.9273753283850786,0.07262467161492137
688,2024-07-09 19:52:02.894406,2,1,0,236.0,0,5,2024-07-09,1,1,4,2406.196489839643,0.948500490616709,0.9273753283850786,0.07262467161492137
689,2024-07-09 19:52:05.206600,2,1,0,236.0,0,5,2024-07-09,1,1,4,2406.196489839643,0.948500490616709,0.9273753283850786,0.07262467161492137
690,2024-07-09 19:52:07.588114,2,1,0,236.0,0,5,2024-07-09,1,1,4,2406.196489839643,0.948500490616709,0.9273753283850786,0.07262467161492137
691,2024-07-09 19:52:10.024081,3,1,0,236.0,0,5,2024-07-09,1,1,9,2406.196489839643,0.8722847943140211,0.8318390349179802,0.16816096508201983
692,2024-07-09 19:52:15.916456,3,1,0,236.0,0,5,2024-07-09,1,1,9,2406.196489839643,0.8722847943140211,0.8318390349179802,0.16816096508201983
700,2024-07-10 21:51:12.337822,3,1,0,250.0,0,5,2024-07-10,1,1,9,2224.2166191536917,0.8653292300669779,0.8318390349179802,0.16816096508201983
701,2024-07-10 21:53:29.758907,4,1,0,0.0,0,5,2024-07-10,1,1,16,2224.2166191536917,0.7043876972831505,0.6570963018227935,0.34290369817720645
702,2024-07-10 21:55:06.538911,5,1,0,0.0,0,5,2024-07-10,1,1,25,2224.2166191536917,0.46911019395357173,0.4260573723585436,0.5739426276414564
703,2024-07-10 21:56:55.258795,4,1,0,0.0,0,5,2024-07-10,1,1,16,2224.2166191536917,0.7043876972831505,0.6570963018227935,0.34290369817720645
704,2024-07-10 21:59:37.502172,6,0,0,0.0,0,5,2024-07-10,0,1,36,2224.2166191536917,0.2468072195024235,0.22334270735276335,-0.22334270735276335
705,2024-07-10 22:02:17.972268,6,0,0,0.0,0,5,2024-07-10,0,1,36,2224.2166191536917,0.2468072195024235,0.22334270735276335,-0.22334270735276335
706,2024-07-10 22:04:55.519889,5,0,0,0.0,0,5,2024-07-10,0,1,25,2224.2166191536917,0.46911019395357173,0.4260573723585436,-0.4260573723585436
707,2024-07-10 22:08:56.236483,6,0,0,0.0,0,5,2024-07-10,0,1,36,2224.2166191536917,0.2468072195024235,0.22334270735276335,-0.22334270735276335
708,2024-07-10 22:14:00.298294,5,0,0,0.0,0,5,2024-07-10,0,1,25,2224.2166191536917,0.46911019395357173,0.4260573723585436,-0.4260573723585436
709,2024-07-10 22:17:31.946904,4,1,0,0.0,0,5,2024-07-10,1,1,16,2224.2166191536917,0.7043876972831505,0.6570963018227935,0.34290369817720645
710,2024-07-10 22:22:22.225428,6,0,0,0.0,0,5,2024-07-10,0,1,36,2224.2166191536917,0.2468072195024235,0.22334270735276335,-0.22334270735276335
711,2024-07-12 19:46:19.299577,3,0,0,0.0,1,5,2024-07-12,0,1,9,2070.7696749861893,0.8592180868879463,0.8318390349179802,-0.8318390349179802
712,2024-07-12 19:46:25.116939,3,0,0,0.0,1,5,2024-07-12,0,1,9,2070.7696749861893,0.8592180868879463,0.8318390349179802,-0.8318390349179802
713,2024-07-12 19:46:28.280727,3,1,0,0.0,1,5,2024-07-12,1,1,9,2070.7696749861893,0.8592180868879463,0.8318390349179802,0.16816096508201983
714,2024-07-12 19:50:53.922459,6,0,0,0.0,1,5,2024-07-12,0,1,36,2070.7696749861893,0.2373651161860779,0.22334270735276335,-0.22334270735276335
715,2024-07-12 19:57:02.847015,6,1,0,0.0,1,5,2024-07-12,1,1,36,2070.7696749861893,0.2373651161860779,0.22334270735276335,0.7766572926472366
716,2024-07-12 21:15:28.582661,8,0,0,0.0,1,5,2024-07-12,0,1,64,2070.7696749861893,0.041045058800688636,0.04136939225873243,-0.04136939225873243
717,2024-07-12 21:23:11.109681,8,0,0,0.0,1,5,2024-07-12,0,1,64,2070.7696749861893,0.041045058800688636,0.04136939225873243,-0.04136939225873243
718,2024-07-12 21:37:20.720190,8,0,0,0.0,1,5,2024-07-12,0,1,64,2070.7696749861893,0.041045058800688636,0.04136939225873243,-0.04136939225873243
719,2024-07-12 21:38:35.063004,8,0,0,0.0,1,5,2024-07-12,0,1,64,2070.7696749861893,0.041045058800688636,0.04136939225873243,-0.04136939225873243
720,2024-07-12 21:47:31.788779,8,0,0,0.0,1,5,2024-07-12,0,1,64,2070.7696749861893,0.041045058800688636,0.04136939225873243,-0.04136939225873243
721,2024-07-12 21:50:31.653881,9,0,0,0.0,1,5,2024-07-12,0,1,81,2070.7696749861893,0.015624449540468701,0.016442593182564774,-0.016442593182564774
722,2024-07-12 21:58:14.825066,9,0,0,0.0,1,5,2024-07-12,0,1,81,2070.7696749861893,0.015624449540468701,0.016442593182564774,-0.016442593182564774
723,2024-07-12 22:09:35.792918,9,0,0,0.0,1,5,2024-07-12,0,1,81,2070.7696749861893,0.015624449540468701,0.016442593182564774,-0.016442593182564774
724,2024-07-12 22:17:43.974781,9,0,0,0.0,1,5,2024-07-12,0,1,81,2070.7696749861893,0.015624449540468701,0.016442593182564774,-0.016442593182564774
725,2024-07-12 22:29:14.977438,9,0,0,0.0,1,5,2024-07-12,0,1,81,2070.7696749861893,0.015624449540468701,0.016442593182564774,-0.016442593182564774
726,2024-07-12 22:37:57.132753,7,0,0,0.0,1,5,2024-07-12,0,1,49,2070.7696749861893,0.10347679938435594,0.10023392045771826,-0.10023392045771826
732,2024-07-14 17:18:41.513148,0,1,0,0.0,0,5,2024-07-14,1,1,0,2485.3258813978828,0.9927813596416797,0.9883844429385786,0.011615557061421367
733,2024-07-14 17:20:07.901688,1,1,0,0.0,0,5,2024-07-14,1,1,1,2485.3258813978828,0.9807696328970097,0.9705563170026417,0.029443682997358334
734,2024-07-14 17:21:01.867333,1,1,0,0.0,0,5,2024-07-14,1,1,1,2485.3258813978828,0.9807696328970097,0.9705563170026417,0.029443682997358334
735,2024-07-14 17:22:52.736402,3,1,0,0.0,0,5,2024-07-14,1,1,9,2485.3258813978828,0.8752123645072212,0.8318390349179802,0.16816096508201983
736,2024-07-14 17:27:19.978245,5,1,0,0.0,0,5,2024-07-14,1,1,25,2485.3258813978828,0.4909658362807878,0.4260573723585436,0.5739426276414564
737,2024-07-14 17:31:47.473402,7,1,0,0.0,0,5,2024-07-14,1,1,49,2485.3258813978828,0.11710509858974637,0.10023392045771826,0.8997660795422817
738,2024-07-14 17:35:41.102018,5,0,0,0.0,0,5,2024-07-14,0,1,25,2485.3258813978828,0.4909658362807878,0.4260573723585436,-0.4260573723585436
739,2024-07-14 17:38:20.866816,6,1,0,0.0,0,5,2024-07-14,1,1,36,2485.3258813978828,0.2634453530759222,0.22334270735276335,0.7766572926472366
740,2024-07-14 17:47:03.204471,7,1,0,0.0,0,5,2024-07-14,1,1,49,2485.3258813978828,0.11710509858974637,0.10023392045771826,0.8997660795422817
741,2024-07-17 20:54:52.903154,2,1,0,0.0,0,5,2024-07-17,1,1,4,2000.8271941216078,0.9414394589681665,0.9273753283850786,0.07262467161492137
742,2024-07-17 20:56:26.896186,3,1,0,0.0,0,5,2024-07-17,1,1,9,2000.8271941216078,0.8563564782827365,0.8318390349179802,0.16816096508201983
743,2024-07-17 20:58:05.180635,4,1,0,0.0,0,5,2024-07-17,1,1,16,2000.8271941216078,0.6885512949324541,0.6570963018227935,0.34290369817720645
744,2024-07-17 20:59:32.169260,1,1,0,0.0,0,5,2024-07-17,1,1,1,2000.8271941216078,0.9774529477840437,0.9705563170026417,0.029443682997358334
745,2024-07-17 21:01:06.374451,3,1,0,0.0,0,5,2024-07-17,1,1,9,2000.8271941216078,0.8563564782827365,0.8318390349179802,0.16816096508201983
746,2024-07-17 21:02:52.339902,5,1,0,0.0,0,5,2024-07-17,1,1,25,2000.8271941216078,0.450502221827308,0.4260573723585436,0.5739426276414564
747,2024-07-17 21:04:39.742976,5,1,0,0.0,0,5,2024-07-17,1,1,25,2000.8271941216078,0.450502221827308,0.4260573723585436,0.5739426276414564
748,2024-07-17 21:11:03.531620,5,1,0,0.0,0,5,2024-07-17,1,1,25,2000.8271941216078,0.450502221827308,0.4260573723585436,0.5739426276414564
749,2024-07-17 21:13:45.079186,6,1,0,0.0,0,5,2024-07-17,1,1,36,2000.8271941216078,0.23314474088316958,0.22334270735276335,0.7766572926472366
750,2024-07-17 21:17:45.995261,6,0,0,0.0,0,5,2024-07-17,0,1,36,2000.8271941216078,0.23314474088316958,0.22334270735276335,-0.22334270735276335
751,2024-07-17 21:21:37.396446,6,1,0,0.0,0,5,2024-07-17,1,1,36,2000.8271941216078,0.23314474088316958,0.22334270735276335,0.7766572926472366
752,2024-07-17 21:25:34.963576,7,0,0,0.0,0,5,2024-07-17,0,1,49,2000.8271941216078,0.10132070135181126,0.10023392045771826,-0.10023392045771826
753,2024-07-17 21:29:31.516954,7,0,0,0.0,0,5,2024-07-17,0,1,49,2000.8271941216078,0.10132070135181126,0.10023392045771826,-0.10023392045771826
754,2024-07-17 21:35:22.199801,7,0,0,0.0,0,5,2024-07-17,0,1,49,2000.8271941216078,0.10132070135181126,0.10023392045771826,-0.10023392045771826
755,2024-07-17 21:40:20.879723,7,0,0,0.0,0,5,2024-07-17,0,1,49,2000.8271941216078,0.10132070135181126,0.10023392045771826,-0.10023392045771826
756,2024-07-17 21:49:04.099404,7,0,0,0.0,0,5,2024-07-17,0,1,49,2000.8271941216078,0.10132070135181126,0.10023392045771826,-0.10023392045771826
757,2024-07-17 21:55:47.291477,7,0,0,0.0,0,5,2024-07-17,0,1,49,2000.8271941216078,0.10132070135181126,0.10023392045771826,-0.10023392045771826
758,2024-07-17 21:57:21.481626,7,0,0,0.0,0,5,2024-07-17,0,1,49,2000.8271941216078,0.10132070135181126,0.10023392045771826,-0.10023392045771826
759,2024-07-17 22:09:07.713902,7,0,0,0.0,0,5,2024-07-17,0,1,49,2000.8271941216078,0.10132070135181126,0.10023392045771826,-0.10023392045771826
760,2024-07-17 22:14:52.584462,7,0,0,0.0,0,5,2024-07-17,0,1,49,2000.8271941216078,0.10132070135181126,0.10023392045771826,-0.10023392045771826
761,2024-07-18 19:03:37.627730,1,1,0,0.0,0,5,2024-07-18,1,1,1,2473.4233122651294,0.9806941944308262,0.9705563170026417,0.029443682997358334
762,2024-07-18 19:05:51.396889,3,1,0,0.0,0,5,2024-07-18,1,1,9,2473.4233122651294,0.8747757079959415,0.8318390349179802,0.16816096508201983
763,2024-07-18 19:06:56.083336,5,0,0,0.0,0,5,2024-07-18,0,1,25,2473.4233122651294,0.4899681673063821,0.4260573723585436,-0.4260573723585436
764,2024-07-18 19:08:18.083104,5,1,0,0.0,0,5,2024-07-18,1,1,25,2473.4233122651294,0.4899681673063821,0.4260573723585436,0.5739426276414564
765,2024-07-18 19:09:33.950311,7,0,0,0.0,0,5,2024-07-18,0,1,49,2473.4233122651294,0.11669297696941963,0.10023392045771826,-0.10023392045771826
766,2024-07-18 19:16:21.970980,7,0,0,0.0,0,5,2024-07-18,0,1,49,2473.4233122651294,0.11669297696941963,0.10023392045771826,-0.10023392045771826
767,2024-07-18 19:20:09.521547,6,0,0,0.0,0,5,2024-07-18,0,1,36,2473.4233122651294,0.2626714447710036,0.22334270735276335,-0.22334270735276335
768,2024-07-18 19:22:18.605129,6,1,0,0.0,0,5,2024-07-18,1,1,36,2473.4233122651294,0.2626714447710036,0.22334270735276335,0.7766572926472366
769,2024-07-18 19:26:03.484134,7,0,0,0.0,0,5,2024-07-18,0,1,49,2473.4233122651294,0.11669297696941963,0.10023392045771826,-0.10023392045771826
770,2024-07-18 19:27:05.391555,7,0,0,0.0,0,5,2024-07-18,0,1,49,2473.4233122651294,0.11669297696941963,0.10023392045771826,-0.10023392045771826
771,2024-07-18 19:30:03.884878,7,0,0,0.0,0,5,2024-07-18,0,1,49,2473.4233122651294,0.11669297696941963,0.10023392045771826,-0.10023392045771826
772,2024-07-18 19:32:02.980604,8,0,0,0.0,0,5,2024-07-18,0,1,64,2473.4233122651294,0.04670276525115539,0.04136939225873243,-0.04136939225873243
773,2024-07-18 19:46:06.551239,8,0,0,0.0,0,5,2024-07-18,0,1,64,2473.4233122651294,0.04670276525115539,0.04136939225873243,-0.04136939225873243
774,2024-07-18 19:52:42.718720,7,0,0,0.0,0,5,2024-07-18,0,1,49,2473.4233122651294,0.11669297696941963,0.10023392045771826,-0.10023392045771826
775,2024-07-18 19:58:57.056441,8,0,0,0.0,0,5,2024-07-18,0,1,64,2473.4233122651294,0.04670276525115539,0.04136939225873243,-0.04136939225873243
789,2024-07-25 19:43:25.063729,0,1,0,250.0,0,5,2024-07-25,1,1,0,1567.4312580320413,0.9902044328097501,0.9883844429385786,0.011615557061421367
790,2024-07-25 19:44:24.187313,1,1,0,250.0,0,5,2024-07-25,1,1,1,1567.4312580320413,0.97401695695337,0.9705563170026417,0.029443682997358334
791,2024-07-25 19:45:30.594201,1,1,0,250.0,0,5,2024-07-25,1,1,1,1567.4312580320413,0.97401695695337,0.9705563170026417,0.029443682997358334
792,2024-07-25 19:47:03.682791,2,1,0,250.0,0,5,2024-07-25,1,1,4,1567.4312580320413,0.9328920949284558,0.9273753283850786,0.07262467161492137
793,2024-07-25 19:51:15.681001,3,1,0,250.0,0,5,2024-07-25,1,1,9,1567.4312580320413,0.8375336865917332,0.8318390349179802,0.16816096508201983
794,2024-07-25 19:52:01.536808,4,1,0,250.0,0,5,2024-07-25,1,1,16,1567.4312580320413,0.6565582553179442,0.6570963018227935,0.34290369817720645
795,2024-07-25 19:56:05.517681,4,1,0,250.0,0,5,2024-07-25,1,1,16,1567.4312580320413,0.6565582553179442,0.6570963018227935,0.34290369817720645
796,2024-07-25 19:59:31.784345,7,0,0,250.0,0,5,2024-07-25,0,1,49,1567.4312580320413,0.088830673660336,0.10023392045771826,-0.10023392045771826
797,2024-07-28 12:46:38.414243,1,1,0,250.0,1,5,2024-07-28,1,1,1,1239.7797879116895,0.9710860270727817,0.9705563170026417,0.029443682997358334
798,2024-07-28 13:15:20.655836,2,1,0,250.0,1,5,2024-07-28,1,1,4,1239.7797879116895,0.9256761952337688,0.9273753283850786,0.07262467161492137
799,2024-07-28 13:15:26.301805,4,1,0,250.0,1,5,2024-07-28,1,1,16,1239.7797879116895,0.6313701869687897,0.6570963018227935,0.34290369817720645
800,2024-07-28 13:39:24.605717,5,0,0,250.0,1,5,2024-07-28,0,1,25,1239.7797879116895,0.38843451261371914,0.4260573723585436,-0.4260573723585436
801,2024-07-28 13:39:32.076549,5,0,0,250.0,1,5,2024-07-28,0,1,25,1239.7797879116895,0.38843451261371914,0.4260573723585436,-0.4260573723585436
802,2024-07-28 13:48:34.243279,5,0,0,250.0,1,5,2024-07-28,0,1,25,1239.7797879116895,0.38843451261371914,0.4260573723585436,-0.4260573723585436
803,2024-07-28 14:07:46.883666,5,0,0,250.0,1,5,2024-07-28,0,1,25,1239.7797879116895,0.38843451261371914,0.4260573723585436,-0.4260573723585436
804,2024-07-28 14:15:55.652870,5,0,0,250.0,1,5,2024-07-28,0,1,25,1239.7797879116895,0.38843451261371914,0.4260573723585436,-0.4260573723585436
805,2024-07-28 14:19:55.078830,5,0,0,250.0,1,5,2024-07-28,0,1,25,1239.7797879116895,0.38843451261371914,0.4260573723585436,-0.4260573723585436
806,2024-07-28 14:38:51.121218,2,1,0,250.0,1,5,2024-07-28,1,1,4,1239.7797879116895,0.9256761952337688,0.9273753283850786,0.07262467161492137
807,2024-07-28 14:55:20.891280,3,1,0,250.0,1,5,2024-07-28,1,1,9,1239.7797879116895,0.8220204064431309,0.8318390349179802,0.16816096508201983
808,2024-07-28 15:06:44.098542,4,1,0,250.0,1,5,2024-07-28,1,1,16,1239.7797879116895,0.6313701869687897,0.6570963018227935,0.34290369817720645
809,2024-07-28 15:18:23.523264,5,0,0,250.0,1,5,2024-07-28,0,1,25,1239.7797879116895,0.38843451261371914,0.4260573723585436,-0.4260573723585436
810,2024-07-28 16:47:13.445218,11,0,0,250.0,1,5,2024-07-28,0,1,121,1239.7797879116895,0.0016490940221799706,0.0025024645135895357,-0.0025024645135895357
811,2024-07-28 16:58:12.712336,11,0,0,250.0,1,5,2024-07-28,0,1,121,1239.7797879116895,0.0016490940221799706,0.0025024645135895357,-0.0025024645135895357
812,2024-07-28 17:06:42.868290,11,0,0,250.0,1,5,2024-07-28,0,1,121,1239.7797879116895,0.0016490940221799706,0.0025024645135895357,-0.0025024645135895357
813,2024-07-28 17:17:48.938276,11,0,0,250.0,1,5,2024-07-28,0,1,121,1239.7797879116895,0.0016490940221799706,0.0025024645135895357,-0.0025024645135895357
814,2024-07-28 17:26:33.776794,11,0,0,250.0,1,5,2024-07-28,0,1,121,1239.7797879116895,0.0016490940221799706,0.0025024645135895357,-0.0025024645135895357
815,2024-07-28 17:45:51.138339,11,0,0,250.0,1,5,2024-07-28,0,1,121,1239.7797879116895,0.0016490940221799706,0.0025024645135895357,-0.0025024645135895357
816,2024-07-28 17:47:29.702919,11,0,0,250.0,1,5,2024-07-28,0,1,121,1239.7797879116895,0.0016490940221799706,0.0025024645135895357,-0.0025024645135895357
817,2024-07-28 18:00:27.378438,11,0,0,250.0,1,5,2024-07-28,0,1,121,1239.7797879116895,0.0016490940221799706,0.0025024645135895357,-0.0025024645135895357
818,2024-07-28 18:07:32.301508,11,0,0,250.0,1,5,2024-07-28,0,1,121,1239.7797879116895,0.0016490940221799706,0.0025024645135895357,-0.0025024645135895357
819,2024-07-28 18:18:39.377857,11,0,0,250.0,1,5,2024-07-28,0,1,121,1239.7797879116895,0.0016490940221799706,0.0025024645135895357,-0.0025024645135895357
820,2024-07-28 18:19:21.015501,11,0,0,250.0,1,5,2024-07-28,0,1,121,1239.7797879116895,0.0016490940221799706,0.0025024645135895357,-0.0025024645135895357
821,2024-07-28 18:23:44.929566,11,0,0,250.0,1,5,2024-07-28,0,1,121,1239.7797879116895,0.0016490940221799706,0.0025024645135895357,-0.0025024645135895357
822,2024-07-28 18:40:35.209287,11,0,0,250.0,1,5,2024-07-28,0,1,121,1239.7797879116895,0.0016490940221799706,0.0025024645135895357,-0.0025024645135895357
823,2024-07-30 18:08:51.567822,2,1,0,250.0,0,5,2024-07-30,1,1,4,2641.943517036453,0.9522286779551545,0.9273753283850786,0.07262467161492137
824,2024-07-30 18:11:22.023469,3,1,0,250.0,0,5,2024-07-30,1,1,9,2641.943517036453,0.8808372664171201,0.8318390349179802,0.16816096508201983
825,2024-07-30 18:12:49.809469,4,1,0,250.0,0,5,2024-07-30,1,1,16,2641.943517036453,0.7327041564769738,0.6570963018227935,0.34290369817720645
826,2024-07-30 18:15:25.119544,5,1,0,250.0,0,5,2024-07-30,1,1,25,2641.943517036453,0.5040971721374153,0.4260573723585436,0.5739426276414564
827,2024-07-30 18:18:57.592837,7,1,0,250.0,0,5,2024-07-30,1,1,49,2641.943517036453,0.12264639676022694,0.10023392045771826,0.8997660795422817
828,2024-07-30 18:28:45.314249,6,1,0,250.0,0,5,2024-07-30,1,1,36,2641.943517036453,0.27376415496943185,0.22334270735276335,0.7766572926472366
829,2024-07-30 18:36:01.394251,7,0,0,250.0,0,5,2024-07-30,0,1,49,2641.943517036453,0.12264639676022694,0.10023392045771826,-0.10023392045771826
830,2024-07-30 18:40:39.690645,7,0,0,250.0,0,5,2024-07-30,0,1,49,2641.943517036453,0.12264639676022694,0.10023392045771826,-0.10023392045771826
831,2024-07-30 18:46:12.893535,7,0,0,250.0,0,5,2024-07-30,0,1,49,2641.943517036453,0.12264639676022694,0.10023392045771826,-0.10023392045771826
832,2024-07-30 18:53:16.837563,8,0,0,250.0,0,5,2024-07-30,0,1,64,2641.943517036453,0.04928466999831179,0.04136939225873243,-0.04136939225873243
833,2024-07-30 18:57:17.363556,8,0,0,250.0,0,5,2024-07-30,0,1,64,2641.943517036453,0.04928466999831179,0.04136939225873243,-0.04136939225873243
834,2024-07-30 19:01:35.762637,8,0,0,250.0,0,5,2024-07-30,0,1,64,2641.943517036453,0.04928466999831179,0.04136939225873243,-0.04136939225873243
835,2024-07-30 19:09:46.283710,7,0,0,250.0,0,5,2024-07-30,0,1,49,2641.943517036453,0.12264639676022694,0.10023392045771826,-0.10023392045771826
836,2024-07-30 19:17:32.307699,7,0,0,250.0,0,5,2024-07-30,0,1,49,2641.943517036453,0.12264639676022694,0.10023392045771826,-0.10023392045771826
837,2024-07-30 19:25:55.921068,7,0,0,250.0,0,5,2024-07-30,0,1,49,2641.943517036453,0.12264639676022694,0.10023392045771826,-0.10023392045771826
838,2024-08-01 18:55:34.195323,1,1,0,250.0,0,5,2024-08-01,1,1,1,2728.563791565222,0.9822494550379004,0.9705563170026417,0.029443682997358334
839,2024-08-01 18:56:19.393956,2,1,0,250.0,0,5,2024-08-01,1,1,4,2728.563791565222,0.9535330243747597,0.9273753283850786,0.07262467161492137
840,2024-08-01 18:57:17.526928,3,1,0,250.0,0,5,2024-08-01,1,1,9,2728.563791565222,0.8838531217754395,0.8318390349179802,0.16816096508201983
841,2024-08-01 19:00:24.858199,4,1,0,250.0,0,5,2024-08-01,1,1,16,2728.563791565222,0.7383554470737409,0.6570963018227935,0.34290369817720645
842,2024-08-01 19:05:15.367036,5,1,0,250.0,0,5,2024-08-01,1,1,25,2728.563791565222,0.5113584316321,0.4260573723585436,0.5739426276414564
843,2024-08-01 19:08:02.239386,6,0,0,250.0,0,5,2024-08-01,0,1,36,2728.563791565222,0.27957809808240713,0.22334270735276335,-0.22334270735276335
844,2024-08-01 19:12:08.180812,6,1,0,250.0,0,5,2024-08-01,1,1,36,2728.563791565222,0.27957809808240713,0.22334270735276335,0.7766572926472366
845,2024-08-01 19:21:25.797462,8,1,0,250.0,0,5,2024-08-01,1,1,64,2728.563791565222,0.050663907738281784,0.04136939225873243,0.9586306077412676
846,2024-08-01 19:33:05.870687,9,0,0,250.0,1,5,2024-08-01,0,1,81,2728.563791565222,0.019406575012279343,0.016442593182564774,-0.016442593182564774
847,2024-08-01 19:39:09.943142,9,0,0,250.0,1,5,2024-08-01,0,1,81,2728.563791565222,0.019406575012279343,0.016442593182564774,-0.016442593182564774
848,2024-08-01 19:43:57.895467,9,0,0,250.0,0,5,2024-08-01,0,1,81,2728.563791565222,0.019406575012279343,0.016442593182564774,-0.016442593182564774
849,2024-08-01 19:58:49.725882,9,0,0,250.0,1,5,2024-08-01,0,1,81,2728.563791565222,0.019406575012279343,0.016442593182564774,-0.016442593182564774
850,2024-08-01 20:04:03.680103,9,0,0,250.0,1,5,2024-08-01,0,1,81,2728.563791565222,0.019406575012279343,0.016442593182564774,-0.016442593182564774
851,2024-08-01 20:09:11.073310,9,0,0,250.0,1,5,2024-08-01,0,1,81,2728.563791565222,0.019406575012279343,0.016442593182564774,-0.016442593182564774
852,2024-08-03 14:14:53.663501,9,0,0,250.0,0,5,2024-08-03,0,1,81,2846.534019899852,0.02017403246107761,0.016442593182564774,-0.016442593182564774
853,2024-08-03 14:22:53.239144,9,0,0,250.0,1,5,2024-08-03,0,1,81,2846.534019899852,0.02017403246107761,0.016442593182564774,-0.016442593182564774
854,2024-08-03 14:26:48.976217,9,0,0,250.0,1,5,2024-08-03,0,1,81,2846.534019899852,0.02017403246107761,0.016442593182564774,-0.016442593182564774
855,2024-08-03 14:31:47.543181,9,0,0,250.0,1,5,2024-08-03,0,1,81,2846.534019899852,0.02017403246107761,0.016442593182564774,-0.016442593182564774
856,2024-08-03 14:36:50.983397,9,0,0,250.0,0,5,2024-08-03,0,1,81,2846.534019899852,0.02017403246107761,0.016442593182564774,-0.016442593182564774
857,2024-08-03 14:41:38.785119,9,0,0,250.0,1,5,2024-08-03,0,1,81,2846.534019899852,0.02017403246107761,0.016442593182564774,-0.016442593182564774
858,2024-08-03 14:52:41.572241,9,0,0,250.0,0,5,2024-08-03,0,1,81,2846.534019899852,0.02017403246107761,0.016442593182564774,-0.016442593182564774
859,2024-08-03 15:02:53.489504,9,0,0,250.0,1,5,2024-08-03,0,1,81,2846.534019899852,0.02017403246107761,0.016442593182564774,-0.016442593182564774
860,2024-08-03 16:03:04.021183,7,0,0,250.0,1,5,2024-08-03,0,1,49,2846.534019899852,0.13022340166710247,0.10023392045771826,-0.10023392045771826
861,2024-08-03 16:06:52.991395,7,0,0,250.0,1,5,2024-08-03,0,1,49,2846.534019899852,0.13022340166710247,0.10023392045771826,-0.10023392045771826
862,2024-08-03 16:07:56.365159,7,0,0,250.0,1,5,2024-08-03,0,1,49,2846.534019899852,0.13022340166710247,0.10023392045771826,-0.10023392045771826
863,2024-08-03 16:16:54.999086,7,0,0,250.0,1,5,2024-08-03,0,1,49,2846.534019899852,0.13022340166710247,0.10023392045771826,-0.10023392045771826
864,2024-08-03 16:19:35.321509,7,0,0,250.0,1,5,2024-08-03,0,1,49,2846.534019899852,0.13022340166710247,0.10023392045771826,-0.10023392045771826
865,2024-08-03 16:29:53.058778,7,0,0,250.0,1,5,2024-08-03,0,1,49,2846.534019899852,0.13022340166710247,0.10023392045771826,-0.10023392045771826
866,2024-08-03 16:31:32.889253,7,0,0,250.0,1,5,2024-08-03,0,1,49,2846.534019899852,0.13022340166710247,0.10023392045771826,-0.10023392045771826
867,2024-08-03 16:43:55.109999,7,0,0,250.0,1,5,2024-08-03,0,1,49,2846.534019899852,0.13022340166710247,0.10023392045771826,-0.10023392045771826
868,2024-08-03 16:56:47.486717,7,1,0,250.0,1,5,2024-08-03,1,1,49,2846.534019899852,0.13022340166710247,0.10023392045771826,0.8997660795422817
869,2024-08-03 17:00:11.555760,9,0,0,250.0,1,5,2024-08-03,0,1,81,2846.534019899852,0.02017403246107761,0.016442593182564774,-0.016442593182564774
870,2024-08-03 17:37:02.326258,12,0,0,250.0,1,5,2024-08-03,0,1,144,2846.534019899852,0.0010488941953968758,0.0009709055450523682,-0.0009709055450523682
871,2024-08-03 17:54:03.490031,12,0,0,250.0,1,5,2024-08-03,0,1,144,2846.534019899852,0.0010488941953968758,0.0009709055450523682,-0.0009709055450523682
872,2024-08-03 18:02:15.888648,12,0,0,250.0,1,5,2024-08-03,0,1,144,2846.534019899852,0.0010488941953968758,0.0009709055450523682,-0.0009709055450523682
873,2024-08-03 18:10:49.294198,12,0,0,250.0,1,5,2024-08-03,0,1,144,2846.534019899852,0.0010488941953968758,0.0009709055450523682,-0.0009709055450523682
874,2024-08-03 18:31:16.669479,12,0,0,250.0,1,5,2024-08-03,0,1,144,2846.534019899852,0.0010488941953968758,0.0009709055450523682,-0.0009709055450523682
875,2024-08-08 18:41:46.414623,1,1,0,250.0,0,5,2024-08-08,1,1,1,2993.415043991669,0.9837337095752576,0.9705563170026417,0.029443682997358334
876,2024-08-08 18:43:14.234640,2,1,0,250.0,0,5,2024-08-08,1,1,4,2993.415043991669,0.9573141230683887,0.9273753283850786,0.07262467161492137
877,2024-08-08 18:44:23.783135,3,1,0,250.0,0,5,2024-08-08,1,1,9,2993.415043991669,0.892665957096194,0.8318390349179802,0.16816096508201983
878,2024-08-08 18:45:44.180620,4,1,0,250.0,0,5,2024-08-08,1,1,16,2993.415043991669,0.7551498266849537,0.6570963018227935,0.34290369817720645
879,2024-08-08 18:49:02.617624,5,1,0,250.0,0,5,2024-08-08,1,1,25,2993.415043991669,0.5335178578401534,0.4260573723585436,0.5739426276414564
880,2024-08-08 18:51:42.268658,5,1,0,250.0,0,5,2024-08-08,1,1,25,2993.415043991669,0.5335178578401534,0.4260573723585436,0.5739426276414564
881,2024-08-08 19:06:31.143138,6,0,0,250.0,0,5,2024-08-08,0,1,36,2993.415043991669,0.2978150695076601,0.22334270735276335,-0.22334270735276335
882,2024-08-08 19:10:00.517384,7,0,0,250.0,0,5,2024-08-08,0,1,49,2993.415043991669,0.13590566203637566,0.10023392045771826,-0.10023392045771826
883,2024-08-08 19:11:06.507228,7,0,0,250.0,0,5,2024-08-08,0,1,49,2993.415043991669,0.13590566203637566,0.10023392045771826,-0.10023392045771826
884,2024-08-08 19:13:52.579110,6,0,0,250.0,0,5,2024-08-08,0,1,36,2993.415043991669,0.2978150695076601,0.22334270735276335,-0.22334270735276335
885,2024-08-08 19:26:24.057047,9,0,0,250.0,0,5,2024-08-08,0,1,81,2993.415043991669,0.02117120517639039,0.016442593182564774,-0.016442593182564774
886,2024-08-12 13:53:40.795008,1,1,0,250.0,1,5,2024-08-12,1,1,1,2251.7569411379186,0.9792351021076455,0.9705563170026417,0.029443682997358334
887,2024-08-12 13:53:52.193455,1,1,0,250.0,1,5,2024-08-12,1,1,1,2251.7569411379186,0.9792351021076455,0.9705563170026417,0.029443682997358334
888,2024-08-12 14:15:31.062557,3,1,0,250.0,1,5,2024-08-12,1,1,9,2251.7569411379186,0.8664020364702907,0.8318390349179802,0.16816096508201983
889,2024-08-12 14:44:35.462616,8,0,0,250.0,1,5,2024-08-12,0,1,64,2251.7569411379186,0.04350205762900541,0.04136939225873243,-0.04136939225873243
890,2024-08-12 15:56:47.221129,5,1,0,250.0,1,5,2024-08-12,1,1,25,2251.7569411379186,0.47141128025073725,0.4260573723585436,0.5739426276414564
891,2024-08-12 16:10:44.675957,8,0,0,250.0,1,5,2024-08-12,0,1,64,2251.7569411379186,0.04350205762900541,0.04136939225873243,-0.04136939225873243
892,2024-08-12 17:35:09.369133,9,0,0,250.0,1,5,2024-08-12,0,1,81,2251.7569411379186,0.01658606427924705,0.016442593182564774,-0.016442593182564774
893,2024-08-12 18:06:15.571245,8,0,0,250.0,1,5,2024-08-12,0,1,64,2251.7569411379186,0.04350205762900541,0.04136939225873243,-0.04136939225873243
894,2024-08-12 18:09:00.035450,8,0,0,250.0,1,5,2024-08-12,0,1,64,2251.7569411379186,0.04350205762900541,0.04136939225873243,-0.04136939225873243
895,2024-08-12 20:49:22.725526,8,0,0,250.0,1,5,2024-08-12,0,1,64,2251.7569411379186,0.04350205762900541,0.04136939225873243,-0.04136939225873243
896,2024-08-13 13:29:02.269808,1,1,0,250.0,1,5,2024-08-13,1,1,1,2474.473936663784,0.9807008649439396,0.9705563170026417,0.029443682997358334
897,2024-08-13 13:29:08.575718,4,1,0,250.0,1,5,2024-08-13,1,1,16,2474.473936663784,0.7215607253685933,0.6570963018227935,0.34290369817720645
898,2024-08-13 13:38:13.246676,5,1,0,250.0,1,5,2024-08-13,1,1,25,2474.473936663784,0.49005622715827674,0.4260573723585436,0.5739426276414564
899,2024-08-13 13:59:12.496897,7,0,0,250.0,1,5,2024-08-13,0,1,49,2474.473936663784,0.11672930370178547,0.10023392045771826,-0.10023392045771826
900,2024-08-13 13:59:26.644145,7,0,0,250.0,1,5,2024-08-13,0,1,49,2474.473936663784,0.11672930370178547,0.10023392045771826,-0.10023392045771826
901,2024-08-13 14:06:13.435812,7,0,0,250.0,1,5,2024-08-13,0,1,49,2474.473936663784,0.11672930370178547,0.10023392045771826,-0.10023392045771826
902,2024-08-13 14:17:17.761817,7,0,0,250.0,1,5,2024-08-13,0,1,49,2474.473936663784,0.11672930370178547,0.10023392045771826,-0.10023392045771826
903,2024-08-13 14:39:23.058551,7,0,0,250.0,1,5,2024-08-13,0,1,49,2474.473936663784,0.11672930370178547,0.10023392045771826,-0.10023392045771826
904,2024-08-13 14:45:07.163418,7,0,0,250.0,1,5,2024-08-13,0,1,49,2474.473936663784,0.11672930370178547,0.10023392045771826,-0.10023392045771826
905,2024-08-13 14:50:34.247028,7,0,0,250.0,1,5,2024-08-13,0,1,49,2474.473936663784,0.11672930370178547,0.10023392045771826,-0.10023392045771826
906,2024-08-13 15:06:23.948268,7,0,0,250.0,1,5,2024-08-13,0,1,49,2474.473936663784,0.11672930370178547,0.10023392045771826,-0.10023392045771826
907,2024-08-13 15:08:23.167725,7,0,0,250.0,1,5,2024-08-13,0,1,49,2474.473936663784,0.11672930370178547,0.10023392045771826,-0.10023392045771826
908,2024-08-13 15:26:49.129343,7,0,0,250.0,1,5,2024-08-13,0,1,49,2474.473936663784,0.11672930370178547,0.10023392045771826,-0.10023392045771826
909,2024-08-13 15:47:54.729589,7,0,0,250.0,1,5,2024-08-13,0,1,49,2474.473936663784,0.11672930370178547,0.10023392045771826,-0.10023392045771826
910,2024-08-13 16:18:44.393983,7,0,0,250.0,1,5,2024-08-13,0,1,49,2474.473936663784,0.11672930370178547,0.10023392045771826,-0.10023392045771826
911,2024-08-13 16:20:53.511570,7,0,0,250.0,1,5,2024-08-13,0,1,49,2474.473936663784,0.11672930370178547,0.10023392045771826,-0.10023392045771826
912,2024-08-13 16:39:30.847675,7,0,0,250.0,1,5,2024-08-13,0,1,49,2474.473936663784,0.11672930370178547,0.10023392045771826,-0.10023392045771826
913,2024-08-14 16:16:46.038590,1,1,0,250.0,1,5,2024-08-14,1,1,1,2966.9966078481348,0.9835913129778119,0.9705563170026417,0.029443682997358334
914,2024-08-14 16:16:53.472012,1,1,0,250.0,1,5,2024-08-14,1,1,1,2966.9966078481348,0.9835913129778119,0.9705563170026417,0.029443682997358334
915,2024-08-14 16:34:59.520499,8,0,0,250.0,1,5,2024-08-14,0,1,64,2966.9966078481348,0.05465141580479744,0.04136939225873243,-0.04136939225873243
916,2024-08-14 16:46:21.183232,8,0,0,250.0,1,5,2024-08-14,0,1,64,2966.9966078481348,0.05465141580479744,0.04136939225873243,-0.04136939225873243
917,2024-08-14 17:01:54.491919,8,0,0,250.0,1,5,2024-08-14,0,1,64,2966.9966078481348,0.05465141580479744,0.04136939225873243,-0.04136939225873243
918,2024-08-14 17:16:22.869419,8,0,0,250.0,1,5,2024-08-14,0,1,64,2966.9966078481348,0.05465141580479744,0.04136939225873243,-0.04136939225873243
919,2024-08-14 17:27:48.295687,8,0,0,250.0,1,5,2024-08-14,0,1,64,2966.9966078481348,0.05465141580479744,0.04136939225873243,-0.04136939225873243
920,2024-08-14 17:40:39.504074,8,0,0,250.0,1,5,2024-08-14,0,1,64,2966.9966078481348,0.05465141580479744,0.04136939225873243,-0.04136939225873243
921,2024-08-14 18:26:54.416482,8,0,0,250.0,1,5,2024-08-14,0,1,64,2966.9966078481348,0.05465141580479744,0.04136939225873243,-0.04136939225873243
922,2024-08-14 19:00:40.186440,8,0,0,250.0,1,5,2024-08-14,0,1,64,2966.9966078481348,0.05465141580479744,0.04136939225873243,-0.04136939225873243
923,2024-08-15 16:29:04.185730,6,0,0,250.0,1,5,2024-08-15,0,1,36,3198.6495499667567,0.31240742019905643,0.22334270735276335,-0.22334270735276335
924,2024-08-15 16:29:08.751258,6,0,0,250.0,1,5,2024-08-15,0,1,36,3198.6495499667567,0.31240742019905643,0.22334270735276335,-0.22334270735276335
925,2024-08-15 16:29:12.349466,6,0,0,250.0,1,5,2024-08-15,0,1,36,3198.6495499667567,0.31240742019905643,0.22334270735276335,-0.22334270735276335
926,2024-08-15 17:11:46.383077,6,0,0,250.0,1,5,2024-08-15,0,1,36,3198.6495499667567,0.31240742019905643,0.22334270735276335,-0.22334270735276335
927,2024-08-15 17:25:36.522004,6,0,0,250.0,1,5,2024-08-15,0,1,36,3198.6495499667567,0.31240742019905643,0.22334270735276335,-0.22334270735276335
928,2024-08-15 17:51:47.782147,6,0,0,250.0,1,5,2024-08-15,0,1,36,3198.6495499667567,0.31240742019905643,0.22334270735276335,-0.22334270735276335
929,2024-08-16 13:31:37.742908,1,1,0,250.0,1,5,2024-08-16,1,1,1,3110.257799993804,0.9843490581715223,0.9705563170026417,0.029443682997358334
930,2024-08-16 13:39:46.062498,1,1,0,250.0,1,5,2024-08-16,1,1,1,3110.257799993804,0.9843490581715223,0.9705563170026417,0.029443682997358334
931,2024-08-16 14:51:25.562380,4,0,0,250.0,1,5,2024-08-16,0,1,16,3110.257799993804,0.762323194695877,0.6570963018227935,-0.6570963018227935
932,2024-08-16 14:57:05.813585,4,0,0,250.0,1,5,2024-08-16,0,1,16,3110.257799993804,0.762323194695877,0.6570963018227935,-0.6570963018227935
933,2024-08-16 15:08:15.240265,4,1,0,250.0,1,5,2024-08-16,1,1,16,3110.257799993804,0.762323194695877,0.6570963018227935,0.34290369817720645
934,2024-08-16 17:54:16.671505,5,0,0,250.0,1,5,2024-08-16,0,1,25,3110.257799993804,0.5432570733139844,0.4260573723585436,-0.4260573723585436
935,2024-08-16 17:54:22.134541,5,0,0,250.0,1,5,2024-08-16,0,1,25,3110.257799993804,0.5432570733139844,0.4260573723585436,-0.4260573723585436
936,2024-08-16 17:54:25.291958,5,0,0,250.0,1,5,2024-08-16,0,1,25,3110.257799993804,0.5432570733139844,0.4260573723585436,-0.4260573723585436
937,2024-08-16 17:54:30.637569,5,1,0,250.0,1,5,2024-08-16,1,1,25,3110.257799993804,0.5432570733139844,0.4260573723585436,0.5739426276414564
938,2024-08-16 18:05:52.289314,8,0,0,250.0,1,5,2024-08-16,0,1,64,3110.257799993804,0.057187681189266544,0.04136939225873243,-0.04136939225873243
939,2024-08-16 18:22:48.031464,8,0,0,250.0,1,5,2024-08-16,0,1,64,3110.257799993804,0.057187681189266544,0.04136939225873243,-0.04136939225873243
940,2024-08-16 18:39:41.055985,8,0,0,250.0,1,5,2024-08-16,0,1,64,3110.257799993804,0.057187681189266544,0.04136939225873243,-0.04136939225873243
941,2024-08-16 18:45:35.863129,8,0,0,250.0,1,5,2024-08-16,0,1,64,3110.257799993804,0.057187681189266544,0.04136939225873243,-0.04136939225873243
942,2024-08-16 18:49:41.945943,8,0,0,250.0,1,5,2024-08-16,0,1,64,3110.257799993804,0.057187681189266544,0.04136939225873243,-0.04136939225873243
943,2024-08-17 13:00:28.457142,3,1,0,250.0,1,5,2024-08-17,1,1,9,3284.277637172597,0.9016613660410427,0.8318390349179802,0.16816096508201983
944,2024-08-17 13:35:51.948756,4,1,0,250.0,1,5,2024-08-17,1,1,16,3284.277637172597,0.772736007230976,0.6570963018227935,0.34290369817720645
945,2024-08-18 12:11:21.182572,4,0,0,250.0,1,5,2024-08-18,0,1,16,2996.7372973324946,0.755355797922263,0.6570963018227935,-0.6570963018227935
946,2024-08-18 12:14:25.582621,4,0,0,250.0,1,5,2024-08-18,0,1,16,2996.7372973324946,0.755355797922263,0.6570963018227935,-0.6570963018227935
947,2024-08-18 12:19:55.280947,4,1,0,250.0,1,5,2024-08-18,1,1,16,2996.7372973324946,0.755355797922263,0.6570963018227935,0.34290369817720645
948,2024-08-18 12:23:33.626047,3,1,0,250.0,1,5,2024-08-18,1,1,9,2996.7372973324946,0.8927726739399088,0.8318390349179802,0.16816096508201983
949,2024-08-18 12:59:31.695547,5,0,0,250.0,1,5,2024-08-18,0,1,25,2996.7372973324946,0.5337951670256064,0.4260573723585436,-0.4260573723585436
950,2024-08-18 13:05:50.547475,5,0,0,250.0,1,5,2024-08-18,0,1,25,2996.7372973324946,0.5337951670256064,0.4260573723585436,-0.4260573723585436
951,2024-08-18 13:26:57.704590,8,0,0,250.0,1,5,2024-08-18,0,1,64,2996.7372973324946,0.05516906816243036,0.04136939225873243,-0.04136939225873243
952,2024-08-18 13:29:24.732911,8,0,0,250.0,1,5,2024-08-18,0,1,64,2996.7372973324946,0.05516906816243036,0.04136939225873243,-0.04136939225873243
953,2024-08-18 13:31:33.132322,8,0,0,250.0,1,5,2024-08-18,0,1,64,2996.7372973324946,0.05516906816243036,0.04136939225873243,-0.04136939225873243
954,2024-08-18 13:36:51.872283,8,0,0,250.0,1,5,2024-08-18,0,1,64,2996.7372973324946,0.05516906816243036,0.04136939225873243,-0.04136939225873243
955,2024-08-18 13:48:34.690207,8,0,0,250.0,1,5,2024-08-18,0,1,64,2996.7372973324946,0.05516906816243036,0.04136939225873243,-0.04136939225873243
956,2024-08-18 14:11:08.328010,8,0,0,250.0,1,5,2024-08-18,0,1,64,2996.7372973324946,0.05516906816243036,0.04136939225873243,-0.04136939225873243
957,2024-08-18 14:24:21.834775,8,0,0,250.0,1,5,2024-08-18,0,1,64,2996.7372973324946,0.05516906816243036,0.04136939225873243,-0.04136939225873243
958,2024-08-18 14:25:28.778579,8,0,0,250.0,1,5,2024-08-18,0,1,64,2996.7372973324946,0.05516906816243036,0.04136939225873243,-0.04136939225873243
959,2024-08-18 14:42:41.216122,8,0,0,250.0,1,5,2024-08-18,0,1,64,2996.7372973324946,0.05516906816243036,0.04136939225873243,-0.04136939225873243
960,2024-08-18 14:53:34.076458,8,0,0,250.0,1,5,2024-08-18,0,1,64,2996.7372973324946,0.05516906816243036,0.04136939225873243,-0.04136939225873243
961,2024-08-18 15:34:50.080410,8,0,0,250.0,1,5,2024-08-18,0,1,64,2996.7372973324946,0.05516906816243036,0.04136939225873243,-0.04136939225873243
962,2024-08-18 16:24:08.701094,1,1,0,250.0,1,5,2024-08-18,1,1,1,2996.7372973324946,0.9837515304303223,0.9705563170026417,0.029443682997358334
963,2024-08-18 16:24:14.204856,3,1,0,250.0,1,5,2024-08-18,1,1,9,2996.7372973324946,0.8927726739399088,0.8318390349179802,0.16816096508201983
964,2024-08-18 17:22:52.554850,7,0,0,250.0,1,5,2024-08-18,0,1,49,2996.7372973324946,0.136036571617362,0.10023392045771826,-0.10023392045771826
965,2024-08-18 17:22:58.775203,7,0,0,250.0,1,5,2024-08-18,0,1,49,2996.7372973324946,0.136036571617362,0.10023392045771826,-0.10023392045771826
966,2024-08-18 17:31:22.108669,7,1,0,250.0,1,5,2024-08-18,1,1,49,2996.7372973324946,0.136036571617362,0.10023392045771826,0.8997660795422817
967,2024-08-18 17:36:01.670413,8,0,0,250.0,1,5,2024-08-18,0,1,64,2996.7372973324946,0.05516906816243036,0.04136939225873243,-0.04136939225873243
968,2024-08-18 17:39:06.488150,8,0,0,250.0,1,5,2024-08-18,0,1,64,2996.7372973324946,0.05516906816243036,0.04136939225873243,-0.04136939225873243
969,2024-08-18 17:45:29.676584,8,0,0,250.0,1,5,2024-08-18,0,1,64,2996.7372973324946,0.05516906816243036,0.04136939225873243,-0.04136939225873243
970,2024-08-18 17:52:49.553218,8,0,0,250.0,1,5,2024-08-18,0,1,64,2996.7372973324946,0.05516906816243036,0.04136939225873243,-0.04136939225873243
971,2024-08-18 18:43:45.526484,8,0,0,250.0,1,5,2024-08-18,0,1,64,2996.7372973324946,0.05516906816243036,0.04136939225873243,-0.04136939225873243
972,2024-08-27 20:27:11.620156,1,1,0,250.0,0,5,2024-08-27,1,1,1,1797.1181690914154,0.975897022677764,0.9705563170026417,0.029443682997358334
973,2024-08-27 20:28:57.427648,2,1,0,250.0,0,5,2024-08-27,1,1,4,1797.1181690914154,0.9375570818024405,0.9273753283850786,0.07262467161492137
974,2024-08-27 20:30:12.228661,2,1,0,250.0,0,5,2024-08-27,1,1,4,1797.1181690914154,0.9375570818024405,0.9273753283850786,0.07262467161492137
975,2024-08-27 20:32:15.415033,3,1,0,250.0,0,5,2024-08-27,1,1,9,1797.1181690914154,0.8477456183885947,0.8318390349179802,0.16816096508201983
976,2024-08-27 20:35:21.790781,3,1,0,250.0,0,5,2024-08-27,1,1,9,1797.1181690914154,0.8477456183885947,0.8318390349179802,0.16816096508201983
977,2024-08-27 20:38:17.082831,4,1,0,250.0,0,5,2024-08-27,1,1,16,1797.1181690914154,0.6737139232116379,0.6570963018227935,0.34290369817720645
978,2024-08-27 20:40:33.123530,5,0,0,250.0,0,5,2024-08-27,0,1,25,1797.1181690914154,0.4336521271010183,0.4260573723585436,-0.4260573723585436
979,2024-08-27 20:42:02.673878,5,0,0,250.0,0,5,2024-08-27,0,1,25,1797.1181690914154,0.4336521271010183,0.4260573723585436,-0.4260573723585436
980,2024-08-27 20:43:41.254844,5,0,0,250.0,0,5,2024-08-27,0,1,25,1797.1181690914154,0.4336521271010183,0.4260573723585436,-0.4260573723585436
981,2024-08-27 20:45:09.536712,5,1,0,250.0,0,5,2024-08-27,1,1,25,1797.1181690914154,0.4336521271010183,0.4260573723585436,0.5739426276414564
982,2024-08-27 20:48:04.528467,5,1,0,250.0,0,5,2024-08-27,1,1,25,1797.1181690914154,0.4336521271010183,0.4260573723585436,0.5739426276414564
983,2024-08-27 20:51:52.300258,7,0,0,250.0,0,5,2024-08-27,0,1,49,1797.1181690914154,0.09526672266501757,0.10023392045771826,-0.10023392045771826
984,2024-08-28 19:14:53.352065,1,1,0,250.0,1,5,2024-08-28,1,1,1,1843.0997640261874,0.9762571351296278,0.9705563170026417,0.029443682997358334
985,2024-08-28 19:15:00.314828,4,0,0,250.0,1,5,2024-08-28,0,1,16,1843.0997640261874,0.6770949713630425,0.6570963018227935,-0.6570963018227935
986,2024-08-28 19:17:02.404618,4,0,0,250.0,1,5,2024-08-28,0,1,16,1843.0997640261874,0.6770949713630425,0.6570963018227935,-0.6570963018227935
987,2024-08-28 19:24:21.987537,4,1,0,250.0,1,5,2024-08-28,1,1,16,1843.0997640261874,0.6770949713630425,0.6570963018227935,0.34290369817720645
988,2024-08-28 19:28:39.343291,6,0,0,250.0,1,5,2024-08-28,0,1,36,1843.0997640261874,0.22382031592687177,0.22334270735276335,-0.22334270735276335
989,2024-08-28 19:30:52.142550,6,0,0,250.0,1,5,2024-08-28,0,1,36,1843.0997640261874,0.22382031592687177,0.22334270735276335,-0.22334270735276335
990,2024-08-28 19:32:44.225523,6,0,0,250.0,1,5,2024-08-28,0,1,36,1843.0997640261874,0.22382031592687177,0.22334270735276335,-0.22334270735276335
991,2024-08-28 19:36:31.787963,6,0,0,250.0,1,5,2024-08-28,0,1,36,1843.0997640261874,0.22382031592687177,0.22334270735276335,-0.22334270735276335
992,2024-08-28 19:39:44.995414,6,0,0,250.0,1,5,2024-08-28,0,1,36,1843.0997640261874,0.22382031592687177,0.22334270735276335,-0.22334270735276335
993,2024-08-28 19:54:56.407531,8,0,0,250.0,1,5,2024-08-28,0,1,64,1843.0997640261874,0.03814260704866559,0.04136939225873243,-0.04136939225873243
994,2024-08-28 20:01:42.660693,8,0,0,250.0,1,5,2024-08-28,0,1,64,1843.0997640261874,0.03814260704866559,0.04136939225873243,-0.04136939225873243
995,2024-08-28 20:05:50.195676,8,0,0,250.0,1,5,2024-08-28,0,1,64,1843.0997640261874,0.03814260704866559,0.04136939225873243,-0.04136939225873243
996,2024-08-28 20:13:03.674248,8,0,0,250.0,1,5,2024-08-28,0,1,64,1843.0997640261874,0.03814260704866559,0.04136939225873243,-0.04136939225873243
997,2024-08-28 20:20:32.360196,8,0,0,250.0,1,5,2024-08-28,0,1,64,1843.0997640261874,0.03814260704866559,0.04136939225873243,-0.04136939225873243
998,2024-08-28 20:23:41.290812,8,0,0,250.0,1,5,2024-08-28,0,1,64,1843.0997640261874,0.03814260704866559,0.04136939225873243,-0.04136939225873243
999,2024-08-28 20:31:49.145391,8,0,0,250.0,1,5,2024-08-28,0,1,64,1843.0997640261874,0.03814260704866559,0.04136939225873243,-0.04136939225873243
1000,2024-08-28 20:42:59.547015,8,0,0,250.0,1,5,2024-08-28,0,1,64,1843.0997640261874,0.03814260704866559,0.04136939225873243,-0.04136939225873243
1001,2024-08-28 20:50:57.068147,8,0,0,250.0,1,5,2024-08-28,0,1,64,1843.0997640261874,0.03814260704866559,0.04136939225873243,-0.04136939225873243
1002,2024-08-28 21:08:20.618385,8,0,0,250.0,1,5,2024-08-28,0,1,64,1843.0997640261874,0.03814260704866559,0.04136939225873243,-0.04136939225873243
1003,2024-08-28 21:09:36.909855,8,0,0,250.0,1,5,2024-08-28,0,1,64,1843.0997640261874,0.03814260704866559,0.04136939225873243,-0.04136939225873243
1014,2024-08-30 20:01:52.914965,2,1,0,255.0,0,5,2024-08-30,1,1,4,2353.2157688265615,0.9476255353093013,0.9273753283850786,0.07262467161492137
1015,2024-08-30 20:02:03.105556,1,1,0,255.0,0,5,2024-08-30,1,1,1,2353.2157688265615,0.9799158774222512,0.9705563170026417,0.029443682997358334
1016,2024-08-30 20:05:55.091020,2,1,0,255.0,0,5,2024-08-30,1,1,4,2353.2157688265615,0.9476255353093013,0.9273753283850786,0.07262467161492137
1017,2024-08-30 20:07:16.762086,4,1,0,255.0,0,5,2024-08-30,1,1,16,2353.2157688265615,0.7133165183608582,0.6570963018227935,0.34290369817720645
1018,2024-08-30 20:22:36.760883,5,1,0,255.0,0,5,2024-08-30,1,1,25,2353.2157688265615,0.47989824220316485,0.4260573723585436,0.5739426276414564
1019,2024-08-30 20:24:24.718905,4,1,0,255.0,0,5,2024-08-30,1,1,16,2353.2157688265615,0.7133165183608582,0.6570963018227935,0.34290369817720645
1020,2024-08-30 20:27:44.456838,3,1,0,255.0,0,5,2024-08-30,1,1,9,2353.2157688265615,0.8702920405324107,0.8318390349179802,0.16816096508201983
1021,2024-08-30 20:28:00.444264,3,0,0,255.0,0,5,2024-08-30,0,1,9,2353.2157688265615,0.8702920405324107,0.8318390349179802,-0.8318390349179802
1022,2024-08-30 20:30:15.763300,4,1,0,255.0,0,5,2024-08-30,1,1,16,2353.2157688265615,0.7133165183608582,0.6570963018227935,0.34290369817720645
1023,2024-08-30 20:36:39.293115,5,1,0,255.0,0,5,2024-08-30,1,1,25,2353.2157688265615,0.47989824220316485,0.4260573723585436,0.5739426276414564
1024,2024-08-30 20:38:35.014545,4,1,0,255.0,0,5,2024-08-30,1,1,16,2353.2157688265615,0.7133165183608582,0.6570963018227935,0.34290369817720645
1025,2024-08-30 20:42:39.106882,5,0,0,255.0,0,5,2024-08-30,0,1,25,2353.2157688265615,0.47989824220316485,0.4260573723585436,-0.4260573723585436
1026,2024-08-30 20:45:00.736778,4,1,0,255.0,0,5,2024-08-30,1,1,16,2353.2157688265615,0.7133165183608582,0.6570963018227935,0.34290369817720645
1027,2024-08-30 20:49:23.640000,5,0,0,255.0,0,5,2024-08-30,0,1,25,2353.2157688265615,0.47989824220316485,0.4260573723585436,-0.4260573723585436
1028,2024-08-30 20:49:43.721763,6,0,0,255.0,0,5,2024-08-30,0,1,36,2353.2157688265615,0.25493795785989654,0.22334270735276335,-0.22334270735276335
1029,2024-08-30 20:50:52.553060,6,0,0,255.0,0,5,2024-08-30,0,1,36,2353.2157688265615,0.25493795785989654,0.22334270735276335,-0.22334270735276335
1030,2024-08-30 21:05:34.342397,8,0,0,255.0,0,5,2024-08-30,0,1,64,2353.2157688265615,0.0449402080880714,0.04136939225873243,-0.04136939225873243
1031,2024-08-30 21:05:46.462283,8,0,0,255.0,0,5,2024-08-30,0,1,64,2353.2157688265615,0.0449402080880714,0.04136939225873243,-0.04136939225873243
1032,2024-08-30 21:12:21.698863,7,1,0,255.0,0,5,2024-08-30,1,1,49,2353.2157688265615,0.11260099501046231,0.10023392045771826,0.8997660795422817
1033,2024-08-30 21:13:15.556213,7,0,0,255.0,0,5,2024-08-30,0,1,49,2353.2157688265615,0.11260099501046231,0.10023392045771826,-0.10023392045771826
1034,2024-08-30 21:17:00.675444,5,1,0,255.0,0,5,2024-08-30,1,1,25,2353.2157688265615,0.47989824220316485,0.4260573723585436,0.5739426276414564
1035,2024-08-30 21:17:06.162288,5,0,0,255.0,0,5,2024-08-30,0,1,25,2353.2157688265615,0.47989824220316485,0.4260573723585436,-0.4260573723585436
1036,2024-09-01 14:29:00.807833,4,0,0,255.0,1,5,2024-09-01,0,1,16,2428.83488557631,0.7184749046906688,0.6570963018227935,-0.6570963018227935
1037,2024-09-01 14:32:08.349093,4,0,0,255.0,1,5,2024-09-01,0,1,16,2428.83488557631,0.7184749046906688,0.6570963018227935,-0.6570963018227935
1038,2024-09-01 14:38:28.210254,4,0,0,255.0,1,5,2024-09-01,0,1,16,2428.83488557631,0.7184749046906688,0.6570963018227935,-0.6570963018227935
1039,2024-09-01 14:45:50.645129,4,0,0,255.0,1,5,2024-09-01,0,1,16,2428.83488557631,0.7184749046906688,0.6570963018227935,-0.6570963018227935
1040,2024-09-01 14:52:46.018934,4,0,0,255.0,1,5,2024-09-01,0,1,16,2428.83488557631,0.7184749046906688,0.6570963018227935,-0.6570963018227935
1041,2024-09-01 15:06:23.005675,4,0,0,255.0,1,5,2024-09-01,0,1,16,2428.83488557631,0.7184749046906688,0.6570963018227935,-0.6570963018227935
1042,2024-09-01 15:13:11.268714,4,0,0,255.0,1,5,2024-09-01,0,1,16,2428.83488557631,0.7184749046906688,0.6570963018227935,-0.6570963018227935
1043,2024-09-01 15:24:12.501752,4,1,0,255.0,1,5,2024-09-01,1,1,16,2428.83488557631,0.7184749046906688,0.6570963018227935,0.34290369817720645
1044,2024-09-01 15:42:36.130971,8,0,0,255.0,1,5,2024-09-01,0,1,64,2428.83488557631,0.04604144068345894,0.04136939225873243,-0.04136939225873243
1045,2024-09-01 15:55:29.273986,8,0,0,255.0,1,5,2024-09-01,0,1,64,2428.83488557631,0.04604144068345894,0.04136939225873243,-0.04136939225873243
1046,2024-09-01 16:42:50.739869,8,0,0,255.0,1,5,2024-09-01,0,1,64,2428.83488557631,0.04604144068345894,0.04136939225873243,-0.04136939225873243
1047,2024-09-01 17:10:16.778330,8,0,0,255.0,1,5,2024-09-01,0,1,64,2428.83488557631,0.04604144068345894,0.04136939225873243,-0.04136939225873243
1048,2024-09-03 19:05:02.119778,0,1,0,255.0,0,5,2024-09-03,1,1,0,2336.019383495775,0.9924134762999564,0.9883844429385786,0.011615557061421367
1049,2024-09-03 19:05:10.599302,2,1,0,255.0,0,5,2024-09-03,1,1,4,2336.019383495775,0.9473385373578446,0.9273753283850786,0.07262467161492137
1050,2024-09-03 19:07:44.590349,3,1,0,255.0,0,5,2024-09-03,1,1,9,2336.019383495775,0.8696395714824638,0.8318390349179802,0.16816096508201983
1051,2024-09-03 19:09:51.110374,2,1,0,255.0,0,5,2024-09-03,1,1,4,2336.019383495775,0.9473385373578446,0.9273753283850786,0.07262467161492137
1052,2024-09-03 19:11:12.091379,2,1,0,255.0,0,5,2024-09-03,1,1,4,2336.019383495775,0.9473385373578446,0.9273753283850786,0.07262467161492137
1053,2024-09-03 19:16:48.366245,7,1,0,255.0,0,5,2024-09-03,1,1,49,2336.019383495775,0.11202596353082163,0.10023392045771826,0.8997660795422817
1054,2024-09-03 19:22:55.275296,9,0,0,255.0,0,5,2024-09-03,0,1,81,2336.019383495775,0.017053393031828765,0.016442593182564774,-0.016442593182564774
1055,2024-09-03 19:36:15.017728,9,0,0,255.0,0,5,2024-09-03,0,1,81,2336.019383495775,0.017053393031828765,0.016442593182564774,-0.016442593182564774
1056,2024-09-03 19:43:33.194837,9,0,0,255.0,0,5,2024-09-03,0,1,81,2336.019383495775,0.017053393031828765,0.016442593182564774,-0.016442593182564774
1057,2024-09-03 19:45:52.680238,9,0,0,255.0,0,5,2024-09-03,0,1,81,2336.019383495775,0.017053393031828765,0.016442593182564774,-0.016442593182564774
1058,2024-09-03 19:49:27.525207,9,0,0,255.0,0,5,2024-09-03,0,1,81,2336.019383495775,0.017053393031828765,0.016442593182564774,-0.016442593182564774
1059,2024-09-03 19:56:01.634492,9,0,0,255.0,0,5,2024-09-03,0,1,81,2336.019383495775,0.017053393031828765,0.016442593182564774,-0.016442593182564774
1060,2024-09-03 19:58:50.689147,9,0,0,255.0,0,5,2024-09-03,0,1,81,2336.019383495775,0.017053393031828765,0.016442593182564774,-0.016442593182564774
1061,2024-09-03 20:04:28.235364,8,0,0,255.0,0,5,2024-09-03,0,1,64,2336.019383495775,0.04469330471382269,0.04136939225873243,-0.04136939225873243
1062,2024-09-03 20:10:14.397799,7,0,0,255.0,0,5,2024-09-03,0,1,49,2336.019383495775,0.11202596353082163,0.10023392045771826,-0.10023392045771826
1063,2024-09-03 20:10:20.312620,6,0,0,255.0,0,5,2024-09-03,0,1,36,2336.019383495775,0.25384396803807624,0.22334270735276335,-0.22334270735276335
1064,2024-09-03 20:11:56.199674,5,1,0,255.0,0,5,2024-09-03,1,1,25,2336.019383495775,0.47845882434837445,0.4260573723585436,0.5739426276414564
1065,2024-09-03 20:13:25.303865,5,0,0,255.0,0,5,2024-09-03,0,1,25,2336.019383495775,0.47845882434837445,0.4260573723585436,-0.4260573723585436
1066,2024-09-03 20:17:01.526636,5,0,0,255.0,0,5,2024-09-03,0,1,25,2336.019383495775,0.47845882434837445,0.4260573723585436,-0.4260573723585436
1067,2024-09-03 20:31:22.589232,8,0,0,255.0,0,5,2024-09-03,0,1,64,2336.019383495775,0.04469330471382269,0.04136939225873243,-0.04136939225873243
1068,2024-09-04 18:33:30.389669,2,1,0,255.0,0,5,2024-09-04,1,1,4,3038.717747444271,0.9579307336125185,0.9273753283850786,0.07262467161492137
1069,2024-09-04 18:33:35.967732,2,1,0,255.0,0,5,2024-09-04,1,1,4,3038.717747444271,0.9579307336125185,0.9273753283850786,0.07262467161492137
1070,2024-09-04 18:33:38.700764,3,1,0,255.0,0,5,2024-09-04,1,1,9,3038.717747444271,0.8941131372430147,0.8318390349179802,0.16816096508201983
1071,2024-09-04 18:33:43.205845,3,1,0,255.0,0,5,2024-09-04,1,1,9,3038.717747444271,0.8941131372430147,0.8318390349179802,0.16816096508201983
1072,2024-09-04 18:33:45.516109,3,1,0,255.0,0,5,2024-09-04,1,1,9,3038.717747444271,0.8941131372430147,0.8318390349179802,0.16816096508201983
1073,2024-09-04 18:33:48.189393,3,1,0,255.0,0,5,2024-09-04,1,1,9,3038.717747444271,0.8941131372430147,0.8318390349179802,0.16816096508201983
1074,2024-09-04 19:18:29.416841,3,1,0,255.0,0,5,2024-09-04,1,1,9,3038.717747444271,0.8941131372430147,0.8318390349179802,0.16816096508201983
1075,2024-09-04 19:25:46.556299,3,1,0,255.0,0,5,2024-09-04,1,1,9,3038.717747444271,0.8941131372430147,0.8318390349179802,0.16816096508201983
1076,2024-09-04 19:25:48.951207,2,1,0,255.0,0,5,2024-09-04,1,1,4,3038.717747444271,0.9579307336125185,0.9273753283850786,0.07262467161492137
1077,2024-09-04 19:25:53.003624,2,1,0,255.0,0,5,2024-09-04,1,1,4,3038.717747444271,0.9579307336125185,0.9273753283850786,0.07262467161492137
1078,2024-09-04 19:25:55.529977,1,1,0,255.0,0,5,2024-09-04,1,1,1,3038.717747444271,0.9839750695485511,0.9705563170026417,0.029443682997358334
1079,2024-09-04 19:26:03.044275,1,1,0,255.0,0,5,2024-09-04,1,1,1,3038.717747444271,0.9839750695485511,0.9705563170026417,0.029443682997358334
1080,2024-09-06 19:26:51.438296,10,0,0,255.0,1,5,2024-09-06,0,1,100,2553.0399638550657,0.006871936527674588,0.006434427060814574,-0.006434427060814574
1081,2024-09-06 19:33:17.571215,10,0,0,255.0,1,5,2024-09-06,0,1,100,2553.0399638550657,0.006871936527674588,0.006434427060814574,-0.006434427060814574
1082,2024-09-06 19:41:05.791292,10,0,0,255.0,1,5,2024-09-06,0,1,100,2553.0399638550657,0.006871936527674588,0.006434427060814574,-0.006434427060814574
1083,2024-09-06 19:51:39.154720,10,0,0,255.0,1,5,2024-09-06,0,1,100,2553.0399638550657,0.006871936527674588,0.006434427060814574,-0.006434427060814574
1084,2024-09-06 20:05:15.589621,10,0,0,255.0,1,5,2024-09-06,0,1,100,2553.0399638550657,0.006871936527674588,0.006434427060814574,-0.006434427060814574
1085,2024-09-06 20:06:25.636820,10,0,0,255.0,1,5,2024-09-06,0,1,100,2553.0399638550657,0.006871936527674588,0.006434427060814574,-0.006434427060814574
1086,2024-09-06 20:10:49.877380,10,0,0,255.0,1,5,2024-09-06,0,1,100,2553.0399638550657,0.006871936527674588,0.006434427060814574,-0.006434427060814574
1087,2024-09-06 20:23:25.678215,10,0,0,255.0,1,5,2024-09-06,0,1,100,2553.0399638550657,0.006871936527674588,0.006434427060814574,-0.006434427060814574
1088,2024-09-06 20:35:21.177889,10,0,0,255.0,1,5,2024-09-06,0,1,100,2553.0399638550657,0.006871936527674588,0.006434427060814574,-0.006434427060814574
1089,2024-09-06 20:43:24.654148,10,0,0,255.0,1,5,2024-09-06,0,1,100,2553.0399638550657,0.006871936527674588,0.006434427060814574,-0.006434427060814574
1090,2024-09-06 20:48:22.647194,10,0,0,255.0,1,5,2024-09-06,0,1,100,2553.0399638550657,0.006871936527674588,0.006434427060814574,-0.006434427060814574
1091,2024-09-06 21:02:10.930129,10,0,0,255.0,1,5,2024-09-06,0,1,100,2553.0399638550657,0.006871936527674588,0.006434427060814574,-0.006434427060814574
1092,2024-09-06 21:15:30.372806,10,0,0,255.0,1,5,2024-09-06,0,1,100,2553.0399638550657,0.006871936527674588,0.006434427060814574,-0.006434427060814574
1093,2024-09-06 21:17:17.538993,10,0,0,255.0,1,5,2024-09-06,0,1,100,2553.0399638550657,0.006871936527674588,0.006434427060814574,-0.006434427060814574
1094,2024-09-08 10:59:20.532546,2,2,0,255.0,1,5,2024-09-08,1,1,4,3357.0247174955844,0.9620288708694319,0.9273753283850786,0.07262467161492137
1095,2024-09-08 11:06:22.330880,2,2,0,255.0,1,5,2024-09-08,1,1,4,3357.0247174955844,0.9620288708694319,0.9273753283850786,0.07262467161492137
1096,2024-09-08 11:06:24.664009,2,2,0,255.0,1,5,2024-09-08,1,1,4,3357.0247174955844,0.9620288708694319,0.9273753283850786,0.07262467161492137
1097,2024-09-08 12:01:11.822813,9,0,0,255.0,1,5,2024-09-08,0,1,81,3357.0247174955844,0.023851680914732817,0.016442593182564774,-0.016442593182564774
1098,2024-09-08 12:01:16.831497,9,0,0,255.0,1,5,2024-09-08,0,1,81,3357.0247174955844,0.023851680914732817,0.016442593182564774,-0.016442593182564774
1099,2024-09-08 12:08:03.505495,9,0,0,255.0,1,5,2024-09-08,0,1,81,3357.0247174955844,0.023851680914732817,0.016442593182564774,-0.016442593182564774
1100,2024-09-08 12:14:45.589656,9,0,0,255.0,1,5,2024-09-08,0,1,81,3357.0247174955844,0.023851680914732817,0.016442593182564774,-0.016442593182564774
1110,2024-09-09 19:35:59.453147,1,1,0,255.0,0,5,2024-09-09,1,1,1,3373.561577661601,0.9856529745935487,0.9705563170026417,0.029443682997358334
1111,2024-09-09 19:42:13.083433,3,1,0,255.0,0,5,2024-09-09,1,1,9,3373.561577661601,0.9042848603791852,0.8318390349179802,0.16816096508201983
1112,2024-09-09 19:47:45.558859,3,1,0,255.0,0,5,2024-09-09,1,1,9,3373.561577661601,0.9042848603791852,0.8318390349179802,0.16816096508201983
1113,2024-09-09 19:50:25.440896,2,1,0,255.0,0,5,2024-09-09,1,1,4,3373.561577661601,0.9622309613413625,0.9273753283850786,0.07262467161492137
1114,2024-09-09 19:52:37.658548,5,1,0,255.0,0,5,2024-09-09,1,1,25,3373.561577661601,0.5650723710418727,0.4260573723585436,0.5739426276414564
1115,2024-09-09 19:56:05.583691,3,1,0,255.0,0,5,2024-09-09,1,1,9,3373.561577661601,0.9042848603791852,0.8318390349179802,0.16816096508201983
1116,2024-09-09 19:59:25.903711,6,1,0,255.0,0,5,2024-09-09,1,1,36,3373.561577661601,0.32514585513043914,0.22334270735276335,0.7766572926472366
1117,2024-09-09 20:03:56.510440,2,1,0,255.0,0,5,2024-09-09,1,1,4,3373.561577661601,0.9622309613413625,0.9273753283850786,0.07262467161492137
1118,2024-09-09 20:04:00.192579,2,1,0,255.0,0,5,2024-09-09,1,1,4,3373.561577661601,0.9622309613413625,0.9273753283850786,0.07262467161492137
1119,2024-09-09 20:04:01.929959,2,1,0,255.0,0,5,2024-09-09,1,1,4,3373.561577661601,0.9622309613413625,0.9273753283850786,0.07262467161492137
1120,2024-09-09 20:16:18.490461,6,0,0,255.0,0,5,2024-09-09,0,1,36,3373.561577661601,0.32514585513043914,0.22334270735276335,-0.22334270735276335
1121,2024-09-09 20:18:02.074643,4,1,0,255.0,0,5,2024-09-09,1,1,16,3373.561577661601,0.777951965584448,0.6570963018227935,0.34290369817720645
1122,2024-09-09 20:19:20.359155,3,1,0,255.0,0,5,2024-09-09,1,1,9,3373.561577661601,0.9042848603791852,0.8318390349179802,0.16816096508201983
1123,2024-09-09 20:22:16.425828,3,1,0,255.0,0,5,2024-09-09,1,1,9,3373.561577661601,0.9042848603791852,0.8318390349179802,0.16816096508201983
1124,2024-09-09 20:23:22.896340,4,0,0,255.0,0,5,2024-09-09,0,1,16,3373.561577661601,0.777951965584448,0.6570963018227935,-0.6570963018227935
1125,2024-09-09 20:24:37.945019,5,0,0,255.0,0,5,2024-09-09,0,1,25,3373.561577661601,0.5650723710418727,0.4260573723585436,-0.4260573723585436
1126,2024-09-09 20:26:05.579949,2,1,0,255.0,0,5,2024-09-09,1,1,4,3373.561577661601,0.9622309613413625,0.9273753283850786,0.07262467161492137
1127,2024-09-12 18:58:10.821846,10,0,0,255.0,1,5,2024-09-12,0,1,100,2679.3166510006317,0.0071671061245091585,0.006434427060814574,-0.006434427060814574
1128,2024-09-12 19:02:19.640792,10,0,0,255.0,1,5,2024-09-12,0,1,100,2679.3166510006317,0.0071671061245091585,0.006434427060814574,-0.006434427060814574
1129,2024-09-12 19:06:45.248105,10,0,0,255.0,1,5,2024-09-12,0,1,100,2679.3166510006317,0.0071671061245091585,0.006434427060814574,-0.006434427060814574
1130,2024-09-12 19:20:55.254177,10,0,0,255.0,1,5,2024-09-12,0,1,100,2679.3166510006317,0.0071671061245091585,0.006434427060814574,-0.006434427060814574
1131,2024-09-12 19:32:43.805882,10,0,0,255.0,1,5,2024-09-12,0,1,100,2679.3166510006317,0.0071671061245091585,0.006434427060814574,-0.006434427060814574
1132,2024-09-12 19:42:03.739305,10,0,0,255.0,1,5,2024-09-12,0,1,100,2679.3166510006317,0.0071671061245091585,0.006434427060814574,-0.006434427060814574
1133,2024-09-12 19:54:32.374953,10,0,0,255.0,1,5,2024-09-12,0,1,100,2679.3166510006317,0.0071671061245091585,0.006434427060814574,-0.006434427060814574
1134,2024-09-12 20:19:37.526562,10,0,0,255.0,1,5,2024-09-12,0,1,100,2679.3166510006317,0.0071671061245091585,0.006434427060814574,-0.006434427060814574
1135,2024-09-12 20:32:56.960095,10,0,0,255.0,1,5,2024-09-12,0,1,100,2679.3166510006317,0.0071671061245091585,0.006434427060814574,-0.006434427060814574
1136,2024-09-12 20:51:08.699448,10,0,0,255.0,1,5,2024-09-12,0,1,100,2679.3166510006317,0.0071671061245091585,0.006434427060814574,-0.006434427060814574
1137,2024-09-12 20:59:43.034076,10,0,0,255.0,1,5,2024-09-12,0,1,100,2679.3166510006317,0.0071671061245091585,0.006434427060814574,-0.006434427060814574
1138,2024-09-12 21:07:56.820500,10,0,0,255.0,1,5,2024-09-12,0,1,100,2679.3166510006317,0.0071671061245091585,0.006434427060814574,-0.006434427060814574
1139,2024-09-12 21:18:56.449806,10,0,0,255.0,1,5,2024-09-12,0,1,100,2679.3166510006317,0.0071671061245091585,0.006434427060814574,-0.006434427060814574
1140,2024-09-12 21:32:02.795416,10,0,0,255.0,1,5,2024-09-12,0,1,100,2679.3166510006317,0.0071671061245091585,0.006434427060814574,-0.006434427060814574
1141,2024-09-12 21:42:04.934315,10,0,0,255.0,1,5,2024-09-12,0,1,100,2679.3166510006317,0.0071671061245091585,0.006434427060814574,-0.006434427060814574
1142,2024-09-12 22:06:11.339573,10,0,0,255.0,1,5,2024-09-12,0,1,100,2679.3166510006317,0.0071671061245091585,0.006434427060814574,-0.006434427060814574
1143,2024-09-12 22:06:13.681765,10,0,0,255.0,1,5,2024-09-12,0,1,100,2679.3166510006317,0.0071671061245091585,0.006434427060814574,-0.006434427060814574
1144,2024-09-12 22:16:11.373534,10,0,0,255.0,1,5,2024-09-12,0,1,100,2679.3166510006317,0.0071671061245091585,0.006434427060814574,-0.006434427060814574
1145,2024-09-12 22:19:14.908567,10,0,0,255.0,1,5,2024-09-12,0,1,100,2679.3166510006317,0.0071671061245091585,0.006434427060814574,-0.006434427060814574
1146,2024-09-12 22:40:51.297539,10,0,0,255.0,1,5,2024-09-12,0,1,100,2679.3166510006317,0.0071671061245091585,0.006434427060814574,-0.006434427060814574
1147,2024-09-13 19:34:05.818512,2,1,0,255.0,0,5,2024-09-13,1,1,4,4424.345960592165,0.9731480686398648,0.9273753283850786,0.07262467161492137
1148,2024-09-13 19:35:33.807386,4,1,0,255.0,0,5,2024-09-13,1,1,16,4424.345960592165,0.8328837957614607,0.6570963018227935,0.34290369817720645
1149,2024-09-13 19:38:25.421253,2,1,0,255.0,0,5,2024-09-13,1,1,4,4424.345960592165,0.9731480686398648,0.9273753283850786,0.07262467161492137
1150,2024-09-13 19:41:55.895546,3,1,0,255.0,0,5,2024-09-13,1,1,9,4424.345960592165,0.9307457487923589,0.8318390349179802,0.16816096508201983
1151,2024-09-13 19:46:49.407653,3,1,0,255.0,0,5,2024-09-13,1,1,9,4424.345960592165,0.9307457487923589,0.8318390349179802,0.16816096508201983
1152,2024-09-13 19:48:58.174002,2,1,0,255.0,0,5,2024-09-13,1,1,4,4424.345960592165,0.9731480686398648,0.9273753283850786,0.07262467161492137
1153,2024-09-13 19:49:03.349621,2,1,0,255.0,0,5,2024-09-13,1,1,4,4424.345960592165,0.9731480686398648,0.9273753283850786,0.07262467161492137
1154,2024-09-13 19:49:05.600313,2,1,0,255.0,0,5,2024-09-13,1,1,4,4424.345960592165,0.9731480686398648,0.9273753283850786,0.07262467161492137
1155,2024-09-13 19:50:34.798170,5,1,0,255.0,0,5,2024-09-13,1,1,25,4424.345960592165,0.6489000691398851,0.4260573723585436,0.5739426276414564
1156,2024-09-13 19:53:08.837284,2,1,0,255.0,0,5,2024-09-13,1,1,4,4424.345960592165,0.9731480686398648,0.9273753283850786,0.07262467161492137
1157,2024-09-13 19:53:12.390116,2,1,0,255.0,0,5,2024-09-13,1,1,4,4424.345960592165,0.9731480686398648,0.9273753283850786,0.07262467161492137
1158,2024-09-13 19:53:14.855559,2,1,0,255.0,0,5,2024-09-13,1,1,4,4424.345960592165,0.9731480686398648,0.9273753283850786,0.07262467161492137
1159,2024-09-13 19:57:04.207650,5,0,0,255.0,0,5,2024-09-13,0,1,25,4424.345960592165,0.6489000691398851,0.4260573723585436,-0.4260573723585436
1160,2024-09-13 19:58:36.648250,6,0,0,255.0,0,5,2024-09-13,0,1,36,4424.345960592165,0.4066602633728634,0.22334270735276335,-0.22334270735276335
1161,2024-09-13 20:02:26.736069,7,1,0,255.0,0,5,2024-09-13,1,1,49,4424.345960592165,0.20265443503641736,0.10023392045771826,0.8997660795422817
1162,2024-09-13 20:09:04.115618,1,1,0,255.0,0,5,2024-09-13,1,1,1,4424.345960592165,0.9898712341009474,0.9705563170026417,0.029443682997358334
1163,2024-09-13 20:09:09.536463,1,1,0,255.0,0,5,2024-09-13,1,1,1,4424.345960592165,0.9898712341009474,0.9705563170026417,0.029443682997358334
1164,2024-09-13 20:20:34.560574,3,1,0,255.0,0,5,2024-09-13,1,1,9,4424.345960592165,0.9307457487923589,0.8318390349179802,0.16816096508201983
1165,2024-09-15 10:42:50.663337,5,0,0,255.0,1,5,2024-09-15,0,1,25,3814.1736328167735,0.6009813388931541,0.4260573723585436,-0.4260573723585436
1166,2024-09-15 10:48:08.020762,7,0,0,255.0,1,5,2024-09-15,0,1,49,3814.1736328167735,0.1715846295075283,0.10023392045771826,-0.10023392045771826
1167,2024-09-15 10:57:47.573848,8,0,0,255.0,1,5,2024-09-15,0,1,64,3814.1736328167735,0.07133009942623127,0.04136939225873243,-0.04136939225873243
1168,2024-09-15 11:02:31.027775,8,0,0,255.0,1,5,2024-09-15,0,1,64,3814.1736328167735,0.07133009942623127,0.04136939225873243,-0.04136939225873243
1169,2024-09-15 11:12:30.364336,8,0,0,255.0,1,5,2024-09-15,0,1,64,3814.1736328167735,0.07133009942623127,0.04136939225873243,-0.04136939225873243
1170,2024-09-15 11:30:17.243052,8,0,0,255.0,1,5,2024-09-15,0,1,64,3814.1736328167735,0.07133009942623127,0.04136939225873243,-0.04136939225873243
1171,2024-09-15 11:33:35.727773,8,0,0,255.0,1,5,2024-09-15,0,1,64,3814.1736328167735,0.07133009942623127,0.04136939225873243,-0.04136939225873243
1172,2024-09-15 11:56:08.346520,10,0,0,255.0,1,5,2024-09-15,0,1,100,3814.1736328167735,0.010452270951737227,0.006434427060814574,-0.006434427060814574
1173,2024-09-15 11:56:14.256991,10,0,0,255.0,1,5,2024-09-15,0,1,100,3814.1736328167735,0.010452270951737227,0.006434427060814574,-0.006434427060814574
1174,2024-09-15 12:23:45.265013,10,0,0,255.0,1,5,2024-09-15,0,1,100,3814.1736328167735,0.010452270951737227,0.006434427060814574,-0.006434427060814574
1175,2024-09-17 18:31:56.137365,2,1,0,255.0,0,5,2024-09-17,1,1,4,3750.7384188832143,0.966569034693729,0.9273753283850786,0.07262467161492137
1176,2024-09-17 18:32:51.609357,1,1,0,255.0,0,5,2024-09-17,1,1,1,3750.7384188832143,0.987336249433809,0.9705563170026417,0.029443682997358334
1177,2024-09-17 18:33:52.799880,1,1,0,255.0,0,5,2024-09-17,1,1,1,3750.7384188832143,0.987336249433809,0.9705563170026417,0.029443682997358334
1178,2024-09-17 18:38:21.425956,3,1,0,255.0,0,5,2024-09-17,1,1,9,3750.7384188832143,0.9146884185540639,0.8318390349179802,0.16816096508201983
1179,2024-09-17 18:40:30.414833,5,1,0,255.0,0,5,2024-09-17,1,1,25,3750.7384188832143,0.5958684534734886,0.4260573723585436,0.5739426276414564
1180,2024-09-17 18:44:36.027442,5,0,0,255.0,0,5,2024-09-17,0,1,25,3750.7384188832143,0.5958684534734886,0.4260573723585436,-0.4260573723585436
1181,2024-09-17 18:49:28.880653,5,1,0,255.0,0,5,2024-09-17,1,1,25,3750.7384188832143,0.5958684534734886,0.4260573723585436,0.5739426276414564
1182,2024-09-17 19:00:40.864395,5,1,0,255.0,0,5,2024-09-17,1,1,25,3750.7384188832143,0.5958684534734886,0.4260573723585436,0.5739426276414564
1183,2024-09-17 19:12:56.141320,7,1,0,255.0,0,5,2024-09-17,1,1,49,3750.7384188832143,0.16858145610781336,0.10023392045771826,0.8997660795422817
1184,2024-09-17 19:37:27.659823,6,1,0,255.0,0,5,2024-09-17,1,1,36,3750.7384188832143,0.3534936739480955,0.22334270735276335,0.7766572926472366
1185,2024-09-17 19:44:05.880575,9,0,0,255.0,0,5,2024-09-17,0,1,81,3750.7384188832143,0.027127421148580792,0.016442593182564774,-0.016442593182564774
1198,2024-09-20 17:21:01.121964,1,1,0,317.0,0,5,2024-09-20,1,1,1,3008.6787033345354,0.9838154267620159,0.9705563170026417,0.029443682997358334
1199,2024-09-20 17:23:33.938071,2,1,0,317.0,0,5,2024-09-20,1,1,4,3008.6787033345354,0.9575228337150888,0.9273753283850786,0.07262467161492137
1200,2024-09-20 17:24:11.341840,3,1,0,317.0,0,5,2024-09-20,1,1,9,3008.6787033345354,0.8931554831526979,0.8318390349179802,0.16816096508201983
1201,2024-09-20 17:27:08.788634,4,1,0,317.0,0,5,2024-09-20,1,1,16,3008.6787033345354,0.7560951669022911,0.6570963018227935,0.34290369817720645
1202,2024-09-20 17:30:00.796732,5,1,0,317.0,0,5,2024-09-20,1,1,25,3008.6787033345354,0.5347917450415136,0.4260573723585436,0.5739426276414564
1203,2024-09-20 17:35:56.810843,5,1,0,317.0,0,5,2024-09-20,1,1,25,3008.6787033345354,0.5347917450415136,0.4260573723585436,0.5739426276414564
1204,2024-09-20 17:39:22.151554,6,1,0,317.0,0,5,2024-09-20,1,1,36,3008.6787033345354,0.2988867601507769,0.22334270735276335,0.7766572926472366
1205,2024-09-20 17:44:12.875786,7,1,0,317.0,0,5,2024-09-20,1,1,49,3008.6787033345354,0.13650798646418155,0.10023392045771826,0.8997660795422817
1206,2024-09-20 17:56:47.537614,8,0,0,317.0,0,5,2024-09-20,0,1,64,3008.6787033345354,0.05537821093457439,0.04136939225873243,-0.04136939225873243
1207,2024-09-20 18:02:10.118254,8,0,0,317.0,0,5,2024-09-20,0,1,64,3008.6787033345354,0.05537821093457439,0.04136939225873243,-0.04136939225873243
1208,2024-09-20 18:02:12.618698,8,0,0,317.0,0,5,2024-09-20,0,1,64,3008.6787033345354,0.05537821093457439,0.04136939225873243,-0.04136939225873243
1209,2024-09-20 18:02:14.316846,8,0,0,317.0,0,5,2024-09-20,0,1,64,3008.6787033345354,0.05537821093457439,0.04136939225873243,-0.04136939225873243
1210,2024-09-20 18:07:02.954131,9,0,0,317.0,0,5,2024-09-20,0,1,81,3008.6787033345354,0.02127755572387289,0.016442593182564774,-0.016442593182564774
1211,2024-09-22 13:55:40.607794,1,1,0,317.0,1,5,2024-09-22,1,1,1,2917.5261644048214,0.9833213607742224,0.9705563170026417,0.029443682997358334
1212,2024-09-22 13:55:47.094512,2,1,0,317.0,1,5,2024-09-22,1,1,4,2917.5261644048214,0.9562618177537414,0.9273753283850786,0.07262467161492137
1213,2024-09-22 14:01:20.566195,4,1,0,317.0,1,5,2024-09-22,1,1,16,2917.5261644048214,0.7504130649148234,0.6570963018227935,0.34290369817720645
1214,2024-09-22 14:18:28.989091,4,1,0,317.0,1,5,2024-09-22,1,1,16,2917.5261644048214,0.7504130649148234,0.6570963018227935,0.34290369817720645
1215,2024-09-22 14:28:42.742943,5,0,0,317.0,1,5,2024-09-22,0,1,25,2917.5261644048214,0.5271780934456227,0.4260573723585436,-0.4260573723585436
1216,2024-09-22 14:35:33.522614,5,1,0,317.0,1,5,2024-09-22,1,1,25,2917.5261644048214,0.5271780934456227,0.4260573723585436,0.5739426276414564
1217,2024-09-22 14:49:33.535083,5,0,0,317.0,1,5,2024-09-22,0,1,25,2917.5261644048214,0.5271780934456227,0.4260573723585436,-0.4260573723585436
1218,2024-09-22 14:54:43.308960,5,0,0,317.0,1,5,2024-09-22,0,1,25,2917.5261644048214,0.5271780934456227,0.4260573723585436,-0.4260573723585436
1219,2024-09-22 14:54:46.970654,5,0,0,317.0,1,5,2024-09-22,0,1,25,2917.5261644048214,0.5271780934456227,0.4260573723585436,-0.4260573723585436
1220,2024-09-22 15:10:41.509342,5,0,0,317.0,1,5,2024-09-22,0,1,25,2917.5261644048214,0.5271780934456227,0.4260573723585436,-0.4260573723585436
1221,2024-09-22 15:10:43.538284,5,0,0,317.0,1,5,2024-09-22,0,1,25,2917.5261644048214,0.5271780934456227,0.4260573723585436,-0.4260573723585436
1222,2024-09-22 15:20:21.560809,5,1,0,317.0,1,5,2024-09-22,1,1,25,2917.5261644048214,0.5271780934456227,0.4260573723585436,0.5739426276414564
1223,2024-09-22 16:44:16.029459,8,0,0,317.0,1,5,2024-09-22,0,1,64,2917.5261644048214,0.05380048211649017,0.04136939225873243,-0.04136939225873243
1224,2024-09-22 16:46:34.142206,8,0,0,317.0,1,5,2024-09-22,0,1,64,2917.5261644048214,0.05380048211649017,0.04136939225873243,-0.04136939225873243
1225,2024-09-22 16:55:55.521033,8,0,0,317.0,1,5,2024-09-22,0,1,64,2917.5261644048214,0.05380048211649017,0.04136939225873243,-0.04136939225873243
1226,2024-09-22 17:06:34.120984,8,0,0,317.0,1,5,2024-09-22,0,1,64,2917.5261644048214,0.05380048211649017,0.04136939225873243,-0.04136939225873243
1227,2024-09-22 17:10:59.208043,8,0,0,317.0,1,5,2024-09-22,0,1,64,2917.5261644048214,0.05380048211649017,0.04136939225873243,-0.04136939225873243
1228,2024-09-22 17:13:20.797328,8,0,0,317.0,1,5,2024-09-22,0,1,64,2917.5261644048214,0.05380048211649017,0.04136939225873243,-0.04136939225873243
1229,2024-09-22 17:21:49.421203,8,0,0,317.0,1,5,2024-09-22,0,1,64,2917.5261644048214,0.05380048211649017,0.04136939225873243,-0.04136939225873243
1230,2024-09-22 17:29:52.781826,7,0,0,317.0,1,5,2024-09-22,0,1,49,2917.5261644048214,0.13294416581236604,0.10023392045771826,-0.10023392045771826
1231,2024-09-22 17:38:23.841705,8,0,0,317.0,1,5,2024-09-22,0,1,64,2917.5261644048214,0.05380048211649017,0.04136939225873243,-0.04136939225873243
1232,2024-09-22 18:03:17.164793,8,0,0,317.0,1,5,2024-09-22,0,1,64,2917.5261644048214,0.05380048211649017,0.04136939225873243,-0.04136939225873243
1233,2024-09-23 20:59:47.668313,1,1,0,317.0,0,5,2024-09-23,1,1,1,3501.886841652415,0.9862490646155945,0.9705563170026417,0.029443682997358334
1234,2024-09-23 21:00:05.685864,2,1,0,317.0,0,5,2024-09-23,1,1,4,3501.886841652415,0.9637644133807888,0.9273753283850786,0.07262467161492137
1235,2024-09-23 21:01:34.201223,3,1,0,317.0,0,5,2024-09-23,1,1,9,3501.886841652415,0.907945896280849,0.8318390349179802,0.16816096508201983
1236,2024-09-23 21:02:17.027823,2,1,0,317.0,0,5,2024-09-23,1,1,4,3501.886841652415,0.9637644133807888,0.9273753283850786,0.07262467161492137
1237,2024-09-23 21:02:49.484415,1,1,0,317.0,0,5,2024-09-23,1,1,1,3501.886841652415,0.9862490646155945,0.9705563170026417,0.029443682997358334
1238,2024-09-23 21:03:34.686439,3,1,0,317.0,0,5,2024-09-23,1,1,9,3501.886841652415,0.907945896280849,0.8318390349179802,0.16816096508201983
1239,2024-09-23 21:04:10.332304,1,1,0,317.0,0,5,2024-09-23,1,1,1,3501.886841652415,0.9862490646155945,0.9705563170026417,0.029443682997358334
1240,2024-09-23 21:05:06.251107,1,1,0,317.0,0,5,2024-09-23,1,1,1,3501.886841652415,0.9862490646155945,0.9705563170026417,0.029443682997358334
1241,2024-09-23 21:06:04.648204,3,1,0,317.0,0,5,2024-09-23,1,1,9,3501.886841652415,0.907945896280849,0.8318390349179802,0.16816096508201983
1242,2024-09-23 21:07:03.481092,4,1,0,317.0,0,5,2024-09-23,1,1,16,3501.886841652415,0.7852978607819108,0.6570963018227935,0.34290369817720645
1243,2024-09-23 21:07:54.387666,3,1,0,317.0,0,5,2024-09-23,1,1,9,3501.886841652415,0.907945896280849,0.8318390349179802,0.16816096508201983
1244,2024-09-23 21:08:43.073233,2,1,0,317.0,0,5,2024-09-23,1,1,4,3501.886841652415,0.9637644133807888,0.9273753283850786,0.07262467161492137
1245,2024-09-23 21:19:47.444358,2,1,0,317.0,0,5,2024-09-23,1,1,4,3501.886841652415,0.9637644133807888,0.9273753283850786,0.07262467161492137
1246,2024-09-23 21:20:17.787706,2,1,0,317.0,0,5,2024-09-23,1,1,4,3501.886841652415,0.9637644133807888,0.9273753283850786,0.07262467161492137
1247,2024-09-23 21:20:57.422851,4,1,0,317.0,0,5,2024-09-23,1,1,16,3501.886841652415,0.7852978607819108,0.6570963018227935,0.34290369817720645
1248,2024-09-23 21:21:53.902695,3,1,0,317.0,0,5,2024-09-23,1,1,9,3501.886841652415,0.907945896280849,0.8318390349179802,0.16816096508201983
1249,2024-09-23 21:22:50.156733,5,0,0,317.0,0,5,2024-09-23,0,1,25,3501.886841652415,0.575619045298746,0.4260573723585436,-0.4260573723585436
1250,2024-09-23 21:23:36.207634,1,1,0,317.0,0,5,2024-09-23,1,1,1,3501.886841652415,0.9862490646155945,0.9705563170026417,0.029443682997358334
1251,2024-09-23 21:24:37.242517,2,1,0,317.0,0,5,2024-09-23,1,1,4,3501.886841652415,0.9637644133807888,0.9273753283850786,0.07262467161492137
1252,2024-09-23 21:25:24.869313,4,1,0,317.0,0,5,2024-09-23,1,1,16,3501.886841652415,0.7852978607819108,0.6570963018227935,0.34290369817720645
1253,2024-09-23 21:26:18.722507,1,1,0,317.0,0,5,2024-09-23,1,1,1,3501.886841652415,0.9862490646155945,0.9705563170026417,0.029443682997358334
1254,2024-09-25 21:50:38.712282,8,0,0,317.0,0,5,2024-09-25,0,1,64,3001.018388929279,0.0552439618939239,0.04136939225873243,-0.04136939225873243
1255,2024-09-25 21:50:47.038068,8,0,0,317.0,0,5,2024-09-25,0,1,64,3001.018388929279,0.0552439618939239,0.04136939225873243,-0.04136939225873243
1256,2024-09-25 21:50:49.430729,8,0,0,317.0,0,5,2024-09-25,0,1,64,3001.018388929279,0.0552439618939239,0.04136939225873243,-0.04136939225873243
1257,2024-09-25 21:50:51.750191,8,1,0,317.0,0,5,2024-09-25,1,1,64,3001.018388929279,0.0552439618939239,0.04136939225873243,0.9586306077412676
1269,2024-09-30 19:04:27.998619,2,1,0,274.0,0,5,2024-09-30,1,1,4,1991.8115950321426,0.9412725284934704,0.9273753283850786,0.07262467161492137
1270,2024-09-30 19:06:08.232545,1,1,0,274.0,0,5,2024-09-30,1,1,1,1991.8115950321426,0.9773862100983833,0.9705563170026417,0.029443682997358334
1271,2024-09-30 19:08:13.784669,3,1,0,274.0,0,5,2024-09-30,1,1,9,1991.8115950321426,0.8559841149457583,0.8318390349179802,0.16816096508201983
1272,2024-09-30 19:12:47.328020,4,1,0,274.0,0,5,2024-09-30,1,1,16,1991.8115950321426,0.6879024684591986,0.6570963018227935,0.34290369817720645
1273,2024-09-30 19:14:50.235480,4,1,0,274.0,0,5,2024-09-30,1,1,16,1991.8115950321426,0.6879024684591986,0.6570963018227935,0.34290369817720645
1274,2024-09-30 19:20:35.947460,4,1,0,274.0,0,5,2024-09-30,1,1,16,1991.8115950321426,0.6879024684591986,0.6570963018227935,0.34290369817720645
1275,2024-09-30 19:24:03.076752,5,1,0,274.0,0,5,2024-09-30,1,1,25,1991.8115950321426,0.44975378365330665,0.4260573723585436,0.5739426276414564
1276,2024-09-30 19:48:55.623436,6,0,0,274.0,0,5,2024-09-30,0,1,36,1991.8115950321426,0.23260455059574434,0.22334270735276335,-0.22334270735276335
1277,2024-09-30 19:49:02.005530,7,0,0,274.0,0,5,2024-09-30,0,1,49,1991.8115950321426,0.10104569816232996,0.10023392045771826,-0.10023392045771826
1278,2024-09-30 19:49:07.626595,7,0,0,274.0,0,5,2024-09-30,0,1,49,1991.8115950321426,0.10104569816232996,0.10023392045771826,-0.10023392045771826
1279,2024-10-01 19:17:03.401444,5,0,0,274.0,1,5,2024-10-01,0,1,25,2023.2656608629702,0.45236593727797575,0.4260573723585436,-0.4260573723585436
1280,2024-10-01 19:21:31.830308,5,0,0,274.0,1,5,2024-10-01,0,1,25,2023.2656608629702,0.45236593727797575,0.4260573723585436,-0.4260573723585436
1281,2024-10-01 19:29:13.455268,3,1,0,274.0,1,5,2024-10-01,1,1,9,2023.2656608629702,0.857279756058813,0.8318390349179802,0.16816096508201983
1282,2024-10-01 19:44:26.090532,8,0,0,274.0,1,5,2024-10-01,0,1,64,2023.2656608629702,0.040422500753220986,0.04136939225873243,-0.04136939225873243
1283,2024-10-01 19:56:31.259591,8,0,0,274.0,1,5,2024-10-01,0,1,64,2023.2656608629702,0.040422500753220986,0.04136939225873243,-0.04136939225873243
1284,2024-10-01 20:12:51.418115,8,0,0,274.0,1,5,2024-10-01,0,1,64,2023.2656608629702,0.040422500753220986,0.04136939225873243,-0.04136939225873243
1286,2024-10-01 20:24:44.033901,8,0,0,274.0,1,5,2024-10-01,0,1,64,2023.2656608629702,0.040422500753220986,0.04136939225873243,-0.04136939225873243
1287,2024-10-01 21:23:41.854631,8,1,0,274.0,1,5,2024-10-01,1,1,64,2023.2656608629702,0.040422500753220986,0.04136939225873243,0.9586306077412676
1288,2024-10-01 21:23:48.780614,10,0,0,274.0,1,5,2024-10-01,0,1,100,2023.2656608629702,0.005759661424579309,0.006434427060814574,-0.006434427060814574
1289,2024-10-01 21:29:10.857880,10,0,0,274.0,1,5,2024-10-01,0,1,100,2023.2656608629702,0.005759661424579309,0.006434427060814574,-0.006434427060814574
1291,2024-10-01 21:34:10.805748,10,0,0,274.0,1,5,2024-10-01,0,1,100,2023.2656608629702,0.005759661424579309,0.006434427060814574,-0.006434427060814574
1292,2024-10-01 21:38:38.973160,10,0,0,274.0,1,5,2024-10-01,0,1,100,2023.2656608629702,0.005759661424579309,0.006434427060814574,-0.006434427060814574
1293,2024-10-04 19:09:46.265305,3,1,0,274.0,1,5,2024-10-04,1,1,9,2136.663323494673,0.861870284213036,0.8318390349179802,0.16816096508201983
1294,2024-10-04 19:11:44.999397,3,1,0,274.0,1,5,2024-10-04,1,1,9,2136.663323494673,0.861870284213036,0.8318390349179802,0.16816096508201983
1295,2024-10-04 19:17:43.748590,3,1,0,274.0,1,5,2024-10-04,1,1,9,2136.663323494673,0.861870284213036,0.8318390349179802,0.16816096508201983
1296,2024-10-04 19:18:06.585817,6,0,0,274.0,1,5,2024-10-04,0,1,36,2136.663323494673,0.24138905439209613,0.22334270735276335,-0.22334270735276335
1297,2024-10-04 20:05:39.644059,7,0,0,274.0,1,5,2024-10-04,0,1,49,2136.663323494673,0.10554511462261733,0.10023392045771826,-0.10023392045771826
1298,2024-10-04 20:13:11.305354,7,0,0,274.0,1,5,2024-10-04,0,1,49,2136.663323494673,0.10554511462261733,0.10023392045771826,-0.10023392045771826
1299,2024-10-04 20:39:09.529273,7,0,0,274.0,1,5,2024-10-04,0,1,49,2136.663323494673,0.10554511462261733,0.10023392045771826,-0.10023392045771826
1300,2024-10-04 20:53:29.646657,6,0,0,274.0,1,5,2024-10-04,0,1,36,2136.663323494673,0.24138905439209613,0.22334270735276335,-0.22334270735276335
1301,2024-10-04 21:04:42.199349,8,0,0,274.0,1,5,2024-10-04,0,1,64,2136.663323494673,0.04192383082751248,0.04136939225873243,-0.04136939225873243
1302,2024-10-04 21:09:08.089640,8,0,0,274.0,1,5,2024-10-04,0,1,64,2136.663323494673,0.04192383082751248,0.04136939225873243,-0.04136939225873243
1303,2024-10-04 21:15:12.107467,8,0,0,274.0,1,5,2024-10-04,0,1,64,2136.663323494673,0.04192383082751248,0.04136939225873243,-0.04136939225873243
1304,2024-10-04 21:26:46.587507,8,0,0,274.0,1,5,2024-10-04,0,1,64,2136.663323494673,0.04192383082751248,0.04136939225873243,-0.04136939225873243
1305,2024-10-04 21:32:36.227219,2,1,0,274.0,1,5,2024-10-04,1,1,4,2136.663323494673,0.943901272626032,0.9273753283850786,0.07262467161492137
1306,2024-10-04 21:39:00.792450,8,0,0,274.0,1,5,2024-10-04,0,1,64,2136.663323494673,0.04192383082751248,0.04136939225873243,-0.04136939225873243
1307,2024-10-04 21:55:18.755163,4,0,0,274.0,1,5,2024-10-04,0,1,16,2136.663323494673,0.6982365855119708,0.6570963018227935,-0.6570963018227935
1308,2024-10-04 21:57:37.487654,4,1,0,274.0,1,5,2024-10-04,1,1,16,2136.663323494673,0.6982365855119708,0.6570963018227935,0.34290369817720645
1309,2024-10-05 12:40:49.193403,2,1,0,274.0,1,5,2024-10-05,1,1,4,2535.332924843052,0.950575552657833,0.9273753283850786,0.07262467161492137
1310,2024-10-05 12:42:42.013511,2,1,0,274.0,1,5,2024-10-05,1,1,4,2535.332924843052,0.950575552657833,0.9273753283850786,0.07262467161492137
1311,2024-10-05 13:08:11.319751,2,1,0,274.0,1,5,2024-10-05,1,1,4,2535.332924843052,0.950575552657833,0.9273753283850786,0.07262467161492137
1312,2024-10-05 13:53:08.340530,5,0,0,274.0,1,5,2024-10-05,0,1,25,2535.332924843052,0.4951581019924841,0.4260573723585436,-0.4260573723585436
1313,2024-10-05 13:55:14.129412,5,0,0,274.0,1,5,2024-10-05,0,1,25,2535.332924843052,0.4951581019924841,0.4260573723585436,-0.4260573723585436
1314,2024-10-05 14:05:06.858100,5,1,0,274.0,1,5,2024-10-05,1,1,25,2535.332924843052,0.4951581019924841,0.4260573723585436,0.5739426276414564
1315,2024-10-05 14:38:33.506846,9,0,0,274.0,1,5,2024-10-05,0,1,81,2535.332924843052,0.018210908303712862,0.016442593182564774,-0.016442593182564774
1316,2024-10-05 15:19:00.967897,11,0,0,274.0,1,5,2024-10-05,0,1,121,2535.332924843052,0.002544306759992939,0.0025024645135895357,-0.0025024645135895357
1317,2024-10-05 15:23:55.584525,1,1,0,274.0,1,5,2024-10-05,1,1,1,2535.332924843052,0.981083431854957,0.9705563170026417,0.029443682997358334
1318,2024-10-05 15:27:58.904064,3,1,0,274.0,1,5,2024-10-05,1,1,9,2535.332924843052,0.877032674318092,0.8318390349179802,0.16816096508201983
1319,2024-10-05 15:32:34.189843,2,1,0,274.0,1,5,2024-10-05,1,1,4,2535.332924843052,0.950575552657833,0.9273753283850786,0.07262467161492137
1320,2024-10-05 15:42:39.227178,4,1,0,274.0,1,5,2024-10-05,1,1,16,2535.332924843052,0.7256431408808661,0.6570963018227935,0.34290369817720645
1321,2024-10-05 15:57:13.983920,4,1,0,274.0,1,5,2024-10-05,1,1,16,2535.332924843052,0.7256431408808661,0.6570963018227935,0.34290369817720645
1322,2024-10-05 16:07:12.103356,9,0,0,274.0,1,5,2024-10-05,0,1,81,2535.332924843052,0.018210908303712862,0.016442593182564774,-0.016442593182564774
1323,2024-10-05 16:26:45.515599,9,0,0,274.0,1,5,2024-10-05,0,1,81,2535.332924843052,0.018210908303712862,0.016442593182564774,-0.016442593182564774
1333,2024-10-07 19:12:30.302165,1,1,0,274.0,0,5,2024-10-07,1,1,1,2525.459231624026,0.9810218739583545,0.9705563170026417,0.029443682997358334
1334,2024-10-07 19:12:36.354946,1,1,0,274.0,0,5,2024-10-07,1,1,1,2525.459231624026,0.9810218739583545,0.9705563170026417,0.029443682997358334
1335,2024-10-07 19:13:24.455896,2,1,0,274.0,0,5,2024-10-07,1,1,4,2525.459231624026,0.9504197338065118,0.9273753283850786,0.07262467161492137
1336,2024-10-07 19:14:09.078266,3,1,0,274.0,0,5,2024-10-07,1,1,9,2525.459231624026,0.8766750795788588,0.8318390349179802,0.16816096508201983
1337,2024-10-07 19:15:08.428581,2,1,0,274.0,0,5,2024-10-07,1,1,4,2525.459231624026,0.9504197338065118,0.9273753283850786,0.07262467161492137
1338,2024-10-07 19:15:57.188763,1,1,0,274.0,0,5,2024-10-07,1,1,1,2525.459231624026,0.9810218739583545,0.9705563170026417,0.029443682997358334
1339,2024-10-07 19:17:00.606446,2,1,0,274.0,0,5,2024-10-07,1,1,4,2525.459231624026,0.9504197338065118,0.9273753283850786,0.07262467161492137
1340,2024-10-07 19:18:02.465207,3,1,0,274.0,0,5,2024-10-07,1,1,9,2525.459231624026,0.8766750795788588,0.8318390349179802,0.16816096508201983
1341,2024-10-07 19:18:57.615410,2,1,0,274.0,0,5,2024-10-07,1,1,4,2525.459231624026,0.9504197338065118,0.9273753283850786,0.07262467161492137
1342,2024-10-07 19:19:45.494190,4,1,0,274.0,0,5,2024-10-07,1,1,16,2525.459231624026,0.7249833495783224,0.6570963018227935,0.34290369817720645
1343,2024-10-07 19:20:45.353104,1,1,0,274.0,0,5,2024-10-07,1,1,1,2525.459231624026,0.9810218739583545,0.9705563170026417,0.029443682997358334
1344,2024-10-07 19:21:35.525053,2,1,0,274.0,0,5,2024-10-07,1,1,4,2525.459231624026,0.9504197338065118,0.9273753283850786,0.07262467161492137
1345,2024-10-07 19:22:39.051817,3,1,0,274.0,0,5,2024-10-07,1,1,9,2525.459231624026,0.8766750795788588,0.8318390349179802,0.16816096508201983
1346,2024-10-07 19:23:43.882769,2,1,0,274.0,0,5,2024-10-07,1,1,4,2525.459231624026,0.9504197338065118,0.9273753283850786,0.07262467161492137
1347,2024-10-07 19:25:50.092067,3,1,0,274.0,0,5,2024-10-07,1,1,9,2525.459231624026,0.8766750795788588,0.8318390349179802,0.16816096508201983
1348,2024-10-10 16:35:40.697371,8,0,0,274.0,1,5,2024-10-10,0,1,64,1936.4046746221672,0.03930747398122331,0.04136939225873243,-0.04136939225873243
1349,2024-10-10 16:42:36.447363,8,0,0,274.0,1,5,2024-10-10,0,1,64,1936.4046746221672,0.03930747398122331,0.04136939225873243,-0.04136939225873243
1350,2024-10-10 16:51:41.957055,8,0,0,274.0,1,5,2024-10-10,0,1,64,1936.4046746221672,0.03930747398122331,0.04136939225873243,-0.04136939225873243
1351,2024-10-10 17:06:57.690263,8,0,0,274.0,1,5,2024-10-10,0,1,64,1936.4046746221672,0.03930747398122331,0.04136939225873243,-0.04136939225873243
1352,2024-10-10 17:18:41.544949,8,0,0,274.0,1,5,2024-10-10,0,1,64,1936.4046746221672,0.03930747398122331,0.04136939225873243,-0.04136939225873243
1353,2024-10-10 17:33:09.274094,8,0,0,274.0,1,5,2024-10-10,0,1,64,1936.4046746221672,0.03930747398122331,0.04136939225873243,-0.04136939225873243
1354,2024-10-10 17:45:37.605977,8,0,0,274.0,1,5,2024-10-10,0,1,64,1936.4046746221672,0.03930747398122331,0.04136939225873243,-0.04136939225873243
1355,2024-10-10 18:04:12.246890,8,0,0,274.0,1,5,2024-10-10,0,1,64,1936.4046746221672,0.03930747398122331,0.04136939225873243,-0.04136939225873243
1356,2024-10-10 18:28:35.063037,8,0,0,274.0,1,5,2024-10-10,0,1,64,1936.4046746221672,0.03930747398122331,0.04136939225873243,-0.04136939225873243
1357,2024-10-13 15:17:42.154107,1,1,0,274.0,1,5,2024-10-13,1,1,1,1906.1127793462722,0.9767421173865166,0.9705563170026417,0.029443682997358334
1358,2024-10-13 15:17:48.147073,1,1,0,274.0,1,5,2024-10-13,1,1,1,1906.1127793462722,0.9767421173865166,0.9705563170026417,0.029443682997358334
1359,2024-10-13 15:17:51.511984,4,1,0,274.0,1,5,2024-10-13,1,1,16,1906.1127793462722,0.6816983838046236,0.6570963018227935,0.34290369817720645
1360,2024-10-13 16:25:03.827902,3,1,0,274.0,1,5,2024-10-13,1,1,9,1906.1127793462722,0.8524043774061596,0.8318390349179802,0.16816096508201983
1361,2024-10-13 16:25:08.087765,1,1,0,274.0,1,5,2024-10-13,1,1,1,1906.1127793462722,0.9767421173865166,0.9705563170026417,0.029443682997358334
1362,2024-10-13 16:25:11.734119,2,1,0,274.0,1,5,2024-10-13,1,1,4,1906.1127793462722,0.9396633333973136,0.9273753283850786,0.07262467161492137
1363,2024-10-13 17:07:09.895214,2,1,0,274.0,1,5,2024-10-13,1,1,4,1906.1127793462722,0.9396633333973136,0.9273753283850786,0.07262467161492137
1364,2024-10-13 17:47:04.953789,8,0,0,274.0,1,5,2024-10-13,0,1,64,1906.1127793462722,0.03892560177519399,0.04136939225873243,-0.04136939225873243
1365,2024-10-13 17:52:15.924593,8,0,0,274.0,1,5,2024-10-13,0,1,64,1906.1127793462722,0.03892560177519399,0.04136939225873243,-0.04136939225873243
1366,2024-10-13 17:55:02.629741,8,0,0,274.0,1,5,2024-10-13,0,1,64,1906.1127793462722,0.03892560177519399,0.04136939225873243,-0.04136939225873243
1367,2024-10-13 18:03:53.798711,8,0,0,274.0,1,5,2024-10-13,0,1,64,1906.1127793462722,0.03892560177519399,0.04136939225873243,-0.04136939225873243
1368,2024-10-13 18:06:38.638580,8,0,0,274.0,1,5,2024-10-13,0,1,64,1906.1127793462722,0.03892560177519399,0.04136939225873243,-0.04136939225873243
1369,2024-10-13 18:11:46.461657,8,0,0,274.0,1,5,2024-10-13,0,1,64,1906.1127793462722,0.03892560177519399,0.04136939225873243,-0.04136939225873243
1370,2024-10-13 18:21:44.280763,8,0,0,274.0,1,5,2024-10-13,0,1,64,1906.1127793462722,0.03892560177519399,0.04136939225873243,-0.04136939225873243
1371,2024-10-13 18:28:13.276034,8,0,0,274.0,1,5,2024-10-13,0,1,64,1906.1127793462722,0.03892560177519399,0.04136939225873243,-0.04136939225873243
1372,2024-10-13 18:34:22.102662,8,0,0,274.0,1,5,2024-10-13,0,1,64,1906.1127793462722,0.03892560177519399,0.04136939225873243,-0.04136939225873243
1373,2024-10-13 18:35:26.914156,8,0,0,274.0,1,5,2024-10-13,0,1,64,1906.1127793462722,0.03892560177519399,0.04136939225873243,-0.04136939225873243
1374,2024-10-13 18:47:10.099177,8,0,0,274.0,1,5,2024-10-13,0,1,64,1906.1127793462722,0.03892560177519399,0.04136939225873243,-0.04136939225873243
1375,2024-10-13 18:51:38.138194,8,0,0,274.0,1,5,2024-10-13,0,1,64,1906.1127793462722,0.03892560177519399,0.04136939225873243,-0.04136939225873243
1376,2024-10-13 18:53:35.794157,9,0,0,274.0,1,5,2024-10-13,0,1,81,1906.1127793462722,0.014797389564748681,0.016442593182564774,-0.016442593182564774
1377,2024-10-13 19:01:26.178700,9,0,0,274.0,1,5,2024-10-13,0,1,81,1906.1127793462722,0.014797389564748681,0.016442593182564774,-0.016442593182564774
1378,2024-10-13 19:19:02.861086,10,0,0,274.0,1,5,2024-10-13,0,1,100,1906.1127793462722,0.005538964118508632,0.006434427060814574,-0.006434427060814574
1379,2024-10-13 19:21:07.539957,10,0,0,274.0,1,5,2024-10-13,0,1,100,1906.1127793462722,0.005538964118508632,0.006434427060814574,-0.006434427060814574
1380,2024-10-13 19:24:36.916914,10,0,0,274.0,1,5,2024-10-13,0,1,100,1906.1127793462722,0.005538964118508632,0.006434427060814574,-0.006434427060814574
1381,2024-10-14 17:05:29.315918,3,1,0,274.0,1,5,2024-10-14,1,1,9,2990.722165749027,0.892579388377478,0.8318390349179802,0.16816096508201983
1382,2024-10-14 17:11:17.819938,5,1,0,274.0,1,5,2024-10-14,1,1,25,2990.722165749027,0.5332930675185036,0.4260573723585436,0.5739426276414564
1383,2024-10-14 17:53:23.493700,8,0,0,274.0,1,5,2024-10-14,0,1,64,2990.722165749027,0.05506400052929869,0.04136939225873243,-0.04136939225873243
1384,2024-10-14 18:10:05.070743,8,1,0,274.0,1,5,2024-10-14,1,1,64,2990.722165749027,0.05506400052929869,0.04136939225873243,0.9586306077412676
1385,2024-10-14 18:28:54.350526,10,0,0,274.0,1,5,2024-10-14,0,1,100,2990.722165749027,0.007949895616268006,0.006434427060814574,-0.006434427060814574
1386,2024-10-14 18:34:46.042977,10,0,0,274.0,1,5,2024-10-14,0,1,100,2990.722165749027,0.007949895616268006,0.006434427060814574,-0.006434427060814574
1387,2024-10-14 18:49:07.108018,10,0,0,274.0,1,5,2024-10-14,0,1,100,2990.722165749027,0.007949895616268006,0.006434427060814574,-0.006434427060814574
1388,2024-10-14 18:52:51.868768,10,0,0,274.0,1,5,2024-10-14,0,1,100,2990.722165749027,0.007949895616268006,0.006434427060814574,-0.006434427060814574
1389,2024-10-14 19:13:12.246280,7,0,0,274.0,1,5,2024-10-14,0,1,49,2990.722165749027,0.13579963017280722,0.10023392045771826,-0.10023392045771826
1390,2024-10-14 19:16:30.999615,7,0,0,274.0,1,5,2024-10-14,0,1,49,2990.722165749027,0.13579963017280722,0.10023392045771826,-0.10023392045771826
1391,2024-10-14 19:22:49.211079,7,0,0,274.0,1,5,2024-10-14,0,1,49,2990.722165749027,0.13579963017280722,0.10023392045771826,-0.10023392045771826
1392,2024-10-14 19:51:42.849627,7,0,0,274.0,1,5,2024-10-14,0,1,49,2990.722165749027,0.13579963017280722,0.10023392045771826,-0.10023392045771826
1393,2024-10-14 20:47:16.890679,7,0,0,274.0,1,5,2024-10-14,0,1,49,2990.722165749027,0.13579963017280722,0.10023392045771826,-0.10023392045771826
1404,2024-10-18 17:48:49.373832,3,1,0,277.0,0,5,2024-10-18,1,1,9,2602.5813239148406,0.8794445523829384,0.8318390349179802,0.16816096508201983
1405,2024-10-18 17:50:49.855324,3,1,0,277.0,0,5,2024-10-18,1,1,9,2602.5813239148406,0.8794445523829384,0.8318390349179802,0.16816096508201983
1406,2024-10-18 17:55:21.671510,4,1,0,277.0,0,5,2024-10-18,1,1,16,2602.5813239148406,0.7301106108233301,0.6570963018227935,0.34290369817720645
1407,2024-10-18 18:03:02.685740,6,1,0,277.0,0,5,2024-10-18,1,1,36,2602.5813239148406,0.2711472024672062,0.22334270735276335,0.7766572926472366
1408,2024-10-18 18:10:41.750119,6,0,0,277.0,0,5,2024-10-18,0,1,36,2602.5813239148406,0.2711472024672062,0.22334270735276335,-0.22334270735276335
1409,2024-10-18 18:19:32.011521,8,0,0,277.0,0,5,2024-10-18,0,1,64,2602.5813239148406,0.048669744369982025,0.04136939225873243,-0.04136939225873243
1410,2024-10-18 18:47:53.021934,2,1,0,277.0,0,5,2024-10-18,1,1,4,2602.5813239148406,0.9516245263711257,0.9273753283850786,0.07262467161492137
1411,2024-10-18 18:47:58.112087,1,1,0,277.0,0,5,2024-10-18,1,1,1,2602.5813239148406,0.9814975161037309,0.9705563170026417,0.029443682997358334
1412,2024-10-18 18:48:01.986853,1,1,0,277.0,0,5,2024-10-18,1,1,1,2602.5813239148406,0.9814975161037309,0.9705563170026417,0.029443682997358334
1413,2024-10-18 18:48:04.141161,1,1,0,277.0,0,5,2024-10-18,1,1,1,2602.5813239148406,0.9814975161037309,0.9705563170026417,0.029443682997358334
1414,2024-10-18 18:48:06.023520,1,1,0,277.0,0,5,2024-10-18,1,1,1,2602.5813239148406,0.9814975161037309,0.9705563170026417,0.029443682997358334
1415,2024-10-18 18:50:27.043247,2,1,0,277.0,0,5,2024-10-18,1,1,4,2602.5813239148406,0.9516245263711257,0.9273753283850786,0.07262467161492137
1416,2024-10-18 18:50:30.843746,3,1,0,277.0,0,5,2024-10-18,1,1,9,2602.5813239148406,0.8794445523829384,0.8318390349179802,0.16816096508201983
1417,2024-10-18 18:50:34.200821,2,1,0,277.0,0,5,2024-10-18,1,1,4,2602.5813239148406,0.9516245263711257,0.9273753283850786,0.07262467161492137
1418,2024-10-18 18:52:05.548214,2,1,0,277.0,0,5,2024-10-18,1,1,4,2602.5813239148406,0.9516245263711257,0.9273753283850786,0.07262467161492137
1419,2024-10-18 18:52:08.635938,3,1,0,277.0,0,5,2024-10-18,1,1,9,2602.5813239148406,0.8794445523829384,0.8318390349179802,0.16816096508201983
1420,2024-10-18 18:53:12.785945,3,1,0,277.0,0,5,2024-10-18,1,1,9,2602.5813239148406,0.8794445523829384,0.8318390349179802,0.16816096508201983
1421,2024-10-19 15:10:57.664618,3,0,0,277.0,1,5,2024-10-19,0,1,9,2571.912965359714,0.8783497287473765,0.8318390349179802,-0.8318390349179802
1422,2024-10-19 15:11:00.917699,3,0,0,277.0,1,5,2024-10-19,0,1,9,2571.912965359714,0.8783497287473765,0.8318390349179802,-0.8318390349179802
1423,2024-10-19 15:25:06.733784,3,0,0,277.0,1,5,2024-10-19,0,1,9,2571.912965359714,0.8783497287473765,0.8318390349179802,-0.8318390349179802
1424,2024-10-19 15:25:10.713043,3,1,0,277.0,1,5,2024-10-19,1,1,9,2571.912965359714,0.8783497287473765,0.8318390349179802,0.16816096508201983
1425,2024-10-19 15:31:53.966994,2,1,0,277.0,1,5,2024-10-19,1,1,4,2571.912965359714,0.9511487930792959,0.9273753283850786,0.07262467161492137
1426,2024-10-19 16:47:50.317634,10,0,0,277.0,1,5,2024-10-19,0,1,100,2571.912965359714,0.0069152721938782235,0.006434427060814574,-0.006434427060814574
1427,2024-10-19 17:31:46.942624,5,0,0,277.0,1,5,2024-10-19,0,1,25,2571.912965359714,0.49822519965068995,0.4260573723585436,-0.4260573723585436
1428,2024-10-19 17:31:51.015635,5,0,0,277.0,1,5,2024-10-19,0,1,25,2571.912965359714,0.49822519965068995,0.4260573723585436,-0.4260573723585436
1429,2024-10-19 17:32:03.656900,5,0,0,277.0,1,5,2024-10-19,0,1,25,2571.912965359714,0.49822519965068995,0.4260573723585436,-0.4260573723585436
1430,2024-10-19 17:32:22.664470,5,1,0,277.0,1,5,2024-10-19,1,1,25,2571.912965359714,0.49822519965068995,0.4260573723585436,0.5739426276414564
1431,2024-10-19 18:06:30.349463,6,0,0,277.0,1,5,2024-10-19,0,1,36,2571.912965359714,0.26911917273683555,0.22334270735276335,-0.22334270735276335
1432,2024-10-19 18:06:34.781354,6,0,0,277.0,1,5,2024-10-19,0,1,36,2571.912965359714,0.26911917273683555,0.22334270735276335,-0.22334270735276335
1433,2024-10-19 18:06:36.916214,6,0,0,277.0,1,5,2024-10-19,0,1,36,2571.912965359714,0.26911917273683555,0.22334270735276335,-0.22334270735276335
1434,2024-10-22 18:50:28.233332,2,1,0,277.0,1,5,2024-10-22,1,1,4,2190.238288817161,0.9448452101949917,0.9273753283850786,0.07262467161492137
1435,2024-10-22 19:45:46.550269,4,0,0,277.0,1,5,2024-10-22,0,1,16,2190.238288817161,0.7020091699310083,0.6570963018227935,-0.6570963018227935
1436,2024-10-22 19:54:08.567277,4,1,0,277.0,1,5,2024-10-22,1,1,16,2190.238288817161,0.7020091699310083,0.6570963018227935,0.34290369817720645
1437,2024-10-22 20:39:56.412380,6,0,0,277.0,1,5,2024-10-22,0,1,36,2190.238288817161,0.2446948309550616,0.22334270735276335,-0.22334270735276335
1438,2024-10-22 20:44:13.908039,6,0,0,277.0,1,5,2024-10-22,0,1,36,2190.238288817161,0.2446948309550616,0.22334270735276335,-0.22334270735276335
1439,2024-10-22 20:57:38.680522,6,0,0,277.0,1,5,2024-10-22,0,1,36,2190.238288817161,0.2446948309550616,0.22334270735276335,-0.22334270735276335
1440,2024-10-22 21:05:06.194673,6,0,0,277.0,1,5,2024-10-22,0,1,36,2190.238288817161,0.2446948309550616,0.22334270735276335,-0.22334270735276335
1441,2024-10-24 17:34:00.261617,3,1,0,277.0,0,5,2024-10-24,1,1,9,1956.086178869977,0.8545006802796566,0.8318390349179802,0.16816096508201983
1442,2024-10-24 17:35:07.578048,2,1,0,277.0,0,5,2024-10-24,1,1,4,1956.086178869977,0.9406066500419918,0.9273753283850786,0.07262467161492137
1443,2024-10-24 17:36:29.462861,4,0,0,277.0,0,5,2024-10-24,0,1,16,1956.086178869977,0.6853241770581102,0.6570963018227935,-0.6570963018227935
1444,2024-10-24 17:37:38.798833,4,1,0,277.0,0,5,2024-10-24,1,1,16,1956.086178869977,0.6853241770581102,0.6570963018227935,0.34290369817720645
1445,2024-10-24 17:40:37.716816,6,0,0,277.0,0,5,2024-10-24,0,1,36,1956.086178869977,0.23047256596390736,0.22334270735276335,-0.22334270735276335
1446,2024-10-24 17:44:15.748244,8,1,0,277.0,0,5,2024-10-24,1,1,64,1956.086178869977,0.03955751012762682,0.04136939225873243,0.9586306077412676
1447,2024-10-24 17:54:04.138776,7,0,0,277.0,0,5,2024-10-24,0,1,49,1956.086178869977,0.09996246934755884,0.10023392045771826,-0.10023392045771826
1448,2024-10-24 17:56:47.973436,7,1,0,277.0,0,5,2024-10-24,1,1,49,1956.086178869977,0.09996246934755884,0.10023392045771826,0.8997660795422817
1449,2024-10-24 18:13:26.617287,5,1,0,277.0,0,5,2024-10-24,1,1,25,1956.086178869977,0.44679027371239827,0.4260573723585436,0.5739426276414564
1450,2024-10-24 18:13:41.348835,9,0,0,277.0,0,5,2024-10-24,0,1,81,1956.086178869977,0.015043737796151991,0.016442593182564774,-0.016442593182564774
1451,2024-10-24 18:17:26.259042,7,0,0,277.0,0,5,2024-10-24,0,1,49,1956.086178869977,0.09996246934755884,0.10023392045771826,-0.10023392045771826
1452,2024-10-24 18:23:59.542852,7,0,0,277.0,0,5,2024-10-24,0,1,49,1956.086178869977,0.09996246934755884,0.10023392045771826,-0.10023392045771826
1453,2024-10-24 18:55:30.873243,7,0,0,277.0,0,5,2024-10-24,0,1,49,1956.086178869977,0.09996246934755884,0.10023392045771826,-0.10023392045771826
1454,2024-10-26 16:39:22.061432,4,0,0,277.0,1,5,2024-10-26,0,1,16,2050.307269657484,0.6920990219389251,0.6570963018227935,-0.6570963018227935
1455,2024-10-26 16:42:21.114896,4,1,0,277.0,1,5,2024-10-26,1,1,16,2050.307269657484,0.6920990219389251,0.6570963018227935,0.34290369817720645
1456,2024-10-26 16:46:54.420177,4,0,0,277.0,1,5,2024-10-26,0,1,16,2050.307269657484,0.6920990219389251,0.6570963018227935,-0.6570963018227935
1457,2024-10-26 16:51:08.527889,4,0,0,277.0,1,5,2024-10-26,0,1,16,2050.307269657484,0.6920990219389251,0.6570963018227935,-0.6570963018227935
1458,2024-10-26 16:53:30.153468,4,0,0,277.0,1,5,2024-10-26,0,1,16,2050.307269657484,0.6920990219389251,0.6570963018227935,-0.6570963018227935
1459,2024-10-26 16:54:19.758734,4,0,0,277.0,1,5,2024-10-26,0,1,16,2050.307269657484,0.6920990219389251,0.6570963018227935,-0.6570963018227935
1460,2024-10-26 16:56:22.422548,4,0,0,277.0,1,5,2024-10-26,0,1,16,2050.307269657484,0.6920990219389251,0.6570963018227935,-0.6570963018227935
1461,2024-10-26 16:59:56.598686,4,0,0,277.0,1,5,2024-10-26,0,1,16,2050.307269657484,0.6920990219389251,0.6570963018227935,-0.6570963018227935
1462,2024-10-26 17:03:04.991447,4,0,0,277.0,1,5,2024-10-26,0,1,16,2050.307269657484,0.6920990219389251,0.6570963018227935,-0.6570963018227935
1463,2024-10-26 17:11:00.607276,4,0,0,277.0,1,5,2024-10-26,0,1,16,2050.307269657484,0.6920990219389251,0.6570963018227935,-0.6570963018227935
1464,2024-10-26 17:14:28.049346,4,1,0,277.0,1,5,2024-10-26,1,1,16,2050.307269657484,0.6920990219389251,0.6570963018227935,0.34290369817720645
1465,2024-10-26 17:18:49.043617,12,0,0,277.0,1,5,2024-10-26,0,1,144,2050.307269657484,0.0008032634140416182,0.0009709055450523682,-0.0009709055450523682
1466,2024-10-26 17:21:38.182143,12,0,0,277.0,1,5,2024-10-26,0,1,144,2050.307269657484,0.0008032634140416182,0.0009709055450523682,-0.0009709055450523682
1467,2024-10-26 17:26:28.753489,12,0,0,277.0,1,5,2024-10-26,0,1,144,2050.307269657484,0.0008032634140416182,0.0009709055450523682,-0.0009709055450523682
1468,2024-10-27 15:13:40.372458,2,0,0,277.0,1,5,2024-10-27,0,1,4,2463.194736057236,0.949426349956348,0.9273753283850786,-0.9273753283850786
1469,2024-10-27 15:13:44.465477,2,0,0,277.0,1,5,2024-10-27,0,1,4,2463.194736057236,0.949426349956348,0.9273753283850786,-0.9273753283850786
1470,2024-10-27 15:13:47.839543,2,0,0,277.0,1,5,2024-10-27,0,1,4,2463.194736057236,0.949426349956348,0.9273753283850786,-0.9273753283850786
1471,2024-10-27 15:13:49.905436,2,0,0,277.0,1,5,2024-10-27,0,1,4,2463.194736057236,0.949426349956348,0.9273753283850786,-0.9273753283850786
1472,2024-10-27 16:00:24.024513,2,1,0,277.0,1,5,2024-10-27,1,1,4,2463.194736057236,0.949426349956348,0.9273753283850786,0.07262467161492137
1473,2024-10-27 16:00:32.323163,10,0,0,277.0,1,5,2024-10-27,0,1,100,2463.194736057236,0.006669306088678931,0.006434427060814574,-0.006434427060814574
1474,2024-10-27 16:47:41.491879,10,0,0,277.0,1,5,2024-10-27,0,1,100,2463.194736057236,0.006669306088678931,0.006434427060814574,-0.006434427060814574
1475,2024-10-27 16:50:33.686149,10,0,0,277.0,1,5,2024-10-27,0,1,100,2463.194736057236,0.006669306088678931,0.006434427060814574,-0.006434427060814574
1476,2024-10-27 16:56:24.854371,10,0,0,277.0,1,5,2024-10-27,0,1,100,2463.194736057236,0.006669306088678931,0.006434427060814574,-0.006434427060814574
1477,2024-10-27 17:01:28.990306,10,0,0,277.0,1,5,2024-10-27,0,1,100,2463.194736057236,0.006669306088678931,0.006434427060814574,-0.006434427060814574
1478,2024-10-27 17:07:20.142517,10,0,0,277.0,1,5,2024-10-27,0,1,100,2463.194736057236,0.006669306088678931,0.006434427060814574,-0.006434427060814574
1479,2024-10-27 17:16:54.756939,10,0,0,277.0,1,5,2024-10-27,0,1,100,2463.194736057236,0.006669306088678931,0.006434427060814574,-0.006434427060814574
1480,2024-10-27 17:29:59.884205,10,0,0,277.0,1,5,2024-10-27,0,1,100,2463.194736057236,0.006669306088678931,0.006434427060814574,-0.006434427060814574
1481,2024-10-27 17:40:03.836704,10,0,0,277.0,1,5,2024-10-27,0,1,100,2463.194736057236,0.006669306088678931,0.006434427060814574,-0.006434427060814574
1482,2024-10-27 17:48:59.871778,10,0,0,277.0,1,5,2024-10-27,0,1,100,2463.194736057236,0.006669306088678931,0.006434427060814574,-0.006434427060814574
1483,2024-10-27 18:14:42.313159,10,0,0,277.0,1,5,2024-10-27,0,1,100,2463.194736057236,0.006669306088678931,0.006434427060814574,-0.006434427060814574
1494,2024-10-30 20:14:02.330079,2,1,0,294.0,0,5,2024-10-30,1,1,4,2741.757985005834,0.9537287083683881,0.9273753283850786,0.07262467161492137
1495,2024-10-30 20:15:05.716797,3,1,0,294.0,0,5,2024-10-30,1,1,9,2741.757985005834,0.8843066418016976,0.8318390349179802,0.16816096508201983
1496,2024-10-30 20:16:23.924343,2,1,0,294.0,0,5,2024-10-30,1,1,4,2741.757985005834,0.9537287083683881,0.9273753283850786,0.07262467161492137
1497,2024-10-30 20:17:07.580066,2,1,0,294.0,0,5,2024-10-30,1,1,4,2741.757985005834,0.9537287083683881,0.9273753283850786,0.07262467161492137
1498,2024-10-30 20:17:53.076273,2,1,0,294.0,0,5,2024-10-30,1,1,4,2741.757985005834,0.9537287083683881,0.9273753283850786,0.07262467161492137
1499,2024-10-30 20:18:51.022716,2,1,0,294.0,0,5,2024-10-30,1,1,4,2741.757985005834,0.9537287083683881,0.9273753283850786,0.07262467161492137
1500,2024-10-30 20:19:32.100125,1,1,0,294.0,0,5,2024-10-30,1,1,1,2741.757985005834,0.9823264484504345,0.9705563170026417,0.029443682997358334
1501,2024-10-30 20:20:32.695952,3,1,0,294.0,0,5,2024-10-30,1,1,9,2741.757985005834,0.8843066418016976,0.8318390349179802,0.16816096508201983
1502,2024-10-30 20:21:15.494320,1,1,0,294.0,0,5,2024-10-30,1,1,1,2741.757985005834,0.9823264484504345,0.9705563170026417,0.029443682997358334
1503,2024-10-30 20:22:21.279951,3,1,0,294.0,0,5,2024-10-30,1,1,9,2741.757985005834,0.8843066418016976,0.8318390349179802,0.16816096508201983
1504,2024-10-30 20:24:06.699716,2,1,0,294.0,0,5,2024-10-30,1,1,4,2741.757985005834,0.9537287083683881,0.9273753283850786,0.07262467161492137
1505,2024-10-30 20:26:24.392758,2,1,0,294.0,0,5,2024-10-30,1,1,4,2741.757985005834,0.9537287083683881,0.9273753283850786,0.07262467161492137
1507,2024-10-30 20:38:29.333482,3,1,0,1.0,0,5,2024-10-30,1,1,9,2741.757985005834,0.8843066418016976,0.8318390349179802,0.16816096508201983
1508,2024-10-30 20:39:21.146011,1,1,0,1.0,0,5,2024-10-30,1,1,1,2741.757985005834,0.9823264484504345,0.9705563170026417,0.029443682997358334
1509,2024-10-30 20:40:11.667275,2,1,0,1.0,0,5,2024-10-30,1,1,4,2741.757985005834,0.9537287083683881,0.9273753283850786,0.07262467161492137
1510,2024-10-30 20:41:20.396258,3,1,0,1.0,0,5,2024-10-30,1,1,9,2741.757985005834,0.8843066418016976,0.8318390349179802,0.16816096508201983
1511,2024-10-30 20:42:06.253800,1,1,0,1.0,0,5,2024-10-30,1,1,1,2741.757985005834,0.9823264484504345,0.9705563170026417,0.029443682997358334
1512,2024-10-30 20:43:05.373801,4,1,0,1.0,0,5,2024-10-30,1,1,16,2741.757985005834,0.7392094615956857,0.6570963018227935,0.34290369817720645
1513,2024-10-30 20:44:22.283394,2,1,0,1.0,0,5,2024-10-30,1,1,4,2741.757985005834,0.9537287083683881,0.9273753283850786,0.07262467161492137
1514,2024-10-30 20:45:09.251662,3,1,0,1.0,0,5,2024-10-30,1,1,9,2741.757985005834,0.8843066418016976,0.8318390349179802,0.16816096508201983
1515,2024-10-30 20:45:51.095512,2,1,0,1.0,0,5,2024-10-30,1,1,4,2741.757985005834,0.9537287083683881,0.9273753283850786,0.07262467161492137
1516,2024-10-30 20:46:34.208522,2,1,0,1.0,0,5,2024-10-30,1,1,4,2741.757985005834,0.9537287083683881,0.9273753283850786,0.07262467161492137
1517,2024-10-30 20:47:13.117940,1,1,0,1.0,0,5,2024-10-30,1,1,1,2741.757985005834,0.9823264484504345,0.9705563170026417,0.029443682997358334
1518,2024-10-30 20:48:08.173148,3,1,0,1.0,0,5,2024-10-30,1,1,9,2741.757985005834,0.8843066418016976,0.8318390349179802,0.16816096508201983
1519,2024-10-30 20:59:01.229846,2,1,0,1.0,0,5,2024-10-30,1,1,4,2741.757985005834,0.9537287083683881,0.9273753283850786,0.07262467161492137
1520,2024-10-30 20:59:46.639959,4,1,0,1.0,0,5,2024-10-30,1,1,16,2741.757985005834,0.7392094615956857,0.6570963018227935,0.34290369817720645
1521,2024-10-30 21:00:38.615769,1,1,0,1.0,0,5,2024-10-30,1,1,1,2741.757985005834,0.9823264484504345,0.9705563170026417,0.029443682997358334
1522,2024-10-30 21:01:41.889391,2,1,0,1.0,0,5,2024-10-30,1,1,4,2741.757985005834,0.9537287083683881,0.9273753283850786,0.07262467161492137
1523,2024-10-30 21:02:43.888043,3,1,0,1.0,0,5,2024-10-30,1,1,9,2741.757985005834,0.8843066418016976,0.8318390349179802,0.16816096508201983
1524,2024-10-30 21:03:36.633415,3,1,0,1.0,0,5,2024-10-30,1,1,9,2741.757985005834,0.8843066418016976,0.8318390349179802,0.16816096508201983
1525,2024-11-02 14:58:16.660931,10,0,0,1.0,1,5,2024-11-02,0,1,100,2171.147230768249,0.006050769278889784,0.006434427060814574,-0.006434427060814574
1526,2024-11-02 15:06:45.315668,10,0,0,1.0,1,5,2024-11-02,0,1,100,2171.147230768249,0.006050769278889784,0.006434427060814574,-0.006434427060814574
1527,2024-11-02 15:09:14.770382,10,0,0,1.0,1,5,2024-11-02,0,1,100,2171.147230768249,0.006050769278889784,0.006434427060814574,-0.006434427060814574
1528,2024-11-02 15:16:32.302853,10,0,0,1.0,1,5,2024-11-02,0,1,100,2171.147230768249,0.006050769278889784,0.006434427060814574,-0.006434427060814574
1529,2024-11-02 15:21:27.292327,10,0,0,1.0,1,5,2024-11-02,0,1,100,2171.147230768249,0.006050769278889784,0.006434427060814574,-0.006434427060814574
1530,2024-11-02 15:25:29.790784,10,0,0,1.0,1,5,2024-11-02,0,1,100,2171.147230768249,0.006050769278889784,0.006434427060814574,-0.006434427060814574
1531,2024-11-02 15:30:07.212470,10,0,0,1.0,1,5,2024-11-02,0,1,100,2171.147230768249,0.006050769278889784,0.006434427060814574,-0.006434427060814574
1532,2024-11-02 15:44:48.037909,10,0,0,1.0,1,5,2024-11-02,0,1,100,2171.147230768249,0.006050769278889784,0.006434427060814574,-0.006434427060814574
1533,2024-11-02 15:58:06.253626,10,0,0,1.0,1,5,2024-11-02,0,1,100,2171.147230768249,0.006050769278889784,0.006434427060814574,-0.006434427060814574
1534,2024-11-02 16:09:07.107380,10,0,0,1.0,1,5,2024-11-02,0,1,100,2171.147230768249,0.006050769278889784,0.006434427060814574,-0.006434427060814574
1535,2024-11-02 16:22:00.293951,10,0,0,1.0,1,5,2024-11-02,0,1,100,2171.147230768249,0.006050769278889784,0.006434427060814574,-0.006434427060814574
1536,2024-11-02 16:35:12.645704,10,0,0,1.0,1,5,2024-11-02,0,1,100,2171.147230768249,0.006050769278889784,0.006434427060814574,-0.006434427060814574
1537,2024-11-02 16:52:19.483363,10,0,0,1.0,1,5,2024-11-02,0,1,100,2171.147230768249,0.006050769278889784,0.006434427060814574,-0.006434427060814574
1538,2024-11-02 17:12:34.180822,9,0,0,1.0,1,5,2024-11-02,0,1,81,2171.147230768249,0.016150787646026534,0.016442593182564774,-0.016442593182564774
1539,2024-11-02 17:16:38.162258,9,0,0,1.0,1,5,2024-11-02,0,1,81,2171.147230768249,0.016150787646026534,0.016442593182564774,-0.016442593182564774
1540,2024-11-02 17:21:26.148892,9,0,0,1.0,1,5,2024-11-02,0,1,81,2171.147230768249,0.016150787646026534,0.016442593182564774,-0.016442593182564774
1541,2024-11-04 17:49:03.449614,1,1,0,1.0,0,5,2024-11-04,1,1,1,3173.7491433195482,0.9846737678244946,0.9705563170026417,0.029443682997358334
1542,2024-11-04 17:49:12.360687,2,1,0,1.0,0,5,2024-11-04,1,1,4,3173.7491433195482,0.959718496649787,0.9273753283850786,0.07262467161492137
1543,2024-11-04 17:51:11.072022,3,1,0,1.0,0,5,2024-11-04,1,1,9,3173.7491433195482,0.8983250244170601,0.8318390349179802,0.16816096508201983
1544,2024-11-04 17:55:56.029754,4,1,0,1.0,0,5,2024-11-04,1,1,16,3173.7491433195482,0.7661599899485265,0.6570963018227935,0.34290369817720645
1545,2024-11-04 18:00:14.939085,5,1,0,1.0,0,5,2024-11-04,1,1,25,3173.7491433195482,0.5485359225455503,0.4260573723585436,0.5739426276414564
1546,2024-11-04 18:14:34.697857,7,0,0,1.0,0,5,2024-11-04,0,1,49,3173.7491433195482,0.14316631854301984,0.10023392045771826,-0.10023392045771826
1547,2024-11-04 18:26:24.720135,6,1,0,1.0,0,5,2024-11-04,1,1,36,3173.7491433195482,0.3106162355683114,0.22334270735276335,0.7766572926472366
1548,2024-11-04 18:32:17.930146,8,0,0,1.0,0,5,2024-11-04,0,1,64,3173.7491433195482,0.058346736529703035,0.04136939225873243,-0.04136939225873243
1549,2024-11-04 18:36:47.054494,8,0,0,1.0,0,5,2024-11-04,0,1,64,3173.7491433195482,0.058346736529703035,0.04136939225873243,-0.04136939225873243
1550,2024-11-04 18:44:02.732719,8,0,0,1.0,0,5,2024-11-04,0,1,64,3173.7491433195482,0.058346736529703035,0.04136939225873243,-0.04136939225873243
1551,2024-11-04 18:51:35.442570,8,0,0,1.0,0,5,2024-11-04,0,1,64,3173.7491433195482,0.058346736529703035,0.04136939225873243,-0.04136939225873243
1552,2024-11-04 18:55:01.519349,7,1,0,1.0,0,5,2024-11-04,1,1,49,3173.7491433195482,0.14316631854301984,0.10023392045771826,0.8997660795422817
1553,2024-11-04 18:59:40.273265,6,0,0,1.0,0,5,2024-11-04,0,1,36,3173.7491433195482,0.3106162355683114,0.22334270735276335,-0.22334270735276335
1554,2024-11-04 19:13:25.355939,6,0,0,1.0,0,5,2024-11-04,0,1,36,3173.7491433195482,0.3106162355683114,0.22334270735276335,-0.22334270735276335
1555,2024-11-04 19:13:28.213756,3,1,0,1.0,0,5,2024-11-04,1,1,9,3173.7491433195482,0.8983250244170601,0.8318390349179802,0.16816096508201983
1556,2024-11-04 19:20:32.660570,6,1,0,1.0,0,5,2024-11-04,1,1,36,3173.7491433195482,0.3106162355683114,0.22334270735276335,0.7766572926472366
1566,2024-11-06 19:26:05.464789,2,1,0,294.0,0,5,2024-11-06,1,1,4,3106.9646551268224,0.9588435815564453,0.9273753283850786,0.07262467161492137
1567,2024-11-06 19:26:11.466215,2,1,0,294.0,0,5,2024-11-06,1,1,4,3106.9646551268224,0.9588435815564453,0.9273753283850786,0.07262467161492137
1568,2024-11-06 21:01:15.149248,3,1,0,294.0,0,5,2024-11-06,1,1,9,3106.9646551268224,0.8962607808388576,0.8318390349179802,0.16816096508201983
1569,2024-11-06 21:01:20.056440,3,1,0,294.0,0,5,2024-11-06,1,1,9,3106.9646551268224,0.8962607808388576,0.8318390349179802,0.16816096508201983
1570,2024-11-06 21:01:24.493059,3,1,0,294.0,0,5,2024-11-06,1,1,9,3106.9646551268224,0.8962607808388576,0.8318390349179802,0.16816096508201983
1571,2024-11-06 21:01:26.960688,3,1,0,294.0,0,5,2024-11-06,1,1,9,3106.9646551268224,0.8962607808388576,0.8318390349179802,0.16816096508201983
1572,2024-11-06 21:01:38.406669,3,1,0,294.0,0,5,2024-11-06,1,1,9,3106.9646551268224,0.8962607808388576,0.8318390349179802,0.16816096508201983
1573,2024-11-06 21:01:44.346808,2,1,0,294.0,0,5,2024-11-06,1,1,4,3106.9646551268224,0.9588435815564453,0.9273753283850786,0.07262467161492137
1574,2024-11-06 21:01:48.968100,2,1,0,294.0,0,5,2024-11-06,1,1,4,3106.9646551268224,0.9588435815564453,0.9273753283850786,0.07262467161492137
1575,2024-11-06 21:15:20.495704,4,0,0,294.0,0,5,2024-11-06,0,1,16,3106.9646551268224,0.7621230120761516,0.6570963018227935,-0.6570963018227935
1576,2024-11-06 21:15:28.079707,4,0,0,294.0,0,5,2024-11-06,0,1,16,3106.9646551268224,0.7621230120761516,0.6570963018227935,-0.6570963018227935
1577,2024-11-08 18:17:45.154097,3,1,0,294.0,0,5,2024-11-08,1,1,9,2627.9173917559997,0.8803425963649656,0.8318390349179802,0.16816096508201983
1578,2024-11-08 18:20:06.154229,3,1,0,294.0,0,5,2024-11-08,1,1,9,2627.9173917559997,0.8803425963649656,0.8318390349179802,0.16816096508201983
1579,2024-11-08 18:22:25.085748,4,1,0,294.0,0,5,2024-11-08,1,1,16,2627.9173917559997,0.7317818032820333,0.6570963018227935,0.34290369817720645
1580,2024-11-08 18:24:35.166130,5,0,0,294.0,0,5,2024-11-08,0,1,25,2627.9173917559997,0.5029211380243438,0.4260573723585436,-0.4260573723585436
1581,2024-11-08 18:27:03.255787,5,1,0,294.0,0,5,2024-11-08,1,1,25,2627.9173917559997,0.5029211380243438,0.4260573723585436,0.5739426276414564
1582,2024-11-08 18:29:48.182489,5,1,0,294.0,0,5,2024-11-08,1,1,25,2627.9173917559997,0.5029211380243438,0.4260573723585436,0.5739426276414564
1583,2024-11-08 18:32:52.766307,6,0,0,294.0,0,5,2024-11-08,0,1,36,2627.9173917559997,0.27282984067123556,0.22334270735276335,-0.22334270735276335
1584,2024-11-08 18:37:40.144934,6,0,0,294.0,0,5,2024-11-08,0,1,36,2627.9173917559997,0.27282984067123556,0.22334270735276335,-0.22334270735276335
1585,2024-11-08 18:39:23.139875,7,0,0,294.0,0,5,2024-11-08,0,1,49,2627.9173917559997,0.12214108444747189,0.10023392045771826,-0.10023392045771826
1586,2024-11-08 18:42:13.468515,7,0,0,294.0,0,5,2024-11-08,0,1,49,2627.9173917559997,0.12214108444747189,0.10023392045771826,-0.10023392045771826
1587,2024-11-08 18:43:48.205981,7,0,0,294.0,0,5,2024-11-08,0,1,49,2627.9173917559997,0.12214108444747189,0.10023392045771826,-0.10023392045771826
1588,2024-11-08 18:49:24.384714,6,0,0,294.0,0,5,2024-11-08,0,1,36,2627.9173917559997,0.27282984067123556,0.22334270735276335,-0.22334270735276335
1589,2024-11-08 18:51:59.445380,6,0,0,294.0,0,5,2024-11-08,0,1,36,2627.9173917559997,0.27282984067123556,0.22334270735276335,-0.22334270735276335
1590,2024-11-08 18:54:53.357886,6,0,0,294.0,0,5,2024-11-08,0,1,36,2627.9173917559997,0.27282984067123556,0.22334270735276335,-0.22334270735276335
1591,2024-11-08 19:02:20.921993,6,0,0,294.0,0,5,2024-11-08,0,1,36,2627.9173917559997,0.27282984067123556,0.22334270735276335,-0.22334270735276335
1592,2024-11-08 19:08:23.128823,6,0,0,294.0,0,5,2024-11-08,0,1,36,2627.9173917559997,0.27282984067123556,0.22334270735276335,-0.22334270735276335
1593,2024-11-08 19:13:54.623530,6,0,0,294.0,0,5,2024-11-08,0,1,36,2627.9173917559997,0.27282984067123556,0.22334270735276335,-0.22334270735276335
1594,2024-11-08 19:18:12.367913,6,0,0,294.0,0,5,2024-11-08,0,1,36,2627.9173917559997,0.27282984067123556,0.22334270735276335,-0.22334270735276335
1595,2024-11-08 19:23:19.634598,6,0,0,294.0,0,5,2024-11-08,0,1,36,2627.9173917559997,0.27282984067123556,0.22334270735276335,-0.22334270735276335
1596,2024-11-08 19:27:40.275759,5,0,0,294.0,0,5,2024-11-08,0,1,25,2627.9173917559997,0.5029211380243438,0.4260573723585436,-0.4260573723585436
1597,2024-11-08 19:33:16.682756,6,1,0,294.0,0,5,2024-11-08,1,1,36,2627.9173917559997,0.27282984067123556,0.22334270735276335,0.7766572926472366
1598,2024-11-08 19:44:20.675669,2,1,0,294.0,0,5,2024-11-08,1,1,4,2627.9173917559997,0.952014223959418,0.9273753283850786,0.07262467161492137
1599,2024-11-08 19:45:24.021264,3,1,0,294.0,0,5,2024-11-08,1,1,9,2627.9173917559997,0.8803425963649656,0.8318390349179802,0.16816096508201983
1600,2024-11-08 19:48:41.339084,2,1,0,294.0,0,5,2024-11-08,1,1,4,2627.9173917559997,0.952014223959418,0.9273753283850786,0.07262467161492137
1601,2024-11-08 19:48:46.804628,1,1,0,294.0,0,5,2024-11-08,1,1,1,2627.9173917559997,0.9816512063442805,0.9705563170026417,0.029443682997358334
1602,2024-11-11 14:39:50.543132,10,0,0,294.0,1,5,2024-11-11,0,1,100,2515.8269596484174,0.006787277654724826,0.006434427060814574,-0.006434427060814574
1603,2024-11-11 14:44:48.684965,10,0,0,294.0,1,5,2024-11-11,0,1,100,2515.8269596484174,0.006787277654724826,0.006434427060814574,-0.006434427060814574
1604,2024-11-11 14:50:17.626531,10,0,0,294.0,1,5,2024-11-11,0,1,100,2515.8269596484174,0.006787277654724826,0.006434427060814574,-0.006434427060814574
1617,2024-11-24 18:26:09.363807,6,1,0,294.0,0,5,2024-11-24,1,1,36,776.0010958499518,0.16777961730980848,0.22334270735276335,0.7766572926472366
1618,2024-11-24 18:26:23.179728,6,1,0,294.0,0,5,2024-11-24,1,1,36,776.0010958499518,0.16777961730980848,0.22334270735276335,0.7766572926472366
1619,2024-11-24 18:26:25.942687,6,1,0,294.0,0,5,2024-11-24,1,1,36,776.0010958499518,0.16777961730980848,0.22334270735276335,0.7766572926472366
1620,2024-11-24 18:26:29.236694,6,0,0,294.0,0,5,2024-11-24,0,1,36,776.0010958499518,0.16777961730980848,0.22334270735276335,-0.22334270735276335
1621,2024-11-24 18:26:34.978209,6,0,0,294.0,0,5,2024-11-24,0,1,36,776.0010958499518,0.16777961730980848,0.22334270735276335,-0.22334270735276335
1622,2024-11-24 18:26:37.423078,6,0,0,294.0,0,5,2024-11-24,0,1,36,776.0010958499518,0.16777961730980848,0.22334270735276335,-0.22334270735276335
1623,2024-11-24 18:26:39.775116,8,0,0,294.0,0,5,2024-11-24,0,1,64,776.0010958499518,0.02697656232087912,0.04136939225873243,-0.04136939225873243
1624,2024-11-24 18:26:43.938899,8,0,0,294.0,0,5,2024-11-24,0,1,64,776.0010958499518,0.02697656232087912,0.04136939225873243,-0.04136939225873243
1625,2024-11-24 18:26:46.550114,8,0,0,294.0,0,5,2024-11-24,0,1,64,776.0010958499518,0.02697656232087912,0.04136939225873243,-0.04136939225873243
1626,2024-11-24 18:26:48.929622,4,1,0,294.0,0,5,2024-11-24,1,1,16,776.0010958499518,0.5944874537028748,0.6570963018227935,0.34290369817720645
1627,2024-11-24 18:26:55.726130,4,1,0,294.0,0,5,2024-11-24,1,1,16,776.0010958499518,0.5944874537028748,0.6570963018227935,0.34290369817720645
1628,2024-12-02 19:39:34.131862,0,1,0,294.0,0,5,2024-12-02,1,1,0,567.1773022203076,0.986353015297559,0.9883844429385786,0.011615557061421367
1629,2024-12-02 19:40:29.775501,2,1,0,294.0,0,5,2024-12-02,1,1,4,567.1773022203076,0.9085869174294656,0.9273753283850786,0.07262467161492137
1630,2024-12-02 19:42:19.077417,3,1,0,294.0,0,5,2024-12-02,1,1,9,567.1773022203076,0.7865922018561049,0.8318390349179802,0.16816096508201983
1631,2024-12-02 19:44:23.485029,2,1,0,294.0,0,5,2024-12-02,1,1,4,567.1773022203076,0.9085869174294656,0.9273753283850786,0.07262467161492137
1632,2024-12-02 19:46:33.476120,3,1,0,294.0,0,5,2024-12-02,1,1,9,567.1773022203076,0.7865922018561049,0.8318390349179802,0.16816096508201983
1633,2024-12-02 19:54:55.011879,3,1,0,294.0,0,5,2024-12-02,1,1,9,567.1773022203076,0.7865922018561049,0.8318390349179802,0.16816096508201983
1634,2024-12-02 19:57:46.015877,3,1,0,294.0,0,5,2024-12-02,1,1,9,567.1773022203076,0.7865922018561049,0.8318390349179802,0.16816096508201983
1635,2024-12-02 20:09:04.970920,5,1,0,294.0,0,5,2024-12-02,1,1,25,567.1773022203076,0.3363754278466663,0.4260573723585436,0.5739426276414564
1636,2024-12-02 20:09:12.835008,6,0,0,294.0,0,5,2024-12-02,0,1,36,567.1773022203076,0.15822621154302385,0.22334270735276335,-0.22334270735276335
1637,2024-12-02 20:14:30.409901,6,1,0,294.0,0,5,2024-12-02,1,1,36,567.1773022203076,0.15822621154302385,0.22334270735276335,0.7766572926472366
1638,2024-12-02 20:19:46.962907,7,1,0,294.0,0,5,2024-12-02,1,1,49,567.1773022203076,0.06516287105710918,0.10023392045771826,0.8997660795422817
1639,2024-12-02 20:19:51.807264,7,0,0,294.0,0,5,2024-12-02,0,1,49,567.1773022203076,0.06516287105710918,0.10023392045771826,-0.10023392045771826
1640,2024-12-02 20:29:09.651087,8,0,0,294.0,0,5,2024-12-02,0,1,64,567.1773022203076,0.025197763844008195,0.04136939225873243,-0.04136939225873243
1641,2024-12-02 20:31:16.200089,8,0,0,294.0,0,5,2024-12-02,0,1,64,567.1773022203076,0.025197763844008195,0.04136939225873243,-0.04136939225873243
1642,2024-12-02 20:35:50.149011,9,0,0,294.0,0,5,2024-12-02,0,1,81,567.1773022203076,0.009494749109416657,0.016442593182564774,-0.016442593182564774
1643,2024-12-02 20:37:58.896493,10,0,0,294.0,0,5,2024-12-02,0,1,100,567.1773022203076,0.003542149368090844,0.006434427060814574,-0.006434427060814574
1644,2024-12-02 20:44:33.850744,8,0,0,294.0,0,5,2024-12-02,0,1,64,567.1773022203076,0.025197763844008195,0.04136939225873243,-0.04136939225873243
1645,2024-12-03 20:02:21.675115,5,1,0,294.0,0,5,2024-12-03,1,1,25,1125.2032457096243,0.3793456597651696,0.4260573723585436,0.5739426276414564
1646,2024-12-03 20:02:36.686575,5,0,0,294.0,0,5,2024-12-03,0,1,25,1125.2032457096243,0.3793456597651696,0.4260573723585436,-0.4260573723585436
1647,2024-12-03 20:02:43.125547,4,1,0,294.0,0,5,2024-12-03,1,1,16,1125.2032457096243,0.622381870127606,0.6570963018227935,0.34290369817720645
1648,2024-12-03 20:46:46.659022,6,0,0,294.0,0,5,2024-12-03,0,1,36,1125.2032457096243,0.18477528713083938,0.22334270735276335,-0.22334270735276335
1650,2024-12-03 20:46:55.066468,6,0,0,294.0,0,5,2024-12-03,0,1,36,1125.2032457096243,0.18477528713083938,0.22334270735276335,-0.22334270735276335
1662,2024-12-05 21:21:35.921518,0,1,0,306.0,0,5,2024-12-05,1,1,0,1046.1060644145923,0.9883545817147205,0.9883844429385786,0.011615557061421367
1663,2024-12-05 21:21:40.818008,0,1,0,306.0,0,5,2024-12-05,1,1,0,1046.1060644145923,0.9883545817147205,0.9883844429385786,0.011615557061421367
1664,2024-12-05 21:21:44.406560,1,1,0,306.0,0,5,2024-12-05,1,1,1,1046.1060644145923,0.969205238927884,0.9705563170026417,0.029443682997358334
1665,2024-12-05 21:21:48.648563,1,1,0,306.0,0,5,2024-12-05,1,1,1,1046.1060644145923,0.969205238927884,0.9705563170026417,0.029443682997358334
1666,2024-12-05 21:21:50.639729,2,1,0,306.0,0,5,2024-12-05,1,1,4,1046.1060644145923,0.9210816511771288,0.9273753283850786,0.07262467161492137
1667,2024-12-05 21:21:54.053604,2,1,0,306.0,0,5,2024-12-05,1,1,4,1046.1060644145923,0.9210816511771288,0.9273753283850786,0.07262467161492137
1668,2024-12-05 21:23:55.001969,0,1,0,306.0,0,5,2024-12-05,1,1,0,1046.1060644145923,0.9883545817147205,0.9883844429385786,0.011615557061421367
1669,2024-12-05 21:23:58.266002,0,1,0,306.0,0,5,2024-12-05,1,1,0,1046.1060644145923,0.9883545817147205,0.9883844429385786,0.011615557061421367
1670,2024-12-05 21:24:01.536950,1,1,0,306.0,0,5,2024-12-05,1,1,1,1046.1060644145923,0.969205238927884,0.9705563170026417,0.029443682997358334
1671,2024-12-05 21:24:10.496938,1,1,0,306.0,0,5,2024-12-05,1,1,1,1046.1060644145923,0.969205238927884,0.9705563170026417,0.029443682997358334
1672,2024-12-05 21:24:12.738709,2,1,0,306.0,0,5,2024-12-05,1,1,4,1046.1060644145923,0.9210816511771288,0.9273753283850786,0.07262467161492137
1673,2024-12-05 21:25:12.918235,1,1,0,306.0,0,5,2024-12-05,1,1,1,1046.1060644145923,0.969205238927884,0.9705563170026417,0.029443682997358334
1674,2024-12-05 21:25:16.311758,1,1,0,306.0,0,5,2024-12-05,1,1,1,1046.1060644145923,0.969205238927884,0.9705563170026417,0.029443682997358334
1675,2024-12-05 21:26:06.900024,2,1,0,306.0,0,5,2024-12-05,1,1,4,1046.1060644145923,0.9210816511771288,0.9273753283850786,0.07262467161492137
1676,2024-12-05 21:26:12.938398,2,0,0,306.0,0,5,2024-12-05,0,1,4,1046.1060644145923,0.9210816511771288,0.9273753283850786,-0.9273753283850786
1677,2024-12-05 21:27:01.667971,3,1,0,306.0,0,5,2024-12-05,1,1,9,1046.1060644145923,0.812317267474114,0.8318390349179802,0.16816096508201983
1678,2024-12-05 21:28:07.916411,3,1,0,306.0,0,5,2024-12-05,1,1,9,1046.1060644145923,0.812317267474114,0.8318390349179802,0.16816096508201983
1679,2024-12-05 21:29:33.527452,3,1,0,306.0,0,5,2024-12-05,1,1,9,1046.1060644145923,0.812317267474114,0.8318390349179802,0.16816096508201983
1680,2024-12-05 21:30:45.666669,3,0,0,306.0,0,5,2024-12-05,0,1,9,1046.1060644145923,0.812317267474114,0.8318390349179802,-0.8318390349179802
1681,2024-12-05 21:40:07.451577,1,1,0,306.0,0,5,2024-12-05,1,1,1,1046.1060644145923,0.969205238927884,0.9705563170026417,0.029443682997358334
1682,2024-12-05 21:40:11.826602,1,1,0,306.0,0,5,2024-12-05,1,1,1,1046.1060644145923,0.969205238927884,0.9705563170026417,0.029443682997358334
1683,2024-12-05 21:40:13.603205,2,1,0,306.0,0,5,2024-12-05,1,1,4,1046.1060644145923,0.9210816511771288,0.9273753283850786,0.07262467161492137
1684,2024-12-05 21:40:17.277305,2,1,0,306.0,0,5,2024-12-05,1,1,4,1046.1060644145923,0.9210816511771288,0.9273753283850786,0.07262467161492137
1685,2024-12-05 21:41:24.537202,3,1,0,306.0,0,5,2024-12-05,1,1,9,1046.1060644145923,0.812317267474114,0.8318390349179802,0.16816096508201983
1686,2024-12-05 21:42:30.380540,1,1,0,306.0,0,5,2024-12-05,1,1,1,1046.1060644145923,0.969205238927884,0.9705563170026417,0.029443682997358334
1687,2024-12-05 21:43:19.730467,2,1,0,306.0,0,5,2024-12-05,1,1,4,1046.1060644145923,0.9210816511771288,0.9273753283850786,0.07262467161492137
1688,2024-12-07 11:00:27.786588,3,1,0,306.0,0,5,2024-12-07,1,1,9,934.2952238686953,0.8065328072898434,0.8318390349179802,0.16816096508201983
1689,2024-12-07 11:06:48.318557,5,0,0,306.0,0,5,2024-12-07,0,1,25,934.2952238686953,0.36439076389137737,0.4260573723585436,-0.4260573723585436
1690,2024-12-07 11:10:43.046513,5,0,0,306.0,1,5,2024-12-07,0,1,25,934.2952238686953,0.36439076389137737,0.4260573723585436,-0.4260573723585436
1691,2024-12-07 11:33:40.495613,5,0,0,306.0,1,5,2024-12-07,0,1,25,934.2952238686953,0.36439076389137737,0.4260573723585436,-0.4260573723585436
1692,2024-12-07 11:39:21.065024,5,0,0,306.0,1,5,2024-12-07,0,1,25,934.2952238686953,0.36439076389137737,0.4260573723585436,-0.4260573723585436
1693,2024-12-07 11:57:40.569987,5,0,0,306.0,1,5,2024-12-07,0,1,25,934.2952238686953,0.36439076389137737,0.4260573723585436,-0.4260573723585436
1694,2024-12-07 12:02:54.790876,4,0,0,306.0,1,5,2024-12-07,0,1,16,934.2952238686953,0.6072195787085207,0.6570963018227935,-0.6570963018227935
1695,2024-12-07 12:06:48.419062,4,1,0,306.0,1,5,2024-12-07,1,1,16,934.2952238686953,0.6072195787085207,0.6570963018227935,0.34290369817720645
1696,2024-12-07 12:29:11.488026,7,0,0,306.0,1,5,2024-12-07,0,1,49,934.2952238686953,0.0730773997137397,0.10023392045771826,-0.10023392045771826
1697,2024-12-07 12:33:23.513022,7,0,0,306.0,1,5,2024-12-07,0,1,49,934.2952238686953,0.0730773997137397,0.10023392045771826,-0.10023392045771826
1698,2024-12-07 12:35:48.238081,7,0,0,306.0,1,5,2024-12-07,0,1,49,934.2952238686953,0.0730773997137397,0.10023392045771826,-0.10023392045771826
1699,2024-12-07 12:37:32.119545,4,1,0,306.0,1,5,2024-12-07,1,1,16,934.2952238686953,0.6072195787085207,0.6570963018227935,0.34290369817720645
1700,2024-12-08 10:37:17.226881,6,0,0,306.0,1,5,2024-12-08,0,1,36,1174.385278048679,0.1872730185694676,0.22334270735276335,-0.22334270735276335
1701,2024-12-08 10:46:49.735696,6,0,0,306.0,1,5,2024-12-08,0,1,36,1174.385278048679,0.1872730185694676,0.22334270735276335,-0.22334270735276335
1702,2024-12-08 10:53:22.967103,6,0,0,306.0,1,5,2024-12-08,0,1,36,1174.385278048679,0.1872730185694676,0.22334270735276335,-0.22334270735276335
1703,2024-12-08 10:57:45.920633,6,0,0,306.0,1,5,2024-12-08,0,1,36,1174.385278048679,0.1872730185694676,0.22334270735276335,-0.22334270735276335
1704,2024-12-08 11:09:28.845943,6,0,0,306.0,1,5,2024-12-08,0,1,36,1174.385278048679,0.1872730185694676,0.22334270735276335,-0.22334270735276335
1705,2024-12-08 11:26:49.806602,6,0,0,306.0,1,5,2024-12-08,0,1,36,1174.385278048679,0.1872730185694676,0.22334270735276335,-0.22334270735276335
1706,2024-12-08 11:26:52.756526,10,0,0,306.0,1,5,2024-12-08,0,1,100,1174.385278048679,0.00433877404869395,0.006434427060814574,-0.006434427060814574
1707,2024-12-08 11:45:06.469837,6,0,0,306.0,1,5,2024-12-08,0,1,36,1174.385278048679,0.1872730185694676,0.22334270735276335,-0.22334270735276335
1708,2024-12-08 11:52:58.979403,10,0,0,306.0,1,5,2024-12-08,0,1,100,1174.385278048679,0.00433877404869395,0.006434427060814574,-0.006434427060814574
1709,2024-12-08 12:21:51.368002,10,0,0,306.0,1,5,2024-12-08,0,1,100,1174.385278048679,0.00433877404869395,0.006434427060814574,-0.006434427060814574
1710,2024-12-08 12:30:46.644246,10,0,0,306.0,1,5,2024-12-08,0,1,100,1174.385278048679,0.00433877404869395,0.006434427060814574,-0.006434427060814574
1711,2024-12-08 12:37:16.185812,10,0,0,306.0,1,5,2024-12-08,0,1,100,1174.385278048679,0.00433877404869395,0.006434427060814574,-0.006434427060814574
1712,2024-12-08 12:45:03.828080,10,0,0,306.0,1,5,2024-12-08,0,1,100,1174.385278048679,0.00433877404869395,0.006434427060814574,-0.006434427060814574
1713,2024-12-08 14:48:43.608168,9,0,0,306.0,1,5,2024-12-08,0,1,81,1174.385278048679,0.011614501579053946,0.016442593182564774,-0.016442593182564774
1714,2024-12-10 20:09:49.164113,1,1,0,306.0,0,5,2024-12-10,1,1,1,1805.7186541280403,0.9759647814204258,0.9705563170026417,0.029443682997358334
1715,2024-12-10 20:09:58.705272,2,1,0,306.0,0,5,2024-12-10,1,1,4,1805.7186541280403,0.937725744689871,0.9273753283850786,0.07262467161492137
1716,2024-12-10 20:10:02.339236,3,1,0,306.0,0,5,2024-12-10,1,1,9,1805.7186541280403,0.8481175699279552,0.8318390349179802,0.16816096508201983
1717,2024-12-12 18:00:35.378911,3,1,0,306.0,0,5,2024-12-12,1,1,9,1491.0651173937135,0.834018266436921,0.8318390349179802,0.16816096508201983
1718,2024-12-12 18:00:40.306696,3,1,0,306.0,1,5,2024-12-12,1,1,9,1491.0651173937135,0.834018266436921,0.8318390349179802,0.16816096508201983
1719,2024-12-12 18:00:53.499308,4,1,0,306.0,1,5,2024-12-12,1,1,16,1491.0651173937135,0.6507598021999577,0.6570963018227935,0.34290369817720645
1720,2024-12-12 18:00:58.919840,6,0,0,306.0,1,5,2024-12-12,0,1,36,1491.0651173937135,0.2039782570803547,0.22334270735276335,-0.22334270735276335
1721,2024-12-12 18:22:34.693996,5,0,0,306.0,1,5,2024-12-12,0,1,25,1491.0651173937135,0.4086337620039868,0.4260573723585436,-0.4260573723585436
1722,2024-12-12 18:22:41.035904,5,0,0,306.0,1,5,2024-12-12,0,1,25,1491.0651173937135,0.4086337620039868,0.4260573723585436,-0.4260573723585436
1723,2024-12-12 18:22:42.719071,5,0,0,306.0,1,5,2024-12-12,0,1,25,1491.0651173937135,0.4086337620039868,0.4260573723585436,-0.4260573723585436
1724,2024-12-12 18:24:50.113460,5,0,0,306.0,1,5,2024-12-12,0,1,25,1491.0651173937135,0.4086337620039868,0.4260573723585436,-0.4260573723585436
1725,2024-12-12 18:46:30.377542,8,0,0,306.0,1,5,2024-12-12,0,1,64,1491.0651173937135,0.03403931789973062,0.04136939225873243,-0.04136939225873243
1726,2024-12-12 18:51:48.664524,8,0,0,306.0,1,5,2024-12-12,0,1,64,1491.0651173937135,0.03403931789973062,0.04136939225873243,-0.04136939225873243
1727,2024-12-12 18:57:31.524012,8,0,0,306.0,1,5,2024-12-12,0,1,64,1491.0651173937135,0.03403931789973062,0.04136939225873243,-0.04136939225873243
1728,2024-12-12 19:09:34.769278,8,0,0,306.0,1,5,2024-12-12,0,1,64,1491.0651173937135,0.03403931789973062,0.04136939225873243,-0.04136939225873243
1729,2024-12-12 19:17:13.556582,8,0,0,306.0,1,5,2024-12-12,0,1,64,1491.0651173937135,0.03403931789973062,0.04136939225873243,-0.04136939225873243
1730,2024-12-12 19:25:34.758807,8,0,0,306.0,1,5,2024-12-12,0,1,64,1491.0651173937135,0.03403931789973062,0.04136939225873243,-0.04136939225873243
1731,2024-12-12 19:35:21.390344,8,0,0,306.0,1,5,2024-12-12,0,1,64,1491.0651173937135,0.03403931789973062,0.04136939225873243,-0.04136939225873243
1732,2024-12-12 20:04:05.351507,8,0,0,306.0,1,5,2024-12-12,0,1,64,1491.0651173937135,0.03403931789973062,0.04136939225873243,-0.04136939225873243
1733,2024-12-12 22:37:47.475558,10,0,0,306.0,1,5,2024-12-12,0,1,100,1491.0651173937135,0.004822634429856859,0.006434427060814574,-0.006434427060814574
1734,2024-12-12 22:37:51.339708,10,0,0,306.0,1,5,2024-12-12,0,1,100,1491.0651173937135,0.004822634429856859,0.006434427060814574,-0.006434427060814574
1738,2024-12-16 18:42:16.575621,0,1,0,304.0,0,5,2024-12-16,1,1,0,1652.8925087747648,0.9904785891708471,0.9883844429385786,0.011615557061421367
1747,2024-12-17 19:34:08.368640,2,1,0,0.0,0,5,2024-12-17,1,1,4,1495.5989899307378,0.9313679702651928,0.9273753283850786,0.07262467161492137
1748,2024-12-17 19:34:48.940474,3,1,0,0.0,0,5,2024-12-17,1,1,9,1495.5989899307378,0.8342286676969699,0.8318390349179802,0.16816096508201983
1749,2024-12-17 19:34:52.953322,7,1,0,0.0,0,5,2024-12-17,1,1,49,1495.5989899307378,0.08689984557750423,0.10023392045771826,0.8997660795422817
1750,2024-12-17 19:35:05.114934,7,0,0,0.0,0,5,2024-12-17,0,1,49,1495.5989899307378,0.08689984557750423,0.10023392045771826,-0.10023392045771826
1751,2024-12-17 19:47:04.221879,6,1,0,0.0,0,5,2024-12-17,1,1,36,1495.5989899307378,0.2042252800628268,0.22334270735276335,0.7766572926472366
1752,2024-12-17 19:55:09.857679,6,0,0,0.0,0,5,2024-12-17,0,1,36,1495.5989899307378,0.2042252800628268,0.22334270735276335,-0.22334270735276335
1753,2024-12-17 19:58:19.250176,6,0,0,0.0,0,5,2024-12-17,0,1,36,1495.5989899307378,0.2042252800628268,0.22334270735276335,-0.22334270735276335
1754,2024-12-25 21:05:42.147170,2,1,0,0.0,0,5,2024-12-25,1,1,4,780.7681264106598,0.9143653662130066,0.9273753283850786,0.07262467161492137
1755,2024-12-25 21:07:41.733085,3,1,0,0.0,0,5,2024-12-25,1,1,9,780.7681264106598,0.7983709230704614,0.8318390349179802,0.16816096508201983
1756,2024-12-25 21:11:01.289183,4,0,0,0.0,0,5,2024-12-25,0,1,16,780.7681264106598,0.594872837114866,0.6570963018227935,-0.6570963018227935
1757,2024-12-25 21:13:38.423924,4,0,0,0.0,0,5,2024-12-25,0,1,16,780.7681264106598,0.594872837114866,0.6570963018227935,-0.6570963018227935
1758,2024-12-25 21:13:41.127626,4,1,0,0.0,0,5,2024-12-25,1,1,16,780.7681264106598,0.594872837114866,0.6570963018227935,0.34290369817720645
1759,2024-12-26 09:48:25.992169,1,1,0,0.0,0,5,2024-12-26,1,1,1,767.468215586195,0.9662902298070492,0.9705563170026417,0.029443682997358334
1760,2024-12-26 09:49:10.024725,1,1,0,0.0,0,5,2024-12-26,1,1,1,767.468215586195,0.9662902298070492,0.9705563170026417,0.029443682997358334
1761,2024-12-26 09:51:25.675339,1,1,0,0.0,0,5,2024-12-26,1,1,1,767.468215586195,0.9662902298070492,0.9705563170026417,0.029443682997358334
1762,2024-12-26 09:53:15.282888,2,1,0,0.0,0,5,2024-12-26,1,1,4,767.468215586195,0.9140154335331618,0.9273753283850786,0.07262467161492137
1763,2024-12-26 09:56:51.794668,3,1,0,0.0,0,5,2024-12-26,1,1,9,767.468215586195,0.7976518912836864,0.8318390349179802,0.16816096508201983
1764,2024-12-26 09:59:59.130557,3,1,0,0.0,0,5,2024-12-26,1,1,9,767.468215586195,0.7976518912836864,0.8318390349179802,0.16816096508201983
1765,2024-12-26 11:37:25.956238,4,0,0,0.0,1,5,2024-12-26,0,1,16,767.468215586195,0.593797335329091,0.6570963018227935,-0.6570963018227935
1766,2024-12-26 11:56:11.512536,4,0,0,0.0,1,5,2024-12-26,0,1,16,767.468215586195,0.593797335329091,0.6570963018227935,-0.6570963018227935
1767,2024-12-26 12:00:20.236951,4,0,0,0.0,1,5,2024-12-26,0,1,16,767.468215586195,0.593797335329091,0.6570963018227935,-0.6570963018227935
1768,2024-12-26 12:17:19.424379,4,1,0,0.0,1,5,2024-12-26,1,1,16,767.468215586195,0.593797335329091,0.6570963018227935,0.34290369817720645
1769,2024-12-26 12:21:38.212271,7,0,0,0.0,1,5,2024-12-26,0,1,49,767.468215586195,0.06937661670504029,0.10023392045771826,-0.10023392045771826
1770,2024-12-26 12:21:42.736973,7,0,0,0.0,1,5,2024-12-26,0,1,49,767.468215586195,0.06937661670504029,0.10023392045771826,-0.10023392045771826
1771,2024-12-26 12:27:38.981808,7,0,0,0.0,1,5,2024-12-26,0,1,49,767.468215586195,0.06937661670504029,0.10023392045771826,-0.10023392045771826
1772,2024-12-26 12:30:22.793182,7,0,0,0.0,1,5,2024-12-26,0,1,49,767.468215586195,0.06937661670504029,0.10023392045771826,-0.10023392045771826
1773,2024-12-26 12:35:43.508263,7,0,0,0.0,1,5,2024-12-26,0,1,49,767.468215586195,0.06937661670504029,0.10023392045771826,-0.10023392045771826
1774,2024-12-26 12:43:41.151825,10,0,0,0.0,1,5,2024-12-26,0,1,100,767.468215586195,0.0037873451927859896,0.006434427060814574,-0.006434427060814574
1775,2024-12-26 12:52:04.743720,10,0,0,0.0,1,5,2024-12-26,0,1,100,767.468215586195,0.0037873451927859896,0.006434427060814574,-0.006434427060814574
1776,2024-12-26 12:58:00.025060,10,0,0,0.0,1,5,2024-12-26,0,1,100,767.468215586195,0.0037873451927859896,0.006434427060814574,-0.006434427060814574
1777,2024-12-26 13:21:25.149578,10,0,0,0.0,1,5,2024-12-26,0,1,100,767.468215586195,0.0037873451927859896,0.006434427060814574,-0.006434427060814574
1778,2024-12-26 14:48:56.564954,7,0,0,0.0,1,5,2024-12-26,0,1,49,767.468215586195,0.06937661670504029,0.10023392045771826,-0.10023392045771826
1779,2024-12-26 14:54:37.131503,7,0,0,0.0,1,5,2024-12-26,0,1,49,767.468215586195,0.06937661670504029,0.10023392045771826,-0.10023392045771826
1780,2024-12-26 15:08:22.002332,7,0,0,0.0,1,5,2024-12-26,0,1,49,767.468215586195,0.06937661670504029,0.10023392045771826,-0.10023392045771826
1781,2024-12-26 15:15:19.050679,7,0,0,0.0,1,5,2024-12-26,0,1,49,767.468215586195,0.06937661670504029,0.10023392045771826,-0.10023392045771826
1782,2024-12-26 15:22:43.788151,7,0,0,0.0,1,5,2024-12-26,0,1,49,767.468215586195,0.06937661670504029,0.10023392045771826,-0.10023392045771826
1783,2024-12-26 15:49:25.410854,7,0,0,0.0,1,5,2024-12-26,0,1,49,767.468215586195,0.06937661670504029,0.10023392045771826,-0.10023392045771826
1784,2024-12-26 15:54:23.003473,7,0,0,0.0,1,5,2024-12-26,0,1,49,767.468215586195,0.06937661670504029,0.10023392045771826,-0.10023392045771826
1785,2024-12-26 16:00:15.518218,7,0,0,0.0,1,5,2024-12-26,0,1,49,767.468215586195,0.06937661670504029,0.10023392045771826,-0.10023392045771826
1786,2024-12-26 16:17:11.157730,7,0,0,0.0,1,5,2024-12-26,0,1,49,767.468215586195,0.06937661670504029,0.10023392045771826,-0.10023392045771826
1787,2024-12-26 16:21:35.335171,7,0,0,0.0,1,5,2024-12-26,0,1,49,767.468215586195,0.06937661670504029,0.10023392045771826,-0.10023392045771826
1788,2024-12-26 16:28:06.800381,7,0,0,0.0,1,5,2024-12-26,0,1,49,767.468215586195,0.06937661670504029,0.10023392045771826,-0.10023392045771826
1789,2024-12-27 12:55:41.572737,2,1,0,0.0,1,5,2024-12-27,1,1,4,1967.433958615678,0.9408189218607222,0.9273753283850786,0.07262467161492137
1790,2024-12-27 12:55:46.682798,2,1,0,0.0,1,5,2024-12-27,1,1,4,1967.433958615678,0.9408189218607222,0.9273753283850786,0.07262467161492137
1791,2024-12-27 12:55:49.108893,2,1,0,0.0,1,5,2024-12-27,1,1,4,1967.433958615678,0.9408189218607222,0.9273753283850786,0.07262467161492137
1792,2024-12-27 13:07:00.145635,4,1,0,0.0,1,5,2024-12-27,1,1,16,1967.433958615678,0.6861443914218709,0.6570963018227935,0.34290369817720645
1793,2024-12-27 13:20:45.178349,4,0,0,0.0,1,5,2024-12-27,0,1,16,1967.433958615678,0.6861443914218709,0.6570963018227935,-0.6570963018227935
1794,2024-12-27 13:20:53.428224,4,0,0,0.0,1,5,2024-12-27,0,1,16,1967.433958615678,0.6861443914218709,0.6570963018227935,-0.6570963018227935
1795,2024-12-27 13:31:15.421546,4,0,0,0.0,1,5,2024-12-27,0,1,16,1967.433958615678,0.6861443914218709,0.6570963018227935,-0.6570963018227935
1796,2024-12-27 13:33:47.022170,4,0,0,0.0,1,5,2024-12-27,0,1,16,1967.433958615678,0.6861443914218709,0.6570963018227935,-0.6570963018227935
1797,2024-12-27 13:48:14.115326,4,0,0,0.0,1,5,2024-12-27,0,1,16,1967.433958615678,0.6861443914218709,0.6570963018227935,-0.6570963018227935
1798,2024-12-27 13:48:17.593302,4,0,0,0.0,1,5,2024-12-27,0,1,16,1967.433958615678,0.6861443914218709,0.6570963018227935,-0.6570963018227935
1799,2024-12-27 14:03:43.343254,4,0,0,0.0,1,5,2024-12-27,0,1,16,1967.433958615678,0.6861443914218709,0.6570963018227935,-0.6570963018227935
1800,2024-12-27 14:24:05.951588,4,0,0,0.0,1,5,2024-12-27,0,1,16,1967.433958615678,0.6861443914218709,0.6570963018227935,-0.6570963018227935
1801,2024-12-27 14:24:07.886468,4,1,0,0.0,1,5,2024-12-27,1,1,16,1967.433958615678,0.6861443914218709,0.6570963018227935,0.34290369817720645
1802,2024-12-27 14:45:50.514741,3,0,0,0.0,1,5,2024-12-27,0,1,9,1967.433958615678,0.8549732457265412,0.8318390349179802,-0.8318390349179802
1803,2024-12-27 14:45:55.111174,3,1,0,0.0,1,5,2024-12-27,1,1,9,1967.433958615678,0.8549732457265412,0.8318390349179802,0.16816096508201983
1804,2024-12-27 15:04:29.891052,4,0,0,0.0,1,5,2024-12-27,0,1,16,1967.433958615678,0.6861443914218709,0.6570963018227935,-0.6570963018227935
1805,2024-12-27 15:27:52.483322,8,0,0,0.0,1,5,2024-12-27,0,1,64,1967.433958615678,0.039702366041418136,0.04136939225873243,-0.04136939225873243
1806,2024-12-27 15:36:57.180098,8,0,0,0.0,1,5,2024-12-27,0,1,64,1967.433958615678,0.039702366041418136,0.04136939225873243,-0.04136939225873243
1807,2024-12-27 15:43:07.052384,8,0,0,0.0,1,5,2024-12-27,0,1,64,1967.433958615678,0.039702366041418136,0.04136939225873243,-0.04136939225873243
1808,2024-12-27 15:55:41.801864,8,0,0,0.0,1,5,2024-12-27,0,1,64,1967.433958615678,0.039702366041418136,0.04136939225873243,-0.04136939225873243
1809,2024-12-27 16:09:45.571200,8,0,0,0.0,1,5,2024-12-27,0,1,64,1967.433958615678,0.039702366041418136,0.04136939225873243,-0.04136939225873243
1820,2024-12-30 11:32:20.646131,4,1,0,0.0,0,5,2024-12-30,1,1,16,1888.1633006494733,0.6803906457925494,0.6570963018227935,0.34290369817720645
1821,2024-12-30 11:33:38.223616,2,1,0,0.0,0,5,2024-12-30,1,1,4,1888.1633006494733,0.9393211027000767,0.9273753283850786,0.07262467161492137
1822,2024-12-30 11:35:32.796217,3,1,0,0.0,0,5,2024-12-30,1,1,9,1888.1633006494733,0.8516453528476023,0.8318390349179802,0.16816096508201983
1823,2024-12-30 11:38:09.710273,4,1,0,0.0,0,5,2024-12-30,1,1,16,1888.1633006494733,0.6803906457925494,0.6570963018227935,0.34290369817720645
1824,2024-12-30 11:41:43.512966,4,1,0,0.0,0,5,2024-12-30,1,1,16,1888.1633006494733,0.6803906457925494,0.6570963018227935,0.34290369817720645
1825,2024-12-30 11:45:36.108847,5,1,0,0.0,0,5,2024-12-30,1,1,25,1888.1633006494733,0.4411664914258698,0.4260573723585436,0.5739426276414564
1826,2024-12-30 11:49:17.963398,5,0,0,0.0,0,5,2024-12-30,0,1,25,1888.1633006494733,0.4411664914258698,0.4260573723585436,-0.4260573723585436
1827,2024-12-30 11:55:06.312903,5,1,0,0.0,0,5,2024-12-30,1,1,25,1888.1633006494733,0.4411664914258698,0.4260573723585436,0.5739426276414564
1828,2024-12-30 12:06:44.643290,5,0,0,0.0,0,5,2024-12-30,0,1,25,1888.1633006494733,0.4411664914258698,0.4260573723585436,-0.4260573723585436
1829,2024-12-30 12:11:19.579850,5,0,0,0.0,0,5,2024-12-30,0,1,25,1888.1633006494733,0.4411664914258698,0.4260573723585436,-0.4260573723585436
1830,2024-12-30 12:13:18.883961,5,0,0,0.0,0,5,2024-12-30,0,1,25,1888.1633006494733,0.4411664914258698,0.4260573723585436,-0.4260573723585436
1831,2024-12-30 14:45:07.125486,7,0,0,0.0,1,5,2024-12-30,0,1,49,1888.1633006494733,0.09793142746870265,0.10023392045771826,-0.10023392045771826
1832,2024-12-30 14:45:16.785555,7,1,0,0.0,1,5,2024-12-30,1,1,49,1888.1633006494733,0.09793142746870265,0.10023392045771826,0.8997660795422817
1833,2024-12-30 15:05:48.632688,9,0,0,0.0,1,5,2024-12-30,0,1,81,1888.1633006494733,0.014709879453240881,0.016442593182564774,-0.016442593182564774
1834,2024-12-30 15:19:05.755081,9,0,0,0.0,1,5,2024-12-30,0,1,81,1888.1633006494733,0.014709879453240881,0.016442593182564774,-0.016442593182564774
1835,2024-12-30 15:31:06.640677,9,0,0,0.0,1,5,2024-12-30,0,1,81,1888.1633006494733,0.014709879453240881,0.016442593182564774,-0.016442593182564774
1836,2024-12-30 15:53:10.687671,9,0,0,0.0,1,5,2024-12-30,0,1,81,1888.1633006494733,0.014709879453240881,0.016442593182564774,-0.016442593182564774
1837,2024-12-30 16:00:15.815145,9,0,0,0.0,1,5,2024-12-30,0,1,81,1888.1633006494733,0.014709879453240881,0.016442593182564774,-0.016442593182564774
1838,2024-12-30 18:14:55.277205,5,1,0,0.0,1,5,2024-12-30,1,1,25,1888.1633006494733,0.4411664914258698,0.4260573723585436,0.5739426276414564
1839,2024-12-30 19:09:49.124262,7,0,0,0.0,1,5,2024-12-30,0,1,49,1888.1633006494733,0.09793142746870265,0.10023392045771826,-0.10023392045771826
1840,2024-12-30 19:20:41.932705,7,0,0,0.0,1,5,2024-12-30,0,1,49,1888.1633006494733,0.09793142746870265,0.10023392045771826,-0.10023392045771826
1841,2024-12-30 19:37:45.769801,7,0,0,0.0,1,5,2024-12-30,0,1,49,1888.1633006494733,0.09793142746870265,0.10023392045771826,-0.10023392045771826
1842,2024-12-30 19:49:25.476609,7,0,0,0.0,1,5,2024-12-30,0,1,49,1888.1633006494733,0.09793142746870265,0.10023392045771826,-0.10023392045771826
1843,2024-12-30 20:12:50.647525,7,0,0,0.0,1,5,2024-12-30,0,1,49,1888.1633006494733,0.09793142746870265,0.10023392045771826,-0.10023392045771826
1844,2025-01-02 10:22:52.216638,7,0,0,0.0,1,5,2025-01-02,0,1,49,2204.4168377723963,0.10770974537192142,0.10023392045771826,-0.10023392045771826
1845,2025-01-02 10:33:58.074273,7,0,0,0.0,1,5,2025-01-02,0,1,49,2204.4168377723963,0.10770974537192142,0.10023392045771826,-0.10023392045771826
1846,2025-01-02 10:39:22.668294,7,0,0,0.0,1,5,2025-01-02,0,1,49,2204.4168377723963,0.10770974537192142,0.10023392045771826,-0.10023392045771826
1847,2025-01-02 10:47:19.414810,7,0,0,0.0,1,5,2025-01-02,0,1,49,2204.4168377723963,0.10770974537192142,0.10023392045771826,-0.10023392045771826
1848,2025-01-02 10:52:56.890811,7,0,0,0.0,1,5,2025-01-02,0,1,49,2204.4168377723963,0.10770974537192142,0.10023392045771826,-0.10023392045771826
1849,2025-01-02 11:05:40.167490,7,0,0,306.0,1,5,2025-01-02,0,1,49,2204.4168377723963,0.10770974537192142,0.10023392045771826,-0.10023392045771826
1850,2025-01-02 11:20:27.064866,7,0,0,0.0,1,5,2025-01-02,0,1,49,2204.4168377723963,0.10770974537192142,0.10023392045771826,-0.10023392045771826
1867,2025-01-06 19:48:34.340214,5,1,0,306.0,0,5,2025-01-06,1,1,25,1731.7654458711602,0.4282768143882469,0.4260573723585436,0.5739426276414564
1868,2025-01-06 19:56:07.793534,6,1,0,306.0,0,5,2025-01-06,1,1,36,1731.7654458711602,0.2174001132726962,0.22334270735276335,0.7766572926472366
1869,2025-01-06 20:07:11.755187,7,0,0,306.0,0,5,2025-01-06,0,1,49,1731.7654458711602,0.09339416075214113,0.10023392045771826,-0.10023392045771826
1870,2025-01-06 20:12:17.663010,7,1,0,306.0,0,5,2025-01-06,1,1,49,1731.7654458711602,0.09339416075214113,0.10023392045771826,0.8997660795422817
1871,2025-01-06 20:22:48.679922,7,0,0,306.0,0,5,2025-01-06,0,1,49,1731.7654458711602,0.09339416075214113,0.10023392045771826,-0.10023392045771826
1872,2025-01-06 20:32:26.466239,4,1,0,306.0,0,5,2025-01-06,1,1,16,1731.7654458711602,0.6688773150262645,0.6570963018227935,0.34290369817720645
1873,2025-01-06 20:32:40.465077,7,0,0,306.0,0,5,2025-01-06,0,1,49,1731.7654458711602,0.09339416075214113,0.10023392045771826,-0.10023392045771826
1874,2025-01-06 20:44:54.159049,7,1,0,306.0,0,5,2025-01-06,1,1,49,1731.7654458711602,0.09339416075214113,0.10023392045771826,0.8997660795422817
1875,2025-01-06 20:51:25.686372,1,1,0,306.0,0,5,2025-01-06,1,1,1,1731.7654458711602,0.9753760215489063,0.9705563170026417,0.029443682997358334
1876,2025-01-06 20:51:29.815250,1,1,0,306.0,0,5,2025-01-06,1,1,1,1731.7654458711602,0.9753760215489063,0.9705563170026417,0.029443682997358334
1877,2025-01-06 20:51:32.178932,2,1,0,306.0,0,5,2025-01-06,1,1,4,1731.7654458711602,0.9362614659957046,0.9273753283850786,0.07262467161492137
1878,2025-01-07 18:02:22.940686,3,1,0,306.0,0,5,2025-01-07,1,1,9,1894.9661746859529,0.8519334026971732,0.8318390349179802,0.16816096508201983
1879,2025-01-07 18:05:50.041677,3,1,0,306.0,0,5,2025-01-07,1,1,9,1894.9661746859529,0.8519334026971732,0.8318390349179802,0.16816096508201983
1880,2025-01-07 18:08:53.232773,3,1,0,306.0,0,5,2025-01-07,1,1,9,1894.9661746859529,0.8519334026971732,0.8318390349179802,0.16816096508201983
1881,2025-01-07 18:12:27.345819,3,1,0,306.0,0,5,2025-01-07,1,1,9,1894.9661746859529,0.8519334026971732,0.8318390349179802,0.16816096508201983
1882,2025-01-07 18:18:13.614308,3,1,0,306.0,0,5,2025-01-07,1,1,9,1894.9661746859529,0.8519334026971732,0.8318390349179802,0.16816096508201983
1883,2025-01-07 18:20:27.885125,3,1,0,306.0,0,5,2025-01-07,1,1,9,1894.9661746859529,0.8519334026971732,0.8318390349179802,0.16816096508201983
1884,2025-01-07 18:26:44.133863,3,1,0,306.0,0,5,2025-01-07,1,1,9,1894.9661746859529,0.8519334026971732,0.8318390349179802,0.16816096508201983
1885,2025-01-07 18:29:28.416052,3,1,0,306.0,0,5,2025-01-07,1,1,9,1894.9661746859529,0.8519334026971732,0.8318390349179802,0.16816096508201983
1886,2025-01-07 18:31:50.230189,3,1,0,306.0,0,5,2025-01-07,1,1,9,1894.9661746859529,0.8519334026971732,0.8318390349179802,0.16816096508201983
1887,2025-01-07 18:35:08.502364,3,1,0,306.0,0,5,2025-01-07,1,1,9,1894.9661746859529,0.8519334026971732,0.8318390349179802,0.16816096508201983
1888,2025-01-09 20:09:13.564254,5,1,0,306.0,0,5,2025-01-09,1,1,25,1632.902450881169,0.4201777175373322,0.4260573723585436,0.5739426276414564
1889,2025-01-09 20:13:32.633508,5,1,0,306.0,0,5,2025-01-09,1,1,25,1632.902450881169,0.4201777175373322,0.4260573723585436,0.5739426276414564
1890,2025-01-09 20:17:48.246791,5,1,0,306.0,0,5,2025-01-09,1,1,25,1632.902450881169,0.4201777175373322,0.4260573723585436,0.5739426276414564
1891,2025-01-09 20:22:58.201619,6,0,0,306.0,0,5,2025-01-09,0,1,36,1632.902450881169,0.21181146202949686,0.22334270735276335,-0.22334270735276335
1892,2025-01-09 20:23:06.889981,6,1,0,306.0,0,5,2025-01-09,1,1,36,1632.902450881169,0.21181146202949686,0.22334270735276335,0.7766572926472366
1893,2025-01-09 20:25:01.643528,6,1,0,306.0,0,5,2025-01-09,1,1,36,1632.902450881169,0.21181146202949686,0.22334270735276335,0.7766572926472366
1894,2025-01-09 20:40:22.068321,6,1,0,306.0,0,5,2025-01-09,1,1,36,1632.902450881169,0.21181146202949686,0.22334270735276335,0.7766572926472366
1895,2025-01-09 20:40:25.208769,6,1,0,306.0,0,5,2025-01-09,1,1,36,1632.902450881169,0.21181146202949686,0.22334270735276335,0.7766572926472366
1896,2025-01-09 20:50:48.426022,7,0,0,306.0,0,5,2025-01-09,0,1,49,1632.902450881169,0.09062415759292874,0.10023392045771826,-0.10023392045771826
1897,2025-01-09 20:50:53.141243,7,1,0,306.0,0,5,2025-01-09,1,1,49,1632.902450881169,0.09062415759292874,0.10023392045771826,0.8997660795422817
1898,2025-01-09 20:55:36.387675,7,0,0,306.0,0,5,2025-01-09,0,1,49,1632.902450881169,0.09062415759292874,0.10023392045771826,-0.10023392045771826
1899,2025-01-09 20:58:50.562975,7,0,0,306.0,0,5,2025-01-09,0,1,49,1632.902450881169,0.09062415759292874,0.10023392045771826,-0.10023392045771826
1900,2025-01-09 21:04:40.334566,5,0,0,306.0,0,5,2025-01-09,0,1,25,1632.902450881169,0.4201777175373322,0.4260573723585436,-0.4260573723585436
1901,2025-01-09 21:08:01.677959,4,1,0,306.0,0,5,2025-01-09,1,1,16,1632.902450881169,0.6614926344000521,0.6570963018227935,0.34290369817720645
1902,2025-01-09 21:26:36.407659,4,1,0,306.0,0,5,2025-01-09,1,1,16,1632.902450881169,0.6614926344000521,0.6570963018227935,0.34290369817720645
1903,2025-01-09 21:38:30.110283,4,0,0,306.0,0,5,2025-01-09,0,1,16,1632.902450881169,0.6614926344000521,0.6570963018227935,-0.6570963018227935
1904,2025-01-12 11:39:31.567148,10,0,0,306.0,1,5,2025-01-12,0,1,100,1638.698802821466,0.005066204823475813,0.006434427060814574,-0.006434427060814574
1905,2025-01-12 11:45:32.807659,10,0,0,306.0,1,5,2025-01-12,0,1,100,1638.698802821466,0.005066204823475813,0.006434427060814574,-0.006434427060814574
1906,2025-01-12 12:05:49.707229,10,0,0,306.0,1,5,2025-01-12,0,1,100,1638.698802821466,0.005066204823475813,0.006434427060814574,-0.006434427060814574
1907,2025-01-12 12:18:23.023153,10,0,0,306.0,1,5,2025-01-12,0,1,100,1638.698802821466,0.005066204823475813,0.006434427060814574,-0.006434427060814574
1908,2025-01-12 12:31:34.725841,10,0,0,306.0,1,5,2025-01-12,0,1,100,1638.698802821466,0.005066204823475813,0.006434427060814574,-0.006434427060814574
1909,2025-01-12 13:28:49.287288,10,0,0,306.0,1,5,2025-01-12,0,1,100,1638.698802821466,0.005066204823475813,0.006434427060814574,-0.006434427060814574
1910,2025-01-12 13:34:51.592394,10,0,0,306.0,1,5,2025-01-12,0,1,100,1638.698802821466,0.005066204823475813,0.006434427060814574,-0.006434427060814574
1911,2025-01-12 13:45:49.506020,6,0,0,306.0,1,5,2025-01-12,0,1,36,1638.698802821466,0.21213620619860638,0.22334270735276335,-0.22334270735276335
1912,2025-01-12 14:08:34.941195,8,0,0,306.0,1,5,2025-01-12,0,1,64,1638.698802821466,0.03570555379846402,0.04136939225873243,-0.04136939225873243
1913,2025-01-12 14:18:24.112583,8,0,0,306.0,1,5,2025-01-12,0,1,64,1638.698802821466,0.03570555379846402,0.04136939225873243,-0.04136939225873243
1914,2025-01-12 14:33:45.183225,8,0,0,306.0,1,5,2025-01-12,0,1,64,1638.698802821466,0.03570555379846402,0.04136939225873243,-0.04136939225873243
1915,2025-01-12 14:39:50.636163,8,0,0,306.0,1,5,2025-01-12,0,1,64,1638.698802821466,0.03570555379846402,0.04136939225873243,-0.04136939225873243
1916,2025-01-12 14:51:06.175072,8,0,0,306.0,1,5,2025-01-12,0,1,64,1638.698802821466,0.03570555379846402,0.04136939225873243,-0.04136939225873243
1917,2025-01-12 15:01:48.081081,8,0,0,306.0,1,5,2025-01-12,0,1,64,1638.698802821466,0.03570555379846402,0.04136939225873243,-0.04136939225873243
1924,2025-01-15 21:11:11.457627,4,1,0,276.0,0,5,2025-01-15,1,1,16,2130.956374786799,0.6978331244423119,0.6570963018227935,0.34290369817720645
1925,2025-01-15 21:15:09.391144,5,0,0,276.0,0,5,2025-01-15,0,1,25,2130.956374786799,0.46132830908829975,0.4260573723585436,-0.4260573723585436
1926,2025-01-15 21:19:03.024316,7,1,0,276.0,0,5,2025-01-15,1,1,49,2130.956374786799,0.1053645484383521,0.10023392045771826,0.8997660795422817
1927,2025-01-15 21:21:34.461317,7,1,0,276.0,0,5,2025-01-15,1,1,49,2130.956374786799,0.1053645484383521,0.10023392045771826,0.8997660795422817
1928,2025-01-15 21:23:48.809391,7,0,0,276.0,0,5,2025-01-15,0,1,49,2130.956374786799,0.1053645484383521,0.10023392045771826,-0.10023392045771826
1929,2025-01-15 21:25:37.684068,8,0,0,276.0,0,5,2025-01-15,0,1,64,2130.956374786799,0.04184701548039947,0.04136939225873243,-0.04136939225873243
1930,2025-01-18 15:25:41.531311,3,1,0,276.0,0,5,2025-01-18,1,1,9,1784.9714596955714,0.8472190280423413,0.8318390349179802,0.16816096508201983
1931,2025-01-18 15:27:37.855824,3,1,0,276.0,0,5,2025-01-18,1,1,9,1784.9714596955714,0.8472190280423413,0.8318390349179802,0.16816096508201983
1932,2025-01-18 15:30:11.512892,3,1,0,276.0,0,5,2025-01-18,1,1,9,1784.9714596955714,0.8472190280423413,0.8318390349179802,0.16816096508201983
1933,2025-01-18 15:32:58.384657,3,1,0,276.0,0,5,2025-01-18,1,1,9,1784.9714596955714,0.8472190280423413,0.8318390349179802,0.16816096508201983
1934,2025-01-18 15:34:58.378178,3,1,0,276.0,0,5,2025-01-18,1,1,9,1784.9714596955714,0.8472190280423413,0.8318390349179802,0.16816096508201983
1935,2025-01-18 15:37:38.828531,3,1,0,276.0,0,5,2025-01-18,1,1,9,1784.9714596955714,0.8472190280423413,0.8318390349179802,0.16816096508201983
1936,2025-01-18 15:40:17.971036,3,1,0,276.0,0,5,2025-01-18,1,1,9,1784.9714596955714,0.8472190280423413,0.8318390349179802,0.16816096508201983
1937,2025-01-18 15:43:31.670379,3,1,0,276.0,0,5,2025-01-18,1,1,9,1784.9714596955714,0.8472190280423413,0.8318390349179802,0.16816096508201983
1938,2025-01-18 15:46:59.356615,3,1,0,276.0,0,5,2025-01-18,1,1,9,1784.9714596955714,0.8472190280423413,0.8318390349179802,0.16816096508201983
1939,2025-01-18 15:49:43.429988,3,0,0,276.0,0,5,2025-01-18,0,1,9,1784.9714596955714,0.8472190280423413,0.8318390349179802,-0.8318390349179802
1940,2025-01-18 15:56:21.820644,3,0,0,276.0,0,5,2025-01-18,0,1,9,1784.9714596955714,0.8472190280423413,0.8318390349179802,-0.8318390349179802
1941,2025-01-18 15:59:55.938891,3,0,0,276.0,0,5,2025-01-18,0,1,9,1784.9714596955714,0.8472190280423413,0.8318390349179802,-0.8318390349179802
1942,2025-01-18 16:03:17.547973,3,0,0,276.0,0,5,2025-01-18,0,1,9,1784.9714596955714,0.8472190280423413,0.8318390349179802,-0.8318390349179802
1943,2025-01-18 16:08:44.826707,3,0,0,276.0,0,5,2025-01-18,0,1,9,1784.9714596955714,0.8472190280423413,0.8318390349179802,-0.8318390349179802
1944,2025-01-18 16:13:17.421220,3,0,0,276.0,0,5,2025-01-18,0,1,9,1784.9714596955714,0.8472190280423413,0.8318390349179802,-0.8318390349179802
1945,2025-01-18 16:20:37.056600,3,1,0,276.0,0,5,2025-01-18,1,1,9,1784.9714596955714,0.8472190280423413,0.8318390349179802,0.16816096508201983
1946,2025-01-18 16:24:23.802960,3,1,0,276.0,0,5,2025-01-18,1,1,9,1784.9714596955714,0.8472190280423413,0.8318390349179802,0.16816096508201983
1947,2025-01-18 16:28:01.839927,3,1,0,276.0,0,5,2025-01-18,1,1,9,1784.9714596955714,0.8472190280423413,0.8318390349179802,0.16816096508201983
1948,2025-01-18 16:28:35.627400,3,1,0,276.0,0,5,2025-01-18,1,1,9,1784.9714596955714,0.8472190280423413,0.8318390349179802,0.16816096508201983
1949,2025-01-18 16:36:18.210036,3,1,0,276.0,0,5,2025-01-18,1,1,9,1784.9714596955714,0.8472190280423413,0.8318390349179802,0.16816096508201983
1950,2025-01-20 13:56:52.530634,0,1,0,276.0,0,5,2025-01-20,1,1,0,1624.2817626657322,0.9903876638328216,0.9883844429385786,0.011615557061421367
1951,2025-01-20 13:59:16.517347,2,1,0,276.0,0,5,2025-01-20,1,1,4,1624.2817626657322,0.9340760087630706,0.9273753283850786,0.07262467161492137
1952,2025-01-20 14:03:30.429325,0,1,0,276.0,0,5,2025-01-20,1,1,0,1624.2817626657322,0.9903876638328216,0.9883844429385786,0.011615557061421367
1953,2025-01-20 14:06:21.077320,3,1,0,276.0,0,5,2025-01-20,1,1,9,1624.2817626657322,0.8401115772446498,0.8318390349179802,0.16816096508201983
1954,2025-01-20 14:09:40.104625,4,1,0,276.0,0,5,2025-01-20,1,1,16,1624.2817626657322,0.6608448933862738,0.6570963018227935,0.34290369817720645
1955,2025-01-20 14:14:50.248297,5,0,0,276.0,0,5,2025-01-20,0,1,25,1624.2817626657322,0.4194734573756121,0.4260573723585436,-0.4260573723585436
1956,2025-01-20 14:17:29.901735,6,0,0,276.0,0,5,2025-01-20,0,1,36,1624.2817626657322,0.21132915536000146,0.22334270735276335,-0.22334270735276335
1957,2025-01-20 14:22:23.881431,6,0,0,276.0,0,5,2025-01-20,0,1,36,1624.2817626657322,0.21132915536000146,0.22334270735276335,-0.22334270735276335
1958,2025-01-20 14:28:49.059625,6,0,0,276.0,0,5,2025-01-20,0,1,36,1624.2817626657322,0.21132915536000146,0.22334270735276335,-0.22334270735276335
1959,2025-01-20 14:36:29.464849,7,0,0,276.0,0,5,2025-01-20,0,1,49,1624.2817626657322,0.09038615643652051,0.10023392045771826,-0.10023392045771826
1960,2025-01-20 15:14:02.542184,7,0,0,276.0,0,5,2025-01-20,0,1,49,1624.2817626657322,0.09038615643652051,0.10023392045771826,-0.10023392045771826
1961,2025-01-22 20:09:51.161516,3,1,0,276.0,0,5,2025-01-22,1,1,9,1565.107159447496,0.8374275907884149,0.8318390349179802,0.16816096508201983
1962,2025-01-22 20:12:32.296568,3,1,0,276.0,0,5,2025-01-22,1,1,9,1565.107159447496,0.8374275907884149,0.8318390349179802,0.16816096508201983
1963,2025-01-22 20:15:51.698170,3,1,0,276.0,0,5,2025-01-22,1,1,9,1565.107159447496,0.8374275907884149,0.8318390349179802,0.16816096508201983
1964,2025-01-22 20:17:44.971372,3,1,0,276.0,0,5,2025-01-22,1,1,9,1565.107159447496,0.8374275907884149,0.8318390349179802,0.16816096508201983
1965,2025-01-22 20:20:33.644954,3,1,0,276.0,0,5,2025-01-22,1,1,9,1565.107159447496,0.8374275907884149,0.8318390349179802,0.16816096508201983
1966,2025-01-22 20:25:33.027575,3,1,0,276.0,0,5,2025-01-22,1,1,9,1565.107159447496,0.8374275907884149,0.8318390349179802,0.16816096508201983
1967,2025-01-22 20:29:32.826361,3,1,0,276.0,0,5,2025-01-22,1,1,9,1565.107159447496,0.8374275907884149,0.8318390349179802,0.16816096508201983
1968,2025-01-22 20:31:33.451151,3,1,0,276.0,0,5,2025-01-22,1,1,9,1565.107159447496,0.8374275907884149,0.8318390349179802,0.16816096508201983
1971,2025-01-22 20:39:38.147218,3,1,0,276.0,0,5,2025-01-22,1,1,9,1565.107159447496,0.8374275907884149,0.8318390349179802,0.16816096508201983
1972,2025-01-22 20:39:40.428500,3,1,0,276.0,0,5,2025-01-22,1,1,9,1565.107159447496,0.8374275907884149,0.8318390349179802,0.16816096508201983
1973,2025-01-22 20:41:15.762327,3,0,0,276.0,0,5,2025-01-22,0,1,9,1565.107159447496,0.8374275907884149,0.8318390349179802,-0.8318390349179802
1974,2025-01-22 20:45:49.599612,3,1,0,276.0,0,5,2025-01-22,1,1,9,1565.107159447496,0.8374275907884149,0.8318390349179802,0.16816096508201983
1975,2025-01-22 20:49:59.327248,3,1,0,276.0,0,5,2025-01-22,1,1,9,1565.107159447496,0.8374275907884149,0.8318390349179802,0.16816096508201983
1976,2025-01-22 20:53:03.577527,3,1,0,276.0,0,5,2025-01-22,1,1,9,1565.107159447496,0.8374275907884149,0.8318390349179802,0.16816096508201983
1977,2025-01-22 20:59:14.079603,3,1,0,276.0,0,5,2025-01-22,1,1,9,1565.107159447496,0.8374275907884149,0.8318390349179802,0.16816096508201983
1978,2025-01-22 21:01:17.168427,3,1,0,276.0,0,5,2025-01-22,1,1,9,1565.107159447496,0.8374275907884149,0.8318390349179802,0.16816096508201983
1979,2025-01-22 21:02:52.045204,3,0,0,276.0,0,5,2025-01-22,0,1,9,1565.107159447496,0.8374275907884149,0.8318390349179802,-0.8318390349179802
1980,2025-01-22 21:07:04.999283,3,1,0,276.0,0,5,2025-01-22,1,1,9,1565.107159447496,0.8374275907884149,0.8318390349179802,0.16816096508201983
1981,2025-01-22 21:09:58.278039,3,1,0,276.0,0,5,2025-01-22,1,1,9,1565.107159447496,0.8374275907884149,0.8318390349179802,0.16816096508201983
1982,2025-01-22 21:13:14.828917,3,1,0,276.0,0,5,2025-01-22,1,1,9,1565.107159447496,0.8374275907884149,0.8318390349179802,0.16816096508201983
1983,2025-01-26 13:13:31.274346,5,1,0,276.0,0,5,2025-01-26,1,1,25,1182.4699828942632,0.38387823878504446,0.4260573723585436,0.5739426276414564
1984,2025-01-26 13:16:19.625174,5,1,0,276.0,0,5,2025-01-26,1,1,25,1182.4699828942632,0.38387823878504446,0.4260573723585436,0.5739426276414564
1985,2025-01-26 13:18:44.896105,5,1,0,276.0,0,5,2025-01-26,1,1,25,1182.4699828942632,0.38387823878504446,0.4260573723585436,0.5739426276414564
1986,2025-01-26 13:22:54.942390,6,1,0,276.0,0,5,2025-01-26,1,1,36,1182.4699828942632,0.18768608130552744,0.22334270735276335,0.7766572926472366
1987,2025-01-26 13:26:32.470817,6,1,0,276.0,0,5,2025-01-26,1,1,36,1182.4699828942632,0.18768608130552744,0.22334270735276335,0.7766572926472366
1988,2025-01-26 13:31:47.912168,6,1,0,276.0,0,5,2025-01-26,1,1,36,1182.4699828942632,0.18768608130552744,0.22334270735276335,0.7766572926472366
1989,2025-01-26 13:37:57.073757,7,0,0,276.0,0,5,2025-01-26,0,1,49,1182.4699828942632,0.07891994548758036,0.10023392045771826,-0.10023392045771826
1990,2025-01-26 13:40:42.554465,7,0,0,276.0,0,5,2025-01-26,0,1,49,1182.4699828942632,0.07891994548758036,0.10023392045771826,-0.10023392045771826
1991,2025-01-26 13:44:48.222089,6,0,0,276.0,0,5,2025-01-26,0,1,36,1182.4699828942632,0.18768608130552744,0.22334270735276335,-0.22334270735276335
1992,2025-01-26 13:47:01.696619,4,1,0,276.0,0,5,2025-01-26,1,1,16,1182.4699828942632,0.6268852959551614,0.6570963018227935,0.34290369817720645
1993,2025-01-26 13:48:56.481315,4,1,0,276.0,0,5,2025-01-26,1,1,16,1182.4699828942632,0.6268852959551614,0.6570963018227935,0.34290369817720645
1994,2025-01-26 13:51:37.317679,5,1,0,276.0,0,5,2025-01-26,1,1,25,1182.4699828942632,0.38387823878504446,0.4260573723585436,0.5739426276414564
1995,2025-01-26 13:55:29.925554,5,1,0,276.0,0,5,2025-01-26,1,1,25,1182.4699828942632,0.38387823878504446,0.4260573723585436,0.5739426276414564
1996,2025-01-26 14:01:26.925901,4,1,0,276.0,0,5,2025-01-26,1,1,16,1182.4699828942632,0.6268852959551614,0.6570963018227935,0.34290369817720645
1997,2025-01-26 14:03:51.187689,4,1,0,276.0,0,5,2025-01-26,1,1,16,1182.4699828942632,0.6268852959551614,0.6570963018227935,0.34290369817720645
2006,2025-01-29 18:29:39.607033,2,1,0,278.0,0,5,2025-01-29,1,1,4,1228.8682633138794,0.9254240139405457,0.9273753283850786,0.07262467161492137
2007,2025-01-29 18:50:10.856848,7,0,0,278.0,0,5,2025-01-29,0,1,49,1228.8682633138794,0.08005861119119621,0.10023392045771826,-0.10023392045771826
2008,2025-01-30 17:19:59.343415,1,1,0,278.0,0,5,2025-01-30,1,1,1,1164.9259864832643,0.970372702643477,0.9705563170026417,0.029443682997358334
2009,2025-01-30 17:21:28.030087,2,1,0,278.0,0,5,2025-01-30,1,1,4,1164.9259864832643,0.9239303412440676,0.9273753283850786,0.07262467161492137
2010,2025-01-30 17:23:32.497904,3,1,0,278.0,0,5,2025-01-30,1,1,9,1164.9259864832643,0.8183175843117421,0.8318390349179802,0.16816096508201983
2011,2025-01-30 17:25:39.504429,3,1,0,278.0,0,5,2025-01-30,1,1,9,1164.9259864832643,0.8183175843117421,0.8318390349179802,0.16816096508201983
2012,2025-01-30 17:28:23.727896,5,0,0,278.0,0,5,2025-01-30,0,1,25,1164.9259864832643,0.38248747151723134,0.4260573723585436,-0.4260573723585436
2013,2025-01-30 17:34:22.123207,5,1,0,278.0,0,5,2025-01-30,1,1,25,1164.9259864832643,0.38248747151723134,0.4260573723585436,0.5739426276414564
2014,2025-01-30 17:37:46.337807,8,0,0,278.0,0,5,2025-01-30,0,1,64,1164.9259864832643,0.030620272680804132,0.04136939225873243,-0.04136939225873243
2015,2025-01-30 17:40:43.510752,7,0,0,278.0,0,5,2025-01-30,0,1,49,1164.9259864832643,0.0784932672591712,0.10023392045771826,-0.10023392045771826
2016,2025-01-30 17:44:33.288417,7,0,0,278.0,0,5,2025-01-30,0,1,49,1164.9259864832643,0.0784932672591712,0.10023392045771826,-0.10023392045771826
2017,2025-01-30 17:48:53.423653,7,0,0,278.0,0,5,2025-01-30,0,1,49,1164.9259864832643,0.0784932672591712,0.10023392045771826,-0.10023392045771826
2018,2025-01-30 17:50:54.706751,5,1,0,278.0,0,5,2025-01-30,1,1,25,1164.9259864832643,0.38248747151723134,0.4260573723585436,0.5739426276414564
2019,2025-01-30 17:57:44.475403,6,0,0,278.0,0,5,2025-01-30,0,1,36,1164.9259864832643,0.186790614186934,0.22334270735276335,-0.22334270735276335
2020,2025-01-30 18:00:12.356649,6,0,0,278.0,0,5,2025-01-30,0,1,36,1164.9259864832643,0.186790614186934,0.22334270735276335,-0.22334270735276335
2021,2025-01-30 18:03:46.399567,6,0,0,278.0,0,5,2025-01-30,0,1,36,1164.9259864832643,0.186790614186934,0.22334270735276335,-0.22334270735276335
2022,2025-01-30 18:06:15.984018,4,1,0,278.0,0,5,2025-01-30,1,1,16,1164.9259864832643,0.6255079409537665,0.6570963018227935,0.34290369817720645
2023,2025-01-30 18:10:41.883372,6,1,0,278.0,0,5,2025-01-30,1,1,36,1164.9259864832643,0.186790614186934,0.22334270735276335,0.7766572926472366
2024,2025-01-30 18:14:27.644021,6,0,0,278.0,0,5,2025-01-30,0,1,36,1164.9259864832643,0.186790614186934,0.22334270735276335,-0.22334270735276335
2025,2025-01-30 18:20:54.025406,6,0,0,278.0,0,5,2025-01-30,0,1,36,1164.9259864832643,0.186790614186934,0.22334270735276335,-0.22334270735276335
2026,2025-01-30 18:26:57.722143,6,0,0,278.0,0,5,2025-01-30,0,1,36,1164.9259864832643,0.186790614186934,0.22334270735276335,-0.22334270735276335
2027,2025-01-30 18:32:21.784636,6,1,0,278.0,0,5,2025-01-30,1,1,36,1164.9259864832643,0.186790614186934,0.22334270735276335,0.7766572926472366
2028,2025-01-30 18:37:59.192899,8,0,0,278.0,0,5,2025-01-30,0,1,64,1164.9259864832643,0.030620272680804132,0.04136939225873243,-0.04136939225873243
2029,2025-01-30 18:39:32.287067,8,0,0,278.0,0,5,2025-01-30,0,1,64,1164.9259864832643,0.030620272680804132,0.04136939225873243,-0.04136939225873243
2030,2025-01-30 18:53:29.676117,5,1,0,278.0,0,5,2025-01-30,1,1,25,1164.9259864832643,0.38248747151723134,0.4260573723585436,0.5739426276414564
2031,2025-01-30 18:55:50.797125,3,1,0,278.0,0,5,2025-01-30,1,1,9,1164.9259864832643,0.8183175843117421,0.8318390349179802,0.16816096508201983
2032,2025-01-30 18:58:06.850515,3,1,0,278.0,0,5,2025-01-30,1,1,9,1164.9259864832643,0.8183175843117421,0.8318390349179802,0.16816096508201983
2033,2025-01-30 19:05:12.532742,5,1,0,278.0,0,5,2025-01-30,1,1,25,1164.9259864832643,0.38248747151723134,0.4260573723585436,0.5739426276414564
2035,2025-01-30 19:13:39.894548,5,0,0,278.0,0,5,2025-01-30,0,1,25,1164.9259864832643,0.38248747151723134,0.4260573723585436,-0.4260573723585436
2036,2025-01-30 19:26:53.399120,6,0,0,278.0,0,5,2025-01-30,0,1,36,1164.9259864832643,0.186790614186934,0.22334270735276335,-0.22334270735276335
2037,2025-01-31 19:46:50.961457,0,1,0,278.0,0,5,2025-01-31,1,1,0,1924.06862181251,0.99129916900577,0.9883844429385786,0.011615557061421367
2038,2025-01-31 19:50:26.546305,2,1,0,278.0,0,5,2025-01-31,1,1,4,1924.06862181251,0.9400038775623903,0.9273753283850786,0.07262467161492137
2039,2025-01-31 19:50:30.789753,1,1,0,278.0,0,5,2025-01-31,1,1,1,1924.06862181251,0.9768785358729447,0.9705563170026417,0.029443682997358334
2040,2025-01-31 19:56:03.403879,4,1,0,278.0,0,5,2025-01-31,1,1,16,1924.06862181251,0.6830037260751535,0.6570963018227935,0.34290369817720645
2041,2025-01-31 20:00:32.024302,3,1,0,278.0,1,5,2025-01-31,1,1,9,1924.06862181251,0.8531604555429563,0.8318390349179802,0.16816096508201983
2042,2025-01-31 20:17:19.152810,2,1,0,278.0,0,5,2025-01-31,1,1,4,1924.06862181251,0.9400038775623903,0.9273753283850786,0.07262467161492137
2043,2025-01-31 20:20:35.892870,4,1,0,278.0,1,5,2025-01-31,1,1,16,1924.06862181251,0.6830037260751535,0.6570963018227935,0.34290369817720645
2044,2025-02-01 14:21:12.637786,6,1,0,278.0,1,5,2025-02-01,1,1,36,1790.9692838848387,0.22079748284140274,0.22334270735276335,0.7766572926472366
2045,2025-02-01 14:51:13.441975,10,0,0,278.0,0,5,2025-02-01,0,1,100,1790.9692838848387,0.005330250110449426,0.006434427060814574,-0.006434427060814574
2046,2025-02-01 15:06:17.211636,10,0,0,278.0,1,5,2025-02-01,0,1,100,1790.9692838848387,0.005330250110449426,0.006434427060814574,-0.006434427060814574
2047,2025-02-01 15:13:09.997529,10,0,0,278.0,1,5,2025-02-01,0,1,100,1790.9692838848387,0.005330250110449426,0.006434427060814574,-0.006434427060814574
2048,2025-02-01 15:25:39.976570,10,0,0,278.0,1,5,2025-02-01,0,1,100,1790.9692838848387,0.005330250110449426,0.006434427060814574,-0.006434427060814574
2049,2025-02-01 15:31:05.098702,10,0,0,278.0,1,5,2025-02-01,0,1,100,1790.9692838848387,0.005330250110449426,0.006434427060814574,-0.006434427060814574
2050,2025-02-01 15:49:25.502376,7,1,0,278.0,1,5,2025-02-01,1,1,49,1790.9692838848387,0.09508911591897813,0.10023392045771826,0.8997660795422817
2051,2025-02-01 16:09:17.910215,10,0,0,278.0,1,5,2025-02-01,0,1,100,1790.9692838848387,0.005330250110449426,0.006434427060814574,-0.006434427060814574
2052,2025-02-01 16:15:04.923553,10,0,0,278.0,1,5,2025-02-01,0,1,100,1790.9692838848387,0.005330250110449426,0.006434427060814574,-0.006434427060814574
2053,2025-02-01 16:25:55.357088,10,0,0,278.0,1,5,2025-02-01,0,1,100,1790.9692838848387,0.005330250110449426,0.006434427060814574,-0.006434427060814574
2054,2025-02-01 16:35:01.232431,10,0,0,278.0,1,5,2025-02-01,0,1,100,1790.9692838848387,0.005330250110449426,0.006434427060814574,-0.006434427060814574
2055,2025-02-01 16:44:10.254545,10,0,0,278.0,1,5,2025-02-01,0,1,100,1790.9692838848387,0.005330250110449426,0.006434427060814574,-0.006434427060814574
2056,2025-02-01 17:02:44.289399,10,0,0,278.0,0,5,2025-02-01,0,1,100,1790.9692838848387,0.005330250110449426,0.006434427060814574,-0.006434427060814574
2057,2025-02-01 17:04:57.240200,10,0,0,278.0,1,5,2025-02-01,0,1,100,1790.9692838848387,0.005330250110449426,0.006434427060814574,-0.006434427060814574
2058,2025-02-02 14:22:22.952803,10,0,0,278.0,1,5,2025-02-02,0,1,100,2905.536022612069,0.007727699945253557,0.006434427060814574,-0.006434427060814574
2059,2025-02-02 14:29:11.870954,5,1,0,278.0,0,5,2025-02-02,1,1,25,2905.536022612069,0.5261755806188154,0.4260573723585436,0.5739426276414564
2060,2025-02-02 14:35:27.666648,10,0,0,278.0,1,5,2025-02-02,0,1,100,2905.536022612069,0.007727699945253557,0.006434427060814574,-0.006434427060814574
2061,2025-02-02 14:43:09.699470,10,0,0,278.0,1,5,2025-02-02,0,1,100,2905.536022612069,0.007727699945253557,0.006434427060814574,-0.006434427060814574
2062,2025-02-02 14:48:31.634044,10,0,0,278.0,1,5,2025-02-02,0,1,100,2905.536022612069,0.007727699945253557,0.006434427060814574,-0.006434427060814574
2063,2025-02-02 14:53:04.966697,10,0,0,278.0,1,5,2025-02-02,0,1,100,2905.536022612069,0.007727699945253557,0.006434427060814574,-0.006434427060814574
2064,2025-02-02 15:04:25.346699,10,0,0,278.0,1,5,2025-02-02,0,1,100,2905.536022612069,0.007727699945253557,0.006434427060814574,-0.006434427060814574
2065,2025-02-04 19:25:44.382233,7,0,0,278.0,0,5,2025-02-04,0,1,49,2944.3750821608573,0.13398562407108225,0.10023392045771826,-0.10023392045771826
2066,2025-02-04 19:26:12.010979,7,0,0,278.0,0,5,2025-02-04,0,1,49,2944.3750821608573,0.13398562407108225,0.10023392045771826,-0.10023392045771826
2068,2025-02-04 19:35:48.323193,7,0,0,278.0,0,5,2025-02-04,0,1,49,2944.3750821608573,0.13398562407108225,0.10023392045771826,-0.10023392045771826
2069,2025-02-04 19:43:42.315062,8,0,0,278.0,0,5,2025-02-04,0,1,64,2944.3750821608573,0.054260744060256105,0.04136939225873243,-0.04136939225873243
2070,2025-02-04 19:49:14.263494,7,0,0,278.0,0,5,2025-02-04,0,1,49,2944.3750821608573,0.13398562407108225,0.10023392045771826,-0.10023392045771826
2071,2025-02-04 19:51:57.894999,7,0,0,278.0,0,5,2025-02-04,0,1,49,2944.3750821608573,0.13398562407108225,0.10023392045771826,-0.10023392045771826
2072,2025-02-04 19:56:28.932169,7,0,0,278.0,0,5,2025-02-04,0,1,49,2944.3750821608573,0.13398562407108225,0.10023392045771826,-0.10023392045771826
2073,2025-02-04 20:08:02.971536,7,1,0,278.0,0,5,2025-02-04,1,1,49,2944.3750821608573,0.13398562407108225,0.10023392045771826,0.8997660795422817
2074,2025-02-18 21:36:15.822765,1,1,0,278.0,0,5,2025-02-18,1,1,1,836.9943957310281,0.9670416091815464,0.9705563170026417,0.029443682997358334
2075,2025-02-18 21:37:11.376899,2,1,0,278.0,0,5,2025-02-18,1,1,4,836.9943957310281,0.9158305058290014,0.9273753283850786,0.07262467161492137
2076,2025-02-18 21:38:31.916976,3,1,0,278.0,0,5,2025-02-18,1,1,9,836.9943957310281,0.8013895629479841,0.8318390349179802,0.16816096508201983
2077,2025-02-18 21:40:11.604511,4,1,0,278.0,0,5,2025-02-18,1,1,16,836.9943957310281,0.5994094256573608,0.6570963018227935,0.34290369817720645
2078,2025-02-18 21:41:21.651404,3,1,0,278.0,0,5,2025-02-18,1,1,9,836.9943957310281,0.8013895629479841,0.8318390349179802,0.16816096508201983
2079,2025-02-18 21:42:36.298180,3,1,0,278.0,0,5,2025-02-18,1,1,9,836.9943957310281,0.8013895629479841,0.8318390349179802,0.16816096508201983
2080,2025-02-18 21:44:39.693306,3,1,0,278.0,0,5,2025-02-18,1,1,9,836.9943957310281,0.8013895629479841,0.8318390349179802,0.16816096508201983
2081,2025-02-21 21:54:16.557623,1,1,0,278.0,0,5,2025-02-21,1,1,1,666.7283518914747,0.965172122760092,0.9705563170026417,0.029443682997358334
2082,2025-02-21 21:54:24.264110,2,1,0,278.0,0,5,2025-02-21,1,1,4,666.7283518914747,0.911322563136464,0.9273753283850786,0.07262467161492137
2083,2025-02-21 21:59:49.849718,3,1,0,278.0,0,5,2025-02-21,1,1,9,666.7283518914747,0.7921434867333593,0.8318390349179802,0.16816096508201983
2084,2025-02-21 22:03:07.878617,3,1,0,278.0,0,5,2025-02-21,1,1,9,666.7283518914747,0.7921434867333593,0.8318390349179802,0.16816096508201983
2085,2025-02-21 22:06:35.059386,3,1,0,278.0,0,5,2025-02-21,1,1,9,666.7283518914747,0.7921434867333593,0.8318390349179802,0.16816096508201983
2086,2025-02-21 22:11:47.981573,4,1,0,278.0,0,5,2025-02-21,1,1,16,666.7283518914747,0.5856224195738287,0.6570963018227935,0.34290369817720645
2087,2025-02-21 22:14:53.907290,5,1,0,278.0,0,5,2025-02-21,1,1,25,666.7283518914747,0.3438691052141326,0.4260573723585436,0.5739426276414564
2088,2025-02-21 22:18:14.580047,5,1,0,278.0,0,5,2025-02-21,1,1,25,666.7283518914747,0.3438691052141326,0.4260573723585436,0.5739426276414564
2089,2025-02-28 17:40:51.674939,3,1,0,278.0,0,5,2025-02-28,1,1,9,384.8710415075882,0.7761482325278749,0.8318390349179802,0.16816096508201983
2090,2025-02-28 17:41:39.709300,2,1,0,278.0,0,5,2025-02-28,1,1,4,384.8710415075882,0.9033798955165929,0.9273753283850786,0.07262467161492137
2091,2025-02-28 17:42:44.033782,4,1,0,278.0,0,5,2025-02-28,1,1,16,384.8710415075882,0.5625118442331551,0.6570963018227935,0.34290369817720645
2092,2025-02-28 17:44:28.605363,5,1,0,278.0,0,5,2025-02-28,1,1,25,384.8710415075882,0.3228654492583715,0.4260573723585436,0.5739426276414564
2093,2025-02-28 17:46:52.641732,6,1,0,278.0,0,5,2025-02-28,1,1,36,384.8710415075882,0.15025132803971308,0.22334270735276335,0.7766572926472366
2094,2025-02-28 17:51:03.870444,7,0,0,278.0,0,5,2025-02-28,0,1,49,384.8710415075882,0.06153565511647913,0.10023392045771826,-0.10023392045771826
2095,2025-03-04 18:36:40.579320,2,1,0,278.0,0,5,2025-03-04,1,1,4,360.9605069359097,0.9026776388641424,0.9273753283850786,0.07262467161492137
2096,2025-03-04 18:38:15.693618,3,1,0,278.0,0,5,2025-03-04,1,1,9,360.9605069359097,0.7747518037227937,0.8318390349179802,0.16816096508201983
2097,2025-03-04 18:41:31.510471,2,1,0,278.0,0,5,2025-03-04,1,1,4,360.9605069359097,0.9026776388641424,0.9273753283850786,0.07262467161492137
2098,2025-03-04 18:44:17.846008,5,1,0,278.0,0,5,2025-03-04,1,1,25,360.9605069359097,0.3211146723941829,0.4260573723585436,0.5739426276414564
2099,2025-03-04 18:53:49.356216,6,1,0,278.0,0,5,2025-03-04,1,1,36,360.9605069359097,0.14923028712800368,0.22334270735276335,0.7766572926472366
2100,2025-03-04 18:54:19.283314,4,1,0,278.0,0,5,2025-03-04,1,1,16,360.9605069359097,0.5605373016997893,0.6570963018227935,0.34290369817720645
2101,2025-03-04 18:54:36.792675,3,1,0,278.0,0,5,2025-03-04,1,1,9,360.9605069359097,0.7747518037227937,0.8318390349179802,0.16816096508201983
2102,2025-03-04 18:58:13.890117,8,0,0,278.0,0,5,2025-03-04,0,1,64,360.9605069359097,0.023553521637446905,0.04136939225873243,-0.04136939225873243
2103,2025-03-04 19:04:13.547520,6,0,0,278.0,0,5,2025-03-04,0,1,36,360.9605069359097,0.14923028712800368,0.22334270735276335,-0.22334270735276335
2104,2025-03-04 19:07:43.846638,2,0,0,278.0,0,5,2025-03-04,0,1,4,360.9605069359097,0.9026776388641424,0.9273753283850786,-0.9273753283850786
2105,2025-03-12 19:00:37.234451,8,0,0,278.0,1,5,2025-03-12,0,1,64,264.9831685535612,0.022824417529708933,0.04136939225873243,-0.04136939225873243
2106,2025-03-12 19:05:09.096504,3,1,0,278.0,1,5,2025-03-12,1,1,9,264.9831685535612,0.7690844962309195,0.8318390349179802,0.16816096508201983
2107,2025-03-12 19:15:25.732792,3,1,0,278.0,1,5,2025-03-12,1,1,9,264.9831685535612,0.7690844962309195,0.8318390349179802,0.16816096508201983
2108,2025-03-12 19:15:28.775163,8,0,0,278.0,1,5,2025-03-12,0,1,64,264.9831685535612,0.022824417529708933,0.04136939225873243,-0.04136939225873243
2109,2025-03-12 19:20:38.075282,8,0,0,278.0,1,5,2025-03-12,0,1,64,264.9831685535612,0.022824417529708933,0.04136939225873243,-0.04136939225873243
2110,2025-03-12 19:28:28.549102,8,0,0,278.0,1,5,2025-03-12,0,1,64,264.9831685535612,0.022824417529708933,0.04136939225873243,-0.04136939225873243
2111,2025-03-12 19:43:15.367540,8,0,0,278.0,1,5,2025-03-12,0,1,64,264.9831685535612,0.022824417529708933,0.04136939225873243,-0.04136939225873243
2112,2025-03-12 20:01:44.118858,8,0,0,278.0,1,5,2025-03-12,0,1,64,264.9831685535612,0.022824417529708933,0.04136939225873243,-0.04136939225873243
2113,2025-03-12 20:06:01.635938,8,0,0,278.0,1,5,2025-03-12,0,1,64,264.9831685535612,0.022824417529708933,0.04136939225873243,-0.04136939225873243
2114,2025-03-12 20:11:21.050052,8,0,0,278.0,1,5,2025-03-12,0,1,64,264.9831685535612,0.022824417529708933,0.04136939225873243,-0.04136939225873243
2115,2025-03-15 11:50:30.107297,8,0,0,278.0,1,5,2025-03-15,0,1,64,630.2316585697833,0.025722479466524693,0.04136939225873243,-0.04136939225873243
2116,2025-03-15 12:02:43.815576,8,0,0,278.0,1,5,2025-03-15,0,1,64,630.2316585697833,0.025722479466524693,0.04136939225873243,-0.04136939225873243
2117,2025-03-15 12:06:16.852982,8,0,0,278.0,1,5,2025-03-15,0,1,64,630.2316585697833,0.025722479466524693,0.04136939225873243,-0.04136939225873243
2118,2025-03-15 13:10:43.435316,7,0,0,278.0,1,5,2025-03-15,0,1,49,630.2316585697833,0.06646307363697887,0.10023392045771826,-0.10023392045771826
2119,2025-03-15 13:17:16.874252,7,0,0,278.0,1,5,2025-03-15,0,1,49,630.2316585697833,0.06646307363697887,0.10023392045771826,-0.10023392045771826
2120,2025-03-15 13:21:24.352724,7,0,0,278.0,1,5,2025-03-15,0,1,49,630.2316585697833,0.06646307363697887,0.10023392045771826,-0.10023392045771826
2121,2025-03-18 16:25:42.647816,3,1,0,278.0,0,5,2025-03-18,1,1,9,744.4368212123906,0.7964022247996637,0.8318390349179802,0.16816096508201983
2122,2025-03-18 16:30:59.232378,3,1,0,278.0,0,5,2025-03-18,1,1,9,744.4368212123906,0.7964022247996637,0.8318390349179802,0.16816096508201983
2123,2025-03-18 16:32:55.880010,3,1,0,278.0,0,5,2025-03-18,1,1,9,744.4368212123906,0.7964022247996637,0.8318390349179802,0.16816096508201983
2124,2025-03-18 16:35:29.736307,4,1,0,278.0,0,5,2025-03-18,1,1,16,744.4368212123906,0.5919327697631248,0.6570963018227935,0.34290369817720645
2125,2025-03-18 16:40:08.428836,4,1,0,278.0,0,5,2025-03-18,1,1,16,744.4368212123906,0.5919327697631248,0.6570963018227935,0.34290369817720645
2126,2025-03-18 16:40:14.015323,4,1,0,278.0,0,5,2025-03-18,1,1,16,744.4368212123906,0.5919327697631248,0.6570963018227935,0.34290369817720645
2127,2025-03-21 16:31:02.843009,1,1,0,278.0,1,5,2025-03-21,1,1,1,612.8971677813659,0.9645600817730471,0.9705563170026417,0.029443682997358334
2128,2025-03-21 16:31:09.854084,1,1,0,278.0,1,5,2025-03-21,1,1,1,612.8971677813659,0.9645600817730471,0.9705563170026417,0.029443682997358334
2129,2025-03-21 16:33:19.648339,2,1,0,278.0,1,5,2025-03-21,1,1,4,612.8971677813659,0.9098525934251143,0.9273753283850786,0.07262467161492137
2130,2025-03-21 16:41:02.790361,4,1,0,278.0,1,5,2025-03-21,1,1,16,612.8971677813659,0.5812343676993375,0.6570963018227935,0.34290369817720645
2131,2025-03-21 17:06:34.668226,5,0,0,278.0,1,5,2025-03-21,0,1,25,612.8971677813659,0.3398070382862238,0.4260573723585436,-0.4260573723585436
2132,2025-03-21 17:14:04.682044,1,1,0,278.0,1,5,2025-03-21,1,1,1,612.8971677813659,0.9645600817730471,0.9705563170026417,0.029443682997358334
2133,2025-03-21 18:10:00.926003,4,1,0,278.0,1,5,2025-03-21,1,1,16,612.8971677813659,0.5812343676993375,0.6570963018227935,0.34290369817720645
2134,2025-03-21 18:29:00.679798,8,0,0,278.0,1,5,2025-03-21,0,1,64,612.8971677813659,0.02557717690413108,0.04136939225873243,-0.04136939225873243
2135,2025-03-21 18:32:47.832967,8,0,0,278.0,1,5,2025-03-21,0,1,64,612.8971677813659,0.02557717690413108,0.04136939225873243,-0.04136939225873243
2136,2025-03-23 14:48:46.562360,2,1,0,278.0,1,5,2025-03-23,1,1,4,675.5265439999041,0.9115607486544699,0.9273753283850786,0.07262467161492137
2137,2025-03-23 14:53:24.494672,3,1,0,278.0,1,5,2025-03-23,1,1,9,675.5265439999041,0.7926289430636646,0.8318390349179802,0.16816096508201983
2138,2025-03-23 14:58:21.010324,3,1,0,278.0,1,5,2025-03-23,1,1,9,675.5265439999041,0.7926289430636646,0.8318390349179802,0.16816096508201983
2139,2025-03-26 20:32:27.256999,1,1,0,278.0,1,5,2025-03-26,1,1,1,518.4544489169947,0.9634611879057435,0.9705563170026417,0.029443682997358334
2140,2025-03-26 20:32:32.075673,1,1,0,278.0,1,5,2025-03-26,1,1,1,518.4544489169947,0.9634611879057435,0.9705563170026417,0.029443682997358334
2141,2025-03-26 20:32:35.939075,2,1,0,278.0,1,5,2025-03-26,1,1,4,518.4544489169947,0.9072205386371497,0.9273753283850786,0.07262467161492137
2142,2025-03-26 20:32:39.977066,2,1,0,278.0,1,5,2025-03-26,1,1,4,518.4544489169947,0.9072205386371497,0.9273753283850786,0.07262467161492137
2143,2025-03-26 20:35:17.056406,1,1,0,278.0,0,5,2025-03-26,1,1,1,518.4544489169947,0.9634611879057435,0.9705563170026417,0.029443682997358334
2144,2025-03-26 20:35:21.906247,1,1,0,278.0,0,5,2025-03-26,1,1,1,518.4544489169947,0.9634611879057435,0.9705563170026417,0.029443682997358334
2145,2025-03-26 20:35:24.251748,4,1,0,278.0,0,5,2025-03-26,1,1,16,518.4544489169947,0.5735051213917741,0.6570963018227935,0.34290369817720645
2146,2025-03-26 20:39:42.564748,3,1,0,278.0,0,5,2025-03-26,1,1,9,518.4544489169947,0.783836162179497,0.8318390349179802,0.16816096508201983
2147,2025-03-26 20:39:47.273653,3,1,0,278.0,0,5,2025-03-26,1,1,9,518.4544489169947,0.783836162179497,0.8318390349179802,0.16816096508201983
2148,2025-03-26 20:47:40.090108,3,1,0,278.0,0,5,2025-03-26,1,1,9,518.4544489169947,0.783836162179497,0.8318390349179802,0.16816096508201983
2149,2025-03-26 20:47:43.366095,4,1,0,278.0,0,5,2025-03-26,1,1,16,518.4544489169947,0.5735051213917741,0.6570963018227935,0.34290369817720645
2150,2025-03-26 20:56:07.496503,2,1,0,278.0,0,5,2025-03-26,1,1,4,518.4544489169947,0.9072205386371497,0.9273753283850786,0.07262467161492137
2151,2025-03-26 20:56:12.230000,3,1,0,278.0,0,5,2025-03-26,1,1,9,518.4544489169947,0.783836162179497,0.8318390349179802,0.16816096508201983
2152,2025-03-26 20:56:16.718538,2,1,0,278.0,0,5,2025-03-26,1,1,4,518.4544489169947,0.9072205386371497,0.9273753283850786,0.07262467161492137
2153,2025-03-26 20:58:37.590362,2,1,0,278.0,0,5,2025-03-26,1,1,4,518.4544489169947,0.9072205386371497,0.9273753283850786,0.07262467161492137
2154,2025-03-26 20:58:40.310098,4,1,0,278.0,0,5,2025-03-26,1,1,16,518.4544489169947,0.5735051213917741,0.6570963018227935,0.34290369817720645
2155,2025-03-28 19:41:46.608833,8,0,0,278.0,1,5,2025-03-28,0,1,64,522.1970425463247,0.024829841384482052,0.04136939225873243,-0.04136939225873243
2156,2025-03-28 19:48:19.105601,8,0,0,278.0,1,5,2025-03-28,0,1,64,522.1970425463247,0.024829841384482052,0.04136939225873243,-0.04136939225873243
2157,2025-03-28 20:00:24.628590,8,0,0,278.0,1,5,2025-03-28,0,1,64,522.1970425463247,0.024829841384482052,0.04136939225873243,-0.04136939225873243
2158,2025-03-28 20:09:00.847053,8,0,0,278.0,1,5,2025-03-28,0,1,64,522.1970425463247,0.024829841384482052,0.04136939225873243,-0.04136939225873243
2159,2025-03-28 20:12:19.952615,8,0,0,278.0,1,5,2025-03-28,0,1,64,522.1970425463247,0.024829841384482052,0.04136939225873243,-0.04136939225873243
2160,2025-03-28 20:14:31.715021,8,0,0,278.0,1,5,2025-03-28,0,1,64,522.1970425463247,0.024829841384482052,0.04136939225873243,-0.04136939225873243
2161,2025-03-28 20:26:41.792095,8,0,0,278.0,1,5,2025-03-28,0,1,64,522.1970425463247,0.024829841384482052,0.04136939225873243,-0.04136939225873243
2162,2025-04-04 18:01:27.113991,3,1,0,278.0,0,5,2025-04-04,1,1,9,505.18298998196593,0.7830810019256768,0.8318390349179802,0.16816096508201983
2163,2025-04-04 18:01:38.694300,1,1,0,278.0,0,5,2025-04-04,1,1,1,505.18298998196593,0.9633041634651187,0.9705563170026417,0.029443682997358334
2164,2025-04-04 18:03:12.236535,4,1,0,278.0,0,5,2025-04-04,1,1,16,505.18298998196593,0.57241600327793,0.6570963018227935,0.34290369817720645
2165,2025-04-04 18:05:40.563849,5,1,0,278.0,0,5,2025-04-04,1,1,25,505.18298998196593,0.3317497892254964,0.4260573723585436,0.5739426276414564
2166,2025-04-04 18:07:25.629428,5,0,0,278.0,0,5,2025-04-04,0,1,25,505.18298998196593,0.3317497892254964,0.4260573723585436,-0.4260573723585436
2167,2025-04-04 18:09:02.689549,5,0,0,278.0,0,5,2025-04-04,0,1,25,505.18298998196593,0.3317497892254964,0.4260573723585436,-0.4260573723585436
2168,2025-04-04 18:11:10.588323,5,1,0,278.0,0,5,2025-04-04,1,1,25,505.18298998196593,0.3317497892254964,0.4260573723585436,0.5739426276414564
2169,2025-04-04 18:20:46.965265,6,1,0,278.0,0,5,2025-04-04,1,1,36,505.18298998196593,0.15547642780888626,0.22334270735276335,0.7766572926472366
2170,2025-04-06 15:27:53.170293,0,1,0,278.0,1,5,2025-04-06,1,1,0,560.192511551947,0.9863214448182102,0.9883844429385786,0.011615557061421367
2171,2025-04-06 15:27:59.555358,6,0,0,278.0,1,5,2025-04-06,0,1,36,560.192511551947,0.15791443515230977,0.22334270735276335,-0.22334270735276335
2172,2025-04-06 15:28:04.856524,6,0,0,278.0,1,5,2025-04-06,0,1,36,560.192511551947,0.15791443515230977,0.22334270735276335,-0.22334270735276335
2173,2025-04-06 15:33:10.888372,8,0,0,278.0,1,5,2025-04-06,0,1,64,560.192511551947,0.025140284381505774,0.04136939225873243,-0.04136939225873243
2174,2025-04-06 17:36:12.632295,8,0,0,278.0,1,5,2025-04-06,0,1,64,560.192511551947,0.025140284381505774,0.04136939225873243,-0.04136939225873243
2175,2025-04-06 17:40:59.801035,1,1,0,278.0,1,5,2025-04-06,1,1,1,560.192511551947,0.9639508191075611,0.9705563170026417,0.029443682997358334
2176,2025-04-06 17:41:12.776200,3,1,0,278.0,1,5,2025-04-06,1,1,9,560.192511551947,0.7861986802419489,0.8318390349179802,0.16816096508201983
2177,2025-04-06 17:41:17.849196,3,1,0,278.0,1,5,2025-04-06,1,1,9,560.192511551947,0.7861986802419489,0.8318390349179802,0.16816096508201983
2178,2025-04-06 17:50:59.078373,8,0,0,278.0,1,5,2025-04-06,0,1,64,560.192511551947,0.025140284381505774,0.04136939225873243,-0.04136939225873243
2179,2025-04-06 17:55:22.232124,8,0,0,278.0,1,5,2025-04-06,0,1,64,560.192511551947,0.025140284381505774,0.04136939225873243,-0.04136939225873243
2180,2025-04-11 17:35:28.414002,1,1,0,278.0,1,5,2025-04-11,1,1,1,572.374989572046,0.9640925376199941,0.9705563170026417,0.029443682997358334
2181,2025-04-11 17:35:34.640663,1,1,0,278.0,1,5,2025-04-11,1,1,1,572.374989572046,0.9640925376199941,0.9705563170026417,0.029443682997358334
2182,2025-04-11 18:16:24.101224,1,1,0,278.0,1,5,2025-04-11,1,1,1,572.374989572046,0.9640925376199941,0.9705563170026417,0.029443682997358334
2183,2025-04-11 18:19:11.529964,2,1,0,278.0,1,5,2025-04-11,1,1,4,572.374989572046,0.9087316077341566,0.9273753283850786,0.07262467161492137
2184,2025-04-11 18:25:17.133256,3,1,0,278.0,1,5,2025-04-11,1,1,9,572.374989572046,0.7868846957651299,0.8318390349179802,0.16816096508201983
2185,2025-04-11 18:38:53.682850,2,1,0,278.0,1,5,2025-04-11,1,1,4,572.374989572046,0.9087316077341566,0.9273753283850786,0.07262467161492137
2186,2025-04-11 19:38:22.935959,4,0,0,278.0,1,5,2025-04-11,0,1,16,572.374989572046,0.5779226603366265,0.6570963018227935,-0.6570963018227935
2187,2025-04-11 19:38:29.142221,4,0,0,278.0,1,5,2025-04-11,0,1,16,572.374989572046,0.5779226603366265,0.6570963018227935,-0.6570963018227935
2188,2025-04-11 19:38:31.788493,4,0,0,278.0,1,5,2025-04-11,0,1,16,572.374989572046,0.5779226603366265,0.6570963018227935,-0.6570963018227935
2189,2025-04-11 19:46:27.731914,2,0,0,278.0,1,5,2025-04-11,0,1,4,572.374989572046,0.9087316077341566,0.9273753283850786,-0.9273753283850786
2190,2025-04-11 19:54:59.005084,2,1,0,278.0,1,5,2025-04-11,1,1,4,572.374989572046,0.9087316077341566,0.9273753283850786,0.07262467161492137
2191,2025-04-11 20:11:56.396296,5,0,0,278.0,1,5,2025-04-11,0,1,25,572.374989572046,0.3367646920367123,0.4260573723585436,-0.4260573723585436
2192,2025-04-11 20:25:33.034750,5,0,0,278.0,1,5,2025-04-11,0,1,25,572.374989572046,0.3367646920367123,0.4260573723585436,-0.4260573723585436
2193,2025-04-13 10:38:19.507190,0,1,0,278.0,1,5,2025-04-13,1,1,0,582.630520927854,0.9864226070015594,0.9883844429385786,0.011615557061421367
2194,2025-04-13 10:38:26.886169,1,1,0,278.0,1,5,2025-04-13,1,1,1,582.630520927854,0.9642114240357144,0.9705563170026417,0.029443682997358334
2195,2025-04-13 10:49:32.791554,3,1,0,278.0,1,5,2025-04-13,1,1,9,582.630520927854,0.7874609563494492,0.8318390349179802,0.16816096508201983
2196,2025-04-13 10:49:38.699241,3,0,0,278.0,1,5,2025-04-13,0,1,9,582.630520927854,0.7874609563494492,0.8318390349179802,-0.8318390349179802
2197,2025-04-13 11:00:08.608585,3,1,0,278.0,1,5,2025-04-13,1,1,9,582.630520927854,0.7874609563494492,0.8318390349179802,0.16816096508201983
2198,2025-04-13 11:50:18.483052,7,0,0,278.0,1,5,2025-04-13,0,1,49,582.630520927854,0.06547931576306862,0.10023392045771826,-0.10023392045771826
2199,2025-04-13 14:23:46.029973,5,0,0,278.0,1,5,2025-04-13,0,1,25,582.630520927854,0.3375333969117317,0.4260573723585436,-0.4260573723585436
2200,2025-04-13 14:43:38.116549,5,0,0,278.0,1,5,2025-04-13,0,1,25,582.630520927854,0.3375333969117317,0.4260573723585436,-0.4260573723585436
2201,2025-04-13 14:48:42.109329,5,0,0,278.0,1,5,2025-04-13,0,1,25,582.630520927854,0.3375333969117317,0.4260573723585436,-0.4260573723585436
2202,2025-04-13 14:57:10.101502,5,0,0,278.0,1,5,2025-04-13,0,1,25,582.630520927854,0.3375333969117317,0.4260573723585436,-0.4260573723585436
2203,2025-04-13 15:15:44.062573,5,0,0,278.0,1,5,2025-04-13,0,1,25,582.630520927854,0.3375333969117317,0.4260573723585436,-0.4260573723585436
2204,2025-04-16 17:00:15.802523,1,1,0,278.0,0,5,2025-04-16,1,1,1,597.0069179503874,0.9643774433739528,0.9705563170026417,0.029443682997358334
2205,2025-04-16 17:02:14.204181,2,1,0,278.0,0,5,2025-04-16,1,1,4,597.0069179503874,0.9094144992810336,0.9273753283850786,0.07262467161492137
2206,2025-04-16 17:06:41.823974,3,1,0,278.0,0,5,2025-04-16,1,1,9,597.0069179503874,0.7882668527261318,0.8318390349179802,0.16816096508201983
2207,2025-04-16 17:10:53.278531,4,0,0,278.0,0,5,2025-04-16,0,1,16,597.0069179503874,0.5799365793477712,0.6570963018227935,-0.6570963018227935
2208,2025-04-16 17:19:32.565489,4,1,0,278.0,0,5,2025-04-16,1,1,16,597.0069179503874,0.5799365793477712,0.6570963018227935,0.34290369817720645
2209,2025-04-16 17:29:46.498158,5,1,0,278.0,0,5,2025-04-16,1,1,25,597.0069179503874,0.33861242835418726,0.4260573723585436,0.5739426276414564
2210,2025-04-16 17:36:15.519690,5,0,0,278.0,0,5,2025-04-16,0,1,25,597.0069179503874,0.33861242835418726,0.4260573723585436,-0.4260573723585436
2211,2025-04-16 17:41:04.712047,5,0,0,278.0,0,5,2025-04-16,0,1,25,597.0069179503874,0.33861242835418726,0.4260573723585436,-0.4260573723585436
2212,2025-04-16 17:44:43.105216,3,1,0,278.0,0,5,2025-04-16,1,1,9,597.0069179503874,0.7882668527261318,0.8318390349179802,0.16816096508201983
2213,2025-04-16 17:50:59.780887,3,0,0,278.0,0,5,2025-04-16,0,1,9,597.0069179503874,0.7882668527261318,0.8318390349179802,-0.8318390349179802
2214,2025-04-16 17:52:43.278635,5,0,0,278.0,0,5,2025-04-16,0,1,25,597.0069179503874,0.33861242835418726,0.4260573723585436,-0.4260573723585436
2215,2025-04-16 18:05:31.208407,5,0,0,278.0,0,5,2025-04-16,0,1,25,597.0069179503874,0.33861242835418726,0.4260573723585436,-0.4260573723585436
2216,2025-04-18 17:03:59.480303,2,1,0,278.0,0,5,2025-04-18,1,1,4,659.802195535082,0.9111346503576793,0.9273753283850786,0.07262467161492137
2217,2025-04-18 17:06:11.461568,2,1,0,278.0,0,5,2025-04-18,1,1,4,659.802195535082,0.9111346503576793,0.9273753283850786,0.07262467161492137
2218,2025-04-18 17:08:03.713956,2,1,0,278.0,0,5,2025-04-18,1,1,4,659.802195535082,0.9111346503576793,0.9273753283850786,0.07262467161492137
2219,2025-04-18 17:12:08.413474,3,1,0,278.0,0,5,2025-04-18,1,1,9,659.802195535082,0.7917607340732923,0.8318390349179802,0.16816096508201983
2220,2025-04-18 17:14:32.066135,3,1,0,278.0,0,5,2025-04-18,1,1,9,659.802195535082,0.7917607340732923,0.8318390349179802,0.16816096508201983
2221,2025-04-18 17:16:52.907158,3,1,0,278.0,0,5,2025-04-18,1,1,9,659.802195535082,0.7917607340732923,0.8318390349179802,0.16816096508201983
2222,2025-04-18 17:21:16.587422,2,1,0,278.0,0,5,2025-04-18,1,1,4,659.802195535082,0.9111346503576793,0.9273753283850786,0.07262467161492137
2223,2025-04-18 17:25:05.584118,2,1,0,278.0,0,5,2025-04-18,1,1,4,659.802195535082,0.9111346503576793,0.9273753283850786,0.07262467161492137
2224,2025-04-18 17:27:29.594804,2,1,0,278.0,0,5,2025-04-18,1,1,4,659.802195535082,0.9111346503576793,0.9273753283850786,0.07262467161492137
2225,2025-04-18 17:39:48.680882,2,1,0,278.0,0,5,2025-04-18,1,1,4,659.802195535082,0.9111346503576793,0.9273753283850786,0.07262467161492137
2226,2025-04-18 17:41:08.713966,1,1,0,278.0,0,5,2025-04-18,1,1,1,659.802195535082,0.9650939496810843,0.9705563170026417,0.029443682997358334
2227,2025-04-18 17:42:23.400860,3,1,0,278.0,0,5,2025-04-18,1,1,9,659.802195535082,0.7917607340732923,0.8318390349179802,0.16816096508201983
2228,2025-04-20 16:34:02.836051,5,0,0,278.0,1,5,2025-04-20,0,1,25,599.0147806052809,0.3387632639708702,0.4260573723585436,-0.4260573723585436
2229,2025-04-20 16:39:41.698798,5,0,0,278.0,1,5,2025-04-20,0,1,25,599.0147806052809,0.3387632639708702,0.4260573723585436,-0.4260573723585436
2230,2025-04-20 16:52:47.863385,5,0,0,278.0,1,5,2025-04-20,0,1,25,599.0147806052809,0.3387632639708702,0.4260573723585436,-0.4260573723585436
2231,2025-04-20 16:58:58.236859,6,0,0,278.0,1,5,2025-04-20,0,1,36,599.0147806052809,0.15965365865030262,0.22334270735276335,-0.22334270735276335
2232,2025-04-20 17:09:08.343932,6,1,0,278.0,1,5,2025-04-20,1,1,36,599.0147806052809,0.15965365865030262,0.22334270735276335,0.7766572926472366
2233,2025-04-20 17:21:48.910538,3,1,0,278.0,1,5,2025-04-20,1,1,9,599.0147806052809,0.7883792292494243,0.8318390349179802,0.16816096508201983
2234,2025-04-20 17:38:03.318386,4,1,0,278.0,1,5,2025-04-20,1,1,16,599.0147806052809,0.5801006269036596,0.6570963018227935,0.34290369817720645
2235,2025-04-20 17:53:32.122012,7,0,0,278.0,1,5,2025-04-20,0,1,49,599.0147806052809,0.06581638632383921,0.10023392045771826,-0.10023392045771826
2236,2025-04-20 18:04:41.302725,7,0,0,278.0,1,5,2025-04-20,0,1,49,599.0147806052809,0.06581638632383921,0.10023392045771826,-0.10023392045771826
2237,2025-04-20 18:04:49.280763,8,0,0,278.0,1,5,2025-04-20,0,1,64,599.0147806052809,0.02546138747288303,0.04136939225873243,-0.04136939225873243
2238,2025-04-20 18:15:45.521326,8,0,0,278.0,1,5,2025-04-20,0,1,64,599.0147806052809,0.02546138747288303,0.04136939225873243,-0.04136939225873243
2239,2025-04-20 18:27:14.161430,8,0,0,278.0,1,5,2025-04-20,0,1,64,599.0147806052809,0.02546138747288303,0.04136939225873243,-0.04136939225873243
2240,2025-04-22 18:39:19.424065,2,1,0,278.0,1,5,2025-04-22,1,1,4,908.4667095624169,0.9176600510625637,0.9273753283850786,0.07262467161492137
2241,2025-04-22 18:39:31.519543,8,0,0,278.0,1,5,2025-04-22,0,1,64,908.4667095624169,0.02816760763528535,0.04136939225873243,-0.04136939225873243
2242,2025-04-22 18:59:40.317711,8,0,0,278.0,1,5,2025-04-22,0,1,64,908.4667095624169,0.02816760763528535,0.04136939225873243,-0.04136939225873243
2243,2025-04-22 19:08:16.673172,4,1,0,278.0,1,5,2025-04-22,1,1,16,908.4667095624169,0.6051515352119461,0.6570963018227935,0.34290369817720645
2244,2025-04-22 19:22:00.357404,8,0,0,278.0,1,5,2025-04-22,0,1,64,908.4667095624169,0.02816760763528535,0.04136939225873243,-0.04136939225873243
2245,2025-04-22 19:36:25.854228,8,0,0,278.0,1,5,2025-04-22,0,1,64,908.4667095624169,0.02816760763528535,0.04136939225873243,-0.04136939225873243
2246,2025-04-26 14:12:22.009930,1,1,0,278.0,1,5,2025-04-26,1,1,1,813.4292754838791,0.9667887676256011,0.9705563170026417,0.029443682997358334
2247,2025-04-26 14:21:49.371990,1,1,0,278.0,1,5,2025-04-26,1,1,1,813.4292754838791,0.9667887676256011,0.9705563170026417,0.029443682997358334
2248,2025-04-26 14:27:35.619949,3,1,0,278.0,1,5,2025-04-26,1,1,9,813.4292754838791,0.8001285698662105,0.8318390349179802,0.16816096508201983
2249,2025-04-26 14:35:00.683591,5,0,0,278.0,1,5,2025-04-26,0,1,25,813.4292754838791,0.35505423987197027,0.4260573723585436,-0.4260573723585436
2250,2025-04-26 14:45:58.927557,5,0,0,278.0,1,5,2025-04-26,0,1,25,813.4292754838791,0.35505423987197027,0.4260573723585436,-0.4260573723585436
2251,2025-04-26 14:54:55.320654,5,0,0,278.0,1,5,2025-04-26,0,1,25,813.4292754838791,0.35505423987197027,0.4260573723585436,-0.4260573723585436
2252,2025-04-26 15:01:06.555209,5,0,0,278.0,1,5,2025-04-26,0,1,25,813.4292754838791,0.35505423987197027,0.4260573723585436,-0.4260573723585436
2253,2025-04-26 15:04:33.180447,3,1,0,278.0,1,5,2025-04-26,1,1,9,813.4292754838791,0.8001285698662105,0.8318390349179802,0.16816096508201983
2254,2025-04-26 15:14:15.380830,5,1,0,278.0,1,5,2025-04-26,1,1,25,813.4292754838791,0.35505423987197027,0.4260573723585436,0.5739426276414564
2255,2025-04-26 15:32:30.471441,5,0,0,278.0,1,5,2025-04-26,0,1,25,813.4292754838791,0.35505423987197027,0.4260573723585436,-0.4260573723585436
2256,2025-04-26 15:37:07.572519,5,0,0,278.0,1,5,2025-04-26,0,1,25,813.4292754838791,0.35505423987197027,0.4260573723585436,-0.4260573723585436
2257,2025-04-26 15:47:27.163906,5,1,0,278.0,1,5,2025-04-26,1,1,25,813.4292754838791,0.35505423987197027,0.4260573723585436,0.5739426276414564
2258,2025-04-26 16:08:56.080671,7,0,0,278.0,1,5,2025-04-26,0,1,49,813.4292754838791,0.07037851767527648,0.10023392045771826,-0.10023392045771826
2259,2025-04-26 16:15:57.342952,7,0,0,278.0,1,5,2025-04-26,0,1,49,813.4292754838791,0.07037851767527648,0.10023392045771826,-0.10023392045771826
2260,2025-04-28 20:12:03.448681,2,1,0,278.0,0,5,2025-04-28,1,1,4,953.7178622280285,0.9187996008251527,0.9273753283850786,0.07262467161492137
2261,2025-04-28 20:15:00.372698,3,1,0,278.0,0,5,2025-04-28,1,1,9,953.7178622280285,0.8075472639211515,0.8318390349179802,0.16816096508201983
2262,2025-04-28 20:18:00.737635,4,1,0,278.0,0,5,2025-04-28,1,1,16,953.7178622280285,0.6087721903638775,0.6570963018227935,0.34290369817720645
2263,2025-04-28 20:22:14.932756,5,1,0,278.0,0,5,2025-04-28,1,1,25,953.7178622280285,0.36590088530206566,0.4260573723585436,0.5739426276414564
2264,2025-04-28 20:30:05.965080,5,1,0,278.0,0,5,2025-04-28,1,1,25,953.7178622280285,0.36590088530206566,0.4260573723585436,0.5739426276414564
2265,2025-04-28 20:34:20.540258,6,0,0,278.0,0,5,2025-04-28,0,1,36,953.7178622280285,0.17626800024968123,0.22334270735276335,-0.22334270735276335
2266,2025-04-28 20:38:01.582354,6,0,0,278.0,0,5,2025-04-28,0,1,36,953.7178622280285,0.17626800024968123,0.22334270735276335,-0.22334270735276335
2267,2025-04-28 20:41:56.206171,5,1,0,278.0,0,5,2025-04-28,1,1,25,953.7178622280285,0.36590088530206566,0.4260573723585436,0.5739426276414564
2268,2025-04-28 20:45:13.292987,7,1,0,278.0,0,5,2025-04-28,1,1,49,953.7178622280285,0.07351989285373789,0.10023392045771826,0.8997660795422817
2269,2025-04-28 20:48:10.122821,7,0,0,278.0,0,5,2025-04-28,0,1,49,953.7178622280285,0.07351989285373789,0.10023392045771826,-0.10023392045771826
2270,2025-04-28 20:57:01.312615,6,1,0,278.0,0,5,2025-04-28,1,1,36,953.7178622280285,0.17626800024968123,0.22334270735276335,0.7766572926472366
2271,2025-04-28 21:01:09.052373,6,1,0,278.0,0,5,2025-04-28,1,1,36,953.7178622280285,0.17626800024968123,0.22334270735276335,0.7766572926472366
2272,2025-04-28 21:06:45.025354,5,1,0,278.0,0,5,2025-04-28,1,1,25,953.7178622280285,0.36590088530206566,0.4260573723585436,0.5739426276414564
2273,2025-05-04 13:29:39.899247,1,1,0,278.0,1,5,2025-05-04,1,1,1,748.4343350948484,0.9660816617679296,0.9705563170026417,0.029443682997358334
2274,2025-05-04 13:34:10.120650,3,0,0,278.0,1,5,2025-05-04,0,1,9,748.4343350948484,0.7966195382667288,0.8318390349179802,-0.8318390349179802
2275,2025-05-04 13:44:55.600695,3,1,0,278.0,1,5,2025-05-04,1,1,9,748.4343350948484,0.7966195382667288,0.8318390349179802,0.16816096508201983
2276,2025-05-04 14:35:52.283995,7,0,0,278.0,1,5,2025-05-04,0,1,49,748.4343350948484,0.06896557635336635,0.10023392045771826,-0.10023392045771826
2277,2025-05-04 14:37:06.946932,7,0,0,278.0,1,5,2025-05-04,0,1,49,748.4343350948484,0.06896557635336635,0.10023392045771826,-0.10023392045771826
2278,2025-05-04 14:43:15.872329,7,0,0,278.0,1,5,2025-05-04,0,1,49,748.4343350948484,0.06896557635336635,0.10023392045771826,-0.10023392045771826
2279,2025-05-04 14:52:19.801636,7,0,0,278.0,1,5,2025-05-04,0,1,49,748.4343350948484,0.06896557635336635,0.10023392045771826,-0.10023392045771826
2280,2025-05-04 14:58:17.768351,7,0,0,278.0,1,5,2025-05-04,0,1,49,748.4343350948484,0.06896557635336635,0.10023392045771826,-0.10023392045771826
2281,2025-05-11 12:02:26.448139,1,1,0,278.0,1,5,2025-05-11,1,1,1,516.5477635898196,0.9634386683309988,0.9705563170026417,0.029443682997358334
2282,2025-05-11 12:02:34.446842,3,1,0,278.0,1,5,2025-05-11,1,1,9,516.5477635898196,0.7837277869636956,0.8318390349179802,0.16816096508201983
2283,2025-05-11 12:02:40.796701,6,0,0,278.0,1,5,2025-05-11,0,1,36,516.5477635898196,0.15597758167938494,0.22334270735276335,-0.22334270735276335
2284,2025-05-11 12:02:47.403591,6,0,0,278.0,1,5,2025-05-11,0,1,36,516.5477635898196,0.15597758167938494,0.22334270735276335,-0.22334270735276335
2285,2025-05-11 12:02:49.902671,6,0,0,278.0,1,5,2025-05-11,0,1,36,516.5477635898196,0.15597758167938494,0.22334270735276335,-0.22334270735276335
2286,2025-05-11 12:40:45.168378,6,0,0,278.0,1,5,2025-05-11,0,1,36,516.5477635898196,0.15597758167938494,0.22334270735276335,-0.22334270735276335
2287,2025-05-11 12:52:28.833772,6,0,0,278.0,1,5,2025-05-11,0,1,36,516.5477635898196,0.15597758167938494,0.22334270735276335,-0.22334270735276335
2288,2025-05-11 13:16:49.957921,6,0,0,278.0,1,5,2025-05-11,0,1,36,516.5477635898196,0.15597758167938494,0.22334270735276335,-0.22334270735276335
2289,2025-05-11 13:32:41.158186,6,0,0,278.0,1,5,2025-05-11,0,1,36,516.5477635898196,0.15597758167938494,0.22334270735276335,-0.22334270735276335
2290,2025-05-11 13:44:00.623515,5,1,0,278.0,1,5,2025-05-11,1,1,25,516.5477635898196,0.3325953647954003,0.4260573723585436,0.5739426276414564
2291,2025-05-11 14:03:33.438154,5,0,0,278.0,1,5,2025-05-11,0,1,25,516.5477635898196,0.3325953647954003,0.4260573723585436,-0.4260573723585436
2292,2025-05-13 18:52:31.467029,6,0,0,278.0,1,5,2025-05-13,0,1,36,705.2228139118597,0.16449102947721547,0.22334270735276335,-0.22334270735276335
2293,2025-05-13 18:52:36.440893,6,0,0,278.0,1,5,2025-05-13,0,1,36,705.2228139118597,0.16449102947721547,0.22334270735276335,-0.22334270735276335
2294,2025-05-13 18:52:38.848643,6,0,0,278.0,1,5,2025-05-13,0,1,36,705.2228139118597,0.16449102947721547,0.22334270735276335,-0.22334270735276335
2295,2025-05-13 19:12:57.555994,10,0,0,278.0,1,5,2025-05-13,0,1,100,705.2228139118597,0.003709386155815862,0.006434427060814574,-0.006434427060814574
2296,2025-05-13 19:13:02.438527,6,0,0,278.0,1,5,2025-05-13,0,1,36,705.2228139118597,0.16449102947721547,0.22334270735276335,-0.22334270735276335
2297,2025-05-13 19:28:12.633265,4,1,0,278.0,1,5,2025-05-13,1,1,16,705.2228139118597,0.5887520288888439,0.6570963018227935,0.34290369817720645
2298,2025-05-13 19:58:25.808785,11,0,0,278.0,1,5,2025-05-13,0,1,121,705.2228139118597,0.0013787896688396085,0.0025024645135895357,-0.0025024645135895357
2299,2025-05-13 20:06:17.783788,4,0,0,278.0,1,5,2025-05-13,0,1,16,705.2228139118597,0.5887520288888439,0.6570963018227935,-0.6570963018227935
2300,2025-05-13 20:08:08.989556,4,0,0,278.0,1,5,2025-05-13,0,1,16,705.2228139118597,0.5887520288888439,0.6570963018227935,-0.6570963018227935
2301,2025-05-13 20:15:13.585010,4,1,0,278.0,1,5,2025-05-13,1,1,16,705.2228139118597,0.5887520288888439,0.6570963018227935,0.34290369817720645
2302,2025-05-13 20:33:47.110525,6,0,0,278.0,1,5,2025-05-13,0,1,36,705.2228139118597,0.16449102947721547,0.22334270735276335,-0.22334270735276335
2303,2025-05-13 20:39:40.455547,6,0,0,278.0,1,5,2025-05-13,0,1,36,705.2228139118597,0.16449102947721547,0.22334270735276335,-0.22334270735276335
2304,2025-05-13 20:46:29.260337,6,0,0,278.0,1,5,2025-05-13,0,1,36,705.2228139118597,0.16449102947721547,0.22334270735276335,-0.22334270735276335
2305,2025-05-13 20:46:32.107348,6,0,0,278.0,1,5,2025-05-13,0,1,36,705.2228139118597,0.16449102947721547,0.22334270735276335,-0.22334270735276335
2306,2025-05-13 20:55:07.237212,6,0,0,278.0,1,5,2025-05-13,0,1,36,705.2228139118597,0.16449102947721547,0.22334270735276335,-0.22334270735276335
2307,2025-05-13 20:56:09.113390,6,0,0,278.0,1,5,2025-05-13,0,1,36,705.2228139118597,0.16449102947721547,0.22334270735276335,-0.22334270735276335
2308,2025-05-13 20:59:21.003133,6,0,0,278.0,1,5,2025-05-13,0,1,36,705.2228139118597,0.16449102947721547,0.22334270735276335,-0.22334270735276335
2309,2025-05-13 21:10:55.490833,6,0,0,278.0,1,5,2025-05-13,0,1,36,705.2228139118597,0.16449102947721547,0.22334270735276335,-0.22334270735276335
2310,2025-05-13 21:29:48.936176,10,0,0,278.0,1,5,2025-05-13,0,1,100,705.2228139118597,0.003709386155815862,0.006434427060814574,-0.006434427060814574
2311,2025-05-13 21:48:59.441663,10,0,0,278.0,1,5,2025-05-13,0,1,100,705.2228139118597,0.003709386155815862,0.006434427060814574,-0.006434427060814574
2312,2025-05-17 11:12:36.294230,1,1,0,278.0,1,5,2025-05-17,1,1,1,1152.0552974519157,0.9702483433460584,0.9705563170026417,0.029443682997358334
2313,2025-05-17 11:12:41.687738,1,1,0,278.0,1,5,2025-05-17,1,1,1,1152.0552974519157,0.9702483433460584,0.9705563170026417,0.029443682997358334
2314,2025-05-17 11:12:44.540240,1,1,0,278.0,1,5,2025-05-17,1,1,1,1152.0552974519157,0.9702483433460584,0.9705563170026417,0.029443682997358334
2315,2025-05-17 11:19:19.771475,5,0,0,278.0,1,5,2025-05-17,0,1,25,1152.0552974519157,0.3814683929996669,0.4260573723585436,-0.4260573723585436
2316,2025-05-17 11:35:32.874992,5,0,0,278.0,1,5,2025-05-17,0,1,25,1152.0552974519157,0.3814683929996669,0.4260573723585436,-0.4260573723585436
2317,2025-05-17 11:53:13.841526,5,1,0,278.0,1,5,2025-05-17,1,1,25,1152.0552974519157,0.3814683929996669,0.4260573723585436,0.5739426276414564
2318,2025-05-17 12:23:18.050128,7,0,0,278.0,1,5,2025-05-17,0,1,49,1152.0552974519157,0.0781815891360543,0.10023392045771826,-0.10023392045771826
2319,2025-05-17 12:34:35.852144,7,0,0,278.0,1,5,2025-05-17,0,1,49,1152.0552974519157,0.0781815891360543,0.10023392045771826,-0.10023392045771826
2320,2025-05-17 12:34:40.322942,7,0,0,278.0,1,5,2025-05-17,0,1,49,1152.0552974519157,0.0781815891360543,0.10023392045771826,-0.10023392045771826
2321,2025-05-17 13:02:13.183515,5,1,0,278.0,1,5,2025-05-17,1,1,25,1152.0552974519157,0.3814683929996669,0.4260573723585436,0.5739426276414564
2322,2025-05-17 13:36:19.126542,9,0,0,278.0,1,5,2025-05-17,0,1,81,1152.0552974519157,0.011528838947975057,0.016442593182564774,-0.016442593182564774
2323,2025-05-19 20:11:49.110178,0,1,0,278.0,0,5,2025-05-19,1,1,0,1242.724286640188,0.9890896658361013,0.9883844429385786,0.011615557061421367
2324,2025-05-19 20:11:57.129154,1,1,0,278.0,0,5,2025-05-19,1,1,1,1242.724286640188,0.9711137435861888,0.9705563170026417,0.029443682997358334
2325,2025-05-19 20:12:01.468870,3,1,0,278.0,0,5,2025-05-19,1,1,9,1242.724286640188,0.8221648472286244,0.8318390349179802,0.16816096508201983
2326,2025-05-19 20:15:06.145247,3,1,0,278.0,0,5,2025-05-19,1,1,9,1242.724286640188,0.8221648472286244,0.8318390349179802,0.16816096508201983
2327,2025-05-19 20:15:09.342571,2,1,0,278.0,0,5,2025-05-19,1,1,4,1242.724286640188,0.9257441124097361,0.9273753283850786,0.07262467161492137
2328,2025-05-19 20:21:08.969309,5,1,0,278.0,0,5,2025-05-19,1,1,25,1242.724286640188,0.3886691427312252,0.4260573723585436,0.5739426276414564
2329,2025-05-19 20:26:09.157786,5,1,0,278.0,0,5,2025-05-19,1,1,25,1242.724286640188,0.3886691427312252,0.4260573723585436,0.5739426276414564
2330,2025-05-19 20:30:19.932208,6,0,0,278.0,0,5,2025-05-19,0,1,36,1242.724286640188,0.1907866599598165,0.22334270735276335,-0.22334270735276335
2331,2025-05-19 20:36:08.405811,6,0,0,278.0,0,5,2025-05-19,0,1,36,1242.724286640188,0.1907866599598165,0.22334270735276335,-0.22334270735276335
2332,2025-05-19 20:41:24.758852,6,0,0,278.0,0,5,2025-05-19,0,1,36,1242.724286640188,0.1907866599598165,0.22334270735276335,-0.22334270735276335
2333,2025-05-21 18:17:38.926486,5,1,0,278.0,1,5,2025-05-21,1,1,25,1181.2321637337275,0.38378005040619034,0.4260573723585436,0.5739426276414564
2334,2025-05-21 18:26:40.339515,3,1,0,278.0,1,5,2025-05-21,1,1,9,1181.2321637337275,0.8191292818645413,0.8318390349179802,0.16816096508201983
2335,2025-05-21 18:33:22.043352,7,0,0,278.0,1,5,2025-05-21,0,1,49,1181.2321637337275,0.07888977174205339,0.10023392045771826,-0.10023392045771826
2336,2025-05-21 18:50:31.645711,7,0,0,278.0,1,5,2025-05-21,0,1,49,1181.2321637337275,0.07888977174205339,0.10023392045771826,-0.10023392045771826
2337,2025-05-21 19:00:37.317672,7,0,0,278.0,1,5,2025-05-21,0,1,49,1181.2321637337275,0.07888977174205339,0.10023392045771826,-0.10023392045771826
2338,2025-05-21 19:13:41.098581,7,0,0,278.0,1,5,2025-05-21,0,1,49,1181.2321637337275,0.07888977174205339,0.10023392045771826,-0.10023392045771826
2339,2025-05-21 19:21:34.728078,7,0,0,278.0,1,5,2025-05-21,0,1,49,1181.2321637337275,0.07888977174205339,0.10023392045771826,-0.10023392045771826
2340,2025-05-21 19:40:59.341281,7,0,0,278.0,1,5,2025-05-21,0,1,49,1181.2321637337275,0.07888977174205339,0.10023392045771826,-0.10023392045771826
2341,2025-05-21 19:54:30.450216,7,0,0,278.0,1,5,2025-05-21,0,1,49,1181.2321637337275,0.07888977174205339,0.10023392045771826,-0.10023392045771826
2342,2025-05-21 20:12:28.773905,7,0,0,278.0,1,5,2025-05-21,0,1,49,1181.2321637337275,0.07888977174205339,0.10023392045771826,-0.10023392045771826
2343,2025-05-21 21:29:29.451410,7,0,0,278.0,1,5,2025-05-21,0,1,49,1181.2321637337275,0.07888977174205339,0.10023392045771826,-0.10023392045771826
2344,2025-05-21 21:29:32.237941,6,0,0,278.0,1,5,2025-05-21,0,1,36,1181.2321637337275,0.18762279341237498,0.22334270735276335,-0.22334270735276335
2345,2025-05-21 21:40:02.494398,6,1,0,278.0,1,5,2025-05-21,1,1,36,1181.2321637337275,0.18762279341237498,0.22334270735276335,0.7766572926472366
2346,2025-05-21 21:52:58.059917,8,0,0,278.0,1,5,2025-05-21,0,1,64,1181.2321637337275,0.03078302761156331,0.04136939225873243,-0.04136939225873243
2347,2025-05-21 22:02:32.457538,8,0,0,278.0,1,5,2025-05-21,0,1,64,1181.2321637337275,0.03078302761156331,0.04136939225873243,-0.04136939225873243
2348,2025-05-21 22:15:43.340844,8,0,0,278.0,1,5,2025-05-21,0,1,64,1181.2321637337275,0.03078302761156331,0.04136939225873243,-0.04136939225873243
2349,2025-05-21 22:26:43.333064,8,0,0,278.0,1,5,2025-05-21,0,1,64,1181.2321637337275,0.03078302761156331,0.04136939225873243,-0.04136939225873243
2350,2025-05-21 22:33:53.187328,8,0,0,278.0,1,5,2025-05-21,0,1,64,1181.2321637337275,0.03078302761156331,0.04136939225873243,-0.04136939225873243
2351,2025-05-23 17:58:09.381385,6,1,0,278.0,1,5,2025-05-23,1,1,36,1751.6051404108255,0.2185343773214929,0.22334270735276335,0.7766572926472366
2352,2025-05-23 18:20:39.219403,8,0,0,278.0,1,5,2025-05-23,0,1,64,1751.6051404108255,0.03703257708677272,0.04136939225873243,-0.04136939225873243
2353,2025-05-23 18:29:13.109901,8,0,0,278.0,1,5,2025-05-23,0,1,64,1751.6051404108255,0.03703257708677272,0.04136939225873243,-0.04136939225873243
2354,2025-05-23 18:40:08.804772,8,1,0,278.0,1,5,2025-05-23,1,1,64,1751.6051404108255,0.03703257708677272,0.04136939225873243,0.9586306077412676
2355,2025-05-23 18:57:39.253805,8,0,0,278.0,1,5,2025-05-23,0,1,64,1751.6051404108255,0.03703257708677272,0.04136939225873243,-0.04136939225873243
2356,2025-05-23 20:00:53.951412,8,0,0,278.0,1,5,2025-05-23,0,1,64,1751.6051404108255,0.03703257708677272,0.04136939225873243,-0.04136939225873243
2357,2025-05-23 20:08:18.523564,8,0,0,278.0,1,5,2025-05-23,0,1,64,1751.6051404108255,0.03703257708677272,0.04136939225873243,-0.04136939225873243
2358,2025-05-23 20:29:32.716325,8,1,0,278.0,1,5,2025-05-23,1,1,64,1751.6051404108255,0.03703257708677272,0.04136939225873243,0.9586306077412676
2359,2025-05-26 19:52:50.869639,8,0,0,278.0,1,5,2025-05-26,0,1,64,1693.8866879458412,0.036348373204989494,0.04136939225873243,-0.04136939225873243
2360,2025-05-26 20:03:00.032419,8,0,0,278.0,1,5,2025-05-26,0,1,64,1693.8866879458412,0.036348373204989494,0.04136939225873243,-0.04136939225873243
2361,2025-05-26 20:07:57.755142,8,0,0,278.0,1,5,2025-05-26,0,1,64,1693.8866879458412,0.036348373204989494,0.04136939225873243,-0.04136939225873243
2362,2025-05-26 20:15:02.623505,8,0,0,278.0,1,5,2025-05-26,0,1,64,1693.8866879458412,0.036348373204989494,0.04136939225873243,-0.04136939225873243
2363,2025-05-26 20:19:59.695334,8,0,0,278.0,1,5,2025-05-26,0,1,64,1693.8866879458412,0.036348373204989494,0.04136939225873243,-0.04136939225873243
2364,2025-05-26 20:37:23.428638,8,0,0,278.0,1,5,2025-05-26,0,1,64,1693.8866879458412,0.036348373204989494,0.04136939225873243,-0.04136939225873243
2365,2025-05-26 20:54:20.165677,8,0,0,278.0,1,5,2025-05-26,0,1,64,1693.8866879458412,0.036348373204989494,0.04136939225873243,-0.04136939225873243
2366,2025-05-26 21:03:18.204905,8,0,0,278.0,1,5,2025-05-26,0,1,64,1693.8866879458412,0.036348373204989494,0.04136939225873243,-0.04136939225873243
2367,2025-05-26 21:13:54.027825,8,0,0,278.0,1,5,2025-05-26,0,1,64,1693.8866879458412,0.036348373204989494,0.04136939225873243,-0.04136939225873243
2368,2025-06-03 20:52:01.667263,1,1,0,278.0,0,5,2025-06-03,1,1,1,1047.1454858105076,0.9692156423685698,0.9705563170026417,0.029443682997358334
2369,2025-06-03 20:52:11.352619,1,1,0,278.0,0,5,2025-06-03,1,1,1,1047.1454858105076,0.9692156423685698,0.9705563170026417,0.029443682997358334
2370,2025-06-03 20:52:14.809883,2,1,0,278.0,0,5,2025-06-03,1,1,4,1047.1454858105076,0.9211069889132864,0.9273753283850786,0.07262467161492137
2371,2025-06-03 20:52:19.293143,2,1,0,278.0,0,5,2025-06-03,1,1,4,1047.1454858105076,0.9211069889132864,0.9273753283850786,0.07262467161492137
2372,2025-06-03 20:52:21.893370,3,1,0,278.0,0,5,2025-06-03,1,1,9,1047.1454858105076,0.8123704119534925,0.8318390349179802,0.16816096508201983
2373,2025-06-03 20:57:18.092870,1,1,0,278.0,0,5,2025-06-03,1,1,1,1047.1454858105076,0.9692156423685698,0.9705563170026417,0.029443682997358334
2374,2025-06-03 20:57:22.927660,1,1,0,278.0,0,5,2025-06-03,1,1,1,1047.1454858105076,0.9692156423685698,0.9705563170026417,0.029443682997358334
2375,2025-06-03 20:57:25.445122,2,1,0,278.0,0,5,2025-06-03,1,1,4,1047.1454858105076,0.9211069889132864,0.9273753283850786,0.07262467161492137
2376,2025-06-03 20:57:29.445851,2,1,0,278.0,0,5,2025-06-03,1,1,4,1047.1454858105076,0.9211069889132864,0.9273753283850786,0.07262467161492137
2377,2025-06-03 21:03:33.355294,5,1,0,278.0,0,5,2025-06-03,1,1,25,1047.1454858105076,0.3732013886149208,0.4260573723585436,0.5739426276414564
2378,2025-06-03 21:09:13.525027,6,1,0,278.0,0,5,2025-06-03,1,1,36,1047.1454858105076,0.18086411376786948,0.22334270735276335,0.7766572926472366
2379,2025-06-03 21:20:10.664990,8,0,0,278.0,0,5,2025-06-03,0,1,64,1047.1454858105076,0.029469192181920293,0.04136939225873243,-0.04136939225873243
2380,2025-06-03 21:20:16.626313,7,1,0,278.0,0,5,2025-06-03,1,1,49,1047.1454858105076,0.07568304517183842,0.10023392045771826,0.8997660795422817
2381,2025-06-03 21:29:21.115283,8,0,0,278.0,0,5,2025-06-03,0,1,64,1047.1454858105076,0.029469192181920293,0.04136939225873243,-0.04136939225873243
2382,2025-06-03 21:29:27.224770,8,0,0,278.0,0,5,2025-06-03,0,1,64,1047.1454858105076,0.029469192181920293,0.04136939225873243,-0.04136939225873243
2383,2025-06-03 21:32:56.467155,9,0,0,278.0,0,5,2025-06-03,0,1,81,1047.1454858105076,0.011134668277358487,0.016442593182564774,-0.016442593182564774
2384,2025-06-07 10:16:44.157945,4,0,0,278.0,1,5,2025-06-07,0,1,16,1007.1397171753789,0.6130312143524853,0.6570963018227935,-0.6570963018227935
2385,2025-06-07 10:28:44.732775,4,0,0,278.0,1,5,2025-06-07,0,1,16,1007.1397171753789,0.6130312143524853,0.6570963018227935,-0.6570963018227935
2386,2025-06-07 10:37:57.780633,5,0,0,278.0,1,5,2025-06-07,0,1,25,1007.1397171753789,0.3700680097531935,0.4260573723585436,-0.4260573723585436
2387,2025-06-07 10:54:49.580982,5,0,0,278.0,1,5,2025-06-07,0,1,25,1007.1397171753789,0.3700680097531935,0.4260573723585436,-0.4260573723585436
2388,2025-06-07 11:16:00.264704,2,1,0,278.0,1,5,2025-06-07,1,1,4,1007.1397171753789,0.9201263946230571,0.9273753283850786,0.07262467161492137
2389,2025-06-07 11:40:14.935980,6,0,0,278.0,1,5,2025-06-07,0,1,36,1007.1397171753789,0.17888471847245682,0.22334270735276335,-0.22334270735276335
2390,2025-06-07 11:47:29.086505,6,0,0,278.0,1,5,2025-06-07,0,1,36,1007.1397171753789,0.17888471847245682,0.22334270735276335,-0.22334270735276335
2391,2025-06-07 11:51:49.710117,5,1,0,278.0,1,5,2025-06-07,1,1,25,1007.1397171753789,0.3700680097531935,0.4260573723585436,0.5739426276414564
2392,2025-06-07 12:07:52.830575,7,0,0,278.0,1,5,2025-06-07,0,1,49,1007.1397171753789,0.0747497181961621,0.10023392045771826,-0.10023392045771826
2393,2025-06-07 12:44:17.075272,7,1,0,278.0,1,5,2025-06-07,1,1,49,1007.1397171753789,0.0747497181961621,0.10023392045771826,0.8997660795422817
2394,2025-06-07 12:59:24.449446,6,0,0,278.0,1,5,2025-06-07,0,1,36,1007.1397171753789,0.17888471847245682,0.22334270735276335,-0.22334270735276335
2395,2025-06-07 13:01:15.483217,6,0,0,278.0,1,5,2025-06-07,0,1,36,1007.1397171753789,0.17888471847245682,0.22334270735276335,-0.22334270735276335
2396,2025-06-07 13:06:53.224235,6,0,0,278.0,1,5,2025-06-07,0,1,36,1007.1397171753789,0.17888471847245682,0.22334270735276335,-0.22334270735276335
2397,2025-06-09 19:13:40.707121,1,1,0,278.0,0,5,2025-06-09,1,1,1,1176.5580147137318,0.9704846601064233,0.9705563170026417,0.029443682997358334
2398,2025-06-09 19:13:59.605212,1,1,0,278.0,0,5,2025-06-09,1,1,1,1176.5580147137318,0.9704846601064233,0.9705563170026417,0.029443682997358334
2399,2025-06-09 19:18:34.522257,1,1,0,278.0,0,5,2025-06-09,1,1,1,1176.5580147137318,0.9704846601064233,0.9705563170026417,0.029443682997358334
2400,2025-06-09 19:25:12.688105,1,1,0,278.0,0,5,2025-06-09,1,1,1,1176.5580147137318,0.9704846601064233,0.9705563170026417,0.029443682997358334
2401,2025-06-09 19:37:26.886086,4,1,0,278.0,0,5,2025-06-09,1,1,16,1176.5580147137318,0.6264213841069107,0.6570963018227935,0.34290369817720645
2402,2025-06-09 19:43:42.900288,4,1,0,278.0,0,5,2025-06-09,1,1,16,1176.5580147137318,0.6264213841069107,0.6570963018227935,0.34290369817720645
2403,2025-06-09 19:51:34.579623,5,1,0,278.0,0,5,2025-06-09,1,1,25,1176.5580147137318,0.3834093651744549,0.4260573723585436,0.5739426276414564
2404,2025-06-09 20:14:50.381470,5,1,0,278.0,0,5,2025-06-09,1,1,25,1176.5580147137318,0.3834093651744549,0.4260573723585436,0.5739426276414564
2405,2025-06-09 20:21:57.227839,7,0,0,278.0,0,5,2025-06-09,0,1,49,1176.5580147137318,0.07877592727147134,0.10023392045771826,-0.10023392045771826
2406,2025-06-09 20:29:10.642649,7,0,0,278.0,0,5,2025-06-09,0,1,49,1176.5580147137318,0.07877592727147134,0.10023392045771826,-0.10023392045771826
2407,2025-06-09 20:35:21.981881,7,1,0,278.0,0,5,2025-06-09,1,1,49,1176.5580147137318,0.07877592727147134,0.10023392045771826,0.8997660795422817
2408,2025-06-10 19:49:46.837468,8,0,0,278.0,1,5,2025-06-10,0,1,64,1297.5937162030875,0.031969004478612825,0.04136939225873243,-0.04136939225873243
2409,2025-06-10 20:22:00.629885,8,0,0,278.0,1,5,2025-06-10,0,1,64,1297.5937162030875,0.031969004478612825,0.04136939225873243,-0.04136939225873243
2410,2025-06-10 20:26:40.223031,8,0,0,278.0,1,5,2025-06-10,0,1,64,1297.5937162030875,0.031969004478612825,0.04136939225873243,-0.04136939225873243
2411,2025-06-10 20:32:39.570955,8,0,0,278.0,1,5,2025-06-10,0,1,64,1297.5937162030875,0.031969004478612825,0.04136939225873243,-0.04136939225873243
2412,2025-06-10 20:36:20.157484,8,0,0,278.0,1,5,2025-06-10,0,1,64,1297.5937162030875,0.031969004478612825,0.04136939225873243,-0.04136939225873243
2413,2025-06-10 21:57:08.134714,8,0,0,278.0,1,5,2025-06-10,0,1,64,1297.5937162030875,0.031969004478612825,0.04136939225873243,-0.04136939225873243
2414,2025-06-10 22:02:23.681559,8,0,0,278.0,1,5,2025-06-10,0,1,64,1297.5937162030875,0.031969004478612825,0.04136939225873243,-0.04136939225873243
2415,2025-06-15 09:19:15.742623,8,0,0,278.0,1,5,2025-06-15,0,1,64,1087.3337533515923,0.029857161373219098,0.04136939225873243,-0.04136939225873243
2416,2025-06-15 09:37:50.431448,6,0,0,278.0,1,5,2025-06-15,0,1,36,1087.3337533515923,0.18286968022022035,0.22334270735276335,-0.22334270735276335
2417,2025-06-15 09:48:43.818125,6,1,0,278.0,1,5,2025-06-15,1,1,36,1087.3337533515923,0.18286968022022035,0.22334270735276335,0.7766572926472366
2418,2025-06-15 11:37:02.672694,6,0,0,278.0,1,5,2025-06-15,0,1,36,1087.3337533515923,0.18286968022022035,0.22334270735276335,-0.22334270735276335
2419,2025-06-15 12:43:57.580758,8,0,0,278.0,1,5,2025-06-15,0,1,64,1087.3337533515923,0.029857161373219098,0.04136939225873243,-0.04136939225873243
2420,2025-06-15 12:47:59.693146,8,0,0,278.0,1,5,2025-06-15,0,1,64,1087.3337533515923,0.029857161373219098,0.04136939225873243,-0.04136939225873243
2421,2025-06-15 13:02:09.077272,8,0,0,278.0,1,5,2025-06-15,0,1,64,1087.3337533515923,0.029857161373219098,0.04136939225873243,-0.04136939225873243
2422,2025-06-15 13:17:29.757886,8,0,0,278.0,1,5,2025-06-15,0,1,64,1087.3337533515923,0.029857161373219098,0.04136939225873243,-0.04136939225873243
2423,2025-07-02 21:42:48.810489,4,0,0,278.0,0,5,2025-07-02,0,1,16,285.0496715854681,0.554256132378183,0.6570963018227935,-0.6570963018227935
2424,2025-07-02 21:42:59.973649,4,0,0,278.0,0,5,2025-07-02,0,1,16,285.0496715854681,0.554256132378183,0.6570963018227935,-0.6570963018227935
2425,2025-07-02 21:43:02.582422,4,1,0,278.0,0,5,2025-07-02,1,1,16,285.0496715854681,0.554256132378183,0.6570963018227935,0.34290369817720645
2426,2025-07-02 21:50:01.693148,4,0,0,278.0,0,5,2025-07-02,0,1,16,285.0496715854681,0.554256132378183,0.6570963018227935,-0.6570963018227935
2427,2025-07-02 21:53:32.110065,4,0,0,278.0,0,5,2025-07-02,0,1,16,285.0496715854681,0.554256132378183,0.6570963018227935,-0.6570963018227935
2428,2025-07-02 21:55:47.873543,4,0,0,278.0,0,5,2025-07-02,0,1,16,285.0496715854681,0.554256132378183,0.6570963018227935,-0.6570963018227935
2429,2025-07-02 21:59:14.641991,4,0,0,278.0,0,5,2025-07-02,0,1,16,285.0496715854681,0.554256132378183,0.6570963018227935,-0.6570963018227935
2430,2025-07-02 22:01:17.293618,4,0,0,278.0,0,5,2025-07-02,0,1,16,285.0496715854681,0.554256132378183,0.6570963018227935,-0.6570963018227935
2431,2025-07-05 20:51:42.751238,4,0,0,278.0,0,5,2025-07-05,0,1,16,315.96752690383613,0.5568166093061451,0.6570963018227935,-0.6570963018227935
2432,2025-07-05 20:57:31.759803,4,1,0,278.0,0,5,2025-07-05,1,1,16,315.96752690383613,0.5568166093061451,0.6570963018227935,0.34290369817720645
2433,2025-07-05 21:03:29.926340,4,0,0,278.0,0,5,2025-07-05,0,1,16,315.96752690383613,0.5568166093061451,0.6570963018227935,-0.6570963018227935
2434,2025-07-05 21:06:40.557758,4,0,0,278.0,0,5,2025-07-05,0,1,16,315.96752690383613,0.5568166093061451,0.6570963018227935,-0.6570963018227935
2435,2025-07-05 21:11:30.591494,4,1,0,278.0,0,5,2025-07-05,1,1,16,315.96752690383613,0.5568166093061451,0.6570963018227935,0.34290369817720645
2436,2025-07-05 21:19:55.548679,4,0,0,278.0,0,5,2025-07-05,0,1,16,315.96752690383613,0.5568166093061451,0.6570963018227935,-0.6570963018227935
2437,2025-07-05 21:25:20.406199,4,0,0,278.0,0,5,2025-07-05,0,1,16,315.96752690383613,0.5568166093061451,0.6570963018227935,-0.6570963018227935
2438,2025-07-05 21:35:07.175790,4,0,0,278.0,0,5,2025-07-05,0,1,16,315.96752690383613,0.5568166093061451,0.6570963018227935,-0.6570963018227935
2439,2025-07-05 21:41:40.573985,4,0,0,278.0,0,5,2025-07-05,0,1,16,315.96752690383613,0.5568166093061451,0.6570963018227935,-0.6570963018227935
2440,2025-07-05 21:47:50.874087,4,0,0,278.0,0,5,2025-07-05,0,1,16,315.96752690383613,0.5568166093061451,0.6570963018227935,-0.6570963018227935
2441,2025-07-05 21:57:24.293078,4,1,0,278.0,0,5,2025-07-05,1,1,16,315.96752690383613,0.5568166093061451,0.6570963018227935,0.34290369817720645
2442,2025-07-09 19:36:30.119105,0,1,0,278.0,0,5,2025-07-09,1,1,0,342.18337401992886,0.9852990434769755,0.9883844429385786,0.011615557061421367
2443,2025-07-09 19:36:35.764007,3,1,0,278.0,0,5,2025-07-09,1,1,9,342.18337401992886,0.7736508535039965,0.8318390349179802,0.16816096508201983
2444,2025-07-09 19:41:07.620388,5,1,0,278.0,0,5,2025-07-09,1,1,25,342.18337401992886,0.3197432879770581,0.4260573723585436,0.5739426276414564
2445,2025-07-09 19:46:47.564913,3,1,0,278.0,0,5,2025-07-09,1,1,9,342.18337401992886,0.7736508535039965,0.8318390349179802,0.16816096508201983
2446,2025-07-09 19:50:29.170995,5,0,0,278.0,0,5,2025-07-09,0,1,25,342.18337401992886,0.3197432879770581,0.4260573723585436,-0.4260573723585436
2447,2025-07-09 19:54:17.105408,5,1,0,278.0,0,5,2025-07-09,1,1,25,342.18337401992886,0.3197432879770581,0.4260573723585436,0.5739426276414564
2448,2025-07-09 20:09:22.451585,4,1,0,278.0,0,5,2025-07-09,1,1,16,342.18337401992886,0.5589853300645294,0.6570963018227935,0.34290369817720645
2449,2025-07-09 20:38:09.978881,4,1,0,278.0,0,5,2025-07-09,1,1,16,342.18337401992886,0.5589853300645294,0.6570963018227935,0.34290369817720645
2450,2025-07-09 20:38:14.800477,6,0,0,278.0,0,5,2025-07-09,0,1,36,342.18337401992886,0.1484324719540868,0.22334270735276335,-0.22334270735276335
2451,2025-07-11 18:25:28.326914,1,1,0,278.0,0,5,2025-07-11,1,1,1,425.83487580589053,0.9623517119903868,0.9705563170026417,0.029443682997358334
2452,2025-07-11 18:26:22.074370,2,1,0,278.0,0,5,2025-07-11,1,1,4,425.83487580589053,0.9045724967071896,0.9273753283850786,0.07262467161492137
2453,2025-07-11 18:28:41.133007,3,0,0,278.0,0,5,2025-07-11,0,1,9,425.83487580589053,0.7785262670476948,0.8318390349179802,-0.8318390349179802
2454,2025-07-11 18:30:17.945990,3,1,0,278.0,0,5,2025-07-11,1,1,9,425.83487580589053,0.7785262670476948,0.8318390349179802,0.16816096508201983
2455,2025-07-11 18:36:19.202438,4,1,0,278.0,0,5,2025-07-11,1,1,16,425.83487580589053,0.5658900235145984,0.6570963018227935,0.34290369817720645
2456,2025-07-11 18:39:22.610627,2,1,0,278.0,0,5,2025-07-11,1,1,4,425.83487580589053,0.9045724967071896,0.9273753283850786,0.07262467161492137
2457,2025-07-11 18:43:32.928163,3,1,0,278.0,0,5,2025-07-11,1,1,9,425.83487580589053,0.7785262670476948,0.8318390349179802,0.16816096508201983
2458,2025-07-11 18:52:50.402423,4,1,0,278.0,0,5,2025-07-11,1,1,16,425.83487580589053,0.5658900235145984,0.6570963018227935,0.34290369817720645
2459,2025-07-11 18:57:41.758916,5,0,0,278.0,0,5,2025-07-11,0,1,25,425.83487580589053,0.32587646011246585,0.4260573723585436,-0.4260573723585436
2460,2025-07-11 18:59:09.752000,6,1,0,278.0,0,5,2025-07-11,1,1,36,425.83487580589053,0.15201394638129972,0.22334270735276335,0.7766572926472366
2461,2025-07-11 19:09:57.569638,7,0,0,278.0,0,5,2025-07-11,0,1,49,425.83487580589053,0.062333881921968905,0.10023392045771826,-0.10023392045771826
2462,2025-07-11 19:10:58.137445,8,0,0,278.0,0,5,2025-07-11,0,1,64,425.83487580589053,0.02405917130461543,0.04136939225873243,-0.04136939225873243
2463,2025-07-11 19:13:53.587988,5,1,0,278.0,0,5,2025-07-11,1,1,25,425.83487580589053,0.32587646011246585,0.4260573723585436,0.5739426276414564
2464,2025-07-11 19:21:26.603341,5,0,0,278.0,0,5,2025-07-11,0,1,25,425.83487580589053,0.32587646011246585,0.4260573723585436,-0.4260573723585436
2465,2025-07-11 19:21:34.466149,6,0,0,278.0,0,5,2025-07-11,0,1,36,425.83487580589053,0.15201394638129972,0.22334270735276335,-0.22334270735276335
2466,2025-07-11 19:22:40.934376,7,0,0,278.0,0,5,2025-07-11,0,1,49,425.83487580589053,0.062333881921968905,0.10023392045771826,-0.10023392045771826
2467,2025-07-15 08:36:52.965189,2,1,0,278.0,0,5,2025-07-15,1,1,4,564.7341227507928,0.9085188343170367,0.9273753283850786,0.07262467161492137
2468,2025-07-15 08:42:49.733343,4,1,0,278.0,0,5,2025-07-15,1,1,16,564.7341227507928,0.577297408929393,0.6570963018227935,0.34290369817720645
2469,2025-07-15 08:46:11.068637,4,1,0,278.0,0,5,2025-07-15,1,1,16,564.7341227507928,0.577297408929393,0.6570963018227935,0.34290369817720645
2470,2025-07-15 08:57:06.399381,4,0,0,278.0,0,5,2025-07-15,0,1,16,564.7341227507928,0.577297408929393,0.6570963018227935,-0.6570963018227935
2471,2025-07-15 09:08:43.560760,4,0,0,278.0,0,5,2025-07-15,0,1,16,564.7341227507928,0.577297408929393,0.6570963018227935,-0.6570963018227935
2472,2025-07-20 16:46:13.870139,4,1,0,278.0,0,5,2025-07-20,1,1,16,388.11032316469704,0.5627791946928884,0.6570963018227935,0.34290369817720645
2473,2025-07-20 16:53:03.296661,4,0,0,278.0,0,5,2025-07-20,0,1,16,388.11032316469704,0.5627791946928884,0.6570963018227935,-0.6570963018227935
2474,2025-07-20 17:03:29.366255,4,0,0,278.0,0,5,2025-07-20,0,1,16,388.11032316469704,0.5627791946928884,0.6570963018227935,-0.6570963018227935
2475,2025-07-20 17:05:19.465479,4,0,0,278.0,0,5,2025-07-20,0,1,16,388.11032316469704,0.5627791946928884,0.6570963018227935,-0.6570963018227935
2476,2025-07-20 17:28:07.582205,4,0,0,278.0,0,5,2025-07-20,0,1,16,388.11032316469704,0.5627791946928884,0.6570963018227935,-0.6570963018227935
2477,2025-07-22 20:09:24.803969,4,1,0,278.0,0,5,2025-07-22,1,1,16,390.14485060484805,0.5629470934857147,0.6570963018227935,0.34290369817720645
2478,2025-07-25 11:23:35.796579,4,1,0,278.0,0,5,2025-07-25,1,1,16,302.1261060824658,0.5556706903412313,0.6570963018227935,0.34290369817720645
2479,2025-07-25 11:28:48.119456,4,0,0,278.0,0,5,2025-07-25,0,1,16,302.1261060824658,0.5556706903412313,0.6570963018227935,-0.6570963018227935
2480,2025-07-25 11:38:24.518687,4,1,0,278.0,0,5,2025-07-25,1,1,16,302.1261060824658,0.5556706903412313,0.6570963018227935,0.34290369817720645
2481,2025-07-25 11:45:03.660284,4,0,0,278.0,0,5,2025-07-25,0,1,16,302.1261060824658,0.5556706903412313,0.6570963018227935,-0.6570963018227935
2482,2025-07-25 11:52:11.779113,4,0,0,278.0,0,5,2025-07-25,0,1,16,302.1261060824658,0.5556706903412313,0.6570963018227935,-0.6570963018227935
2483,2025-07-25 12:00:13.639504,4,0,0,278.0,0,5,2025-07-25,0,1,16,302.1261060824658,0.5556706903412313,0.6570963018227935,-0.6570963018227935
2484,2025-07-25 12:01:39.651018,4,0,0,278.0,0,5,2025-07-25,0,1,16,302.1261060824658,0.5556706903412313,0.6570963018227935,-0.6570963018227935
2485,2025-07-25 12:08:26.452772,4,0,0,278.0,0,5,2025-07-25,0,1,16,302.1261060824658,0.5556706903412313,0.6570963018227935,-0.6570963018227935
2486,2025-07-25 12:21:46.687234,4,0,0,278.0,0,5,2025-07-25,0,1,16,302.1261060824658,0.5556706903412313,0.6570963018227935,-0.6570963018227935
2487,2025-07-27 09:48:38.390559,2,1,0,278.0,1,5,2025-07-27,1,1,4,377.6565225545936,0.9031684818815428,0.9273753283850786,0.07262467161492137
2488,2025-07-27 09:56:00.743542,3,1,0,278.0,1,5,2025-07-27,1,1,9,377.6565225545936,0.775727538395944,0.8318390349179802,0.16816096508201983
2489,2025-07-27 10:30:59.413391,2,1,0,278.0,1,5,2025-07-27,1,1,4,377.6565225545936,0.9031684818815428,0.9273753283850786,0.07262467161492137
2490,2025-07-27 10:46:53.633132,6,0,0,278.0,1,5,2025-07-27,0,1,36,377.6565225545936,0.14994264527585116,0.22334270735276335,-0.22334270735276335
2491,2025-07-27 11:02:39.771649,6,0,0,278.0,1,5,2025-07-27,0,1,36,377.6565225545936,0.14994264527585116,0.22334270735276335,-0.22334270735276335
2492,2025-07-27 11:25:12.411378,6,0,0,278.0,1,5,2025-07-27,0,1,36,377.6565225545936,0.14994264527585116,0.22334270735276335,-0.22334270735276335
2493,2025-07-27 11:38:59.821303,4,1,0,278.0,1,5,2025-07-27,1,1,16,377.6565225545936,0.5619162717482132,0.6570963018227935,0.34290369817720645
2494,2025-07-27 11:56:33.342131,6,0,0,278.0,1,5,2025-07-27,0,1,36,377.6565225545936,0.14994264527585116,0.22334270735276335,-0.22334270735276335
2495,2025-07-27 12:00:41.049325,6,0,0,278.0,1,5,2025-07-27,0,1,36,377.6565225545936,0.14994264527585116,0.22334270735276335,-0.22334270735276335
2496,2025-07-27 12:02:51.449820,6,0,0,278.0,1,5,2025-07-27,0,1,36,377.6565225545936,0.14994264527585116,0.22334270735276335,-0.22334270735276335
2497,2025-07-27 12:26:21.086748,6,0,0,278.0,1,5,2025-07-27,0,1,36,377.6565225545936,0.14994264527585116,0.22334270735276335,-0.22334270735276335
2498,2025-07-27 12:55:59.451640,6,0,0,278.0,1,5,2025-07-27,0,1,36,377.6565225545936,0.14994264527585116,0.22334270735276335,-0.22334270735276335
2499,2025-07-27 12:59:00.609475,6,0,0,278.0,1,5,2025-07-27,0,1,36,377.6565225545936,0.14994264527585116,0.22334270735276335,-0.22334270735276335
2500,2025-07-27 13:12:09.855569,6,0,0,278.0,1,5,2025-07-27,0,1,36,377.6565225545936,0.14994264527585116,0.22334270735276335,-0.22334270735276335
2501,2025-08-05 17:56:23.853061,3,1,0,278.0,0,5,2025-08-05,1,1,9,330.12996677190694,0.7729421287181588,0.8318390349179802,0.16816096508201983
2502,2025-08-05 17:58:32.614355,4,1,0,278.0,0,5,2025-08-05,1,1,16,330.12996677190694,0.5579884795215686,0.6570963018227935,0.34290369817720645
2503,2025-08-05 18:05:03.312100,5,0,0,278.0,0,5,2025-08-05,0,1,25,330.12996677190694,0.31886460758684676,0.4260573723585436,-0.4260573723585436
2504,2025-08-05 18:06:28.192640,5,1,0,278.0,0,5,2025-08-05,1,1,25,330.12996677190694,0.31886460758684676,0.4260573723585436,0.5739426276414564
2505,2025-08-05 18:11:56.850770,3,0,0,278.0,0,5,2025-08-05,0,1,9,330.12996677190694,0.7729421287181588,0.8318390349179802,-0.8318390349179802
2506,2025-08-05 18:16:40.794066,3,1,0,278.0,0,5,2025-08-05,1,1,9,330.12996677190694,0.7729421287181588,0.8318390349179802,0.16816096508201983
2507,2025-08-05 18:20:32.847627,3,0,0,278.0,0,5,2025-08-05,0,1,9,330.12996677190694,0.7729421287181588,0.8318390349179802,-0.8318390349179802
2508,2025-08-05 18:22:58.284154,3,1,0,278.0,0,5,2025-08-05,1,1,9,330.12996677190694,0.7729421287181588,0.8318390349179802,0.16816096508201983
2509,2025-08-05 18:30:16.204521,3,0,0,278.0,0,5,2025-08-05,0,1,9,330.12996677190694,0.7729421287181588,0.8318390349179802,-0.8318390349179802
2510,2025-08-05 18:33:00.769438,3,0,0,278.0,0,5,2025-08-05,0,1,9,330.12996677190694,0.7729421287181588,0.8318390349179802,-0.8318390349179802
2511,2025-08-05 18:37:10.646780,3,0,0,278.0,0,5,2025-08-05,0,1,9,330.12996677190694,0.7729421287181588,0.8318390349179802,-0.8318390349179802
2512,2025-08-05 18:39:27.803713,3,0,0,278.0,0,5,2025-08-05,0,1,9,330.12996677190694,0.7729421287181588,0.8318390349179802,-0.8318390349179802
2513,2025-08-05 18:40:29.399770,3,0,0,278.0,0,5,2025-08-05,0,1,9,330.12996677190694,0.7729421287181588,0.8318390349179802,-0.8318390349179802
2514,2025-08-07 17:59:47.560432,1,1,0,278.0,1,5,2025-08-07,1,1,1,411.4421935223822,0.9621764232053027,0.9705563170026417,0.029443682997358334
2515,2025-08-07 18:06:51.579529,1,1,0,278.0,1,5,2025-08-07,1,1,1,411.4421935223822,0.9621764232053027,0.9705563170026417,0.029443682997358334
2516,2025-08-07 18:13:52.118412,5,0,0,278.0,1,5,2025-08-07,0,1,25,411.4421935223822,0.32481688371428735,0.4260573723585436,-0.4260573723585436
2517,2025-08-07 18:17:26.376057,5,0,0,278.0,1,5,2025-08-07,0,1,25,411.4421935223822,0.32481688371428735,0.4260573723585436,-0.4260573723585436
2518,2025-08-07 18:19:23.772321,5,0,0,278.0,1,5,2025-08-07,0,1,25,411.4421935223822,0.32481688371428735,0.4260573723585436,-0.4260573723585436
2519,2025-08-07 18:25:00.483077,5,0,0,278.0,1,5,2025-08-07,0,1,25,411.4421935223822,0.32481688371428735,0.4260573723585436,-0.4260573723585436
2520,2025-08-07 18:29:44.591943,5,0,0,278.0,1,5,2025-08-07,0,1,25,411.4421935223822,0.32481688371428735,0.4260573723585436,-0.4260573723585436
2521,2025-08-07 18:35:36.314390,5,1,0,278.0,1,5,2025-08-07,1,1,25,411.4421935223822,0.32481688371428735,0.4260573723585436,0.5739426276414564
2522,2025-08-07 18:47:23.497406,1,1,0,278.0,1,5,2025-08-07,1,1,1,411.4421935223822,0.9621764232053027,0.9705563170026417,0.029443682997358334
2523,2025-08-07 18:51:42.997675,5,0,0,278.0,1,5,2025-08-07,0,1,25,411.4421935223822,0.32481688371428735,0.4260573723585436,-0.4260573723585436
2524,2025-08-07 18:56:22.373403,5,0,0,278.0,1,5,2025-08-07,0,1,25,411.4421935223822,0.32481688371428735,0.4260573723585436,-0.4260573723585436
2525,2025-08-07 18:59:12.828581,2,1,0,278.0,1,5,2025-08-07,1,1,4,411.4421935223822,0.9041549831045611,0.9273753283850786,0.07262467161492137
2526,2025-08-07 19:01:57.718982,4,0,0,278.0,1,5,2025-08-07,0,1,16,411.4421935223822,0.5647037778241415,0.6570963018227935,-0.6570963018227935
2527,2025-08-07 19:04:36.825951,4,1,0,278.0,1,5,2025-08-07,1,1,16,411.4421935223822,0.5647037778241415,0.6570963018227935,0.34290369817720645
2528,2025-08-07 19:24:46.374649,6,0,0,278.0,1,5,2025-08-07,0,1,36,411.4421935223822,0.15139272285063543,0.22334270735276335,-0.22334270735276335
2529,2025-08-07 19:31:04.728642,6,0,0,278.0,1,5,2025-08-07,0,1,36,411.4421935223822,0.15139272285063543,0.22334270735276335,-0.22334270735276335
2530,2025-08-07 19:42:04.269228,6,0,0,278.0,1,5,2025-08-07,0,1,36,411.4421935223822,0.15139272285063543,0.22334270735276335,-0.22334270735276335
2531,2025-08-07 19:55:25.315457,6,1,0,278.0,1,5,2025-08-07,1,1,36,411.4421935223822,0.15139272285063543,0.22334270735276335,0.7766572926472366
2532,2025-08-07 20:01:29.273194,3,1,0,278.0,1,5,2025-08-07,1,1,9,411.4421935223822,0.777692807557487,0.8318390349179802,0.16816096508201983
2533,2025-08-07 20:13:47.306775,6,0,0,278.0,1,5,2025-08-07,0,1,36,411.4421935223822,0.15139272285063543,0.22334270735276335,-0.22334270735276335
2534,2025-08-07 20:29:16.144163,7,0,0,278.0,1,5,2025-08-07,0,1,49,411.4421935223822,0.0620523287038829,0.10023392045771826,-0.10023392045771826
2535,2025-08-07 20:37:16.679367,7,0,0,278.0,1,5,2025-08-07,0,1,49,411.4421935223822,0.0620523287038829,0.10023392045771826,-0.10023392045771826
2536,2025-08-07 21:17:02.609517,8,0,0,278.0,1,5,2025-08-07,0,1,64,411.4421935223822,0.023946084434448556,0.04136939225873243,-0.04136939225873243
2537,2025-08-07 21:30:06.191651,8,0,0,278.0,1,5,2025-08-07,0,1,64,411.4421935223822,0.023946084434448556,0.04136939225873243,-0.04136939225873243
2538,2025-08-07 21:35:43.952380,8,0,0,278.0,1,5,2025-08-07,0,1,64,411.4421935223822,0.023946084434448556,0.04136939225873243,-0.04136939225873243
2539,2025-08-10 10:02:22.868327,2,1,0,278.0,0,5,2025-08-10,1,1,4,892.652554428625,0.9172583857357597,0.9273753283850786,0.07262467161492137
2540,2025-08-10 10:09:50.520368,3,1,0,278.0,0,5,2025-08-10,1,1,9,892.652554428625,0.8043440985050772,0.8318390349179802,0.16816096508201983
2541,2025-08-10 10:18:16.141063,4,0,0,278.0,0,5,2025-08-10,0,1,16,892.652554428625,0.6038834581507982,0.6570963018227935,-0.6570963018227935
2542,2025-08-10 10:35:11.449016,4,0,0,278.0,0,5,2025-08-10,0,1,16,892.652554428625,0.6038834581507982,0.6570963018227935,-0.6570963018227935
2543,2025-08-10 10:36:08.852441,4,1,0,278.0,0,5,2025-08-10,1,1,16,892.652554428625,0.6038834581507982,0.6570963018227935,0.34290369817720645
2544,2025-08-10 10:50:02.063765,5,0,0,278.0,0,5,2025-08-10,0,1,25,892.652554428625,0.36116203881465797,0.4260573723585436,-0.4260573723585436
2545,2025-08-10 10:50:07.177812,5,1,0,278.0,0,5,2025-08-10,1,1,25,892.652554428625,0.36116203881465797,0.4260573723585436,0.5739426276414564
2546,2025-08-10 10:59:54.610978,5,0,0,278.0,0,5,2025-08-10,0,1,25,892.652554428625,0.36116203881465797,0.4260573723585436,-0.4260573723585436
2547,2025-08-10 11:07:31.827728,5,0,0,278.0,0,5,2025-08-10,0,1,25,892.652554428625,0.36116203881465797,0.4260573723585436,-0.4260573723585436
2548,2025-08-10 11:12:52.169044,5,0,0,278.0,0,5,2025-08-10,0,1,25,892.652554428625,0.36116203881465797,0.4260573723585436,-0.4260573723585436
2549,2025-08-10 11:19:59.240338,5,0,0,278.0,0,5,2025-08-10,0,1,25,892.652554428625,0.36116203881465797,0.4260573723585436,-0.4260573723585436
2550,2025-08-10 11:34:50.890020,5,1,0,278.0,0,5,2025-08-10,1,1,25,892.652554428625,0.36116203881465797,0.4260573723585436,0.5739426276414564
2551,2025-08-10 11:50:32.443676,5,0,0,278.0,0,5,2025-08-10,0,1,25,892.652554428625,0.36116203881465797,0.4260573723585436,-0.4260573723585436
2552,2025-08-10 11:55:32.393944,5,0,0,278.0,0,5,2025-08-10,0,1,25,892.652554428625,0.36116203881465797,0.4260573723585436,-0.4260573723585436
2553,2025-08-10 12:04:13.599772,5,0,0,278.0,0,5,2025-08-10,0,1,25,892.652554428625,0.36116203881465797,0.4260573723585436,-0.4260573723585436
2554,2025-08-10 12:12:46.244984,5,0,0,278.0,0,5,2025-08-10,0,1,25,892.652554428625,0.36116203881465797,0.4260573723585436,-0.4260573723585436
2555,2025-08-10 12:59:45.889755,5,0,0,278.0,0,5,2025-08-10,0,1,25,892.652554428625,0.36116203881465797,0.4260573723585436,-0.4260573723585436
2556,2025-08-10 13:02:22.962260,5,0,0,278.0,0,5,2025-08-10,0,1,25,892.652554428625,0.36116203881465797,0.4260573723585436,-0.4260573723585436
2557,2025-08-10 13:21:42.772328,5,0,0,278.0,0,5,2025-08-10,0,1,25,892.652554428625,0.36116203881465797,0.4260573723585436,-0.4260573723585436
2558,2025-08-10 13:30:33.265643,5,0,0,278.0,0,5,2025-08-10,0,1,25,892.652554428625,0.36116203881465797,0.4260573723585436,-0.4260573723585436
2559,2025-08-12 18:06:32.375151,1,1,0,278.0,0,5,2025-08-12,1,1,1,1125.3512123880107,0.9699887068920745,0.9705563170026417,0.029443682997358334
2560,2025-08-12 18:06:36.838988,1,1,0,278.0,0,5,2025-08-12,1,1,1,1125.3512123880107,0.9699887068920745,0.9705563170026417,0.029443682997358334
2561,2025-08-12 18:06:39.547893,3,1,0,278.0,0,5,2025-08-12,1,1,9,1125.3512123880107,0.8163358316044911,0.8318390349179802,0.16816096508201983
2562,2025-08-12 18:08:43.929121,2,1,0,278.0,0,5,2025-08-12,1,1,4,1125.3512123880107,0.9229921806335343,0.9273753283850786,0.07262467161492137
2563,2025-08-12 18:08:50.349662,2,1,0,278.0,0,5,2025-08-12,1,1,4,1125.3512123880107,0.9229921806335343,0.9273753283850786,0.07262467161492137
2564,2025-08-12 18:11:28.123594,2,1,0,278.0,0,5,2025-08-12,1,1,4,1125.3512123880107,0.9229921806335343,0.9273753283850786,0.07262467161492137
2565,2025-08-12 18:11:30.950180,2,1,0,278.0,0,5,2025-08-12,1,1,4,1125.3512123880107,0.9229921806335343,0.9273753283850786,0.07262467161492137
2566,2025-08-12 18:12:55.566658,1,1,0,278.0,0,5,2025-08-12,1,1,1,1125.3512123880107,0.9699887068920745,0.9705563170026417,0.029443682997358334
2567,2025-08-12 18:13:00.727206,1,1,0,278.0,0,5,2025-08-12,1,1,1,1125.3512123880107,0.9699887068920745,0.9705563170026417,0.029443682997358334
2568,2025-08-12 18:13:03.452524,3,1,0,278.0,0,5,2025-08-12,1,1,9,1125.3512123880107,0.8163358316044911,0.8318390349179802,0.16816096508201983
2569,2025-08-12 18:15:34.121122,3,1,0,278.0,0,5,2025-08-12,1,1,9,1125.3512123880107,0.8163358316044911,0.8318390349179802,0.16816096508201983
2570,2025-08-12 18:15:37.223206,3,1,0,278.0,0,5,2025-08-12,1,1,9,1125.3512123880107,0.8163358316044911,0.8318390349179802,0.16816096508201983
2571,2025-08-12 18:17:06.098603,4,1,0,278.0,0,5,2025-08-12,1,1,16,1125.3512123880107,0.6223935337874914,0.6570963018227935,0.34290369817720645
2572,2025-08-12 18:18:41.951249,3,1,0,278.0,0,5,2025-08-12,1,1,9,1125.3512123880107,0.8163358316044911,0.8318390349179802,0.16816096508201983
2573,2025-08-12 18:18:45.839985,3,1,0,278.0,0,5,2025-08-12,1,1,9,1125.3512123880107,0.8163358316044911,0.8318390349179802,0.16816096508201983
2574,2025-08-14 18:27:31.737386,1,1,0,278.0,0,5,2025-08-14,1,1,1,1002.7950132188921,0.9687687053315356,0.9705563170026417,0.029443682997358334
2575,2025-08-14 18:27:37.492652,3,1,0,278.0,0,5,2025-08-14,1,1,9,1002.7950132188921,0.8100925253591166,0.8318390349179802,0.16816096508201983
2576,2025-08-14 18:37:05.120774,3,1,0,278.0,0,5,2025-08-14,1,1,9,1002.7950132188921,0.8100925253591166,0.8318390349179802,0.16816096508201983
2577,2025-08-14 18:44:02.396387,3,1,0,278.0,0,5,2025-08-14,1,1,9,1002.7950132188921,0.8100925253591166,0.8318390349179802,0.16816096508201983
2578,2025-08-14 19:01:23.927865,7,0,0,278.0,0,5,2025-08-14,0,1,49,1002.7950132188921,0.07464899635701351,0.10023392045771826,-0.10023392045771826
2579,2025-08-17 08:43:50.313649,2,0,0,278.0,1,5,2025-08-17,0,1,4,805.9310853883239,0.9150238969010758,0.9273753283850786,-0.9273753283850786
2580,2025-08-17 08:50:46.280640,2,0,0,278.0,1,5,2025-08-17,0,1,4,805.9310853883239,0.9150238969010758,0.9273753283850786,-0.9273753283850786
2581,2025-08-17 08:55:54.285021,2,1,0,278.0,1,5,2025-08-17,1,1,4,805.9310853883239,0.9150238969010758,0.9273753283850786,0.07262467161492137
2582,2025-08-17 09:44:17.623551,6,0,0,278.0,1,5,2025-08-17,0,1,36,805.9310853883239,0.16918597255943785,0.22334270735276335,-0.22334270735276335
2583,2025-08-17 09:47:22.386761,6,0,0,278.0,1,5,2025-08-17,0,1,36,805.9310853883239,0.16918597255943785,0.22334270735276335,-0.22334270735276335
2584,2025-08-17 09:52:48.758500,6,0,0,278.0,1,5,2025-08-17,0,1,36,805.9310853883239,0.16918597255943785,0.22334270735276335,-0.22334270735276335
2585,2025-08-17 09:59:17.530077,4,1,0,278.0,1,5,2025-08-17,1,1,16,805.9310853883239,0.5969051511975391,0.6570963018227935,0.34290369817720645
2586,2025-08-17 10:21:38.750732,6,0,0,278.0,1,5,2025-08-17,0,1,36,805.9310853883239,0.16918597255943785,0.22334270735276335,-0.22334270735276335
2587,2025-08-17 10:27:18.587028,6,0,0,278.0,1,5,2025-08-17,0,1,36,805.9310853883239,0.16918597255943785,0.22334270735276335,-0.22334270735276335
2588,2025-08-17 10:30:13.415619,6,0,0,278.0,1,5,2025-08-17,0,1,36,805.9310853883239,0.16918597255943785,0.22334270735276335,-0.22334270735276335
2589,2025-08-17 10:43:21.208307,6,0,0,278.0,1,5,2025-08-17,0,1,36,805.9310853883239,0.16918597255943785,0.22334270735276335,-0.22334270735276335
2590,2025-08-17 10:50:34.957490,6,0,0,278.0,1,5,2025-08-17,0,1,36,805.9310853883239,0.16918597255943785,0.22334270735276335,-0.22334270735276335
2591,2025-08-17 11:00:11.807740,6,0,0,278.0,1,5,2025-08-17,0,1,36,805.9310853883239,0.16918597255943785,0.22334270735276335,-0.22334270735276335
2592,2025-08-17 11:10:53.997039,6,0,0,278.0,1,5,2025-08-17,0,1,36,805.9310853883239,0.16918597255943785,0.22334270735276335,-0.22334270735276335
2593,2025-08-17 11:38:23.588785,6,0,0,278.0,1,5,2025-08-17,0,1,36,805.9310853883239,0.16918597255943785,0.22334270735276335,-0.22334270735276335
2594,2025-08-17 11:45:08.948351,6,0,0,278.0,1,5,2025-08-17,0,1,36,805.9310853883239,0.16918597255943785,0.22334270735276335,-0.22334270735276335
2595,2025-08-17 11:59:57.724419,6,0,0,278.0,1,5,2025-08-17,0,1,36,805.9310853883239,0.16918597255943785,0.22334270735276335,-0.22334270735276335
2596,2025-08-17 12:20:01.944706,6,0,0,278.0,1,5,2025-08-17,0,1,36,805.9310853883239,0.16918597255943785,0.22334270735276335,-0.22334270735276335
2597,2025-08-19 19:10:32.458884,2,1,0,278.0,0,5,2025-08-19,1,1,4,1141.2140708640682,0.9233694927800482,0.9273753283850786,0.07262467161492137
2598,2025-08-19 19:10:48.004634,2,1,0,278.0,0,5,2025-08-19,1,1,4,1141.2140708640682,0.9233694927800482,0.9273753283850786,0.07262467161492137
2599,2025-08-19 19:13:14.427421,3,1,0,278.0,0,5,2025-08-19,1,1,9,1141.2140708640682,0.8171321874892584,0.8318390349179802,0.16816096508201983
2600,2025-08-19 19:13:18.576485,3,1,0,278.0,0,5,2025-08-19,1,1,9,1141.2140708640682,0.8171321874892584,0.8318390349179802,0.16816096508201983
2601,2025-08-19 19:15:05.517475,3,1,0,278.0,0,5,2025-08-19,1,1,9,1141.2140708640682,0.8171321874892584,0.8318390349179802,0.16816096508201983
2602,2025-08-19 19:15:10.292104,3,1,0,278.0,0,5,2025-08-19,1,1,9,1141.2140708640682,0.8171321874892584,0.8318390349179802,0.16816096508201983
2603,2025-08-19 19:16:11.412663,4,1,0,278.0,0,5,2025-08-19,1,1,16,1141.2140708640682,0.6236431193439019,0.6570963018227935,0.34290369817720645
2604,2025-08-19 19:20:14.934514,2,1,0,278.0,0,5,2025-08-19,1,1,4,1141.2140708640682,0.9233694927800482,0.9273753283850786,0.07262467161492137
2605,2025-08-19 19:20:19.661970,2,1,0,278.0,0,5,2025-08-19,1,1,4,1141.2140708640682,0.9233694927800482,0.9273753283850786,0.07262467161492137
2606,2025-08-19 19:24:04.199471,2,1,0,278.0,0,5,2025-08-19,1,1,4,1141.2140708640682,0.9233694927800482,0.9273753283850786,0.07262467161492137
2607,2025-08-19 19:24:08.160175,2,1,0,278.0,0,5,2025-08-19,1,1,4,1141.2140708640682,0.9233694927800482,0.9273753283850786,0.07262467161492137
2608,2025-08-19 19:31:14.759071,5,1,0,278.0,0,5,2025-08-19,1,1,25,1141.2140708640682,0.3806108121988786,0.4260573723585436,0.5739426276414564
2609,2025-08-19 19:38:15.360471,3,1,0,278.0,0,5,2025-08-19,1,1,9,1141.2140708640682,0.8171321874892584,0.8318390349179802,0.16816096508201983
2610,2025-08-19 19:38:22.016641,3,1,0,278.0,0,5,2025-08-19,1,1,9,1141.2140708640682,0.8171321874892584,0.8318390349179802,0.16816096508201983
2611,2025-08-19 19:48:50.228367,2,1,0,278.0,0,5,2025-08-19,1,1,4,1141.2140708640682,0.9233694927800482,0.9273753283850786,0.07262467161492137
2612,2025-08-19 19:48:54.825419,2,1,0,278.0,0,5,2025-08-19,1,1,4,1141.2140708640682,0.9233694927800482,0.9273753283850786,0.07262467161492137
2613,2025-08-19 19:50:07.226122,3,1,0,278.0,0,5,2025-08-19,1,1,9,1141.2140708640682,0.8171321874892584,0.8318390349179802,0.16816096508201983
2614,2025-08-19 19:50:12.623717,3,0,0,278.0,0,5,2025-08-19,0,1,9,1141.2140708640682,0.8171321874892584,0.8318390349179802,-0.8318390349179802
2615,2025-08-19 19:54:43.333825,4,1,0,278.0,0,5,2025-08-19,1,1,16,1141.2140708640682,0.6236431193439019,0.6570963018227935,0.34290369817720645
2616,2025-08-19 19:54:47.436634,4,0,0,278.0,0,5,2025-08-19,0,1,16,1141.2140708640682,0.6236431193439019,0.6570963018227935,-0.6570963018227935
2617,2025-08-19 19:56:44.171235,3,1,0,278.0,0,5,2025-08-19,1,1,9,1141.2140708640682,0.8171321874892584,0.8318390349179802,0.16816096508201983
2618,2025-08-19 19:58:07.454177,4,1,0,278.0,0,5,2025-08-19,1,1,16,1141.2140708640682,0.6236431193439019,0.6570963018227935,0.34290369817720645
2619,2025-08-19 19:59:58.225958,4,1,0,278.0,0,5,2025-08-19,1,1,16,1141.2140708640682,0.6236431193439019,0.6570963018227935,0.34290369817720645
2620,2025-08-19 20:00:53.982250,1,1,0,278.0,0,5,2025-08-19,1,1,1,1141.2140708640682,0.9701432006693675,0.9705563170026417,0.029443682997358334
2621,2025-08-21 18:05:17.850583,2,1,0,278.0,1,5,2025-08-21,1,1,4,1132.506450211603,0.9231625846637523,0.9273753283850786,0.07262467161492137
2622,2025-08-21 18:15:16.735404,2,1,0,278.0,1,5,2025-08-21,1,1,4,1132.506450211603,0.9231625846637523,0.9273753283850786,0.07262467161492137
2623,2025-08-21 18:22:37.149016,2,1,0,278.0,1,5,2025-08-21,1,1,4,1132.506450211603,0.9231625846637523,0.9273753283850786,0.07262467161492137
2624,2025-08-21 18:40:37.523088,3,1,0,278.0,1,5,2025-08-21,1,1,9,1132.506450211603,0.8166953750491197,0.8318390349179802,0.16816096508201983
2625,2025-08-21 19:23:58.843181,6,0,0,278.0,1,5,2025-08-21,0,1,36,1132.506450211603,0.18514454837052297,0.22334270735276335,-0.22334270735276335
2626,2025-08-21 19:33:21.069551,6,0,0,278.0,1,5,2025-08-21,0,1,36,1132.506450211603,0.18514454837052297,0.22334270735276335,-0.22334270735276335
2627,2025-08-21 19:45:07.084437,6,0,0,278.0,1,5,2025-08-21,0,1,36,1132.506450211603,0.18514454837052297,0.22334270735276335,-0.22334270735276335
2628,2025-08-21 19:45:10.392630,6,0,0,278.0,1,5,2025-08-21,0,1,36,1132.506450211603,0.18514454837052297,0.22334270735276335,-0.22334270735276335
2629,2025-08-21 19:47:41.527741,6,0,0,278.0,1,5,2025-08-21,0,1,36,1132.506450211603,0.18514454837052297,0.22334270735276335,-0.22334270735276335
2630,2025-08-21 19:56:30.284518,6,0,0,278.0,1,5,2025-08-21,0,1,36,1132.506450211603,0.18514454837052297,0.22334270735276335,-0.22334270735276335
2631,2025-08-21 19:59:49.146325,6,0,0,278.0,1,5,2025-08-21,0,1,36,1132.506450211603,0.18514454837052297,0.22334270735276335,-0.22334270735276335
2632,2025-08-21 20:09:58.033068,6,0,0,278.0,1,5,2025-08-21,0,1,36,1132.506450211603,0.18514454837052297,0.22334270735276335,-0.22334270735276335
2633,2025-08-21 20:19:05.209951,6,0,0,278.0,1,5,2025-08-21,0,1,36,1132.506450211603,0.18514454837052297,0.22334270735276335,-0.22334270735276335
2634,2025-08-21 20:39:38.162828,6,0,0,278.0,1,5,2025-08-21,0,1,36,1132.506450211603,0.18514454837052297,0.22334270735276335,-0.22334270735276335
2635,2025-08-21 20:40:49.346813,6,0,0,278.0,1,5,2025-08-21,0,1,36,1132.506450211603,0.18514454837052297,0.22334270735276335,-0.22334270735276335
2636,2025-08-21 20:59:11.074304,6,0,0,278.0,1,5,2025-08-21,0,1,36,1132.506450211603,0.18514454837052297,0.22334270735276335,-0.22334270735276335
2637,2025-08-26 17:51:05.307156,2,1,0,278.0,0,5,2025-08-26,1,1,4,990.5548652298003,0.9197166236701592,0.9273753283850786,0.07262467161492137
2638,2025-08-26 17:51:11.064670,2,1,0,278.0,0,5,2025-08-26,1,1,4,990.5548652298003,0.9197166236701592,0.9273753283850786,0.07262467161492137
2639,2025-08-26 17:55:53.169363,3,1,0,278.0,0,5,2025-08-26,1,1,9,990.5548652298003,0.8094601429838941,0.8318390349179802,0.16816096508201983
2640,2025-08-26 17:59:53.086176,3,1,0,278.0,0,5,2025-08-26,1,1,9,990.5548652298003,0.8094601429838941,0.8318390349179802,0.16816096508201983
2641,2025-08-26 18:02:59.412554,3,1,0,278.0,0,5,2025-08-26,1,1,9,990.5548652298003,0.8094601429838941,0.8318390349179802,0.16816096508201983
2642,2025-08-26 18:06:55.877869,3,1,0,278.0,0,5,2025-08-26,1,1,9,990.5548652298003,0.8094601429838941,0.8318390349179802,0.16816096508201983
2643,2025-08-26 18:09:18.162101,3,1,0,278.0,0,5,2025-08-26,1,1,9,990.5548652298003,0.8094601429838941,0.8318390349179802,0.16816096508201983
2644,2025-08-26 18:12:48.080269,4,1,0,278.0,0,5,2025-08-26,1,1,16,990.5548652298003,0.6117108130709907,0.6570963018227935,0.34290369817720645
2645,2025-08-26 18:16:30.244085,4,1,0,278.0,0,5,2025-08-26,1,1,16,990.5548652298003,0.6117108130709907,0.6570963018227935,0.34290369817720645
2646,2025-08-26 18:19:30.144094,4,0,0,278.0,0,5,2025-08-26,0,1,16,990.5548652298003,0.6117108130709907,0.6570963018227935,-0.6570963018227935
2647,2025-08-26 18:22:11.919108,4,1,0,278.0,0,5,2025-08-26,1,1,16,990.5548652298003,0.6117108130709907,0.6570963018227935,0.34290369817720645
2648,2025-08-26 18:24:49.176876,4,1,0,278.0,0,5,2025-08-26,1,1,16,990.5548652298003,0.6117108130709907,0.6570963018227935,0.34290369817720645
2649,2025-08-26 18:30:17.708746,3,1,0,278.0,0,5,2025-08-26,1,1,9,990.5548652298003,0.8094601429838941,0.8318390349179802,0.16816096508201983
2650,2025-08-26 18:32:54.035402,3,0,0,278.0,0,5,2025-08-26,0,1,9,990.5548652298003,0.8094601429838941,0.8318390349179802,-0.8318390349179802
2651,2025-08-26 18:34:08.489146,3,0,0,278.0,0,5,2025-08-26,0,1,9,990.5548652298003,0.8094601429838941,0.8318390349179802,-0.8318390349179802
2652,2025-08-26 18:35:49.665086,3,0,0,278.0,0,5,2025-08-26,0,1,9,990.5548652298003,0.8094601429838941,0.8318390349179802,-0.8318390349179802
2653,2025-08-28 18:54:32.575203,2,1,0,278.0,0,5,2025-08-28,1,1,4,963.9152544227304,0.9190544069252482,0.9273753283850786,0.07262467161492137
2654,2025-08-28 18:56:26.371385,2,1,0,278.0,0,5,2025-08-28,1,1,4,963.9152544227304,0.9190544069252482,0.9273753283850786,0.07262467161492137
2655,2025-08-28 18:58:35.756832,3,0,0,278.0,0,5,2025-08-28,0,1,9,963.9152544227304,0.808078255881214,0.8318390349179802,-0.8318390349179802
2656,2025-08-28 19:04:26.103566,4,0,0,278.0,0,5,2025-08-28,0,1,16,963.9152544227304,0.6095864735637327,0.6570963018227935,-0.6570963018227935
2657,2025-08-28 19:08:06.521302,4,1,0,278.0,0,5,2025-08-28,1,1,16,963.9152544227304,0.6095864735637327,0.6570963018227935,0.34290369817720645
2658,2025-08-28 19:13:58.654166,4,0,0,278.0,0,5,2025-08-28,0,1,16,963.9152544227304,0.6095864735637327,0.6570963018227935,-0.6570963018227935
2659,2025-08-28 19:18:19.996013,4,1,0,278.0,0,5,2025-08-28,1,1,16,963.9152544227304,0.6095864735637327,0.6570963018227935,0.34290369817720645
2660,2025-08-28 19:24:00.163572,4,0,0,278.0,0,5,2025-08-28,0,1,16,963.9152544227304,0.6095864735637327,0.6570963018227935,-0.6570963018227935
2661,2025-08-28 19:26:10.537984,4,0,0,278.0,0,5,2025-08-28,0,1,16,963.9152544227304,0.6095864735637327,0.6570963018227935,-0.6570963018227935
2662,2025-08-28 19:27:05.313195,4,0,0,278.0,0,5,2025-08-28,0,1,16,963.9152544227304,0.6095864735637327,0.6570963018227935,-0.6570963018227935
2663,2025-08-28 19:31:46.171270,4,0,0,278.0,0,5,2025-08-28,0,1,16,963.9152544227304,0.6095864735637327,0.6570963018227935,-0.6570963018227935
2664,2025-08-31 09:27:07.483978,1,1,0,278.0,1,5,2025-08-31,1,1,1,832.8019428657198,0.9669967627000459,0.9705563170026417,0.029443682997358334
2665,2025-08-31 09:38:55.082490,3,0,0,278.0,1,5,2025-08-31,0,1,9,832.8019428657198,0.8011656590013847,0.8318390349179802,-0.8318390349179802
2666,2025-08-31 09:44:42.965475,4,0,0,278.0,1,5,2025-08-31,0,1,16,832.8019428657198,0.5990717366580488,0.6570963018227935,-0.6570963018227935
2667,2025-08-31 09:49:14.829618,4,1,0,278.0,1,5,2025-08-31,1,1,16,832.8019428657198,0.5990717366580488,0.6570963018227935,0.34290369817720645
2668,2025-08-31 09:57:33.367287,2,1,0,278.0,1,5,2025-08-31,1,1,4,832.8019428657198,0.9157220492891507,0.9273753283850786,0.07262467161492137
2669,2025-08-31 10:34:16.249803,3,1,0,278.0,1,5,2025-08-31,1,1,9,832.8019428657198,0.8011656590013847,0.8318390349179802,0.16816096508201983
2670,2025-08-31 10:38:59.238631,3,0,0,278.0,1,5,2025-08-31,0,1,9,832.8019428657198,0.8011656590013847,0.8318390349179802,-0.8318390349179802
2671,2025-08-31 10:50:02.368002,6,1,0,278.0,1,5,2025-08-31,1,1,36,832.8019428657198,0.17045656803950576,0.22334270735276335,0.7766572926472366
2672,2025-08-31 11:25:56.036988,6,1,0,278.0,1,5,2025-08-31,1,1,36,832.8019428657198,0.17045656803950576,0.22334270735276335,0.7766572926472366
2673,2025-08-31 11:55:00.059987,6,0,0,278.0,1,5,2025-08-31,0,1,36,832.8019428657198,0.17045656803950576,0.22334270735276335,-0.22334270735276335
2674,2025-08-31 11:59:58.207621,6,0,0,278.0,1,5,2025-08-31,0,1,36,832.8019428657198,0.17045656803950576,0.22334270735276335,-0.22334270735276335
2675,2025-08-31 12:04:37.590587,6,0,0,278.0,1,5,2025-08-31,0,1,36,832.8019428657198,0.17045656803950576,0.22334270735276335,-0.22334270735276335
2676,2025-08-31 12:10:03.707113,6,0,0,278.0,1,5,2025-08-31,0,1,36,832.8019428657198,0.17045656803950576,0.22334270735276335,-0.22334270735276335
2677,2025-08-31 12:22:13.840449,6,0,0,278.0,1,5,2025-08-31,0,1,36,832.8019428657198,0.17045656803950576,0.22334270735276335,-0.22334270735276335
2678,2025-08-31 12:25:58.095027,6,0,0,278.0,1,5,2025-08-31,0,1,36,832.8019428657198,0.17045656803950576,0.22334270735276335,-0.22334270735276335
2679,2025-08-31 12:49:44.524069,6,1,0,278.0,1,5,2025-08-31,1,1,36,832.8019428657198,0.17045656803950576,0.22334270735276335,0.7766572926472366
2680,2025-08-31 13:18:01.132616,7,0,0,278.0,1,5,2025-08-31,0,1,49,832.8019428657198,0.07080481438313822,0.10023392045771826,-0.10023392045771826
2681,2025-08-31 13:29:01.391709,7,0,0,278.0,1,5,2025-08-31,0,1,49,832.8019428657198,0.07080481438313822,0.10023392045771826,-0.10023392045771826
2682,2025-08-31 13:48:44.691665,7,0,0,278.0,1,5,2025-08-31,0,1,49,832.8019428657198,0.07080481438313822,0.10023392045771826,-0.10023392045771826
2683,2025-08-31 14:09:03.063362,7,0,0,278.0,1,5,2025-08-31,0,1,49,832.8019428657198,0.07080481438313822,0.10023392045771826,-0.10023392045771826
2684,2025-09-02 17:24:30.901661,3,1,0,278.0,0,5,2025-09-02,1,1,9,1210.2656139802575,0.8205675246317098,0.8318390349179802,0.16816096508201983
2685,2025-09-02 17:24:41.124594,4,1,0,278.0,0,5,2025-09-02,1,1,16,1210.2656139802575,0.6290632775587104,0.6570963018227935,0.34290369817720645
2686,2025-09-02 17:29:45.010707,5,0,0,278.0,0,5,2025-09-02,0,1,25,1210.2656139802575,0.38608557062730353,0.4260573723585436,-0.4260573723585436
2687,2025-09-02 17:36:12.637964,5,1,0,278.0,0,5,2025-09-02,1,1,25,1210.2656139802575,0.38608557062730353,0.4260573723585436,0.5739426276414564
2688,2025-09-02 17:42:02.950824,3,1,0,278.0,0,5,2025-09-02,1,1,9,1210.2656139802575,0.8205675246317098,0.8318390349179802,0.16816096508201983
2689,2025-09-02 17:47:56.582331,5,1,0,278.0,0,5,2025-09-02,1,1,25,1210.2656139802575,0.38608557062730353,0.4260573723585436,0.5739426276414564
2690,2025-09-02 17:50:32.210492,4,1,0,278.0,0,5,2025-09-02,1,1,16,1210.2656139802575,0.6290632775587104,0.6570963018227935,0.34290369817720645
2691,2025-09-02 17:50:36.691658,4,1,0,278.0,0,5,2025-09-02,1,1,16,1210.2656139802575,0.6290632775587104,0.6570963018227935,0.34290369817720645
2692,2025-09-02 17:52:07.268295,4,1,0,278.0,0,5,2025-09-02,1,1,16,1210.2656139802575,0.6290632775587104,0.6570963018227935,0.34290369817720645
2693,2025-09-02 17:55:24.352207,5,1,0,278.0,0,5,2025-09-02,1,1,25,1210.2656139802575,0.38608557062730353,0.4260573723585436,0.5739426276414564
2694,2025-09-02 17:58:05.806406,5,1,0,278.0,0,5,2025-09-02,1,1,25,1210.2656139802575,0.38608557062730353,0.4260573723585436,0.5739426276414564
2695,2025-09-02 18:07:25.473309,5,0,0,278.0,0,5,2025-09-02,0,1,25,1210.2656139802575,0.38608557062730353,0.4260573723585436,-0.4260573723585436
2696,2025-09-02 18:13:04.640414,7,0,0,278.0,0,5,2025-09-02,0,1,49,1210.2656139802575,0.07960029102877121,0.10023392045771826,-0.10023392045771826
2697,2025-09-02 18:21:32.955617,6,0,0,278.0,0,5,2025-09-02,0,1,36,1210.2656139802575,0.18911155586807626,0.22334270735276335,-0.22334270735276335
2698,2025-09-02 18:23:54.022432,6,0,0,278.0,0,5,2025-09-02,0,1,36,1210.2656139802575,0.18911155586807626,0.22334270735276335,-0.22334270735276335
2699,2025-09-02 18:30:05.080498,4,1,0,278.0,0,5,2025-09-02,1,1,16,1210.2656139802575,0.6290632775587104,0.6570963018227935,0.34290369817720645
2700,2025-09-07 14:10:12.529993,1,1,0,278.0,1,5,2025-09-07,1,1,1,981.4112982621116,0.9685509755924878,0.9705563170026417,0.029443682997358334
2701,2025-09-07 14:10:32.085194,1,1,0,278.0,1,5,2025-09-07,1,1,1,981.4112982621116,0.9685509755924878,0.9705563170026417,0.029443682997358334
2702,2025-09-07 14:14:04.788589,2,1,0,278.0,1,5,2025-09-07,1,1,4,981.4112982621116,0.919489888895115,0.9273753283850786,0.07262467161492137
2703,2025-09-07 14:17:55.790885,2,1,0,278.0,1,5,2025-09-07,1,1,4,981.4112982621116,0.919489888895115,0.9273753283850786,0.07262467161492137
2704,2025-09-07 14:20:34.569994,4,1,0,278.0,1,5,2025-09-07,1,1,16,981.4112982621116,0.6109821456311173,0.6570963018227935,0.34290369817720645
2705,2025-09-07 14:40:28.270278,8,0,0,278.0,1,5,2025-09-07,0,1,64,981.4112982621116,0.02884512247029076,0.04136939225873243,-0.04136939225873243
2706,2025-09-07 14:49:16.858747,8,0,0,278.0,1,5,2025-09-07,0,1,64,981.4112982621116,0.02884512247029076,0.04136939225873243,-0.04136939225873243
2707,2025-09-07 15:01:31.950639,8,0,0,278.0,1,5,2025-09-07,0,1,64,981.4112982621116,0.02884512247029076,0.04136939225873243,-0.04136939225873243
2708,2025-09-07 15:03:41.829811,8,0,0,278.0,1,5,2025-09-07,0,1,64,981.4112982621116,0.02884512247029076,0.04136939225873243,-0.04136939225873243
2709,2025-09-07 15:11:25.917828,8,0,0,278.0,1,5,2025-09-07,0,1,64,981.4112982621116,0.02884512247029076,0.04136939225873243,-0.04136939225873243
2710,2025-09-07 15:15:00.371230,8,0,0,278.0,1,5,2025-09-07,0,1,64,981.4112982621116,0.02884512247029076,0.04136939225873243,-0.04136939225873243
2711,2025-09-07 15:17:14.913318,8,0,0,278.0,1,5,2025-09-07,0,1,64,981.4112982621116,0.02884512247029076,0.04136939225873243,-0.04136939225873243
2712,2025-09-07 15:36:19.922229,8,0,0,278.0,1,5,2025-09-07,0,1,64,981.4112982621116,0.02884512247029076,0.04136939225873243,-0.04136939225873243
2713,2025-09-07 15:59:55.042593,8,0,0,278.0,1,5,2025-09-07,0,1,64,981.4112982621116,0.02884512247029076,0.04136939225873243,-0.04136939225873243
2714,2025-09-07 16:19:33.595663,8,0,0,278.0,1,5,2025-09-07,0,1,64,981.4112982621116,0.02884512247029076,0.04136939225873243,-0.04136939225873243
2715,2025-09-07 16:32:07.022834,8,0,0,278.0,1,5,2025-09-07,0,1,64,981.4112982621116,0.02884512247029076,0.04136939225873243,-0.04136939225873243
2716,2025-09-07 16:46:49.467540,8,0,0,278.0,1,5,2025-09-07,0,1,64,981.4112982621116,0.02884512247029076,0.04136939225873243,-0.04136939225873243
2717,2025-09-09 17:36:32.014727,2,1,0,278.0,0,5,2025-09-09,1,1,4,1521.9525212259305,0.931930823515367,0.9273753283850786,0.07262467161492137
2718,2025-09-09 17:38:13.036180,3,1,0,278.0,0,5,2025-09-09,1,1,9,1521.9525212259305,0.8354474137041282,0.8318390349179802,0.16816096508201983
2719,2025-09-09 17:40:16.746571,4,1,0,278.0,0,5,2025-09-09,1,1,16,1521.9525212259305,0.6531105633335109,0.6570963018227935,0.34290369817720645
2720,2025-09-09 17:43:24.606712,5,1,0,278.0,0,5,2025-09-09,1,1,25,1521.9525212259305,0.4111395443472178,0.4260573723585436,0.5739426276414564
2721,2025-09-09 17:47:14.179488,5,1,0,278.0,0,5,2025-09-09,1,1,25,1521.9525212259305,0.4111395443472178,0.4260573723585436,0.5739426276414564
2722,2025-09-09 17:51:02.184409,6,1,0,278.0,0,5,2025-09-09,1,1,36,1521.9525212259305,0.20566552479543665,0.22334270735276335,0.7766572926472366
2723,2025-09-09 17:56:28.342410,6,0,0,278.0,0,5,2025-09-09,0,1,36,1521.9525212259305,0.20566552479543665,0.22334270735276335,-0.22334270735276335
2724,2025-09-09 17:58:19.378396,6,1,0,278.0,0,5,2025-09-09,1,1,36,1521.9525212259305,0.20566552479543665,0.22334270735276335,0.7766572926472366
2725,2025-09-09 18:01:44.736812,8,0,0,278.0,0,5,2025-09-09,0,1,64,1521.9525212259305,0.03438159913452116,0.04136939225873243,-0.04136939225873243
2726,2025-09-09 18:06:33.854768,8,0,0,278.0,0,5,2025-09-09,0,1,64,1521.9525212259305,0.03438159913452116,0.04136939225873243,-0.04136939225873243
2727,2025-09-09 18:13:46.057716,8,0,0,278.0,0,5,2025-09-09,0,1,64,1521.9525212259305,0.03438159913452116,0.04136939225873243,-0.04136939225873243
2728,2025-09-09 18:17:57.509249,8,0,0,278.0,0,5,2025-09-09,0,1,64,1521.9525212259305,0.03438159913452116,0.04136939225873243,-0.04136939225873243
2729,2025-09-09 18:23:30.834218,8,0,0,278.0,0,5,2025-09-09,0,1,64,1521.9525212259305,0.03438159913452116,0.04136939225873243,-0.04136939225873243
2730,2025-09-09 18:29:44.189318,7,0,0,278.0,0,5,2025-09-09,0,1,49,1521.9525212259305,0.08760376973589476,0.10023392045771826,-0.10023392045771826
2731,2025-09-12 17:47:43.232005,1,1,0,278.0,0,5,2025-09-12,1,1,1,1582.7044574480058,0.9741462860105959,0.9705563170026417,0.029443682997358334
2732,2025-09-12 17:49:35.825894,1,1,0,278.0,0,5,2025-09-12,1,1,1,1582.7044574480058,0.9741462860105959,0.9705563170026417,0.029443682997358334
2733,2025-09-12 17:51:10.187802,2,1,0,278.0,0,5,2025-09-12,1,1,4,1582.7044574480058,0.9332120845961073,0.9273753283850786,0.07262467161492137
2734,2025-09-12 17:54:47.348252,3,1,0,278.0,0,5,2025-09-12,1,1,9,1582.7044574480058,0.8382295246835718,0.8318390349179802,0.16816096508201983
2735,2025-09-12 17:58:36.872967,4,1,0,278.0,0,5,2025-09-12,1,1,16,1582.7044574480058,0.6577124286892654,0.6570963018227935,0.34290369817720645
2736,2025-09-12 18:02:18.282593,4,1,0,278.0,0,5,2025-09-12,1,1,16,1582.7044574480058,0.6577124286892654,0.6570963018227935,0.34290369817720645
2737,2025-09-12 18:17:05.852592,5,0,0,278.0,0,5,2025-09-12,0,1,25,1582.7044574480058,0.4160814854558889,0.4260573723585436,-0.4260573723585436
2738,2025-09-12 18:26:03.559315,5,0,0,278.0,0,5,2025-09-12,0,1,25,1582.7044574480058,0.4160814854558889,0.4260573723585436,-0.4260573723585436
2739,2025-09-12 18:27:02.474657,4,1,0,278.0,0,5,2025-09-12,1,1,16,1582.7044574480058,0.6577124286892654,0.6570963018227935,0.34290369817720645
2740,2025-09-12 18:36:09.460962,5,0,0,278.0,0,5,2025-09-12,0,1,25,1582.7044574480058,0.4160814854558889,0.4260573723585436,-0.4260573723585436
2741,2025-09-12 18:51:36.794741,5,0,0,278.0,0,5,2025-09-12,0,1,25,1582.7044574480058,0.4160814854558889,0.4260573723585436,-0.4260573723585436
2742,2025-09-12 18:53:49.702765,3,1,0,278.0,0,5,2025-09-12,1,1,9,1582.7044574480058,0.8382295246835718,0.8318390349179802,0.16816096508201983
2743,2025-09-12 19:08:31.632589,5,0,0,278.0,0,5,2025-09-12,0,1,25,1582.7044574480058,0.4160814854558889,0.4260573723585436,-0.4260573723585436
2744,2025-09-14 14:30:40.386206,1,1,0,278.0,1,5,2025-09-14,1,1,1,1474.0617836993683,0.9732125341427894,0.9705563170026417,0.029443682997358334
2745,2025-09-14 14:30:47.403313,2,1,0,278.0,1,5,2025-09-14,1,1,4,1474.0617836993683,0.9309047849423898,0.9273753283850786,0.07262467161492137
2746,2025-09-14 14:34:33.611843,3,1,0,278.0,1,5,2025-09-14,1,1,9,1474.0617836993683,0.8332272953366887,0.8318390349179802,0.16816096508201983
2747,2025-09-14 14:48:01.546793,8,0,0,278.0,1,5,2025-09-14,0,1,64,1474.0617836993683,0.03385229944908018,0.04136939225873243,-0.04136939225873243
2748,2025-09-14 14:51:18.801579,8,0,0,278.0,1,5,2025-09-14,0,1,64,1474.0617836993683,0.03385229944908018,0.04136939225873243,-0.04136939225873243
2749,2025-09-14 14:58:06.518143,8,0,0,278.0,1,5,2025-09-14,0,1,64,1474.0617836993683,0.03385229944908018,0.04136939225873243,-0.04136939225873243
2750,2025-09-14 15:07:15.636652,8,0,0,278.0,1,5,2025-09-14,0,1,64,1474.0617836993683,0.03385229944908018,0.04136939225873243,-0.04136939225873243
2751,2025-09-14 15:25:04.491025,8,0,0,278.0,1,5,2025-09-14,0,1,64,1474.0617836993683,0.03385229944908018,0.04136939225873243,-0.04136939225873243
2752,2025-09-14 15:27:22.523311,8,0,0,278.0,1,5,2025-09-14,0,1,64,1474.0617836993683,0.03385229944908018,0.04136939225873243,-0.04136939225873243
2753,2025-09-14 15:44:41.060550,8,0,0,278.0,1,5,2025-09-14,0,1,64,1474.0617836993683,0.03385229944908018,0.04136939225873243,-0.04136939225873243
2754,2025-09-14 15:46:20.418994,8,0,0,278.0,1,5,2025-09-14,0,1,64,1474.0617836993683,0.03385229944908018,0.04136939225873243,-0.04136939225873243
2755,2025-09-14 15:49:45.197044,8,0,0,278.0,1,5,2025-09-14,0,1,64,1474.0617836993683,0.03385229944908018,0.04136939225873243,-0.04136939225873243
2756,2025-09-14 16:13:09.697224,8,0,0,278.0,1,5,2025-09-14,0,1,64,1474.0617836993683,0.03385229944908018,0.04136939225873243,-0.04136939225873243
2757,2025-09-14 16:21:10.425200,8,0,0,278.0,1,5,2025-09-14,0,1,64,1474.0617836993683,0.03385229944908018,0.04136939225873243,-0.04136939225873243
2758,2025-09-14 16:28:46.976575,7,1,0,278.0,1,5,2025-09-14,1,1,49,1474.0617836993683,0.08632837396665259,0.10023392045771826,0.8997660795422817
2759,2025-09-14 16:34:26.168742,10,0,0,278.0,1,5,2025-09-14,0,1,100,1474.0617836993683,0.004795341081135081,0.006434427060814574,-0.006434427060814574
2760,2025-09-14 16:47:14.431276,10,0,0,278.0,1,5,2025-09-14,0,1,100,1474.0617836993683,0.004795341081135081,0.006434427060814574,-0.006434427060814574
2761,2025-09-14 16:56:06.010048,10,0,0,278.0,1,5,2025-09-14,0,1,100,1474.0617836993683,0.004795341081135081,0.006434427060814574,-0.006434427060814574
2762,2025-09-14 17:35:52.028328,10,0,0,278.0,1,5,2025-09-14,0,1,100,1474.0617836993683,0.004795341081135081,0.006434427060814574,-0.006434427060814574
2763,2025-09-16 19:01:11.443552,1,1,0,278.0,1,5,2025-09-16,1,1,1,2262.8049810996217,0.9793103154278502,0.9705563170026417,0.029443682997358334
2764,2025-09-16 19:03:24.576035,2,1,0,278.0,1,5,2025-09-16,1,1,4,2262.8049810996217,0.9460999305811415,0.9273753283850786,0.07262467161492137
2765,2025-09-16 19:06:37.176486,3,1,0,278.0,1,5,2025-09-16,1,1,9,2262.8049810996217,0.8668303665624465,0.8318390349179802,0.16816096508201983
2766,2025-09-16 19:15:56.658444,4,1,0,278.0,1,5,2025-09-16,1,1,16,2262.8049810996217,0.7070755225435452,0.6570963018227935,0.34290369817720645
2767,2025-09-16 19:22:21.207748,4,1,0,278.0,1,5,2025-09-16,1,1,16,2262.8049810996217,0.7070755225435452,0.6570963018227935,0.34290369817720645
2768,2025-09-16 19:33:26.475081,4,0,0,278.0,1,5,2025-09-16,0,1,16,2262.8049810996217,0.7070755225435452,0.6570963018227935,-0.6570963018227935
2769,2025-09-16 19:36:19.331636,4,1,0,278.0,1,5,2025-09-16,1,1,16,2262.8049810996217,0.7070755225435452,0.6570963018227935,0.34290369817720645
2770,2025-09-16 19:47:48.462517,4,0,0,278.0,1,5,2025-09-16,0,1,16,2262.8049810996217,0.7070755225435452,0.6570963018227935,-0.6570963018227935
2771,2025-09-16 19:54:49.730920,4,0,0,278.0,1,5,2025-09-16,0,1,16,2262.8049810996217,0.7070755225435452,0.6570963018227935,-0.6570963018227935
2772,2025-09-16 20:02:00.003302,4,0,0,278.0,1,5,2025-09-16,0,1,16,2262.8049810996217,0.7070755225435452,0.6570963018227935,-0.6570963018227935
2773,2025-09-21 09:28:56.395384,0,0,0,278.0,1,5,2025-09-21,0,1,0,1456.9209237878767,0.9898383039205069,0.9883844429385786,-0.9883844429385786
2774,2025-09-21 09:29:06.216092,1,0,0,278.0,1,5,2025-09-21,0,1,1,1456.9209237878767,0.9730622484495843,0.9705563170026417,-0.9705563170026417
2775,2025-09-21 09:29:14.432920,3,0,0,278.0,1,5,2025-09-21,0,1,9,1456.9209237878767,0.8324268780651718,0.8318390349179802,-0.8318390349179802
2776,2025-09-21 09:38:41.588485,5,1,0,278.0,1,5,2025-09-21,1,1,25,1456.9209237878767,0.4058692880303645,0.4260573723585436,0.5739426276414564
2777,2025-09-21 09:44:47.005299,3,1,0,278.0,1,5,2025-09-21,1,1,9,1456.9209237878767,0.8324268780651718,0.8318390349179802,0.16816096508201983
2778,2025-09-21 10:31:06.512752,7,1,0,278.0,1,5,2025-09-21,1,1,49,1456.9209237878767,0.08587598992200862,0.10023392045771826,0.8997660795422817
2779,2025-09-21 10:40:13.995288,7,0,0,278.0,1,5,2025-09-21,0,1,49,1456.9209237878767,0.08587598992200862,0.10023392045771826,-0.10023392045771826
2780,2025-09-21 10:45:47.638703,7,1,0,278.0,1,5,2025-09-21,1,1,49,1456.9209237878767,0.08587598992200862,0.10023392045771826,0.8997660795422817
2781,2025-09-21 11:17:16.224916,10,0,0,278.0,1,5,2025-09-21,0,1,100,1456.9209237878767,0.004767982570935253,0.006434427060814574,-0.006434427060814574
2782,2025-09-21 11:35:59.519279,10,0,0,278.0,1,5,2025-09-21,0,1,100,1456.9209237878767,0.004767982570935253,0.006434427060814574,-0.006434427060814574
2783,2025-09-21 11:43:49.194793,10,0,0,278.0,1,5,2025-09-21,0,1,100,1456.9209237878767,0.004767982570935253,0.006434427060814574,-0.006434427060814574
2784,2025-09-21 11:57:49.463825,10,0,0,278.0,1,5,2025-09-21,0,1,100,1456.9209237878767,0.004767982570935253,0.006434427060814574,-0.006434427060814574
2785,2025-09-23 19:02:13.011838,4,0,0,278.0,1,5,2025-09-23,0,1,16,1727.5848791671694,0.6685666895096164,0.6570963018227935,-0.6570963018227935
2786,2025-09-24 19:12:28.934969,3,0,0,278.0,1,5,2025-09-24,0,1,9,1579.1834415035867,0.8380693228611225,0.8318390349179802,-0.8318390349179802
2787,2025-09-24 19:12:38.832098,3,1,0,278.0,1,5,2025-09-24,1,1,9,1579.1834415035867,0.8380693228611225,0.8318390349179802,0.16816096508201983
2788,2025-09-24 19:20:42.901758,4,0,0,278.0,1,5,2025-09-24,0,1,16,1579.1834415035867,0.6574465155453159,0.6570963018227935,-0.6570963018227935
2789,2025-09-24 19:27:07.986622,4,0,0,278.0,1,5,2025-09-24,0,1,16,1579.1834415035867,0.6574465155453159,0.6570963018227935,-0.6570963018227935
2790,2025-09-24 19:33:32.663482,4,1,0,278.0,1,5,2025-09-24,1,1,16,1579.1834415035867,0.6574465155453159,0.6570963018227935,0.34290369817720645
2791,2025-09-24 19:43:59.991709,5,0,0,278.0,1,5,2025-09-24,0,1,25,1579.1834415035867,0.41579459286663667,0.4260573723585436,-0.4260573723585436
2792,2025-09-24 19:47:24.649118,5,1,0,278.0,1,5,2025-09-24,1,1,25,1579.1834415035867,0.41579459286663667,0.4260573723585436,0.5739426276414564
2793,2025-09-24 20:01:42.715145,5,1,0,278.0,1,5,2025-09-24,1,1,25,1579.1834415035867,0.41579459286663667,0.4260573723585436,0.5739426276414564
2794,2025-09-24 20:04:21.283515,4,1,0,278.0,1,5,2025-09-24,1,1,16,1579.1834415035867,0.6574465155453159,0.6570963018227935,0.34290369817720645
2795,2025-09-27 14:25:52.971542,4,1,0,278.0,0,5,2025-09-27,1,1,16,1298.4285954979619,0.6359364686247191,0.6570963018227935,0.34290369817720645
2796,2025-09-27 14:28:25.739237,4,0,0,278.0,0,5,2025-09-27,0,1,16,1298.4285954979619,0.6359364686247191,0.6570963018227935,-0.6570963018227935
2797,2025-09-27 14:31:54.658528,4,1,0,278.0,0,5,2025-09-27,1,1,16,1298.4285954979619,0.6359364686247191,0.6570963018227935,0.34290369817720645
2798,2025-09-27 14:34:47.286973,4,0,0,278.0,0,5,2025-09-27,0,1,16,1298.4285954979619,0.6359364686247191,0.6570963018227935,-0.6570963018227935
2799,2025-09-27 14:38:31.256203,4,1,0,278.0,0,5,2025-09-27,1,1,16,1298.4285954979619,0.6359364686247191,0.6570963018227935,0.34290369817720645
2800,2025-09-27 14:41:48.309986,4,1,0,278.0,0,5,2025-09-27,1,1,16,1298.4285954979619,0.6359364686247191,0.6570963018227935,0.34290369817720645
2801,2025-09-27 14:44:47.448433,4,1,0,278.0,0,5,2025-09-27,1,1,16,1298.4285954979619,0.6359364686247191,0.6570963018227935,0.34290369817720645
2802,2025-09-27 14:47:55.330519,4,0,0,278.0,0,5,2025-09-27,0,1,16,1298.4285954979619,0.6359364686247191,0.6570963018227935,-0.6570963018227935
2803,2025-09-27 14:51:06.932423,4,0,0,278.0,0,5,2025-09-27,0,1,16,1298.4285954979619,0.6359364686247191,0.6570963018227935,-0.6570963018227935
2804,2025-09-27 15:13:58.640739,10,0,0,278.0,0,5,2025-09-27,0,1,100,1298.4285954979619,0.004522259362124276,0.006434427060814574,-0.006434427060814574
2805,2025-09-27 15:18:59.847813,10,0,0,278.0,0,5,2025-09-27,0,1,100,1298.4285954979619,0.004522259362124276,0.006434427060814574,-0.006434427060814574
2806,2025-09-27 15:24:40.531231,10,0,0,278.0,0,5,2025-09-27,0,1,100,1298.4285954979619,0.004522259362124276,0.006434427060814574,-0.006434427060814574
2807,2025-09-27 15:30:24.968298,7,0,0,278.0,0,5,2025-09-27,0,1,49,1298.4285954979619,0.081793811930108,0.10023392045771826,-0.10023392045771826
2808,2025-09-27 15:32:44.115320,7,0,0,278.0,0,5,2025-09-27,0,1,49,1298.4285954979619,0.081793811930108,0.10023392045771826,-0.10023392045771826
2809,2025-09-27 15:35:07.622239,7,0,0,278.0,0,5,2025-09-27,0,1,49,1298.4285954979619,0.081793811930108,0.10023392045771826,-0.10023392045771826
2810,2025-09-27 15:48:41.008769,7,0,0,278.0,0,5,2025-09-27,0,1,49,1298.4285954979619,0.081793811930108,0.10023392045771826,-0.10023392045771826
2811,2025-09-27 15:58:35.819030,7,0,0,278.0,0,5,2025-09-27,0,1,49,1298.4285954979619,0.081793811930108,0.10023392045771826,-0.10023392045771826
2812,2025-09-27 16:01:50.222945,7,0,0,278.0,0,5,2025-09-27,0,1,49,1298.4285954979619,0.081793811930108,0.10023392045771826,-0.10023392045771826
2813,2025-09-28 09:26:38.270917,10,0,0,278.0,1,5,2025-09-28,0,1,100,1912.8667778544332,0.0055514559930423535,0.006434427060814574,-0.006434427060814574
2814,2025-09-28 09:33:42.085157,10,0,0,278.0,1,5,2025-09-28,0,1,100,1912.8667778544332,0.0055514559930423535,0.006434427060814574,-0.006434427060814574
2815,2025-09-28 12:07:01.855580,3,1,0,278.0,1,5,2025-09-28,1,1,9,1912.8667778544332,0.8526891493202342,0.8318390349179802,0.16816096508201983
2816,2025-09-28 12:08:19.761152,6,1,0,278.0,1,5,2025-09-28,1,1,36,1912.8667778544332,0.22791171200566665,0.22334270735276335,0.7766572926472366
2817,2025-09-28 13:09:19.041174,8,0,0,278.0,1,5,2025-09-28,0,1,64,1912.8667778544332,0.03901043593292429,0.04136939225873243,-0.04136939225873243
2818,2025-09-28 13:34:25.959339,8,0,0,278.0,1,5,2025-09-28,0,1,64,1912.8667778544332,0.03901043593292429,0.04136939225873243,-0.04136939225873243
2819,2025-09-28 13:58:58.455352,8,0,0,278.0,1,5,2025-09-28,0,1,64,1912.8667778544332,0.03901043593292429,0.04136939225873243,-0.04136939225873243
2820,2025-09-28 13:59:01.377462,8,0,0,278.0,1,5,2025-09-28,0,1,64,1912.8667778544332,0.03901043593292429,0.04136939225873243,-0.04136939225873243
2821,2025-09-28 14:18:51.841851,5,0,0,278.0,1,5,2025-09-28,0,1,25,1912.8667778544332,0.4432101865372741,0.4260573723585436,-0.4260573723585436
2822,2025-09-30 18:24:42.430138,2,1,0,278.0,1,5,2025-09-30,1,1,4,2042.067339457527,0.9421973920155366,0.9273753283850786,0.07262467161492137
2823,2025-09-30 18:34:55.495670,3,1,0,278.0,1,5,2025-09-30,1,1,9,2042.067339457527,0.8580495770406911,0.8318390349179802,0.16816096508201983
2824,2025-09-30 18:35:01.839130,2,1,0,278.0,1,5,2025-09-30,1,1,4,2042.067339457527,0.9421973920155366,0.9273753283850786,0.07262467161492137
2825,2025-09-30 18:58:19.277940,10,0,0,278.0,1,5,2025-09-30,0,1,100,2042.067339457527,0.005795885974247133,0.006434427060814574,-0.006434427060814574
2826,2025-09-30 19:06:19.569902,10,0,0,278.0,1,5,2025-09-30,0,1,100,2042.067339457527,0.005795885974247133,0.006434427060814574,-0.006434427060814574
2827,2025-09-30 19:25:15.549853,10,0,0,278.0,1,5,2025-09-30,0,1,100,2042.067339457527,0.005795885974247133,0.006434427060814574,-0.006434427060814574
2828,2025-09-30 19:35:14.050051,10,0,0,278.0,1,5,2025-09-30,0,1,100,2042.067339457527,0.005795885974247133,0.006434427060814574,-0.006434427060814574
2829,2025-09-30 19:45:42.475566,10,0,0,278.0,1,5,2025-09-30,0,1,100,2042.067339457527,0.005795885974247133,0.006434427060814574,-0.006434427060814574
2830,2025-09-30 19:50:31.454810,10,0,0,278.0,1,5,2025-09-30,0,1,100,2042.067339457527,0.005795885974247133,0.006434427060814574,-0.006434427060814574
2831,2025-09-30 19:58:35.640831,10,0,0,278.0,1,5,2025-09-30,0,1,100,2042.067339457527,0.005795885974247133,0.006434427060814574,-0.006434427060814574
2832,2025-09-30 20:18:28.713785,10,0,0,278.0,1,5,2025-09-30,0,1,100,2042.067339457527,0.005795885974247133,0.006434427060814574,-0.006434427060814574
2833,2025-09-30 20:40:29.157042,10,0,0,278.0,1,5,2025-09-30,0,1,100,2042.067339457527,0.005795885974247133,0.006434427060814574,-0.006434427060814574
2834,2025-09-30 20:58:21.546138,10,0,0,278.0,1,5,2025-09-30,0,1,100,2042.067339457527,0.005795885974247133,0.006434427060814574,-0.006434427060814574
2835,2025-10-03 18:16:03.420082,3,1,0,278.0,0,5,2025-10-03,1,1,9,2345.449868809482,0.8699977298303845,0.8318390349179802,0.16816096508201983
2836,2025-10-03 18:16:14.381200,3,1,0,278.0,0,5,2025-10-03,1,1,9,2345.449868809482,0.8699977298303845,0.8318390349179802,0.16816096508201983
2837,2025-10-03 18:17:34.627959,4,1,0,278.0,0,5,2025-10-03,1,1,16,2345.449868809482,0.7127835742576728,0.6570963018227935,0.34290369817720645
2838,2025-10-03 18:19:13.038652,4,1,0,278.0,0,5,2025-10-03,1,1,16,2345.449868809482,0.7127835742576728,0.6570963018227935,0.34290369817720645
2839,2025-10-03 18:20:20.211127,5,1,0,278.0,0,5,2025-10-03,1,1,25,2345.449868809482,0.4792481572988479,0.4260573723585436,0.5739426276414564
2840,2025-10-03 18:24:44.088594,6,0,0,278.0,0,5,2025-10-03,0,1,36,2345.449868809482,0.2544435274725807,0.22334270735276335,-0.22334270735276335
2841,2025-10-03 18:30:15.660373,6,0,0,278.0,0,5,2025-10-03,0,1,36,2345.449868809482,0.2544435274725807,0.22334270735276335,-0.22334270735276335
2842,2025-10-03 18:32:41.013578,6,0,0,278.0,0,5,2025-10-03,0,1,36,2345.449868809482,0.2544435274725807,0.22334270735276335,-0.22334270735276335
2843,2025-10-03 18:35:08.975341,6,0,0,278.0,0,5,2025-10-03,0,1,36,2345.449868809482,0.2544435274725807,0.22334270735276335,-0.22334270735276335
2844,2025-10-03 18:37:14.986927,6,0,0,278.0,0,5,2025-10-03,0,1,36,2345.449868809482,0.2544435274725807,0.22334270735276335,-0.22334270735276335
2845,2025-10-03 18:41:14.439214,6,0,0,278.0,0,5,2025-10-03,0,1,36,2345.449868809482,0.2544435274725807,0.22334270735276335,-0.22334270735276335
2846,2025-10-03 18:44:59.702205,6,1,0,278.0,0,5,2025-10-03,1,1,36,2345.449868809482,0.2544435274725807,0.22334270735276335,0.7766572926472366
2847,2025-10-03 18:47:46.908295,6,0,0,278.0,0,5,2025-10-03,0,1,36,2345.449868809482,0.2544435274725807,0.22334270735276335,-0.22334270735276335
2848,2025-10-03 18:51:45.717023,7,0,0,278.0,0,5,2025-10-03,0,1,49,2345.449868809482,0.11234099192623492,0.10023392045771826,-0.10023392045771826
2849,2025-10-03 19:03:29.322572,7,0,0,278.0,0,5,2025-10-03,0,1,49,2345.449868809482,0.11234099192623492,0.10023392045771826,-0.10023392045771826
2850,2025-10-04 19:49:01.782675,1,1,0,278.0,0,5,2025-10-04,1,1,1,2583.2508034263515,0.9813794071177299,0.9705563170026417,0.029443682997358334
2851,2025-10-04 19:51:28.823561,3,1,0,278.0,0,5,2025-10-04,1,1,9,2583.2508034263515,0.8787554704759117,0.8318390349179802,0.16816096508201983
2852,2025-10-04 19:54:05.178090,4,1,0,278.0,0,5,2025-10-04,1,1,16,2583.2508034263515,0.7288311449730492,0.6570963018227935,0.34290369817720645
2853,2025-10-04 19:57:23.831941,4,1,0,278.0,0,5,2025-10-04,1,1,16,2583.2508034263515,0.7288311449730492,0.6570963018227935,0.34290369817720645
2854,2025-10-04 19:59:54.460512,4,1,0,278.0,0,5,2025-10-04,1,1,16,2583.2508034263515,0.7288311449730492,0.6570963018227935,0.34290369817720645
2855,2025-10-04 20:02:55.838423,5,1,0,278.0,0,5,2025-10-04,1,1,25,2583.2508034263515,0.4991758722662115,0.4260573723585436,0.5739426276414564
2856,2025-10-04 20:13:58.722721,5,1,0,278.0,0,5,2025-10-04,1,1,25,2583.2508034263515,0.4991758722662115,0.4260573723585436,0.5739426276414564
2857,2025-10-04 20:15:24.686687,6,1,0,278.0,0,5,2025-10-04,1,1,36,2583.2508034263515,0.2698678009522082,0.22334270735276335,0.7766572926472366
2858,2025-10-04 20:19:05.029771,6,1,0,278.0,0,5,2025-10-04,1,1,36,2583.2508034263515,0.2698678009522082,0.22334270735276335,0.7766572926472366
2859,2025-10-05 20:01:10.880680,3,1,0,278.0,0,5,2025-10-05,1,1,9,2517.421987111618,0.8763833359235097,0.8318390349179802,0.16816096508201983
2860,2025-10-05 20:01:17.336365,3,1,0,278.0,0,5,2025-10-05,1,1,9,2517.421987111618,0.8763833359235097,0.8318390349179802,0.16816096508201983
2861,2025-10-05 20:04:12.757292,3,1,0,278.0,0,5,2025-10-05,1,1,9,2517.421987111618,0.8763833359235097,0.8318390349179802,0.16816096508201983
2862,2025-10-05 20:06:58.404299,3,1,0,278.0,0,5,2025-10-05,1,1,9,2517.421987111618,0.8763833359235097,0.8318390349179802,0.16816096508201983
2863,2025-10-07 18:44:19.715481,7,0,0,278.0,1,5,2025-10-07,0,1,49,2093.664946372259,0.10419135556715346,0.10023392045771826,-0.10023392045771826
2864,2025-10-07 18:53:57.038345,7,0,0,278.0,1,5,2025-10-07,0,1,49,2093.664946372259,0.10419135556715346,0.10023392045771826,-0.10023392045771826
2865,2025-10-07 19:06:44.566579,7,0,0,278.0,1,5,2025-10-07,0,1,49,2093.664946372259,0.10419135556715346,0.10023392045771826,-0.10023392045771826
2866,2025-10-07 19:12:32.239257,7,0,0,278.0,1,5,2025-10-07,0,1,49,2093.664946372259,0.10419135556715346,0.10023392045771826,-0.10023392045771826
2867,2025-10-07 19:19:31.600648,7,0,0,278.0,1,5,2025-10-07,0,1,49,2093.664946372259,0.10419135556715346,0.10023392045771826,-0.10023392045771826
2868,2025-10-07 19:25:25.845321,7,0,0,278.0,1,5,2025-10-07,0,1,49,2093.664946372259,0.10419135556715346,0.10023392045771826,-0.10023392045771826
2869,2025-10-07 19:29:04.718257,7,0,0,278.0,1,5,2025-10-07,0,1,49,2093.664946372259,0.10419135556715346,0.10023392045771826,-0.10023392045771826
2870,2025-10-07 19:45:01.315962,7,0,0,278.0,1,5,2025-10-07,0,1,49,2093.664946372259,0.10419135556715346,0.10023392045771826,-0.10023392045771826
2871,2025-10-07 19:46:19.936600,7,0,0,278.0,1,5,2025-10-07,0,1,49,2093.664946372259,0.10419135556715346,0.10023392045771826,-0.10023392045771826
2872,2025-10-07 20:19:30.086486,7,0,0,278.0,1,5,2025-10-07,0,1,49,2093.664946372259,0.10419135556715346,0.10023392045771826,-0.10023392045771826
2873,2025-10-07 20:30:00.878102,7,0,0,278.0,1,5,2025-10-07,0,1,49,2093.664946372259,0.10419135556715346,0.10023392045771826,-0.10023392045771826
2874,2025-10-07 21:24:23.799568,7,0,0,278.0,1,5,2025-10-07,0,1,49,2093.664946372259,0.10419135556715346,0.10023392045771826,-0.10023392045771826
2875,2025-10-09 22:34:31.856231,4,1,0,278.0,0,5,2025-10-09,1,1,16,2246.192280041476,0.7059201401028384,0.6570963018227935,0.34290369817720645
2876,2025-10-09 22:41:18.884178,4,1,0,278.0,0,5,2025-10-09,1,1,16,2246.192280041476,0.7059201401028384,0.6570963018227935,0.34290369817720645
2877,2025-10-09 22:47:26.399562,4,0,0,278.0,0,5,2025-10-09,0,1,16,2246.192280041476,0.7059201401028384,0.6570963018227935,-0.6570963018227935
2878,2025-10-09 23:01:07.923462,7,0,0,278.0,0,5,2025-10-09,0,1,49,2246.192280041476,0.10906378872261652,0.10023392045771826,-0.10023392045771826
2879,2025-10-11 15:42:08.419174,3,1,0,278.0,0,5,2025-10-11,1,1,9,1926.7959265457946,0.8532750149865425,0.8318390349179802,0.16816096508201983
2880,2025-10-11 16:00:34.536221,4,1,0,278.0,0,5,2025-10-11,1,1,16,1926.7959265457946,0.6832017428400603,0.6570963018227935,0.34290369817720645
2881,2025-10-11 16:06:59.445585,4,0,0,278.0,0,5,2025-10-11,0,1,16,1926.7959265457946,0.6832017428400603,0.6570963018227935,-0.6570963018227935
2882,2025-10-11 16:49:41.853713,7,0,0,278.0,1,5,2025-10-11,0,1,49,1926.7959265457946,0.09908207426950238,0.10023392045771826,-0.10023392045771826
2883,2025-10-11 16:54:23.197347,6,1,0,278.0,1,5,2025-10-11,1,1,36,1926.7959265457946,0.22873485178056635,0.22334270735276335,0.7766572926472366
2884,2025-10-11 17:02:06.789016,7,0,0,278.0,1,5,2025-10-11,0,1,49,1926.7959265457946,0.09908207426950238,0.10023392045771826,-0.10023392045771826
2885,2025-10-11 17:33:35.141246,7,1,0,278.0,1,5,2025-10-11,1,1,49,1926.7959265457946,0.09908207426950238,0.10023392045771826,0.8997660795422817
2886,2025-10-13 20:25:15.464933,4,0,0,278.0,0,5,2025-10-13,0,1,16,1780.2106616084811,0.6724661251403766,0.6570963018227935,-0.6570963018227935
2887,2025-10-13 20:29:13.130786,4,1,0,278.0,0,5,2025-10-13,1,1,16,1780.2106616084811,0.6724661251403766,0.6570963018227935,0.34290369817720645
2888,2025-10-13 20:31:46.101536,4,1,0,278.0,0,5,2025-10-13,1,1,16,1780.2106616084811,0.6724661251403766,0.6570963018227935,0.34290369817720645
2889,2025-10-13 20:36:12.715853,4,1,0,278.0,0,5,2025-10-13,1,1,16,1780.2106616084811,0.6724661251403766,0.6570963018227935,0.34290369817720645
2890,2025-10-13 20:39:31.214606,4,1,0,278.0,0,5,2025-10-13,1,1,16,1780.2106616084811,0.6724661251403766,0.6570963018227935,0.34290369817720645
2891,2025-10-13 20:42:24.102469,4,1,0,278.0,0,5,2025-10-13,1,1,16,1780.2106616084811,0.6724661251403766,0.6570963018227935,0.34290369817720645
2892,2025-10-13 20:45:20.191534,4,1,0,278.0,0,5,2025-10-13,1,1,16,1780.2106616084811,0.6724661251403766,0.6570963018227935,0.34290369817720645
2893,2025-10-13 20:48:09.964117,4,1,0,278.0,1,5,2025-10-13,1,1,16,1780.2106616084811,0.6724661251403766,0.6570963018227935,0.34290369817720645
2894,2025-10-13 20:50:52.428987,4,1,0,278.0,0,5,2025-10-13,1,1,16,1780.2106616084811,0.6724661251403766,0.6570963018227935,0.34290369817720645
2895,2025-10-13 20:54:31.154530,4,1,0,278.0,1,5,2025-10-13,1,1,16,1780.2106616084811,0.6724661251403766,0.6570963018227935,0.34290369817720645
2896,2025-10-13 21:08:15.699974,7,0,0,278.0,0,5,2025-10-13,0,1,49,1780.2106616084811,0.09477907250071695,0.10023392045771826,-0.10023392045771826
2897,2025-10-13 21:12:45.933198,7,0,0,278.0,0,5,2025-10-13,0,1,49,1780.2106616084811,0.09477907250071695,0.10023392045771826,-0.10023392045771826
2898,2025-10-13 21:19:18.117339,7,0,0,278.0,0,5,2025-10-13,0,1,49,1780.2106616084811,0.09477907250071695,0.10023392045771826,-0.10023392045771826
2899,2025-10-13 21:33:00.362895,7,0,0,278.0,0,5,2025-10-13,0,1,49,1780.2106616084811,0.09477907250071695,0.10023392045771826,-0.10023392045771826
2900,2025-10-15 19:10:54.610943,3,1,0,278.0,0,5,2025-10-15,1,1,9,1779.6353364369656,0.8469872221536189,0.8318390349179802,0.16816096508201983
2901,2025-10-15 19:12:25.596776,3,1,0,278.0,0,5,2025-10-15,1,1,9,1779.6353364369656,0.8469872221536189,0.8318390349179802,0.16816096508201983
2902,2025-10-15 19:13:38.460473,3,1,0,278.0,0,5,2025-10-15,1,1,9,1779.6353364369656,0.8469872221536189,0.8318390349179802,0.16816096508201983
2903,2025-10-15 19:15:03.122211,4,1,0,278.0,0,5,2025-10-15,1,1,16,1779.6353364369656,0.6724236222707685,0.6570963018227935,0.34290369817720645
2904,2025-10-15 19:18:02.434049,4,1,0,278.0,0,5,2025-10-15,1,1,16,1779.6353364369656,0.6724236222707685,0.6570963018227935,0.34290369817720645
2905,2025-10-15 19:21:42.925240,2,1,0,278.0,0,5,2025-10-15,1,1,4,1779.6353364369656,0.9372129134244301,0.9273753283850786,0.07262467161492137
2906,2025-10-15 19:24:47.845967,3,1,0,278.0,0,5,2025-10-15,1,1,9,1779.6353364369656,0.8469872221536189,0.8318390349179802,0.16816096508201983
2907,2025-10-15 19:27:57.942493,5,1,0,278.0,0,5,2025-10-15,1,1,25,1779.6353364369656,0.4322125657681887,0.4260573723585436,0.5739426276414564
2908,2025-10-15 19:31:57.506029,5,1,0,278.0,0,5,2025-10-15,1,1,25,1779.6353364369656,0.4322125657681887,0.4260573723585436,0.5739426276414564
2909,2025-10-15 19:44:57.750770,4,1,0,278.0,0,5,2025-10-15,1,1,16,1779.6353364369656,0.6724236222707685,0.6570963018227935,0.34290369817720645
2910,2025-10-15 19:53:50.422102,5,1,0,278.0,0,5,2025-10-15,1,1,25,1779.6353364369656,0.4322125657681887,0.4260573723585436,0.5739426276414564
2911,2025-10-15 20:02:06.363304,6,0,0,278.0,0,5,2025-10-15,0,1,36,1779.6353364369656,0.22014415942150423,0.22334270735276335,-0.22334270735276335
2912,2025-10-15 20:02:13.594439,6,0,0,278.0,0,5,2025-10-15,0,1,36,1779.6353364369656,0.22014415942150423,0.22334270735276335,-0.22334270735276335
2913,2025-10-15 20:09:44.342662,6,0,0,278.0,0,5,2025-10-15,0,1,36,1779.6353364369656,0.22014415942150423,0.22334270735276335,-0.22334270735276335
2914,2025-10-15 20:15:13.553123,6,1,0,278.0,0,5,2025-10-15,1,1,36,1779.6353364369656,0.22014415942150423,0.22334270735276335,0.7766572926472366
2915,2025-10-15 20:21:32.534898,6,1,0,278.0,0,5,2025-10-15,1,1,36,1779.6353364369656,0.22014415942150423,0.22334270735276335,0.7766572926472366
2916,2025-10-15 20:26:59.552381,2,1,0,278.0,0,5,2025-10-15,1,1,4,1779.6353364369656,0.9372129134244301,0.9273753283850786,0.07262467161492137
2917,2025-10-15 20:32:41.042675,2,1,0,278.0,0,5,2025-10-15,1,1,4,1779.6353364369656,0.9372129134244301,0.9273753283850786,0.07262467161492137
2918,2025-10-15 20:40:35.298289,3,1,0,278.0,0,5,2025-10-15,1,1,9,1779.6353364369656,0.8469872221536189,0.8318390349179802,0.16816096508201983
2919,2025-10-19 14:02:00.038143,10,0,0,278.0,1,5,2025-10-19,0,1,100,1459.6198000924953,0.004772279918405249,0.006434427060814574,-0.006434427060814574
2920,2025-10-19 14:07:19.086949,10,0,0,278.0,1,5,2025-10-19,0,1,100,1459.6198000924953,0.004772279918405249,0.006434427060814574,-0.006434427060814574
2921,2025-10-19 14:11:37.911780,10,0,0,278.0,1,5,2025-10-19,0,1,100,1459.6198000924953,0.004772279918405249,0.006434427060814574,-0.006434427060814574
2922,2025-10-19 14:17:57.614243,10,0,0,278.0,1,5,2025-10-19,0,1,100,1459.6198000924953,0.004772279918405249,0.006434427060814574,-0.006434427060814574
2923,2025-10-19 14:24:26.721437,10,0,0,278.0,1,5,2025-10-19,0,1,100,1459.6198000924953,0.004772279918405249,0.006434427060814574,-0.006434427060814574
2924,2025-10-19 14:36:06.180496,10,0,0,278.0,1,5,2025-10-19,0,1,100,1459.6198000924953,0.004772279918405249,0.006434427060814574,-0.006434427060814574
2925,2025-10-19 14:41:14.919869,10,0,0,278.0,1,5,2025-10-19,0,1,100,1459.6198000924953,0.004772279918405249,0.006434427060814574,-0.006434427060814574
2926,2025-10-19 14:54:44.440808,10,0,0,278.0,1,5,2025-10-19,0,1,100,1459.6198000924953,0.004772279918405249,0.006434427060814574,-0.006434427060814574
2927,2025-10-19 15:02:46.350114,10,0,0,278.0,1,5,2025-10-19,0,1,100,1459.6198000924953,0.004772279918405249,0.006434427060814574,-0.006434427060814574
2928,2025-10-19 15:20:13.994484,10,0,0,278.0,1,5,2025-10-19,0,1,100,1459.6198000924953,0.004772279918405249,0.006434427060814574,-0.006434427060814574
2929,2025-10-21 20:42:54.830343,4,0,0,278.0,1,5,2025-10-21,0,1,16,2099.8730361732214,0.6956302862769708,0.6570963018227935,-0.6570963018227935
2930,2025-10-21 20:45:57.703291,4,1,0,278.0,1,5,2025-10-21,1,1,16,2099.8730361732214,0.6956302862769708,0.6570963018227935,0.34290369817720645
2931,2025-10-21 20:49:34.648919,4,0,0,278.0,1,5,2025-10-21,0,1,16,2099.8730361732214,0.6956302862769708,0.6570963018227935,-0.6570963018227935
2932,2025-10-21 20:53:12.851042,4,0,0,278.0,1,5,2025-10-21,0,1,16,2099.8730361732214,0.6956302862769708,0.6570963018227935,-0.6570963018227935
2933,2025-10-21 20:57:13.908084,4,0,0,278.0,1,5,2025-10-21,0,1,16,2099.8730361732214,0.6956302862769708,0.6570963018227935,-0.6570963018227935
2934,2025-10-21 21:05:29.464178,4,1,0,278.0,1,5,2025-10-21,1,1,16,2099.8730361732214,0.6956302862769708,0.6570963018227935,0.34290369817720645
2935,2025-10-21 21:10:14.744445,4,0,0,278.0,1,5,2025-10-21,0,1,16,2099.8730361732214,0.6956302862769708,0.6570963018227935,-0.6570963018227935
2936,2025-10-21 21:11:52.804820,4,0,0,278.0,1,5,2025-10-21,0,1,16,2099.8730361732214,0.6956302862769708,0.6570963018227935,-0.6570963018227935
2937,2025-10-21 21:15:35.994116,4,0,0,278.0,1,5,2025-10-21,0,1,16,2099.8730361732214,0.6956302862769708,0.6570963018227935,-0.6570963018227935
2938,2025-10-21 21:20:15.871486,4,0,0,278.0,1,5,2025-10-21,0,1,16,2099.8730361732214,0.6956302862769708,0.6570963018227935,-0.6570963018227935
2939,2025-10-21 21:34:17.922443,4,0,0,278.0,1,5,2025-10-21,0,1,16,2099.8730361732214,0.6956302862769708,0.6570963018227935,-0.6570963018227935
2940,2025-10-31 14:20:41.631736,4,1,0,278.0,1,5,2025-10-31,1,1,16,844.0563791927299,0.5999780328252263,0.6570963018227935,0.34290369817720645
2941,2025-10-31 14:20:51.374379,6,0,0,278.0,1,5,2025-10-31,0,1,36,844.0563791927299,0.17099098528551787,0.22334270735276335,-0.22334270735276335
2942,2025-10-31 15:12:47.640390,3,0,0,278.0,1,5,2025-10-31,0,1,9,844.0563791927299,0.8017662893981289,0.8318390349179802,-0.8318390349179802
2943,2025-10-31 15:35:10.211638,3,0,0,278.0,1,5,2025-10-31,0,1,9,844.0563791927299,0.8017662893981289,0.8318390349179802,-0.8318390349179802
2944,2025-10-31 15:56:38.698940,3,0,0,278.0,1,5,2025-10-31,0,1,9,844.0563791927299,0.8017662893981289,0.8318390349179802,-0.8318390349179802
2945,2025-10-31 17:39:43.235148,5,0,0,278.0,1,5,2025-10-31,0,1,25,844.0563791927299,0.357409999131861,0.4260573723585436,-0.4260573723585436
2946,2025-10-31 17:56:56.027933,5,0,0,278.0,1,5,2025-10-31,0,1,25,844.0563791927299,0.357409999131861,0.4260573723585436,-0.4260573723585436
2947,2025-11-12 19:18:56.714726,2,1,0,278.0,0,5,2025-11-12,1,1,4,297.16526573747313,0.9007816367817989,0.9273753283850786,0.07262467161492137
2948,2025-11-12 19:19:04.849738,3,1,0,278.0,0,5,2025-11-12,1,1,9,297.16526573747313,0.7709958519042142,0.8318390349179802,0.16816096508201983
2949,2025-11-12 19:22:14.442408,3,1,0,278.0,0,5,2025-11-12,1,1,9,297.16526573747313,0.7709958519042142,0.8318390349179802,0.16816096508201983
2950,2025-11-12 19:23:56.866560,1,1,0,278.0,0,5,2025-11-12,1,1,1,297.16526573747313,0.9607565557010757,0.9705563170026417,0.029443682997358334
2951,2025-11-12 19:27:45.676519,4,1,0,278.0,0,5,2025-11-12,1,1,16,297.16526573747313,0.5552598419206656,0.6570963018227935,0.34290369817720645
2952,2025-11-12 19:33:18.940030,2,1,0,278.0,0,5,2025-11-12,1,1,4,297.16526573747313,0.9007816367817989,0.9273753283850786,0.07262467161492137
2953,2025-11-12 19:34:45.871057,3,1,0,278.0,0,5,2025-11-12,1,1,9,297.16526573747313,0.7709958519042142,0.8318390349179802,0.16816096508201983
2954,2025-11-12 19:38:32.741307,4,1,0,278.0,0,5,2025-11-12,1,1,16,297.16526573747313,0.5552598419206656,0.6570963018227935,0.34290369817720645
2955,2025-11-12 19:54:29.365443,5,1,0,278.0,0,5,2025-11-12,1,1,25,297.16526573747313,0.31646809680078947,0.4260573723585436,0.5739426276414564
2956,2025-11-12 20:01:36.402369,6,1,0,278.0,0,5,2025-11-12,1,1,36,297.16526573747313,0.14653405525408175,0.22334270735276335,0.7766572926472366
2957,2025-11-12 20:09:41.607902,6,1,0,278.0,0,5,2025-11-12,1,1,36,297.16526573747313,0.14653405525408175,0.22334270735276335,0.7766572926472366
2958,2025-11-12 20:17:23.839006,4,1,0,278.0,0,5,2025-11-12,1,1,16,297.16526573747313,0.5552598419206656,0.6570963018227935,0.34290369817720645
2959,2025-11-12 20:28:41.629210,6,1,0,278.0,0,5,2025-11-12,1,1,36,297.16526573747313,0.14653405525408175,0.22334270735276335,0.7766572926472366
2960,2025-11-16 10:24:03.353831,10,0,0,278.0,1,5,2025-11-16,0,1,100,359.95338849726863,0.003305106011814846,0.006434427060814574,-0.006434427060814574
2961,2025-11-16 11:25:17.997266,4,1,0,278.0,1,5,2025-11-16,1,1,16,359.95338849726863,0.5604540908896443,0.6570963018227935,0.34290369817720645
2962,2025-11-16 11:45:05.655617,8,0,0,278.0,1,5,2025-11-16,0,1,64,359.95338849726863,0.02354575418258852,0.04136939225873243,-0.04136939225873243
2963,2025-11-16 11:45:11.132590,11,0,0,278.0,1,5,2025-11-16,0,1,121,359.95338849726863,0.0012282044231248276,0.0025024645135895357,-0.0025024645135895357
2964,2025-11-16 11:55:11.962682,11,0,0,278.0,1,5,2025-11-16,0,1,121,359.95338849726863,0.0012282044231248276,0.0025024645135895357,-0.0025024645135895357
2965,2025-11-16 12:31:00.640829,8,0,0,278.0,1,5,2025-11-16,0,1,64,359.95338849726863,0.02354575418258852,0.04136939225873243,-0.04136939225873243
2966,2025-11-16 12:49:20.514811,8,0,0,278.0,1,5,2025-11-16,0,1,64,359.95338849726863,0.02354575418258852,0.04136939225873243,-0.04136939225873243
2967,2025-11-18 19:53:30.764471,9,0,0,278.0,1,5,2025-11-18,0,1,81,792.3654887571179,0.010232025379427377,0.016442593182564774,-0.016442593182564774
2968,2025-11-18 19:53:36.486640,9,0,0,278.0,1,5,2025-11-18,0,1,81,792.3654887571179,0.010232025379427377,0.016442593182564774,-0.016442593182564774
2969,2025-11-18 19:53:40.123953,9,0,0,278.0,1,5,2025-11-18,0,1,81,792.3654887571179,0.010232025379427377,0.016442593182564774,-0.016442593182564774
2970,2025-11-18 20:12:16.807264,9,0,0,278.0,1,5,2025-11-18,0,1,81,792.3654887571179,0.010232025379427377,0.016442593182564774,-0.016442593182564774
2971,2025-11-18 20:12:21.230493,9,0,0,278.0,1,5,2025-11-18,0,1,81,792.3654887571179,0.010232025379427377,0.016442593182564774,-0.016442593182564774
2972,2025-11-18 20:38:13.312232,9,0,0,278.0,1,5,2025-11-18,0,1,81,792.3654887571179,0.010232025379427377,0.016442593182564774,-0.016442593182564774
2973,2025-11-18 20:38:16.534406,9,0,0,278.0,1,5,2025-11-18,0,1,81,792.3654887571179,0.010232025379427377,0.016442593182564774,-0.016442593182564774
2974,2025-11-18 20:38:22.011039,9,0,0,278.0,1,5,2025-11-18,0,1,81,792.3654887571179,0.010232025379427377,0.016442593182564774,-0.016442593182564774
2975,2025-11-18 21:33:33.411951,9,0,0,278.0,1,5,2025-11-18,0,1,81,792.3654887571179,0.010232025379427377,0.016442593182564774,-0.016442593182564774
2976,2025-11-18 21:33:36.503012,9,0,0,278.0,1,5,2025-11-18,0,1,81,792.3654887571179,0.010232025379427377,0.016442593182564774,-0.016442593182564774
2977,2025-11-18 21:33:39.651399,9,0,0,278.0,1,5,2025-11-18,0,1,81,792.3654887571179,0.010232025379427377,0.016442593182564774,-0.016442593182564774
2978,2025-11-20 20:21:15.742264,2,1,0,278.0,0,5,2025-11-20,1,1,4,1454.9441327931581,0.9304912124233008,0.9273753283850786,0.07262467161492137
2979,2025-11-20 20:24:46.349111,3,1,0,278.0,0,5,2025-11-20,1,1,9,1454.9441327931581,0.8323343718922102,0.8318390349179802,0.16816096508201983
2980,2025-11-20 20:30:17.518204,4,1,0,278.0,0,5,2025-11-20,1,1,16,1454.9441327931581,0.6480014041525466,0.6570963018227935,0.34290369817720645
2981,2025-11-20 20:33:40.440783,4,1,0,278.0,0,5,2025-11-20,1,1,16,1454.9441327931581,0.6480014041525466,0.6570963018227935,0.34290369817720645
2982,2025-11-20 20:35:40.980028,4,1,0,278.0,0,5,2025-11-20,1,1,16,1454.9441327931581,0.6480014041525466,0.6570963018227935,0.34290369817720645
2983,2025-11-20 21:12:18.787913,4,1,0,278.0,0,5,2025-11-20,1,1,16,1454.9441327931581,0.6480014041525466,0.6570963018227935,0.34290369817720645
2984,2025-11-20 21:15:23.816249,4,0,0,278.0,0,5,2025-11-20,0,1,16,1454.9441327931581,0.6480014041525466,0.6570963018227935,-0.6570963018227935
2985,2025-11-20 21:19:55.456004,4,0,0,278.0,0,5,2025-11-20,0,1,16,1454.9441327931581,0.6480014041525466,0.6570963018227935,-0.6570963018227935
2986,2025-11-20 21:32:53.917735,4,0,0,278.0,0,5,2025-11-20,0,1,16,1454.9441327931581,0.6480014041525466,0.6570963018227935,-0.6570963018227935
2987,2025-11-22 15:07:12.040737,1,1,0,278.0,1,5,2025-11-22,1,1,1,1304.3121827826283,0.9716875947584033,0.9705563170026417,0.029443682997358334
2988,2025-11-22 15:07:20.513256,2,1,0,278.0,1,5,2025-11-22,1,1,4,1304.3121827826283,0.9271516598023065,0.9273753283850786,0.07262467161492137
2989,2025-11-22 15:07:25.152090,4,0,0,278.0,1,5,2025-11-22,0,1,16,1304.3121827826283,0.6363932204309221,0.6570963018227935,-0.6570963018227935
2990,2025-11-22 15:19:25.633840,5,1,0,278.0,1,5,2025-11-22,1,1,25,1304.3121827826283,0.393588404871106,0.4260573723585436,0.5739426276414564
2991,2025-11-22 15:52:53.056041,5,0,0,278.0,1,5,2025-11-22,0,1,25,1304.3121827826283,0.393588404871106,0.4260573723585436,-0.4260573723585436
2992,2025-11-22 16:01:30.658480,5,1,0,278.0,1,5,2025-11-22,1,1,25,1304.3121827826283,0.393588404871106,0.4260573723585436,0.5739426276414564
2993,2025-11-22 16:38:46.629667,8,0,0,278.0,1,5,2025-11-22,0,1,64,1304.3121827826283,0.03203881331729971,0.04136939225873243,-0.04136939225873243
2994,2025-11-22 16:41:08.345109,8,0,0,278.0,1,5,2025-11-22,0,1,64,1304.3121827826283,0.03203881331729971,0.04136939225873243,-0.04136939225873243
2995,2025-11-22 16:45:23.796353,8,0,0,278.0,1,5,2025-11-22,0,1,64,1304.3121827826283,0.03203881331729971,0.04136939225873243,-0.04136939225873243
2996,2025-11-22 16:50:53.310510,8,0,0,278.0,1,5,2025-11-22,0,1,64,1304.3121827826283,0.03203881331729971,0.04136939225873243,-0.04136939225873243
2997,2025-11-22 16:58:24.712167,8,1,0,278.0,1,5,2025-11-22,1,1,64,1304.3121827826283,0.03203881331729971,0.04136939225873243,0.9586306077412676
2998,2025-11-23 10:39:25.821061,5,1,0,278.0,1,5,2025-11-23,1,1,25,1596.1904677818798,0.4171808508338612,0.4260573723585436,0.5739426276414564
2999,2025-11-23 10:39:31.816464,5,0,0,278.0,1,5,2025-11-23,0,1,25,1596.1904677818798,0.4171808508338612,0.4260573723585436,-0.4260573723585436
3000,2025-11-23 11:30:09.350793,4,0,0,278.0,1,5,2025-11-23,0,1,16,1596.1904677818798,0.6587299980355246,0.6570963018227935,-0.6570963018227935
3001,2025-11-23 11:54:58.084979,9,0,0,278.0,1,5,2025-11-23,0,1,81,1596.1904677818798,0.01335598568254477,0.016442593182564774,-0.016442593182564774
3002,2025-11-25 19:20:56.503414,4,1,0,278.0,0,5,2025-11-25,1,1,16,1439.8613241942403,0.6468466560910366,0.6570963018227935,0.34290369817720645
3003,2025-11-25 19:48:27.803481,4,1,0,278.0,0,5,2025-11-25,1,1,16,1439.8613241942403,0.6468466560910366,0.6570963018227935,0.34290369817720645
3004,2025-11-25 19:48:31.228680,4,0,0,278.0,0,5,2025-11-25,0,1,16,1439.8613241942403,0.6468466560910366,0.6570963018227935,-0.6570963018227935
3005,2025-12-02 20:04:00.786292,1,1,0,278.0,0,5,2025-12-02,1,1,1,741.356931625011,0.9660037923907717,0.9705563170026417,0.029443682997358334
3006,2025-12-02 20:04:08.770749,1,1,0,278.0,0,5,2025-12-02,1,1,1,741.356931625011,0.9660037923907717,0.9705563170026417,0.029443682997358334
3007,2025-12-02 20:04:11.805179,2,1,0,278.0,0,5,2025-12-02,1,1,4,741.356931625011,0.9133246518546974,0.9273753283850786,0.07262467161492137
3008,2025-12-02 20:05:23.783623,2,1,0,278.0,0,5,2025-12-02,1,1,4,741.356931625011,0.9133246518546974,0.9273753283850786,0.07262467161492137
3009,2025-12-02 20:05:38.784714,2,1,0,278.0,0,5,2025-12-02,1,1,4,741.356931625011,0.9133246518546974,0.9273753283850786,0.07262467161492137
3010,2025-12-02 20:07:15.048052,3,1,0,278.0,0,5,2025-12-02,1,1,9,741.356931625011,0.7962346775184307,0.8318390349179802,0.16816096508201983
3011,2025-12-02 20:10:51.479861,3,1,0,278.0,0,5,2025-12-02,1,1,9,741.356931625011,0.7962346775184307,0.8318390349179802,0.16816096508201983
3012,2025-12-02 20:10:58.507004,3,1,0,278.0,0,5,2025-12-02,1,1,9,741.356931625011,0.7962346775184307,0.8318390349179802,0.16816096508201983
3013,2025-12-02 20:13:41.739794,4,1,0,278.0,0,5,2025-12-02,1,1,16,741.356931625011,0.591683227420572,0.6570963018227935,0.34290369817720645
3014,2025-12-02 20:13:46.396373,4,1,0,278.0,0,5,2025-12-02,1,1,16,741.356931625011,0.591683227420572,0.6570963018227935,0.34290369817720645
3015,2025-12-02 20:16:46.619572,4,1,0,278.0,0,5,2025-12-02,1,1,16,741.356931625011,0.591683227420572,0.6570963018227935,0.34290369817720645
3016,2025-12-02 20:16:49.915931,4,1,0,278.0,0,5,2025-12-02,1,1,16,741.356931625011,0.591683227420572,0.6570963018227935,0.34290369817720645
3017,2025-12-02 20:19:06.653310,4,1,0,278.0,0,5,2025-12-02,1,1,16,741.356931625011,0.591683227420572,0.6570963018227935,0.34290369817720645
3018,2025-12-02 20:21:57.566639,5,0,0,278.0,0,5,2025-12-02,0,1,25,741.356931625011,0.3495384178947536,0.4260573723585436,-0.4260573723585436
3019,2025-12-02 20:25:34.411597,5,1,0,278.0,0,5,2025-12-02,1,1,25,741.356931625011,0.3495384178947536,0.4260573723585436,0.5739426276414564
3020,2025-12-07 14:42:49.067136,0,1,0,278.0,0,5,2025-12-07,1,1,0,564.2804366931457,0.9863399305169569,0.9883844429385786,0.011615557061421367
3021,2025-12-07 14:42:55.881849,3,1,0,278.0,0,5,2025-12-07,1,1,9,564.2804366931457,0.7864290571591489,0.8318390349179802,0.16816096508201983
3022,2025-12-07 14:44:25.849185,4,0,0,278.0,0,5,2025-12-07,0,1,16,564.2804366931457,0.5772602760310637,0.6570963018227935,-0.6570963018227935
3023,2025-12-07 14:49:59.493775,4,0,0,278.0,0,5,2025-12-07,0,1,16,564.2804366931457,0.5772602760310637,0.6570963018227935,-0.6570963018227935
3024,2025-12-07 14:54:42.867414,4,0,0,278.0,0,5,2025-12-07,0,1,16,564.2804366931457,0.5772602760310637,0.6570963018227935,-0.6570963018227935
3025,2025-12-07 14:58:03.614201,4,1,0,278.0,0,5,2025-12-07,1,1,16,564.2804366931457,0.5772602760310637,0.6570963018227935,0.34290369817720645
3026,2025-12-10 17:26:57.471553,4,1,0,278.0,1,5,2025-12-10,1,1,16,477.7965740512115,0.5701663368891994,0.6570963018227935,0.34290369817720645
3027,2025-12-10 17:27:02.325704,4,1,0,278.0,1,5,2025-12-10,1,1,16,477.7965740512115,0.5701663368891994,0.6570963018227935,0.34290369817720645
3028,2025-12-10 17:40:44.233559,8,0,0,278.0,1,5,2025-12-10,0,1,64,477.7965740512115,0.02447179822105538,0.04136939225873243,-0.04136939225873243
3029,2025-12-10 17:50:18.817790,8,0,0,278.0,1,5,2025-12-10,0,1,64,477.7965740512115,0.02447179822105538,0.04136939225873243,-0.04136939225873243
3030,2025-12-10 18:00:17.724888,8,0,0,278.0,1,5,2025-12-10,0,1,64,477.7965740512115,0.02447179822105538,0.04136939225873243,-0.04136939225873243
3031,2025-12-10 18:26:20.490411,8,0,0,278.0,1,5,2025-12-10,0,1,64,477.7965740512115,0.02447179822105538,0.04136939225873243,-0.04136939225873243
3032,2025-12-10 18:41:41.030110,8,0,0,278.0,1,5,2025-12-10,0,1,64,477.7965740512115,0.02447179822105538,0.04136939225873243,-0.04136939225873243
3033,2025-12-10 18:54:49.997802,8,0,0,278.0,1,5,2025-12-10,0,1,64,477.7965740512115,0.02447179822105538,0.04136939225873243,-0.04136939225873243
3034,2025-12-10 19:10:30.845870,8,0,0,278.0,1,5,2025-12-10,0,1,64,477.7965740512115,0.02447179822105538,0.04136939225873243,-0.04136939225873243
3035,2025-12-10 19:15:39.574021,8,0,0,278.0,1,5,2025-12-10,0,1,64,477.7965740512115,0.02447179822105538,0.04136939225873243,-0.04136939225873243
3036,2025-12-10 19:26:34.347013,8,0,0,278.0,1,5,2025-12-10,0,1,64,477.7965740512115,0.02447179822105538,0.04136939225873243,-0.04136939225873243
3037,2025-12-10 20:01:37.357696,8,0,0,278.0,1,5,2025-12-10,0,1,64,477.7965740512115,0.02447179822105538,0.04136939225873243,-0.04136939225873243
3038,2025-12-14 13:57:58.422410,4,1,0,278.0,1,5,2025-12-14,1,1,16,818.1064658117931,0.5978873207670619,0.6570963018227935,0.34290369817720645
3039,2025-12-14 14:05:31.649106,4,1,0,278.0,1,5,2025-12-14,1,1,16,818.1064658117931,0.5978873207670619,0.6570963018227935,0.34290369817720645
3040,2025-12-14 14:08:20.182336,4,1,0,278.0,1,5,2025-12-14,1,1,16,818.1064658117931,0.5978873207670619,0.6570963018227935,0.34290369817720645
3041,2025-12-14 14:37:42.944738,8,0,0,278.0,1,5,2025-12-14,0,1,64,818.1064658117931,0.02734973925199147,0.04136939225873243,-0.04136939225873243
3042,2025-12-14 14:39:11.324330,8,0,0,278.0,1,5,2025-12-14,0,1,64,818.1064658117931,0.02734973925199147,0.04136939225873243,-0.04136939225873243
3043,2025-12-14 14:43:15.958664,8,0,0,278.0,1,5,2025-12-14,0,1,64,818.1064658117931,0.02734973925199147,0.04136939225873243,-0.04136939225873243
3044,2025-12-14 14:58:34.257879,8,0,0,278.0,1,5,2025-12-14,0,1,64,818.1064658117931,0.02734973925199147,0.04136939225873243,-0.04136939225873243
3045,2025-12-14 15:28:18.132004,8,0,0,278.0,1,5,2025-12-14,0,1,64,818.1064658117931,0.02734973925199147,0.04136939225873243,-0.04136939225873243
3046,2025-12-14 16:00:24.743612,8,0,0,278.0,1,5,2025-12-14,0,1,64,818.1064658117931,0.02734973925199147,0.04136939225873243,-0.04136939225873243
3047,2025-12-14 16:22:33.398117,8,0,0,278.0,1,5,2025-12-14,0,1,64,818.1064658117931,0.02734973925199147,0.04136939225873243,-0.04136939225873243
3048,2025-12-14 16:39:52.724142,8,0,0,278.0,1,5,2025-12-14,0,1,64,818.1064658117931,0.02734973925199147,0.04136939225873243,-0.04136939225873243
3049,2025-12-14 16:49:10.757179,8,0,0,278.0,1,5,2025-12-14,0,1,64,818.1064658117931,0.02734973925199147,0.04136939225873243,-0.04136939225873243
3050,2025-12-15 17:55:24.826135,1,1,0,278.0,0,5,2025-12-15,1,1,1,1364.2533422036668,0.9722354664680374,0.9705563170026417,0.029443682997358334
3051,2025-12-15 17:55:31.170740,1,1,0,278.0,0,5,2025-12-15,1,1,1,1364.2533422036668,0.9722354664680374,0.9705563170026417,0.029443682997358334
3052,2025-12-15 18:04:39.186882,2,1,0,278.0,0,5,2025-12-15,1,1,4,1364.2533422036668,0.9284979269540183,0.9273753283850786,0.07262467161492137
3053,2025-12-15 18:04:44.466406,3,1,0,278.0,0,5,2025-12-15,1,1,9,1364.2533422036668,0.8280464428965054,0.8318390349179802,0.16816096508201983
3054,2025-12-15 18:06:24.032035,3,1,0,278.0,0,5,2025-12-15,1,1,9,1364.2533422036668,0.8280464428965054,0.8318390349179802,0.16816096508201983
3055,2025-12-15 18:06:27.869123,3,1,0,278.0,0,5,2025-12-15,1,1,9,1364.2533422036668,0.8280464428965054,0.8318390349179802,0.16816096508201983
3056,2025-12-15 18:13:52.925657,3,1,0,278.0,0,5,2025-12-15,1,1,9,1364.2533422036668,0.8280464428965054,0.8318390349179802,0.16816096508201983
3057,2025-12-15 18:15:14.290276,3,1,0,278.0,0,5,2025-12-15,1,1,9,1364.2533422036668,0.8280464428965054,0.8318390349179802,0.16816096508201983
3058,2025-12-15 18:19:58.889408,4,1,0,278.0,0,5,2025-12-15,1,1,16,1364.2533422036668,0.6410324152760227,0.6570963018227935,0.34290369817720645
3059,2025-12-15 18:24:59.866437,4,0,0,278.0,0,5,2025-12-15,0,1,16,1364.2533422036668,0.6410324152760227,0.6570963018227935,-0.6570963018227935
3060,2026-01-11 18:25:49.574736,4,0,0,278.0,0,5,2026-01-11,0,1,16,97.85005236150428,0.5386963510738401,0.6570963018227935,-0.6570963018227935
3061,2026-01-11 18:25:54.537029,4,1,0,278.0,0,5,2026-01-11,1,1,16,97.85005236150428,0.5386963510738401,0.6570963018227935,0.34290369817720645
3062,2026-01-11 19:21:50.356186,4,1,0,278.0,0,5,2026-01-11,1,1,16,97.85005236150428,0.5386963510738401,0.6570963018227935,0.34290369817720645
3063,2026-01-17 12:32:27.461240,3,0,0,278.0,1,5,2026-01-17,0,1,9,82.81471899460969,0.7580557458812642,0.8318390349179802,-0.8318390349179802
3064,2026-01-17 12:52:08.037746,3,1,0,278.0,1,5,2026-01-17,1,1,9,82.81471899460969,0.7580557458812642,0.8318390349179802,0.16816096508201983
3065,2026-01-17 13:08:30.793713,5,0,0,278.0,1,5,2026-01-17,0,1,25,82.81471899460969,0.301125473329589,0.4260573723585436,-0.4260573723585436
3066,2026-01-17 13:24:17.632338,5,1,0,278.0,1,5,2026-01-17,1,1,25,82.81471899460969,0.301125473329589,0.4260573723585436,0.5739426276414564
3067,2026-01-17 13:42:27.933461,6,0,0,278.0,1,5,2026-01-17,0,1,36,82.81471899460969,0.1377694480661766,0.22334270735276335,-0.22334270735276335
3068,2026-01-17 13:51:07.913356,6,0,0,278.0,1,5,2026-01-17,0,1,36,82.81471899460969,0.1377694480661766,0.22334270735276335,-0.22334270735276335
3069,2026-01-17 14:03:38.648045,6,0,0,278.0,1,5,2026-01-17,0,1,36,82.81471899460969,0.1377694480661766,0.22334270735276335,-0.22334270735276335
3070,2026-01-17 15:40:31.236428,5,0,0,278.0,1,5,2026-01-17,0,1,25,82.81471899460969,0.301125473329589,0.4260573723585436,-0.4260573723585436
3071,2026-01-17 15:40:36.515541,5,0,0,278.0,1,5,2026-01-17,0,1,25,82.81471899460969,0.301125473329589,0.4260573723585436,-0.4260573723585436
3072,2026-01-17 15:40:38.961388,5,0,0,278.0,1,5,2026-01-17,0,1,25,82.81471899460969,0.301125473329589,0.4260573723585436,-0.4260573723585436
3073,2026-01-17 16:00:45.535483,9,0,0,278.0,1,5,2026-01-17,0,1,81,82.81471899460969,0.008082555935417908,0.016442593182564774,-0.016442593182564774
3074,2026-02-04 21:32:24.839191,2,1,0,278.0,0,5,2026-02-04,1,1,4,74.3401109636999,0.8938992613815524,0.9273753283850786,0.07262467161492137
3075,2026-02-04 21:32:33.929266,2,1,0,278.0,0,5,2026-02-04,1,1,4,74.3401109636999,0.8938992613815524,0.9273753283850786,0.07262467161492137
3076,2026-02-04 21:32:37.149938,1,1,0,278.0,0,5,2026-02-04,1,1,1,74.3401109636999,0.9578396817411334,0.9705563170026417,0.029443682997358334
3077,2026-02-04 21:32:43.274997,1,1,0,278.0,0,5,2026-02-04,1,1,1,74.3401109636999,0.9578396817411334,0.9705563170026417,0.029443682997358334
3078,2026-02-04 21:35:23.906844,4,1,0,278.0,0,5,2026-02-04,1,1,16,74.3401109636999,0.536736258669209,0.6570963018227935,0.34290369817720645
3079,2026-02-04 21:37:25.904875,4,1,0,278.0,0,5,2026-02-04,1,1,16,74.3401109636999,0.536736258669209,0.6570963018227935,0.34290369817720645
3080,2026-02-04 21:42:23.924241,5,1,0,278.0,0,5,2026-02-04,1,1,25,74.3401109636999,0.3005276341178726,0.4260573723585436,0.5739426276414564
3081,2026-02-04 21:42:31.534297,6,0,0,278.0,0,5,2026-02-04,0,1,36,74.3401109636999,0.13743215103051284,0.22334270735276335,-0.22334270735276335
3082,2026-02-04 21:43:57.620588,3,1,0,278.0,0,5,2026-02-04,1,1,9,74.3401109636999,0.7575340489963027,0.8318390349179802,0.16816096508201983
3083,2026-02-04 21:47:40.725195,4,1,0,278.0,0,5,2026-02-04,1,1,16,74.3401109636999,0.536736258669209,0.6570963018227935,0.34290369817720645
3084,2026-02-04 21:50:22.862781,4,1,0,278.0,0,5,2026-02-04,1,1,16,74.3401109636999,0.536736258669209,0.6570963018227935,0.34290369817720645
3085,2026-02-04 21:55:43.310470,5,1,0,278.0,0,5,2026-02-04,1,1,25,74.3401109636999,0.3005276341178726,0.4260573723585436,0.5739426276414564
3086,2026-02-04 21:59:53.328902,6,0,0,278.0,0,5,2026-02-04,0,1,36,74.3401109636999,0.13743215103051284,0.22334270735276335,-0.22334270735276335
3087,2026-02-04 22:01:40.858501,6,0,0,278.0,0,5,2026-02-04,0,1,36,74.3401109636999,0.13743215103051284,0.22334270735276335,-0.22334270735276335
3088,2026-02-04 22:04:47.601378,3,0,0,278.0,0,5,2026-02-04,0,1,9,74.3401109636999,0.7575340489963027,0.8318390349179802,-0.8318390349179802
3089,2026-02-04 22:04:55.312617,3,1,0,278.0,0,5,2026-02-04,1,1,9,74.3401109636999,0.7575340489963027,0.8318390349179802,0.16816096508201983
3090,2026-02-04 22:05:48.716477,2,1,0,278.0,0,5,2026-02-04,1,1,4,74.3401109636999,0.8938992613815524,0.9273753283850786,0.07262467161492137
3091,2026-02-08 14:53:22.301900,4,1,0,278.0,0,5,2026-02-08,1,1,16,244.6668586427736,0.5509074892740644,0.6570963018227935,0.34290369817720645
3092,2026-02-11 21:11:00.303992,3,1,0,278.0,0,5,2026-02-11,1,1,9,194.3533589287726,0.7648506432754255,0.8318390349179802,0.16816096508201983
3093,2026-02-11 21:14:50.414644,3,1,0,278.0,0,5,2026-02-11,1,1,9,194.3533589287726,0.7648506432754255,0.8318390349179802,0.16816096508201983
3094,2026-02-11 21:14:54.481875,3,1,0,278.0,0,5,2026-02-11,1,1,9,194.3533589287726,0.7648506432754255,0.8318390349179802,0.16816096508201983
3095,2026-02-11 21:15:41.722111,4,1,0,278.0,0,5,2026-02-11,1,1,16,194.3533589287726,0.5467289379394606,0.6570963018227935,0.34290369817720645
3096,2026-02-11 21:23:21.411170,4,0,0,278.0,0,5,2026-02-11,0,1,16,194.3533589287726,0.5467289379394606,0.6570963018227935,-0.6570963018227935
3097,2026-02-11 21:39:47.806549,4,1,0,278.0,0,5,2026-02-11,1,1,16,194.3533589287726,0.5467289379394606,0.6570963018227935,0.34290369817720645
3098,2026-02-11 21:54:22.190145,5,0,0,278.0,0,5,2026-02-11,0,1,25,194.3533589287726,0.3090564744536322,0.4260573723585436,-0.4260573723585436
3099,2026-02-14 14:39:50.016003,3,1,0,278.0,0,5,2026-02-14,1,1,9,225.8535848529267,0.7667455171858681,0.8318390349179802,0.16816096508201983
3100,2026-02-14 14:43:05.705067,4,1,0,278.0,0,5,2026-02-14,1,1,16,225.8535848529267,0.5493458499302533,0.6570963018227935,0.34290369817720645
3101,2026-02-14 14:47:37.507043,4,1,0,278.0,0,5,2026-02-14,1,1,16,225.8535848529267,0.5493458499302533,0.6570963018227935,0.34290369817720645
3102,2026-02-14 14:52:32.083175,4,0,0,278.0,0,5,2026-02-14,0,1,16,225.8535848529267,0.5493458499302533,0.6570963018227935,-0.6570963018227935
3103,2026-02-14 14:54:05.293291,4,0,0,278.0,0,5,2026-02-14,0,1,16,225.8535848529267,0.5493458499302533,0.6570963018227935,-0.6570963018227935
3104,2026-02-14 14:59:02.215700,4,0,0,278.0,0,5,2026-02-14,0,1,16,225.8535848529267,0.5493458499302533,0.6570963018227935,-0.6570963018227935
3105,2026-02-14 15:03:55.757035,4,1,0,278.0,0,5,2026-02-14,1,1,16,225.8535848529267,0.5493458499302533,0.6570963018227935,0.34290369817720645
3106,2026-02-14 15:12:06.691817,7,0,0,278.0,0,5,2026-02-14,0,1,49,225.8535848529267,0.05852671568336079,0.10023392045771826,-0.10023392045771826
3107,2026-02-14 15:16:54.098486,7,0,0,278.0,0,5,2026-02-14,0,1,49,225.8535848529267,0.05852671568336079,0.10023392045771826,-0.10023392045771826
3108,2026-02-14 15:33:30.036234,7,0,0,278.0,0,5,2026-02-14,0,1,49,225.8535848529267,0.05852671568336079,0.10023392045771826,-0.10023392045771826
3109,2026-02-14 15:36:13.849833,5,0,0,278.0,0,5,2026-02-14,0,1,25,225.8535848529267,0.3113171113911675,0.4260573723585436,-0.4260573723585436
3110,2026-02-14 15:42:21.838019,5,0,0,278.0,0,5,2026-02-14,0,1,25,225.8535848529267,0.3113171113911675,0.4260573723585436,-0.4260573723585436
3111,2026-02-14 15:50:12.613734,5,0,0,278.0,0,5,2026-02-14,0,1,25,225.8535848529267,0.3113171113911675,0.4260573723585436,-0.4260573723585436
3112,2026-02-21 20:30:43.067566,3,1,0,278.0,0,5,2026-02-21,1,1,9,291.616976049316,0.7706671234847657,0.8318390349179802,0.16816096508201983
3113,2026-02-21 20:30:51.058157,3,1,0,278.0,0,5,2026-02-21,1,1,9,291.616976049316,0.7706671234847657,0.8318390349179802,0.16816096508201983
3114,2026-02-21 20:30:54.096618,3,1,0,278.0,0,5,2026-02-21,1,1,9,291.616976049316,0.7706671234847657,0.8318390349179802,0.16816096508201983
3115,2026-02-21 20:30:59.972858,4,1,0,278.0,0,5,2026-02-21,1,1,16,291.616976049316,0.5548002524543272,0.6570963018227935,0.34290369817720645
3116,2026-02-21 20:33:56.251158,4,0,0,278.0,0,5,2026-02-21,0,1,16,291.616976049316,0.5548002524543272,0.6570963018227935,-0.6570963018227935
3117,2026-02-21 20:41:12.420359,4,0,0,278.0,0,5,2026-02-21,0,1,16,291.616976049316,0.5548002524543272,0.6570963018227935,-0.6570963018227935
3118,2026-02-24 19:02:15.525615,5,0,0,278.0,0,5,2026-02-24,0,1,25,277.439975798286,0.3150387180640361,0.4260573723585436,-0.4260573723585436
3119,2026-02-24 19:02:22.878926,5,0,0,278.0,0,5,2026-02-24,0,1,25,277.439975798286,0.3150387180640361,0.4260573723585436,-0.4260573723585436
3120,2026-02-24 19:12:45.828159,5,0,0,278.0,0,5,2026-02-24,0,1,25,277.439975798286,0.3150387180640361,0.4260573723585436,-0.4260573723585436
3121,2026-02-24 19:12:49.764779,5,0,0,278.0,0,5,2026-02-24,0,1,25,277.439975798286,0.3150387180640361,0.4260573723585436,-0.4260573723585436
3122,2026-02-28 17:33:22.250790,0,0,0,278.0,0,5,2026-02-28,0,1,0,260.0553994174055,0.9848946673581029,0.9883844429385786,-0.9883844429385786
3123,2026-02-28 17:33:28.295619,0,1,0,278.0,0,5,2026-02-28,1,1,0,260.0553994174055,0.9848946673581029,0.9883844429385786,0.011615557061421367
3124,2026-02-28 17:33:33.674792,4,1,0,278.0,0,5,2026-02-28,1,1,16,260.0553994174055,0.5521841063777241,0.6570963018227935,0.34290369817720645
3125,2026-02-28 17:33:41.873126,4,1,0,278.0,0,5,2026-02-28,1,1,16,260.0553994174055,0.5521841063777241,0.6570963018227935,0.34290369817720645
3126,2026-02-28 17:33:45.609048,4,0,0,278.0,0,5,2026-02-28,0,1,16,260.0553994174055,0.5521841063777241,0.6570963018227935,-0.6570963018227935
3127,2026-02-28 17:47:26.333280,4,1,0,278.0,0,5,2026-02-28,1,1,16,260.0553994174055,0.5521841063777241,0.6570963018227935,0.34290369817720645
3128,2026-02-28 17:56:54.486122,5,1,0,278.0,0,5,2026-02-28,1,1,25,260.0553994174055,0.3137818534299233,0.4260573723585436,0.5739426276414564
3129,2026-02-28 18:27:52.545156,6,1,0,278.0,0,5,2026-02-28,1,1,36,260.0553994174055,0.14498429012010414,0.22334270735276335,0.7766572926472366
3130,2026-02-28 18:33:12.640294,6,0,0,278.0,0,5,2026-02-28,0,1,36,260.0553994174055,0.14498429012010414,0.22334270735276335,-0.22334270735276335
3131,2026-02-28 18:45:31.762095,6,1,0,278.0,0,5,2026-02-28,1,1,36,260.0553994174055,0.14498429012010414,0.22334270735276335,0.7766572926472366
3132,2026-02-28 19:11:43.355403,7,0,0,278.0,0,5,2026-02-28,0,1,49,260.0553994174055,0.059162010454415256,0.10023392045771826,-0.10023392045771826
3133,2026-02-28 19:42:17.460262,7,0,0,278.0,0,5,2026-02-28,0,1,49,260.0553994174055,0.059162010454415256,0.10023392045771826,-0.10023392045771826
3134,2026-03-02 16:30:41.882615,4,0,0,278.0,1,5,2026-03-02,0,1,16,479.8423913276158,0.5703344926317413,0.6570963018227935,-0.6570963018227935
3135,2026-03-02 16:30:51.385230,4,0,0,278.0,1,5,2026-03-02,0,1,16,479.8423913276158,0.5703344926317413,0.6570963018227935,-0.6570963018227935
3136,2026-03-02 16:37:37.799366,4,0,0,278.0,1,5,2026-03-02,0,1,16,479.8423913276158,0.5703344926317413,0.6570963018227935,-0.6570963018227935
3137,2026-03-02 16:48:14.660214,4,0,0,278.0,1,5,2026-03-02,0,1,16,479.8423913276158,0.5703344926317413,0.6570963018227935,-0.6570963018227935
3138,2026-03-02 16:55:57.653198,4,0,0,278.0,1,5,2026-03-02,0,1,16,479.8423913276158,0.5703344926317413,0.6570963018227935,-0.6570963018227935
3139,2026-03-02 17:02:58.697517,4,1,0,278.0,1,5,2026-03-02,1,1,16,479.8423913276158,0.5703344926317413,0.6570963018227935,0.34290369817720645
3140,2026-03-02 17:23:47.214030,10,0,0,278.0,1,5,2026-03-02,0,1,100,479.8423913276158,0.003440248778699578,0.006434427060814574,-0.006434427060814574
3141,2026-03-02 17:44:02.347675,10,0,0,278.0,1,5,2026-03-02,0,1,100,479.8423913276158,0.003440248778699578,0.006434427060814574,-0.006434427060814574
3142,2026-03-04 17:39:45.664580,2,1,0,278.0,0,5,2026-03-04,1,1,4,660.6935981490425,0.9111588550366457,0.9273753283850786,0.07262467161492137
3143,2026-03-04 17:43:01.994130,3,1,0,278.0,0,5,2026-03-04,1,1,9,660.6935981490425,0.791810023797958,0.8318390349179802,0.16816096508201983
3144,2026-03-04 17:49:29.869456,2,1,0,278.0,0,5,2026-03-04,1,1,4,660.6935981490425,0.9111588550366457,0.9273753283850786,0.07262467161492137
3145,2026-03-04 17:50:45.585105,4,1,0,278.0,0,5,2026-03-04,1,1,16,660.6935981490425,0.585131158434692,0.6570963018227935,0.34290369817720645
3146,2026-03-04 17:54:20.610630,4,1,0,278.0,0,5,2026-03-04,1,1,16,660.6935981490425,0.585131158434692,0.6570963018227935,0.34290369817720645
3147,2026-03-04 17:59:47.035467,5,1,0,278.0,0,5,2026-03-04,1,1,25,660.6935981490425,0.3434125749035259,0.4260573723585436,0.5739426276414564
3148,2026-03-04 18:06:05.056220,5,0,0,278.0,0,5,2026-03-04,0,1,25,660.6935981490425,0.3434125749035259,0.4260573723585436,-0.4260573723585436
3149,2026-03-04 18:09:50.859197,5,1,0,278.0,0,5,2026-03-04,1,1,25,660.6935981490425,0.3434125749035259,0.4260573723585436,0.5739426276414564
3150,2026-03-04 18:17:54.985948,6,0,0,278.0,0,5,2026-03-04,0,1,36,660.6935981490425,0.16244871139977635,0.22334270735276335,-0.22334270735276335
3151,2026-03-04 18:20:45.996066,6,1,0,278.0,0,5,2026-03-04,1,1,36,660.6935981490425,0.16244871139977635,0.22334270735276335,0.7766572926472366
3152,2026-03-04 18:33:40.681909,7,0,0,278.0,0,5,2026-03-04,0,1,49,660.6935981490425,0.06709980672506334,0.10023392045771826,-0.10023392045771826
3153,2026-03-04 18:36:48.433596,7,1,0,278.0,0,5,2026-03-04,1,1,49,660.6935981490425,0.06709980672506334,0.10023392045771826,0.8997660795422817
3154,2026-03-04 18:57:06.512797,5,0,0,278.0,0,5,2026-03-04,0,1,25,660.6935981490425,0.3434125749035259,0.4260573723585436,-0.4260573723585436
3155,2026-03-04 18:57:13.839063,8,0,0,278.0,0,5,2026-03-04,0,1,64,660.6935981490425,0.025979769296871517,0.04136939225873243,-0.04136939225873243
3156,2026-03-04 19:03:16.757270,5,0,0,278.0,0,5,2026-03-04,0,1,25,660.6935981490425,0.3434125749035259,0.4260573723585436,-0.4260573723585436
3157,2026-03-04 19:12:32.472271,5,1,0,278.0,0,5,2026-03-04,1,1,25,660.6935981490425,0.3434125749035259,0.4260573723585436,0.5739426276414564
3158,2026-03-09 19:18:42.346773,4,1,0,278.0,0,5,2026-03-09,1,1,16,690.9795038866839,0.5875948666568487,0.6570963018227935,0.34290369817720645
3159,2026-03-09 19:21:09.232849,4,0,0,278.0,0,5,2026-03-09,0,1,16,690.9795038866839,0.5875948666568487,0.6570963018227935,-0.6570963018227935
3160,2026-03-09 19:22:58.990135,4,1,0,278.0,0,5,2026-03-09,1,1,16,690.9795038866839,0.5875948666568487,0.6570963018227935,0.34290369817720645
3161,2026-03-09 19:27:56.766521,4,1,0,278.0,0,5,2026-03-09,1,1,16,690.9795038866839,0.5875948666568487,0.6570963018227935,0.34290369817720645
3162,2026-03-09 19:34:34.457779,5,0,0,278.0,0,5,2026-03-09,0,1,25,690.9795038866839,0.3457066134437171,0.4260573723585436,-0.4260573723585436
3163,2026-03-09 19:40:44.872843,5,0,0,278.0,0,5,2026-03-09,0,1,25,690.9795038866839,0.3457066134437171,0.4260573723585436,-0.4260573723585436
3164,2026-03-09 19:45:55.968671,5,0,0,278.0,0,5,2026-03-09,0,1,25,690.9795038866839,0.3457066134437171,0.4260573723585436,-0.4260573723585436
3165,2026-03-09 19:56:55.075071,5,0,0,278.0,0,5,2026-03-09,0,1,25,690.9795038866839,0.3457066134437171,0.4260573723585436,-0.4260573723585436
3166,2026-03-09 19:59:40.479877,5,0,0,278.0,0,5,2026-03-09,0,1,25,690.9795038866839,0.3457066134437171,0.4260573723585436,-0.4260573723585436
3167,2026-03-09 20:13:07.254393,5,0,0,278.0,0,5,2026-03-09,0,1,25,690.9795038866839,0.3457066134437171,0.4260573723585436,-0.4260573723585436
3168,2026-03-09 20:14:40.026182,5,0,0,278.0,0,5,2026-03-09,0,1,25,690.9795038866839,0.3457066134437171,0.4260573723585436,-0.4260573723585436
3169,2026-03-09 20:21:33.388934,5,0,0,278.0,0,5,2026-03-09,0,1,25,690.9795038866839,0.3457066134437171,0.4260573723585436,-0.4260573723585436
3170,2026-03-13 17:39:20.592321,4,1,0,278.0,1,5,2026-03-13,1,1,16,658.7534231149784,0.5849731818248428,0.6570963018227935,0.34290369817720645
3171,2026-03-13 17:39:32.457350,4,0,0,278.0,1,5,2026-03-13,0,1,16,658.7534231149784,0.5849731818248428,0.6570963018227935,-0.6570963018227935
3172,2026-03-13 17:42:04.386867,4,0,0,278.0,1,5,2026-03-13,0,1,16,658.7534231149784,0.5849731818248428,0.6570963018227935,-0.6570963018227935
3173,2026-03-13 17:54:21.119405,4,1,0,278.0,1,5,2026-03-13,1,1,16,658.7534231149784,0.5849731818248428,0.6570963018227935,0.34290369817720645
3174,2026-03-13 18:15:00.013307,8,0,0,278.0,1,5,2026-03-13,0,1,64,658.7534231149784,0.0259633076223264,0.04136939225873243,-0.04136939225873243
3175,2026-03-13 18:33:13.041277,8,0,0,278.0,1,5,2026-03-13,0,1,64,658.7534231149784,0.0259633076223264,0.04136939225873243,-0.04136939225873243
3176,2026-03-13 18:51:00.056632,8,0,0,278.0,1,5,2026-03-13,0,1,64,658.7534231149784,0.0259633076223264,0.04136939225873243,-0.04136939225873243
3177,2026-03-13 19:20:09.167518,8,0,0,278.0,1,5,2026-03-13,0,1,64,658.7534231149784,0.0259633076223264,0.04136939225873243,-0.04136939225873243
3178,2026-03-16 21:23:14.432792,4,1,0,278.0,0,5,2026-03-16,1,1,16,750.0103797649832,0.5923842364449122,0.6570963018227935,0.34290369817720645
3179,2026-03-16 21:26:08.269939,4,0,0,278.0,0,5,2026-03-16,0,1,16,750.0103797649832,0.5923842364449122,0.6570963018227935,-0.6570963018227935
3180,2026-03-16 21:32:23.789955,5,0,0,278.0,0,5,2026-03-16,0,1,25,750.0103797649832,0.3501985926957834,0.4260573723585436,-0.4260573723585436
3181,2026-03-16 21:35:37.777328,5,1,0,278.0,0,5,2026-03-16,1,1,25,750.0103797649832,0.3501985926957834,0.4260573723585436,0.5739426276414564
3182,2026-03-21 10:19:10.663608,5,0,0,278.0,1,5,2026-03-21,0,1,25,509.87053420510017,0.3320984264333329,0.4260573723585436,-0.4260573723585436
3183,2026-03-21 10:26:30.132010,5,0,0,278.0,1,5,2026-03-21,0,1,25,509.87053420510017,0.3320984264333329,0.4260573723585436,-0.4260573723585436
3184,2026-03-21 10:29:34.183716,5,0,0,278.0,1,5,2026-03-21,0,1,25,509.87053420510017,0.3320984264333329,0.4260573723585436,-0.4260573723585436
3185,2026-03-21 10:40:43.807802,5,0,0,278.0,1,5,2026-03-21,0,1,25,509.87053420510017,0.3320984264333329,0.4260573723585436,-0.4260573723585436
3186,2026-03-21 10:53:18.438598,5,0,0,278.0,1,5,2026-03-21,0,1,25,509.87053420510017,0.3320984264333329,0.4260573723585436,-0.4260573723585436
3187,2026-03-21 11:14:43.195111,5,0,0,278.0,1,5,2026-03-21,0,1,25,509.87053420510017,0.3320984264333329,0.4260573723585436,-0.4260573723585436
3188,2026-03-21 11:28:23.441091,5,0,0,278.0,1,5,2026-03-21,0,1,25,509.87053420510017,0.3320984264333329,0.4260573723585436,-0.4260573723585436
3189,2026-03-21 11:47:04.891972,5,0,0,278.0,1,5,2026-03-21,0,1,25,509.87053420510017,0.3320984264333329,0.4260573723585436,-0.4260573723585436
3190,2026-03-21 12:25:36.250416,5,0,0,278.0,1,5,2026-03-21,0,1,25,509.87053420510017,0.3320984264333329,0.4260573723585436,-0.4260573723585436
3191,2026-03-23 17:49:08.923796,2,1,0,278.0,0,5,2026-03-23,1,1,4,621.0351055001054,0.9100762164881089,0.9273753283850786,0.07262467161492137
3192,2026-03-23 17:49:15.386881,2,1,0,278.0,0,5,2026-03-23,1,1,4,621.0351055001054,0.9100762164881089,0.9273753283850786,0.07262467161492137
3193,2026-03-23 17:49:23.461028,3,1,0,278.0,0,5,2026-03-23,1,1,9,621.0351055001054,0.7896088041920365,0.8318390349179802,0.16816096508201983
3194,2026-03-23 17:50:18.059978,2,1,0,278.0,0,5,2026-03-23,1,1,4,621.0351055001054,0.9100762164881089,0.9273753283850786,0.07262467161492137
3195,2026-03-23 17:52:00.200828,1,1,0,278.0,0,5,2026-03-23,1,1,1,621.0351055001054,0.9646532675306966,0.9705563170026417,0.029443682997358334
3196,2026-03-23 17:54:22.199325,1,1,0,278.0,0,5,2026-03-23,1,1,1,621.0351055001054,0.9646532675306966,0.9705563170026417,0.029443682997358334
3197,2026-03-23 17:54:25.416551,2,1,0,278.0,0,5,2026-03-23,1,1,4,621.0351055001054,0.9100762164881089,0.9273753283850786,0.07262467161492137
3198,2026-03-23 17:54:31.307445,2,1,0,278.0,0,5,2026-03-23,1,1,4,621.0351055001054,0.9100762164881089,0.9273753283850786,0.07262467161492137
3199,2026-03-23 17:54:34.472143,1,1,0,278.0,0,5,2026-03-23,1,1,1,621.0351055001054,0.9646532675306966,0.9705563170026417,0.029443682997358334
3200,2026-03-23 17:57:55.309536,3,1,0,278.0,0,5,2026-03-23,1,1,9,621.0351055001054,0.7896088041920365,0.8318390349179802,0.16816096508201983
3201,2026-03-23 17:58:01.976611,4,1,0,278.0,0,5,2026-03-23,1,1,16,621.0351055001054,0.5818985754147805,0.6570963018227935,0.34290369817720645
3202,2026-03-23 18:00:29.120872,4,1,0,278.0,0,5,2026-03-23,1,1,16,621.0351055001054,0.5818985754147805,0.6570963018227935,0.34290369817720645
3203,2026-03-23 18:03:34.249336,5,1,0,278.0,0,5,2026-03-23,1,1,25,621.0351055001054,0.34041962993938774,0.4260573723585436,0.5739426276414564
3204,2026-03-23 18:05:16.184577,5,1,0,278.0,0,5,2026-03-23,1,1,25,621.0351055001054,0.34041962993938774,0.4260573723585436,0.5739426276414564
3205,2026-03-23 18:09:21.084679,5,1,0,278.0,0,5,2026-03-23,1,1,25,621.0351055001054,0.34041962993938774,0.4260573723585436,0.5739426276414564
3206,2026-03-23 18:19:36.506126,6,0,0,278.0,0,5,2026-03-23,0,1,36,621.0351055001054,0.16064703946984926,0.22334270735276335,-0.22334270735276335
3207,2026-03-23 18:21:24.199152,7,0,0,278.0,0,5,2026-03-23,0,1,49,621.0351055001054,0.066271947503175,0.10023392045771826,-0.10023392045771826
3208,2026-03-23 18:22:52.126708,8,0,0,278.0,0,5,2026-03-23,0,1,64,621.0351055001054,0.02564529157751566,0.04136939225873243,-0.04136939225873243
3209,2026-03-23 18:25:57.920950,6,1,0,278.0,0,5,2026-03-23,1,1,36,621.0351055001054,0.16064703946984926,0.22334270735276335,0.7766572926472366
3210,2026-03-23 18:29:29.167988,7,1,0,278.0,0,5,2026-03-23,1,1,49,621.0351055001054,0.066271947503175,0.10023392045771826,0.8997660795422817
3211,2026-03-23 18:34:19.460037,8,0,0,278.0,0,5,2026-03-23,0,1,64,621.0351055001054,0.02564529157751566,0.04136939225873243,-0.04136939225873243
3212,2026-03-23 18:45:28.208875,8,0,0,278.0,0,5,2026-03-23,0,1,64,621.0351055001054,0.02564529157751566,0.04136939225873243,-0.04136939225873243
3213,2026-03-27 17:08:29.424840,5,0,0,278.0,1,5,2026-03-27,0,1,25,794.1095730562546,0.35357181432450535,0.4260573723585436,-0.4260573723585436
3214,2026-03-27 17:08:35.985359,5,0,0,278.0,1,5,2026-03-27,0,1,25,794.1095730562546,0.35357181432450535,0.4260573723585436,-0.4260573723585436
3215,2026-03-27 17:08:39.273551,5,0,0,278.0,1,5,2026-03-27,0,1,25,794.1095730562546,0.35357181432450535,0.4260573723585436,-0.4260573723585436
3216,2026-03-27 17:17:16.526867,5,0,0,278.0,1,5,2026-03-27,0,1,25,794.1095730562546,0.35357181432450535,0.4260573723585436,-0.4260573723585436
3217,2026-03-27 17:21:23.531547,5,0,0,278.0,1,5,2026-03-27,0,1,25,794.1095730562546,0.35357181432450535,0.4260573723585436,-0.4260573723585436
3218,2026-03-27 17:27:43.955817,5,0,0,278.0,1,5,2026-03-27,0,1,25,794.1095730562546,0.35357181432450535,0.4260573723585436,-0.4260573723585436
3219,2026-03-27 17:33:55.814009,5,0,0,278.0,1,5,2026-03-27,0,1,25,794.1095730562546,0.35357181432450535,0.4260573723585436,-0.4260573723585436
3220,2026-03-27 17:40:44.206533,5,0,0,278.0,1,5,2026-03-27,0,1,25,794.1095730562546,0.35357181432450535,0.4260573723585436,-0.4260573723585436
3221,2026-03-27 17:54:58.088709,5,0,0,278.0,1,5,2026-03-27,0,1,25,794.1095730562546,0.35357181432450535,0.4260573723585436,-0.4260573723585436
3222,2026-03-27 18:14:00.644425,5,1,0,278.0,1,5,2026-03-27,1,1,25,794.1095730562546,0.35357181432450535,0.4260573723585436,0.5739426276414564
3223,2026-03-27 19:08:27.050168,7,1,0,278.0,1,5,2026-03-27,1,1,49,794.1095730562546,0.06995575013931123,0.10023392045771826,0.8997660795422817
3224,2026-03-27 19:46:43.283280,7,0,0,278.0,1,5,2026-03-27,0,1,49,794.1095730562546,0.06995575013931123,0.10023392045771826,-0.10023392045771826
3225,2026-03-27 19:46:46.950308,7,0,0,278.0,1,5,2026-03-27,0,1,49,794.1095730562546,0.06995575013931123,0.10023392045771826,-0.10023392045771826
3226,2026-03-27 19:46:49.317862,7,0,0,278.0,1,5,2026-03-27,0,1,49,794.1095730562546,0.06995575013931123,0.10023392045771826,-0.10023392045771826
3227,2026-03-27 19:53:26.512024,7,0,0,278.0,1,5,2026-03-27,0,1,49,794.1095730562546,0.06995575013931123,0.10023392045771826,-0.10023392045771826
3228,2026-03-27 19:53:29.549046,7,0,0,278.0,1,5,2026-03-27,0,1,49,794.1095730562546,0.06995575013931123,0.10023392045771826,-0.10023392045771826
3229,2026-03-27 20:05:29.072891,7,0,0,278.0,1,5,2026-03-27,0,1,49,794.1095730562546,0.06995575013931123,0.10023392045771826,-0.10023392045771826
3230,2026-03-30 19:45:39.367151,1,1,0,278.0,0,5,2026-03-30,1,1,1,1073.7981775130963,0.9694812464041863,0.9705563170026417,0.029443682997358334
3231,2026-03-30 19:45:48.309101,2,1,0,278.0,0,5,2026-03-30,1,1,4,1073.7981775130963,0.9217541595424688,0.9273753283850786,0.07262467161492137
3232,2026-03-30 19:48:06.626838,4,1,0,278.0,0,5,2026-03-30,1,1,16,1073.7981775130963,0.6183213089540529,0.6570963018227935,0.34290369817720645
3233,2026-03-30 19:53:44.162112,4,0,0,278.0,0,5,2026-03-30,0,1,16,1073.7981775130963,0.6183213089540529,0.6570963018227935,-0.6570963018227935
3234,2026-03-30 19:55:41.378329,4,0,0,278.0,0,5,2026-03-30,0,1,16,1073.7981775130963,0.6183213089540529,0.6570963018227935,-0.6570963018227935
3235,2026-03-30 20:02:54.417304,4,1,0,278.0,0,5,2026-03-30,1,1,16,1073.7981775130963,0.6183213089540529,0.6570963018227935,0.34290369817720645
3236,2026-03-30 20:10:20.051635,4,0,0,278.0,0,5,2026-03-30,0,1,16,1073.7981775130963,0.6183213089540529,0.6570963018227935,-0.6570963018227935
3237,2026-03-30 20:13:01.432524,4,1,0,278.0,0,5,2026-03-30,1,1,16,1073.7981775130963,0.6183213089540529,0.6570963018227935,0.34290369817720645
3238,2026-03-30 20:18:33.803791,7,0,0,278.0,0,5,2026-03-30,0,1,49,1073.7981775130963,0.07631077380362343,0.10023392045771826,-0.10023392045771826
3239,2026-03-30 20:57:58.837361,4,0,0,278.0,0,5,2026-03-30,0,1,16,1073.7981775130963,0.6183213089540529,0.6570963018227935,-0.6570963018227935
3240,2026-03-30 20:58:03.885663,4,0,0,278.0,0,5,2026-03-30,0,1,16,1073.7981775130963,0.6183213089540529,0.6570963018227935,-0.6570963018227935
3241,2026-04-03 18:51:15.757800,2,1,0,278.0,0,5,2026-04-03,1,1,4,854.6173599476368,0.9162850176474938,0.9273753283850786,0.07262467161492137
3242,2026-04-03 18:51:24.448250,2,1,0,278.0,0,5,2026-04-03,1,1,4,854.6173599476368,0.9162850176474938,0.9273753283850786,0.07262467161492137
3243,2026-04-03 18:55:34.260050,4,1,0,278.0,0,5,2026-04-03,1,1,16,854.6173599476368,0.6008278646781766,0.6570963018227935,0.34290369817720645
3244,2026-04-03 19:06:10.104859,4,1,0,278.0,0,5,2026-04-03,1,1,16,854.6173599476368,0.6008278646781766,0.6570963018227935,0.34290369817720645
3245,2026-04-03 19:12:34.836434,4,0,0,278.0,0,5,2026-04-03,0,1,16,854.6173599476368,0.6008278646781766,0.6570963018227935,-0.6570963018227935
3246,2026-04-03 19:18:48.370161,4,0,0,278.0,0,5,2026-04-03,0,1,16,854.6173599476368,0.6008278646781766,0.6570963018227935,-0.6570963018227935
3247,2026-04-03 19:24:07.249512,4,0,0,278.0,0,5,2026-04-03,0,1,16,854.6173599476368,0.6008278646781766,0.6570963018227935,-0.6570963018227935
3248,2026-04-03 19:28:55.976602,4,0,0,278.0,0,5,2026-04-03,0,1,16,854.6173599476368,0.6008278646781766,0.6570963018227935,-0.6570963018227935
3249,2026-04-03 19:34:33.979827,4,1,0,278.0,0,5,2026-04-03,1,1,16,854.6173599476368,0.6008278646781766,0.6570963018227935,0.34290369817720645
3250,2026-04-03 19:58:54.069780,2,1,0,278.0,0,5,2026-04-03,1,1,4,854.6173599476368,0.9162850176474938,0.9273753283850786,0.07262467161492137
3251,2026-04-03 19:59:48.377794,2,1,0,278.0,0,5,2026-04-03,1,1,4,854.6173599476368,0.9162850176474938,0.9273753283850786,0.07262467161492137
3252,2026-04-03 20:01:24.380317,2,1,0,278.0,0,5,2026-04-03,1,1,4,854.6173599476368,0.9162850176474938,0.9273753283850786,0.07262467161492137
3253,2026-04-03 20:05:31.028140,2,1,0,278.0,0,5,2026-04-03,1,1,4,854.6173599476368,0.9162850176474938,0.9273753283850786,0.07262467161492137
3254,2026-04-03 20:09:10.570387,2,1,0,278.0,0,5,2026-04-03,1,1,4,854.6173599476368,0.9162850176474938,0.9273753283850786,0.07262467161492137
3255,2026-04-03 20:14:02.001862,2,1,0,278.0,0,5,2026-04-03,1,1,4,854.6173599476368,0.9162850176474938,0.9273753283850786,0.07262467161492137
3256,2026-04-03 20:16:21.069786,2,1,0,278.0,0,5,2026-04-03,1,1,4,854.6173599476368,0.9162850176474938,0.9273753283850786,0.07262467161492137
3257,2026-04-05 12:13:35.149162,10,0,0,278.0,0,5,2026-04-05,0,1,100,833.6174525727673,0.0038719831780707242,0.006434427060814574,-0.006434427060814574
3258,2026-04-05 12:17:23.991967,10,0,0,278.0,0,5,2026-04-05,0,1,100,833.6174525727673,0.0038719831780707242,0.006434427060814574,-0.006434427060814574
3259,2026-04-05 12:19:50.599118,10,0,0,278.0,0,5,2026-04-05,0,1,100,833.6174525727673,0.0038719831780707242,0.006434427060814574,-0.006434427060814574
3260,2026-04-05 12:34:20.971769,10,0,0,278.0,0,5,2026-04-05,0,1,100,833.6174525727673,0.0038719831780707242,0.006434427060814574,-0.006434427060814574
3261,2026-04-05 12:53:04.903776,10,0,0,278.0,0,5,2026-04-05,0,1,100,833.6174525727673,0.0038719831780707242,0.006434427060814574,-0.006434427060814574
3262,2026-04-05 13:07:44.514783,10,0,0,278.0,0,5,2026-04-05,0,1,100,833.6174525727673,0.0038719831780707242,0.006434427060814574,-0.006434427060814574
3263,2026-04-05 13:24:41.985611,10,0,0,278.0,0,5,2026-04-05,0,1,100,833.6174525727673,0.0038719831780707242,0.006434427060814574,-0.006434427060814574
3264,2026-04-05 13:30:30.344062,10,0,0,278.0,0,5,2026-04-05,0,1,100,833.6174525727673,0.0038719831780707242,0.006434427060814574,-0.006434427060814574
3265,2026-04-05 14:12:23.166426,10,0,0,278.0,0,5,2026-04-05,0,1,100,833.6174525727673,0.0038719831780707242,0.006434427060814574,-0.006434427060814574
3266,2026-04-05 15:03:44.809803,10,0,0,278.0,0,5,2026-04-05,0,1,100,833.6174525727673,0.0038719831780707242,0.006434427060814574,-0.006434427060814574
3267,2026-04-05 15:09:25.098204,7,0,0,278.0,0,5,2026-04-05,0,1,49,833.6174525727673,0.07082281194389162,0.10023392045771826,-0.10023392045771826
3268,2026-04-05 15:17:46.870374,7,0,0,278.0,0,5,2026-04-05,0,1,49,833.6174525727673,0.07082281194389162,0.10023392045771826,-0.10023392045771826
3269,2026-04-05 15:30:03.207921,7,0,0,278.0,0,5,2026-04-05,0,1,49,833.6174525727673,0.07082281194389162,0.10023392045771826,-0.10023392045771826
3270,2026-04-09 17:20:53.331098,2,1,0,278.0,0,5,2026-04-09,1,1,4,1408.5089883066198,0.9294771251510701,0.9273753283850786,0.07262467161492137
3271,2026-04-09 17:22:03.446355,1,1,0,278.0,0,5,2026-04-09,1,1,1,1408.5089883066198,0.9726333471031309,0.9705563170026417,0.029443682997358334
3272,2026-04-09 17:23:01.685898,3,0,0,278.0,0,5,2026-04-09,0,1,9,1408.5089883066198,0.8301496440727507,0.8318390349179802,-0.8318390349179802
3273,2026-04-09 17:24:26.198955,5,1,0,278.0,0,5,2026-04-09,1,1,25,1408.5089883066198,0.40195987446429765,0.4260573723585436,0.5739426276414564
3274,2026-04-09 17:30:47.237392,4,0,0,278.0,0,5,2026-04-09,0,1,16,1408.5089883066198,0.644440823011368,0.6570963018227935,-0.6570963018227935
3275,2026-04-09 17:36:11.081563,5,0,0,278.0,0,5,2026-04-09,0,1,25,1408.5089883066198,0.40195987446429765,0.4260573723585436,-0.4260573723585436
3276,2026-04-09 17:38:40.136334,7,0,0,278.0,0,5,2026-04-09,0,1,49,1408.5089883066198,0.08460987513377669,0.10023392045771826,-0.10023392045771826
3277,2026-04-09 17:40:51.886949,4,0,0,278.0,0,5,2026-04-09,0,1,16,1408.5089883066198,0.644440823011368,0.6570963018227935,-0.6570963018227935
3278,2026-04-12 09:23:37.474554,7,0,0,278.0,1,5,2026-04-12,0,1,49,1162.1650817278237,0.07842631324456649,0.10023392045771826,-0.10023392045771826
3279,2026-04-12 09:28:05.605567,7,0,0,278.0,1,5,2026-04-12,0,1,49,1162.1650817278237,0.07842631324456649,0.10023392045771826,-0.10023392045771826
3280,2026-04-12 09:32:35.587907,7,0,0,278.0,1,5,2026-04-12,0,1,49,1162.1650817278237,0.07842631324456649,0.10023392045771826,-0.10023392045771826
3281,2026-04-12 09:34:25.128019,7,0,0,278.0,1,5,2026-04-12,0,1,49,1162.1650817278237,0.07842631324456649,0.10023392045771826,-0.10023392045771826
3282,2026-04-12 09:46:36.173803,7,0,0,278.0,0,5,2026-04-12,0,1,49,1162.1650817278237,0.07842631324456649,0.10023392045771826,-0.10023392045771826
3283,2026-04-12 09:50:40.108000,5,0,0,278.0,1,5,2026-04-12,0,1,25,1162.1650817278237,0.3822687805150676,0.4260573723585436,-0.4260573723585436
3284,2026-04-12 10:03:47.934562,5,1,0,278.0,1,5,2026-04-12,1,1,25,1162.1650817278237,0.3822687805150676,0.4260573723585436,0.5739426276414564
3285,2026-04-12 10:30:14.688861,10,0,0,278.0,1,5,2026-04-12,0,1,100,1162.1650817278237,0.004321103965269137,0.006434427060814574,-0.006434427060814574
3286,2026-04-12 10:51:41.469021,10,0,0,278.0,1,5,2026-04-12,0,1,100,1162.1650817278237,0.004321103965269137,0.006434427060814574,-0.006434427060814574
3287,2026-04-12 11:00:57.046724,10,0,0,278.0,1,5,2026-04-12,0,1,100,1162.1650817278237,0.004321103965269137,0.006434427060814574,-0.006434427060814574
3288,2026-04-12 11:07:39.900647,10,0,0,278.0,1,5,2026-04-12,0,1,100,1162.1650817278237,0.004321103965269137,0.006434427060814574,-0.006434427060814574
3289,2026-04-12 11:36:00.029813,10,0,0,278.0,1,5,2026-04-12,0,1,100,1162.1650817278237,0.004321103965269137,0.006434427060814574,-0.006434427060814574
3290,2026-04-12 11:44:04.966435,10,0,0,278.0,1,5,2026-04-12,0,1,100,1162.1650817278237,0.004321103965269137,0.006434427060814574,-0.006434427060814574
3291,2026-04-12 11:58:12.946078,10,0,0,278.0,1,5,2026-04-12,0,1,100,1162.1650817278237,0.004321103965269137,0.006434427060814574,-0.006434427060814574
3292,2026-04-12 12:07:18.032841,10,0,0,278.0,1,5,2026-04-12,0,1,100,1162.1650817278237,0.004321103965269137,0.006434427060814574,-0.006434427060814574
3293,2026-04-12 12:39:45.865510,10,0,0,278.0,1,5,2026-04-12,0,1,100,1162.1650817278237,0.004321103965269137,0.006434427060814574,-0.006434427060814574
3294,2026-04-18 18:42:27.494594,4,0,0,278.0,0,5,2026-04-18,0,1,16,1362.6138582709916,0.6409058717739607,0.6570963018227935,-0.6570963018227935
3295,2026-04-18 18:44:20.927951,4,1,0,278.0,0,5,2026-04-18,1,1,16,1362.6138582709916,0.6409058717739607,0.6570963018227935,0.34290369817720645
3296,2026-04-18 18:46:30.694097,4,0,0,278.0,0,5,2026-04-18,0,1,16,1362.6138582709916,0.6409058717739607,0.6570963018227935,-0.6570963018227935
3297,2026-04-18 18:48:34.868095,4,0,0,278.0,0,5,2026-04-18,0,1,16,1362.6138582709916,0.6409058717739607,0.6570963018227935,-0.6570963018227935
3298,2026-04-18 18:53:39.043914,5,0,0,278.0,0,5,2026-04-18,0,1,25,1362.6138582709916,0.3982651680580286,0.4260573723585436,-0.4260573723585436
3299,2026-04-20 19:42:40.442355,4,0,0,278.0,0,5,2026-04-20,0,1,16,1196.1444005419037,0.6279574313989975,0.6570963018227935,-0.6570963018227935
3300,2026-04-20 19:42:51.204624,4,0,0,278.0,0,5,2026-04-20,0,1,16,1196.1444005419037,0.6279574313989975,0.6570963018227935,-0.6570963018227935
3301,2026-04-20 19:44:48.093440,5,1,0,278.0,0,5,2026-04-20,1,1,25,1196.1444005419037,0.38496357243685947,0.4260573723585436,0.5739426276414564
3302,2026-04-20 19:48:06.464856,4,1,0,278.0,0,5,2026-04-20,1,1,16,1196.1444005419037,0.6279574313989975,0.6570963018227935,0.34290369817720645
3303,2026-04-20 19:51:54.026696,4,1,0,278.0,0,5,2026-04-20,1,1,16,1196.1444005419037,0.6279574313989975,0.6570963018227935,0.34290369817720645
3304,2026-04-20 19:59:19.540094,4,1,0,278.0,0,5,2026-04-20,1,1,16,1196.1444005419037,0.6279574313989975,0.6570963018227935,0.34290369817720645
3305,2026-04-20 20:12:53.110583,4,1,0,278.0,0,5,2026-04-20,1,1,16,1196.1444005419037,0.6279574313989975,0.6570963018227935,0.34290369817720645
3306,2026-04-23 18:15:27.842585,3,0,0,278.0,0,5,2026-04-23,0,1,9,985.1919876102886,0.809182565220522,0.8318390349179802,-0.8318390349179802
3307,2026-04-23 18:17:18.047240,3,0,0,278.0,0,5,2026-04-23,0,1,9,985.1919876102886,0.809182565220522,0.8318390349179802,-0.8318390349179802
3308,2026-04-23 18:18:32.033678,3,1,0,278.0,0,5,2026-04-23,1,1,9,985.1919876102886,0.809182565220522,0.8318390349179802,0.16816096508201983
3309,2026-04-23 18:20:48.688992,3,1,0,278.0,0,5,2026-04-23,1,1,9,985.1919876102886,0.809182565220522,0.8318390349179802,0.16816096508201983
3310,2026-04-23 18:23:13.384036,5,0,0,278.0,0,5,2026-04-23,0,1,25,985.1919876102886,0.3683536125485018,0.4260573723585436,-0.4260573723585436
3311,2026-04-23 18:25:55.615453,4,1,0,278.0,0,5,2026-04-23,1,1,16,985.1919876102886,0.6112834959564453,0.6570963018227935,0.34290369817720645
3312,2026-04-23 18:28:45.953128,4,1,0,278.0,0,5,2026-04-23,1,1,16,985.1919876102886,0.6112834959564453,0.6570963018227935,0.34290369817720645
3313,2026-04-23 18:35:10.006137,5,0,0,278.0,0,5,2026-04-23,0,1,25,985.1919876102886,0.3683536125485018,0.4260573723585436,-0.4260573723585436
3314,2026-04-23 18:36:44.842012,5,0,0,278.0,0,5,2026-04-23,0,1,25,985.1919876102886,0.3683536125485018,0.4260573723585436,-0.4260573723585436
3315,2026-04-23 18:39:16.737296,6,0,0,278.0,0,5,2026-04-23,0,1,36,985.1919876102886,0.1778060116446671,0.22334270735276335,-0.22334270735276335
3316,2026-04-23 18:42:01.551191,5,0,0,278.0,0,5,2026-04-23,0,1,25,985.1919876102886,0.3683536125485018,0.4260573723585436,-0.4260573723585436
3317,2026-04-23 18:45:07.027572,5,0,0,278.0,0,5,2026-04-23,0,1,25,985.1919876102886,0.3683536125485018,0.4260573723585436,-0.4260573723585436
3318,2026-04-23 18:51:26.660765,4,0,0,278.0,0,5,2026-04-23,0,1,16,985.1919876102886,0.6112834959564453,0.6570963018227935,-0.6570963018227935
3319,2026-04-23 18:53:49.143685,3,0,0,278.0,0,5,2026-04-23,0,1,9,985.1919876102886,0.809182565220522,0.8318390349179802,-0.8318390349179802
3320,2026-04-23 18:56:46.671302,3,0,0,278.0,0,5,2026-04-23,0,1,9,985.1919876102886,0.809182565220522,0.8318390349179802,-0.8318390349179802
3321,2026-04-25 10:36:23.460566,1,1,0,278.0,1,5,2026-04-25,1,1,1,1044.5792188860225,0.9691899507460469,0.9705563170026417,0.029443682997358334
3322,2026-04-25 10:45:55.780904,2,1,0,278.0,1,5,2026-04-25,1,1,4,1044.5792188860225,0.9210444181228641,0.9273753283850786,0.07262467161492137
3323,2026-04-25 10:52:05.524815,2,1,0,278.0,1,5,2026-04-25,1,1,4,1044.5792188860225,0.9210444181228641,0.9273753283850786,0.07262467161492137
3324,2026-04-25 11:17:57.034827,3,1,0,278.0,1,5,2026-04-25,1,1,9,1044.5792188860225,0.812239180543696,0.8318390349179802,0.16816096508201983
3325,2026-04-25 12:03:53.018626,4,0,0,278.0,1,5,2026-04-25,0,1,16,1044.5792188860225,0.6160058288590368,0.6570963018227935,-0.6570963018227935
3326,2026-04-25 12:15:40.206823,4,0,0,278.0,1,5,2026-04-25,0,1,16,1044.5792188860225,0.6160058288590368,0.6570963018227935,-0.6570963018227935
3327,2026-04-25 12:22:21.761351,4,0,0,278.0,1,5,2026-04-25,0,1,16,1044.5792188860225,0.6160058288590368,0.6570963018227935,-0.6570963018227935
3328,2026-04-25 12:31:35.391608,4,1,0,278.0,1,5,2026-04-25,1,1,16,1044.5792188860225,0.6160058288590368,0.6570963018227935,0.34290369817720645
3329,2026-04-25 13:05:39.713547,6,0,0,278.0,1,5,2026-04-25,0,1,36,1044.5792188860225,0.18073663006558707,0.22334270735276335,-0.22334270735276335
3330,2026-04-25 13:05:45.967586,6,0,0,278.0,1,5,2026-04-25,0,1,36,1044.5792188860225,0.18073663006558707,0.22334270735276335,-0.22334270735276335
3331,2026-04-25 13:12:29.090747,6,0,0,278.0,1,5,2026-04-25,0,1,36,1044.5792188860225,0.18073663006558707,0.22334270735276335,-0.22334270735276335
3332,2026-04-25 13:40:26.605094,4,1,0,278.0,1,5,2026-04-25,1,1,16,1044.5792188860225,0.6160058288590368,0.6570963018227935,0.34290369817720645
3333,2026-04-25 14:33:52.551807,8,0,0,278.0,1,5,2026-04-25,0,1,64,1044.5792188860225,0.0294445846932787,0.04136939225873243,-0.04136939225873243
3334,2026-04-25 14:33:59.850232,6,0,0,278.0,1,5,2026-04-25,0,1,36,1044.5792188860225,0.18073663006558707,0.22334270735276335,-0.22334270735276335
3335,2026-04-25 14:34:06.513977,6,0,0,278.0,1,5,2026-04-25,0,1,36,1044.5792188860225,0.18073663006558707,0.22334270735276335,-0.22334270735276335
3336,2026-04-25 14:34:09.314575,8,0,0,278.0,1,5,2026-04-25,0,1,64,1044.5792188860225,0.0294445846932787,0.04136939225873243,-0.04136939225873243
3337,2026-04-25 14:44:22.495460,2,1,0,278.0,1,5,2026-04-25,1,1,4,1044.5792188860225,0.9210444181228641,0.9273753283850786,0.07262467161492137
3338,2026-04-25 15:03:57.826582,6,0,0,278.0,1,5,2026-04-25,0,1,36,1044.5792188860225,0.18073663006558707,0.22334270735276335,-0.22334270735276335
3339,2026-04-25 15:09:30.805637,6,0,0,278.0,1,5,2026-04-25,0,1,36,1044.5792188860225,0.18073663006558707,0.22334270735276335,-0.22334270735276335
3340,2026-04-25 15:13:39.638434,6,0,0,278.0,1,5,2026-04-25,0,1,36,1044.5792188860225,0.18073663006558707,0.22334270735276335,-0.22334270735276335
3341,2026-04-27 20:31:07.093108,4,1,0,278.0,0,5,2026-04-27,1,1,16,1323.9349130707903,0.6379147818829692,0.6570963018227935,0.34290369817720645
3342,2026-04-27 20:33:26.527310,4,1,0,278.0,0,5,2026-04-27,1,1,16,1323.9349130707903,0.6379147818829692,0.6570963018227935,0.34290369817720645
3343,2026-04-27 20:36:25.023917,4,0,0,278.0,0,5,2026-04-27,0,1,16,1323.9349130707903,0.6379147818829692,0.6570963018227935,-0.6570963018227935
3344,2026-04-29 19:49:42.657935,2,1,0,278.0,0,5,2026-04-29,1,1,4,1127.3784244704066,0.9230404944026462,0.9273753283850786,0.07262467161492137
3345,2026-04-29 19:50:48.204675,2,1,0,278.0,0,5,2026-04-29,1,1,4,1127.3784244704066,0.9230404944026462,0.9273753283850786,0.07262467161492137
3346,2026-04-29 19:54:43.359206,4,0,0,278.0,0,5,2026-04-29,0,1,16,1127.3784244704066,0.622553317060764,0.6570963018227935,-0.6570963018227935
3347,2026-04-29 19:58:22.979284,4,0,0,278.0,0,5,2026-04-29,0,1,16,1127.3784244704066,0.622553317060764,0.6570963018227935,-0.6570963018227935
3348,2026-04-29 20:08:45.983214,4,0,0,278.0,0,5,2026-04-29,0,1,16,1127.3784244704066,0.622553317060764,0.6570963018227935,-0.6570963018227935
3349,2026-04-29 20:14:43.183799,4,0,0,278.0,0,5,2026-04-29,0,1,16,1127.3784244704066,0.622553317060764,0.6570963018227935,-0.6570963018227935
3350,2026-04-29 20:21:40.793321,4,0,0,278.0,0,5,2026-04-29,0,1,16,1127.3784244704066,0.622553317060764,0.6570963018227935,-0.6570963018227935
3351,2026-04-29 20:26:52.773994,4,0,0,278.0,0,5,2026-04-29,0,1,16,1127.3784244704066,0.622553317060764,0.6570963018227935,-0.6570963018227935
3352,2026-04-29 20:30:34.655961,4,0,0,278.0,0,5,2026-04-29,0,1,16,1127.3784244704066,0.622553317060764,0.6570963018227935,-0.6570963018227935
3353,2026-04-29 20:41:31.006311,4,0,0,278.0,0,5,2026-04-29,0,1,16,1127.3784244704066,0.622553317060764,0.6570963018227935,-0.6570963018227935
3354,2026-04-29 20:42:19.089120,4,0,0,278.0,0,5,2026-04-29,0,1,16,1127.3784244704066,0.622553317060764,0.6570963018227935,-0.6570963018227935
3355,2026-05-03 14:14:55.762390,0,0,0,278.0,1,5,2026-05-03,0,1,0,868.3087269342102,0.9876478414820182,0.9883844429385786,-0.9883844429385786
3356,2026-05-03 14:18:45.323049,1,1,0,278.0,1,5,2026-05-03,1,1,1,868.3087269342102,0.9673747201984472,0.9705563170026417,0.029443682997358334
3357,2026-05-03 14:36:55.402086,2,1,0,278.0,1,5,2026-05-03,1,1,4,868.3087269342102,0.916636589584603,0.9273753283850786,0.07262467161492137
3358,2026-05-03 14:40:30.350051,3,0,0,278.0,1,5,2026-05-03,0,1,9,868.3087269342102,0.803055950968136,0.8318390349179802,-0.8318390349179802
3359,2026-05-03 15:03:58.060462,4,0,0,278.0,1,5,2026-05-03,0,1,16,868.3087269342102,0.6019286917087789,0.6570963018227935,-0.6570963018227935
3360,2026-05-03 15:10:21.339913,4,0,0,278.0,1,5,2026-05-03,0,1,16,868.3087269342102,0.6019286917087789,0.6570963018227935,-0.6570963018227935
3361,2026-05-03 15:15:38.054416,4,1,0,278.0,1,5,2026-05-03,1,1,16,868.3087269342102,0.6019286917087789,0.6570963018227935,0.34290369817720645
3362,2026-05-03 15:25:37.974273,7,0,0,278.0,1,5,2026-05-03,0,1,49,868.3087269342102,0.07159234093273217,0.10023392045771826,-0.10023392045771826
3363,2026-05-03 15:29:14.072937,7,0,0,278.0,1,5,2026-05-03,0,1,49,868.3087269342102,0.07159234093273217,0.10023392045771826,-0.10023392045771826
3364,2026-05-03 15:53:54.032244,7,0,0,278.0,1,5,2026-05-03,0,1,49,868.3087269342102,0.07159234093273217,0.10023392045771826,-0.10023392045771826
3365,2026-05-03 15:59:38.695341,7,0,0,278.0,1,5,2026-05-03,0,1,49,868.3087269342102,0.07159234093273217,0.10023392045771826,-0.10023392045771826
3366,2026-05-03 16:12:24.580117,7,0,0,278.0,1,5,2026-05-03,0,1,49,868.3087269342102,0.07159234093273217,0.10023392045771826,-0.10023392045771826
3367,2026-05-03 16:58:07.448533,7,0,0,278.0,1,5,2026-05-03,0,1,49,868.3087269342102,0.07159234093273217,0.10023392045771826,-0.10023392045771826
3368,2026-05-03 17:04:18.577963,7,0,0,278.0,1,5,2026-05-03,0,1,49,868.3087269342102,0.07159234093273217,0.10023392045771826,-0.10023392045771826
3369,2026-05-03 17:21:19.287003,7,0,0,278.0,1,5,2026-05-03,0,1,49,868.3087269342102,0.07159234093273217,0.10023392045771826,-0.10023392045771826
3370,2026-05-03 17:51:30.622119,7,0,0,278.0,1,5,2026-05-03,0,1,49,868.3087269342102,0.07159234093273217,0.10023392045771826,-0.10023392045771826
3371,2026-05-12 20:38:26.793252,3,1,0,278.0,0,5,2026-05-12,1,1,9,579.0404526103968,0.7872593591229674,0.8318390349179802,0.16816096508201983
3372,2026-05-12 20:38:33.390304,3,1,0,278.0,0,5,2026-05-12,1,1,9,579.0404526103968,0.7872593591229674,0.8318390349179802,0.16816096508201983
3373,2026-05-12 20:38:42.978419,3,1,0,278.0,0,5,2026-05-12,1,1,9,579.0404526103968,0.7872593591229674,0.8318390349179802,0.16816096508201983
3374,2026-05-12 20:52:40.068406,7,0,0,278.0,0,5,2026-05-12,0,1,49,579.0404526103968,0.06540567261708288,0.10023392045771826,-0.10023392045771826
3375,2026-05-12 20:52:46.447390,7,0,0,278.0,0,5,2026-05-12,0,1,49,579.0404526103968,0.06540567261708288,0.10023392045771826,-0.10023392045771826
3376,2026-05-12 20:52:49.072139,7,0,0,278.0,0,5,2026-05-12,0,1,49,579.0404526103968,0.06540567261708288,0.10023392045771826,-0.10023392045771826
3377,2026-05-12 21:01:34.908262,7,0,0,278.0,0,5,2026-05-12,0,1,49,579.0404526103968,0.06540567261708288,0.10023392045771826,-0.10023392045771826
3378,2026-05-12 21:11:56.505509,5,0,0,278.0,0,5,2026-05-12,0,1,25,579.0404526103968,0.3372642048567226,0.4260573723585436,-0.4260573723585436
3379,2026-05-12 21:17:27.142883,5,0,0,278.0,0,5,2026-05-12,0,1,25,579.0404526103968,0.3372642048567226,0.4260573723585436,-0.4260573723585436
3380,2026-05-14 18:23:19.037256,1,1,0,278.0,1,5,2026-05-14,1,1,1,721.0988409521425,0.9657799474847448,0.9705563170026417,0.029443682997358334
3381,2026-05-14 18:23:29.298949,1,1,0,278.0,1,5,2026-05-14,1,1,1,721.0988409521425,0.9657799474847448,0.9705563170026417,0.029443682997358334
3382,2026-05-14 18:23:33.238612,2,1,0,278.0,1,5,2026-05-14,1,1,4,721.0988409521425,0.9127852620006371,0.9273753283850786,0.07262467161492137
3383,2026-05-14 18:23:38.431938,2,1,0,278.0,1,5,2026-05-14,1,1,4,721.0988409521425,0.9127852620006371,0.9273753283850786,0.07262467161492137
3384,2026-05-14 18:50:06.252795,4,0,0,278.0,1,5,2026-05-14,0,1,16,721.0988409521425,0.5900406806889029,0.6570963018227935,-0.6570963018227935
3385,2026-05-14 19:13:17.189525,4,0,0,278.0,1,5,2026-05-14,0,1,16,721.0988409521425,0.5900406806889029,0.6570963018227935,-0.6570963018227935
3386,2026-05-14 19:13:23.538638,4,1,0,278.0,1,5,2026-05-14,1,1,16,721.0988409521425,0.5900406806889029,0.6570963018227935,0.34290369817720645
3387,2026-05-14 19:54:30.338032,7,0,0,278.0,1,5,2026-05-14,0,1,49,721.0988409521425,0.06837920478512126,0.10023392045771826,-0.10023392045771826
3388,2026-05-14 19:54:38.649356,7,0,0,278.0,1,5,2026-05-14,0,1,49,721.0988409521425,0.06837920478512126,0.10023392045771826,-0.10023392045771826
3389,2026-05-14 20:04:07.214763,7,0,0,278.0,1,5,2026-05-14,0,1,49,721.0988409521425,0.06837920478512126,0.10023392045771826,-0.10023392045771826
3390,2026-05-14 20:11:33.510221,7,0,0,278.0,1,5,2026-05-14,0,1,49,721.0988409521425,0.06837920478512126,0.10023392045771826,-0.10023392045771826
3391,2026-05-14 20:17:13.325996,7,0,0,278.0,1,5,2026-05-14,0,1,49,721.0988409521425,0.06837920478512126,0.10023392045771826,-0.10023392045771826
3392,2026-05-17 10:14:42.581017,3,1,0,278.0,1,5,2026-05-17,1,1,9,782.2785784724437,0.7984524616156756,0.8318390349179802,0.16816096508201983
3393,2026-05-17 11:02:23.661267,7,1,0,278.0,1,5,2026-05-17,1,1,49,782.2785784724437,0.06969801654625325,0.10023392045771826,0.8997660795422817
3394,2026-05-17 11:11:57.894745,5,0,0,278.0,1,5,2026-05-17,0,1,25,782.2785784724437,0.3526653929755479,0.4260573723585436,-0.4260573723585436
3395,2026-05-17 11:15:06.839120,5,0,0,278.0,1,5,2026-05-17,0,1,25,782.2785784724437,0.3526653929755479,0.4260573723585436,-0.4260573723585436
3396,2026-05-17 11:25:32.078729,5,1,0,278.0,1,5,2026-05-17,1,1,25,782.2785784724437,0.3526653929755479,0.4260573723585436,0.5739426276414564
3397,2026-05-17 11:57:07.312894,7,0,0,278.0,1,5,2026-05-17,0,1,49,782.2785784724437,0.06969801654625325,0.10023392045771826,-0.10023392045771826
3398,2026-05-17 12:08:33.436375,7,0,0,278.0,1,5,2026-05-17,0,1,49,782.2785784724437,0.06969801654625325,0.10023392045771826,-0.10023392045771826
3399,2026-05-17 12:18:52.931421,7,0,0,278.0,1,5,2026-05-17,0,1,49,782.2785784724437,0.06969801654625325,0.10023392045771826,-0.10023392045771826
3400,2026-05-17 12:34:59.761332,7,0,0,278.0,1,5,2026-05-17,0,1,49,782.2785784724437,0.06969801654625325,0.10023392045771826,-0.10023392045771826
3401,2026-05-17 12:43:01.461645,7,0,0,278.0,1,5,2026-05-17,0,1,49,782.2785784724437,0.06969801654625325,0.10023392045771826,-0.10023392045771826
3402,2026-05-17 12:53:27.885295,7,0,0,278.0,1,5,2026-05-17,0,1,49,782.2785784724437,0.06969801654625325,0.10023392045771826,-0.10023392045771826
3403,2026-05-17 13:01:46.408075,7,0,0,278.0,1,5,2026-05-17,0,1,49,782.2785784724437,0.06969801654625325,0.10023392045771826,-0.10023392045771826
