"id","time","grade","send/reps","type","weight","outside","effort","pain","fear"
"3422","2026-05-22T19:06:31.997102","8","0","0","278.0","0","5","0","0"
"3421","2026-05-22T19:02:03.551837","7","1","0","278.0","0","7","0","0"
"3420","2026-05-22T18:56:22.330292","7","1","0","278.0","0","5","0","0"
"3419","2026-05-22T18:51:37.653059","6","1","0","278.0","0","4","0","0"
"3418","2026-05-22T18:49:08.793339","6","0","0","278.0","0","4","0","0"
"3417","2026-05-22T18:46:01.769622","6","0","0","278.0","0","4","0","0"
"3416","2026-05-22T18:44:32.143663","6","0","0","278.0","0","4","0","0"
"3415","2026-05-22T18:39:49.286250","6","1","0","278.0","0","8","0","0"
"3414","2026-05-22T18:35:38.987788","5","1","0","278.0","0","5","0","0"
"3413","2026-05-22T18:32:16.745040","5","0","0","278.0","0","6","0","0"
"3412","2026-05-22T18:29:33.093217","5","1","0","278.0","0","4","0","0"
"3411","2026-05-22T18:24:15.313620","3","0","0","278.0","0","2","0","0"
"3410","2026-05-22T18:24:07.027437","3","1","0","278.0","0","2","0","0"
"3409","2026-05-22T18:21:15.567832","2","1","0","278.0","0","2","0","0"
"3408","2026-05-22T18:21:09.844782","2","1","0","278.0","0","2","0","0"
"3407","2026-05-22T18:21:03.099644","3","1","0","278.0","0","2","0","0"
"3406","2026-05-22T18:19:03.970165","3","1","0","278.0","0","2","0","0"
"3405","2026-05-22T18:17:20.339165","1","1","0","278.0","0","1","0","0"
"3404","2026-05-22T18:17:03.356392","1","1","0","278.0","0","1","0","0"
"3403","2026-05-17T13:01:46.408075","7","0","0","278.0","1","5","0","0"
"3402","2026-05-17T12:53:27.885295","7","0","0","278.0","1","5","0","0"
"3401","2026-05-17T12:43:01.461645","7","0","0","278.0","1","5","0","0"
"3400","2026-05-17T12:34:59.761332","7","0","0","278.0","1","5","0","0"
"3399","2026-05-17T12:18:52.931421","7","0","0","278.0","1","5","0","0"
"3398","2026-05-17T12:08:33.436375","7","0","0","278.0","1","5","0","0"
"3397","2026-05-17T11:57:07.312894","7","0","0","278.0","1","5","0","0"
"3396","2026-05-17T11:25:32.078729","5","1","0","278.0","1","5","0","0"
"3395","2026-05-17T11:15:06.839120","5","0","0","278.0","1","5","0","0"
"3394","2026-05-17T11:11:57.894745","5","0","0","278.0","1","5","0","0"
"3393","2026-05-17T11:02:23.661267","7","1","0","278.0","1","5","0","0"
"3392","2026-05-17T10:14:42.581017","3","1","0","278.0","1","5","0","0"
"3391","2026-05-14T20:17:13.325996","7","0","0","278.0","1","5","0","0"
"3390","2026-05-14T20:11:33.510221","7","0","0","278.0","1","5","0","0"
"3389","2026-05-14T20:04:07.214763","7","0","0","278.0","1","5","0","0"
"3388","2026-05-14T19:54:38.649356","7","0","0","278.0","1","5","0","0"
"3387","2026-05-14T19:54:30.338032","7","0","0","278.0","1","5","0","0"
"3386","2026-05-14T19:13:23.538638","4","1","0","278.0","1","5","0","0"
"3385","2026-05-14T19:13:17.189525","4","0","0","278.0","1","5","0","0"
"3384","2026-05-14T18:50:06.252795","4","0","0","278.0","1","5","0","0"
"3383","2026-05-14T18:23:38.431938","2","1","0","278.0","1","5","0","0"
"3382","2026-05-14T18:23:33.238612","2","1","0","278.0","1","5","0","0"
"3381","2026-05-14T18:23:29.298949","1","1","0","278.0","1","5","0","0"
"3380","2026-05-14T18:23:19.037256","1","1","0","278.0","1","5","0","0"
"3379","2026-05-12T21:17:27.142883","5","0","0","278.0","0","5","0","0"
"3378","2026-05-12T21:11:56.505509","5","0","0","278.0","0","5","0","0"
"3377","2026-05-12T21:01:34.908262","7","0","0","278.0","0","5","0","0"
"3376","2026-05-12T20:52:49.072139","7","0","0","278.0","0","5","0","0"
"3375","2026-05-12T20:52:46.447390","7","0","0","278.0","0","5","0","0"
"3374","2026-05-12T20:52:40.068406","7","0","0","278.0","0","5","0","0"
"3373","2026-05-12T20:38:42.978419","3","1","0","278.0","0","5","0","0"
"3372","2026-05-12T20:38:33.390304","3","1","0","278.0","0","5","0","0"
"3371","2026-05-12T20:38:26.793252","3","1","0","278.0","0","5","0","0"
"3370","2026-05-03T17:51:30.622119","7","0","0","278.0","1","5","0","0"
"3369","2026-05-03T17:21:19.287003","7","0","0","278.0","1","5","0","0"
"3368","2026-05-03T17:04:18.577963","7","0","0","278.0","1","5","0","0"
"3367","2026-05-03T16:58:07.448533","7","0","0","278.0","1","5","0","0"
"3366","2026-05-03T16:12:24.580117","7","0","0","278.0","1","5","0","0"
"3365","2026-05-03T15:59:38.695341","7","0","0","278.0","1","5","0","0"
"3364","2026-05-03T15:53:54.032244","7","0","0","278.0","1","5","0","0"
"3363","2026-05-03T15:29:14.072937","7","0","0","278.0","1","5","0","0"
"3362","2026-05-03T15:25:37.974273","7","0","0","278.0","1","5","0","0"
"3361","2026-05-03T15:15:38.054416","4","1","0","278.0","1","5","0","0"
"3360","2026-05-03T15:10:21.339913","4","0","0","278.0","1","5","0","0"
"3359","2026-05-03T15:03:58.060462","4","0","0","278.0","1","5","0","0"
"3358","2026-05-03T14:40:30.350051","3","0","0","278.0","1","5","0","0"
"3357","2026-05-03T14:36:55.402086","2","1","0","278.0","1","5","0","0"
"3356","2026-05-03T14:18:45.323049","1","1","0","278.0","1","5","0","0"
"3355","2026-05-03T14:14:55.762390","0","0","0","278.0","1","5","0","0"
"3354","2026-04-29T20:42:19.089120","4","0","0","278.0","0","5","0","0"
"3353","2026-04-29T20:41:31.006311","4","0","0","278.0","0","5","0","0"
"3352","2026-04-29T20:30:34.655961","4","0","0","278.0","0","5","0","0"
"3351","2026-04-29T20:26:52.773994","4","0","0","278.0","0","5","0","0"
"3350","2026-04-29T20:21:40.793321","4","0","0","278.0","0","5","0","0"
"3349","2026-04-29T20:14:43.183799","4","0","0","278.0","0","5","0","0"
"3348","2026-04-29T20:08:45.983214","4","0","0","278.0","0","5","0","0"
"3347","2026-04-29T19:58:22.979284","4","0","0","278.0","0","5","0","0"
"3346","2026-04-29T19:54:43.359206","4","0","0","278.0","0","5","0","0"
"3345","2026-04-29T19:50:48.204675","2","1","0","278.0","0","5","0","0"
"3344","2026-04-29T19:49:42.657935","2","1","0","278.0","0","5","0","0"
"3343","2026-04-27T20:36:25.023917","4","0","0","278.0","0","5","0","0"
"3342","2026-04-27T20:33:26.527310","4","1","0","278.0","0","5","0","0"
"3341","2026-04-27T20:31:07.093108","4","1","0","278.0","0","5","0","0"
"3340","2026-04-25T15:13:39.638434","6","0","0","278.0","1","5","0","0"
"3339","2026-04-25T15:09:30.805637","6","0","0","278.0","1","5","0","0"
"3338","2026-04-25T15:03:57.826582","6","0","0","278.0","1","5","0","0"
"3337","2026-04-25T14:44:22.495460","2","1","0","278.0","1","5","0","0"
"3336","2026-04-25T14:34:09.314575","8","0","0","278.0","1","5","0","0"
"3335","2026-04-25T14:34:06.513977","6","0","0","278.0","1","5","0","0"
"3334","2026-04-25T14:33:59.850232","6","0","0","278.0","1","5","0","0"
"3333","2026-04-25T14:33:52.551807","8","0","0","278.0","1","5","0","0"
"3332","2026-04-25T13:40:26.605094","4","1","0","278.0","1","5","0","0"
"3331","2026-04-25T13:12:29.090747","6","0","0","278.0","1","5","0","0"
"3330","2026-04-25T13:05:45.967586","6","0","0","278.0","1","5","0","0"
"3329","2026-04-25T13:05:39.713547","6","0","0","278.0","1","5","0","0"
"3328","2026-04-25T12:31:35.391608","4","1","0","278.0","1","5","0","0"
"3327","2026-04-25T12:22:21.761351","4","0","0","278.0","1","5","0","0"
"3326","2026-04-25T12:15:40.206823","4","0","0","278.0","1","5","0","0"
"3325","2026-04-25T12:03:53.018626","4","0","0","278.0","1","5","0","0"
"3324","2026-04-25T11:17:57.034827","3","1","0","278.0","1","5","0","0"
"3323","2026-04-25T10:52:05.524815","2","1","0","278.0","1","5","0","0"
"3322","2026-04-25T10:45:55.780904","2","1","0","278.0","1","5","0","0"
"3321","2026-04-25T10:36:23.460566","1","1","0","278.0","1","5","0","0"
"3320","2026-04-23T18:56:46.671302","3","0","0","278.0","0","5","0","0"
"3319","2026-04-23T18:53:49.143685","3","0","0","278.0","0","5","0","0"
"3318","2026-04-23T18:51:26.660765","4","0","0","278.0","0","5","0","0"
"3317","2026-04-23T18:45:07.027572","5","0","0","278.0","0","5","0","0"
"3316","2026-04-23T18:42:01.551191","5","0","0","278.0","0","5","0","0"
"3315","2026-04-23T18:39:16.737296","6","0","0","278.0","0","5","0","0"
"3314","2026-04-23T18:36:44.842012","5","0","0","278.0","0","5","0","0"
"3313","2026-04-23T18:35:10.006137","5","0","0","278.0","0","5","0","0"
"3312","2026-04-23T18:28:45.953128","4","1","0","278.0","0","5","0","0"
"3311","2026-04-23T18:25:55.615453","4","1","0","278.0","0","5","0","0"
"3310","2026-04-23T18:23:13.384036","5","0","0","278.0","0","5","0","0"
"3309","2026-04-23T18:20:48.688992","3","1","0","278.0","0","5","0","0"
"3308","2026-04-23T18:18:32.033678","3","1","0","278.0","0","5","0","0"
"3307","2026-04-23T18:17:18.047240","3","0","0","278.0","0","5","0","0"
"3306","2026-04-23T18:15:27.842585","3","0","0","278.0","0","5","0","0"
"3305","2026-04-20T20:12:53.110583","4","1","0","278.0","0","5","0","0"
"3304","2026-04-20T19:59:19.540094","4","1","0","278.0","0","5","0","0"
"3303","2026-04-20T19:51:54.026696","4","1","0","278.0","0","5","0","0"
"3302","2026-04-20T19:48:06.464856","4","1","0","278.0","0","5","0","0"
"3301","2026-04-20T19:44:48.093440","5","1","0","278.0","0","5","0","0"
"3300","2026-04-20T19:42:51.204624","4","0","0","278.0","0","5","0","0"
"3299","2026-04-20T19:42:40.442355","4","0","0","278.0","0","5","0","0"
"3298","2026-04-18T18:53:39.043914","5","0","0","278.0","0","5","0","0"
"3297","2026-04-18T18:48:34.868095","4","0","0","278.0","0","5","0","0"
"3296","2026-04-18T18:46:30.694097","4","0","0","278.0","0","5","0","0"
"3295","2026-04-18T18:44:20.927951","4","1","0","278.0","0","5","0","0"
"3294","2026-04-18T18:42:27.494594","4","0","0","278.0","0","5","0","0"
"3293","2026-04-12T12:39:45.865510","10","0","0","278.0","1","5","0","0"
"3292","2026-04-12T12:07:18.032841","10","0","0","278.0","1","5","0","0"
"3291","2026-04-12T11:58:12.946078","10","0","0","278.0","1","5","0","0"
"3290","2026-04-12T11:44:04.966435","10","0","0","278.0","1","5","0","0"
"3289","2026-04-12T11:36:00.029813","10","0","0","278.0","1","5","0","0"
"3288","2026-04-12T11:07:39.900647","10","0","0","278.0","1","5","0","0"
"3287","2026-04-12T11:00:57.046724","10","0","0","278.0","1","5","0","0"
"3286","2026-04-12T10:51:41.469021","10","0","0","278.0","1","5","0","0"
"3285","2026-04-12T10:30:14.688861","10","0","0","278.0","1","5","0","0"
"3284","2026-04-12T10:03:47.934562","5","1","0","278.0","1","5","0","0"
"3283","2026-04-12T09:50:40.108","5","0","0","278.0","1","5","0","0"
"3282","2026-04-12T09:46:36.173803","7","0","0","278.0","0","5","0","0"
"3281","2026-04-12T09:34:25.128019","7","0","0","278.0","1","5","0","0"
"3280","2026-04-12T09:32:35.587907","7","0","0","278.0","1","5","0","0"
"3279","2026-04-12T09:28:05.605567","7","0","0","278.0","1","5","0","0"
"3278","2026-04-12T09:23:37.474554","7","0","0","278.0","1","5","0","0"
"3277","2026-04-09T17:40:51.886949","4","0","0","278.0","0","5","0","0"
"3276","2026-04-09T17:38:40.136334","7","0","0","278.0","0","5","0","0"
"3275","2026-04-09T17:36:11.081563","5","0","0","278.0","0","5","0","0"
"3274","2026-04-09T17:30:47.237392","4","0","0","278.0","0","5","0","0"
"3273","2026-04-09T17:24:26.198955","5","1","0","278.0","0","5","0","0"
"3272","2026-04-09T17:23:01.685898","3","0","0","278.0","0","5","0","0"
"3271","2026-04-09T17:22:03.446355","1","1","0","278.0","0","5","0","0"
"3270","2026-04-09T17:20:53.331098","2","1","0","278.0","0","5","0","0"
"3269","2026-04-05T15:30:03.207921","7","0","0","278.0","0","5","0","0"
"3268","2026-04-05T15:17:46.870374","7","0","0","278.0","0","5","0","0"
"3267","2026-04-05T15:09:25.098204","7","0","0","278.0","0","5","0","0"
"3266","2026-04-05T15:03:44.809803","10","0","0","278.0","0","5","0","0"
"3265","2026-04-05T14:12:23.166426","10","0","0","278.0","0","5","0","0"
"3264","2026-04-05T13:30:30.344062","10","0","0","278.0","0","5","0","0"
"3263","2026-04-05T13:24:41.985611","10","0","0","278.0","0","5","0","0"
"3262","2026-04-05T13:07:44.514783","10","0","0","278.0","0","5","0","0"
"3261","2026-04-05T12:53:04.903776","10","0","0","278.0","0","5","0","0"
"3260","2026-04-05T12:34:20.971769","10","0","0","278.0","0","5","0","0"
"3259","2026-04-05T12:19:50.599118","10","0","0","278.0","0","5","0","0"
"3258","2026-04-05T12:17:23.991967","10","0","0","278.0","0","5","0","0"
"3257","2026-04-05T12:13:35.149162","10","0","0","278.0","0","5","0","0"
"3256","2026-04-03T20:16:21.069786","2","1","0","278.0","0","5","0","0"
"3255","2026-04-03T20:14:02.001862","2","1","0","278.0","0","5","0","0"
"3254","2026-04-03T20:09:10.570387","2","1","0","278.0","0","5","0","0"
"3253","2026-04-03T20:05:31.028140","2","1","0","278.0","0","5","0","0"
"3252","2026-04-03T20:01:24.380317","2","1","0","278.0","0","5","0","0"
"3251","2026-04-03T19:59:48.377794","2","1","0","278.0","0","5","0","0"
"3250","2026-04-03T19:58:54.069780","2","1","0","278.0","0","5","0","0"
"3249","2026-04-03T19:34:33.979827","4","1","0","278.0","0","5","0","0"
"3248","2026-04-03T19:28:55.976602","4","0","0","278.0","0","5","0","0"
"3247","2026-04-03T19:24:07.249512","4","0","0","278.0","0","5","0","0"
"3246","2026-04-03T19:18:48.370161","4","0","0","278.0","0","5","0","0"
"3245","2026-04-03T19:12:34.836434","4","0","0","278.0","0","5","0","0"
"3244","2026-04-03T19:06:10.104859","4","1","0","278.0","0","5","0","0"
"3243","2026-04-03T18:55:34.260050","4","1","0","278.0","0","5","0","0"
"3242","2026-04-03T18:51:24.448250","2","1","0","278.0","0","5","0","0"
"3241","2026-04-03T18:51:15.757800","2","1","0","278.0","0","5","0","0"
"3240","2026-03-30T20:58:03.885663","4","0","0","278.0","0","5","0","0"
"3239","2026-03-30T20:57:58.837361","4","0","0","278.0","0","5","0","0"
"3238","2026-03-30T20:18:33.803791","7","0","0","278.0","0","5","0","0"
"3237","2026-03-30T20:13:01.432524","4","1","0","278.0","0","5","0","0"
"3236","2026-03-30T20:10:20.051635","4","0","0","278.0","0","5","0","0"
"3235","2026-03-30T20:02:54.417304","4","1","0","278.0","0","5","0","0"
"3234","2026-03-30T19:55:41.378329","4","0","0","278.0","0","5","0","0"
"3233","2026-03-30T19:53:44.162112","4","0","0","278.0","0","5","0","0"
"3232","2026-03-30T19:48:06.626838","4","1","0","278.0","0","5","0","0"
"3231","2026-03-30T19:45:48.309101","2","1","0","278.0","0","5","0","0"
"3230","2026-03-30T19:45:39.367151","1","1","0","278.0","0","5","0","0"
"3229","2026-03-27T20:05:29.072891","7","0","0","278.0","1","5","0","0"
"3228","2026-03-27T19:53:29.549046","7","0","0","278.0","1","5","0","0"
"3227","2026-03-27T19:53:26.512024","7","0","0","278.0","1","5","0","0"
"3226","2026-03-27T19:46:49.317862","7","0","0","278.0","1","5","0","0"
"3225","2026-03-27T19:46:46.950308","7","0","0","278.0","1","5","0","0"
"3224","2026-03-27T19:46:43.283280","7","0","0","278.0","1","5","0","0"
"3223","2026-03-27T19:08:27.050168","7","1","0","278.0","1","5","0","0"
"3222","2026-03-27T18:14:00.644425","5","1","0","278.0","1","5","0","0"
"3221","2026-03-27T17:54:58.088709","5","0","0","278.0","1","5","0","0"
"3220","2026-03-27T17:40:44.206533","5","0","0","278.0","1","5","0","0"
"3219","2026-03-27T17:33:55.814009","5","0","0","278.0","1","5","0","0"
"3218","2026-03-27T17:27:43.955817","5","0","0","278.0","1","5","0","0"
"3217","2026-03-27T17:21:23.531547","5","0","0","278.0","1","5","0","0"
"3216","2026-03-27T17:17:16.526867","5","0","0","278.0","1","5","0","0"
"3215","2026-03-27T17:08:39.273551","5","0","0","278.0","1","5","0","0"
"3214","2026-03-27T17:08:35.985359","5","0","0","278.0","1","5","0","0"
"3213","2026-03-27T17:08:29.424840","5","0","0","278.0","1","5","0","0"
"3212","2026-03-23T18:45:28.208875","8","0","0","278.0","0","5","0","0"
"3211","2026-03-23T18:34:19.460037","8","0","0","278.0","0","5","0","0"
"3210","2026-03-23T18:29:29.167988","7","1","0","278.0","0","5","0","0"
"3209","2026-03-23T18:25:57.920950","6","1","0","278.0","0","5","0","0"
"3208","2026-03-23T18:22:52.126708","8","0","0","278.0","0","5","0","0"
"3207","2026-03-23T18:21:24.199152","7","0","0","278.0","0","5","0","0"
"3206","2026-03-23T18:19:36.506126","6","0","0","278.0","0","5","0","0"
"3205","2026-03-23T18:09:21.084679","5","1","0","278.0","0","5","0","0"
"3204","2026-03-23T18:05:16.184577","5","1","0","278.0","0","5","0","0"
"3203","2026-03-23T18:03:34.249336","5","1","0","278.0","0","5","0","0"
"3202","2026-03-23T18:00:29.120872","4","1","0","278.0","0","5","0","0"
"3201","2026-03-23T17:58:01.976611","4","1","0","278.0","0","5","0","0"
"3200","2026-03-23T17:57:55.309536","3","1","0","278.0","0","5","0","0"
"3199","2026-03-23T17:54:34.472143","1","1","0","278.0","0","5","0","0"
"3198","2026-03-23T17:54:31.307445","2","1","0","278.0","0","5","0","0"
"3197","2026-03-23T17:54:25.416551","2","1","0","278.0","0","5","0","0"
"3196","2026-03-23T17:54:22.199325","1","1","0","278.0","0","5","0","0"
"3195","2026-03-23T17:52:00.200828","1","1","0","278.0","0","5","0","0"
"3194","2026-03-23T17:50:18.059978","2","1","0","278.0","0","5","0","0"
"3193","2026-03-23T17:49:23.461028","3","1","0","278.0","0","5","0","0"
"3192","2026-03-23T17:49:15.386881","2","1","0","278.0","0","5","0","0"
"3191","2026-03-23T17:49:08.923796","2","1","0","278.0","0","5","0","0"
"3190","2026-03-21T12:25:36.250416","5","0","0","278.0","1","5","0","0"
"3189","2026-03-21T11:47:04.891972","5","0","0","278.0","1","5","0","0"
"3188","2026-03-21T11:28:23.441091","5","0","0","278.0","1","5","0","0"
"3187","2026-03-21T11:14:43.195111","5","0","0","278.0","1","5","0","0"
"3186","2026-03-21T10:53:18.438598","5","0","0","278.0","1","5","0","0"
"3185","2026-03-21T10:40:43.807802","5","0","0","278.0","1","5","0","0"
"3184","2026-03-21T10:29:34.183716","5","0","0","278.0","1","5","0","0"
"3183","2026-03-21T10:26:30.132010","5","0","0","278.0","1","5","0","0"
"3182","2026-03-21T10:19:10.663608","5","0","0","278.0","1","5","0","0"
"3181","2026-03-16T21:35:37.777328","5","1","0","278.0","0","5","0","0"
"3180","2026-03-16T21:32:23.789955","5","0","0","278.0","0","5","0","0"
"3179","2026-03-16T21:26:08.269939","4","0","0","278.0","0","5","0","0"
"3178","2026-03-16T21:23:14.432792","4","1","0","278.0","0","5","0","0"
"3177","2026-03-13T19:20:09.167518","8","0","0","278.0","1","5","0","0"
"3176","2026-03-13T18:51:00.056632","8","0","0","278.0","1","5","0","0"
"3175","2026-03-13T18:33:13.041277","8","0","0","278.0","1","5","0","0"
"3174","2026-03-13T18:15:00.013307","8","0","0","278.0","1","5","0","0"
"3173","2026-03-13T17:54:21.119405","4","1","0","278.0","1","5","0","0"
"3172","2026-03-13T17:42:04.386867","4","0","0","278.0","1","5","0","0"
"3171","2026-03-13T17:39:32.457350","4","0","0","278.0","1","5","0","0"
"3170","2026-03-13T17:39:20.592321","4","1","0","278.0","1","5","0","0"
"3169","2026-03-09T20:21:33.388934","5","0","0","278.0","0","5","0","0"
"3168","2026-03-09T20:14:40.026182","5","0","0","278.0","0","5","0","0"
"3167","2026-03-09T20:13:07.254393","5","0","0","278.0","0","5","0","0"
"3166","2026-03-09T19:59:40.479877","5","0","0","278.0","0","5","0","0"
"3165","2026-03-09T19:56:55.075071","5","0","0","278.0","0","5","0","0"
"3164","2026-03-09T19:45:55.968671","5","0","0","278.0","0","5","0","0"
"3163","2026-03-09T19:40:44.872843","5","0","0","278.0","0","5","0","0"
"3162","2026-03-09T19:34:34.457779","5","0","0","278.0","0","5","0","0"
"3161","2026-03-09T19:27:56.766521","4","1","0","278.0","0","5","0","0"
"3160","2026-03-09T19:22:58.990135","4","1","0","278.0","0","5","0","0"
"3159","2026-03-09T19:21:09.232849","4","0","0","278.0","0","5","0","0"
"3158","2026-03-09T19:18:42.346773","4","1","0","278.0","0","5","0","0"
"3157","2026-03-04T19:12:32.472271","5","1","0","278.0","0","5","0","0"
"3156","2026-03-04T19:03:16.757270","5","0","0","278.0","0","5","0","0"
"3155","2026-03-04T18:57:13.839063","8","0","0","278.0","0","5","0","0"
"3154","2026-03-04T18:57:06.512797","5","0","0","278.0","0","5","0","0"
"3153","2026-03-04T18:36:48.433596","7","1","0","278.0","0","5","0","0"
"3152","2026-03-04T18:33:40.681909","7","0","0","278.0","0","5","0","0"
"3151","2026-03-04T18:20:45.996066","6","1","0","278.0","0","5","0","0"
"3150","2026-03-04T18:17:54.985948","6","0","0","278.0","0","5","0","0"
"3149","2026-03-04T18:09:50.859197","5","1","0","278.0","0","5","0","0"
"3148","2026-03-04T18:06:05.056220","5","0","0","278.0","0","5","0","0"
"3147","2026-03-04T17:59:47.035467","5","1","0","278.0","0","5","0","0"
"3146","2026-03-04T17:54:20.610630","4","1","0","278.0","0","5","0","0"
"3145","2026-03-04T17:50:45.585105","4","1","0","278.0","0","5","0","0"
"3144","2026-03-04T17:49:29.869456","2","1","0","278.0","0","5","0","0"
"3143","2026-03-04T17:43:01.994130","3","1","0","278.0","0","5","0","0"
"3142","2026-03-04T17:39:45.664580","2","1","0","278.0","0","5","0","0"
"3141","2026-03-02T17:44:02.347675","10","0","0","278.0","1","5","0","0"
"3140","2026-03-02T17:23:47.214030","10","0","0","278.0","1","5","0","0"
"3139","2026-03-02T17:02:58.697517","4","1","0","278.0","1","5","0","0"
"3138","2026-03-02T16:55:57.653198","4","0","0","278.0","1","5","0","0"
"3137","2026-03-02T16:48:14.660214","4","0","0","278.0","1","5","0","0"
"3136","2026-03-02T16:37:37.799366","4","0","0","278.0","1","5","0","0"
"3135","2026-03-02T16:30:51.385230","4","0","0","278.0","1","5","0","0"
"3134","2026-03-02T16:30:41.882615","4","0","0","278.0","1","5","0","0"
"3133","2026-02-28T19:42:17.460262","7","0","0","278.0","0","5","0","0"
"3132","2026-02-28T19:11:43.355403","7","0","0","278.0","0","5","0","0"
"3131","2026-02-28T18:45:31.762095","6","1","0","278.0","0","5","0","0"
"3130","2026-02-28T18:33:12.640294","6","0","0","278.0","0","5","0","0"
"3129","2026-02-28T18:27:52.545156","6","1","0","278.0","0","5","0","0"
"3128","2026-02-28T17:56:54.486122","5","1","0","278.0","0","5","0","0"
"3127","2026-02-28T17:47:26.333280","4","1","0","278.0","0","5","0","0"
"3126","2026-02-28T17:33:45.609048","4","0","0","278.0","0","5","0","0"
"3125","2026-02-28T17:33:41.873126","4","1","0","278.0","0","5","0","0"
"3124","2026-02-28T17:33:33.674792","4","1","0","278.0","0","5","0","0"
"3123","2026-02-28T17:33:28.295619","0","1","0","278.0","0","5","0","0"
"3122","2026-02-28T17:33:22.250790","0","0","0","278.0","0","5","0","0"
"3121","2026-02-24T19:12:49.764779","5","0","0","278.0","0","5","0","0"
"3120","2026-02-24T19:12:45.828159","5","0","0","278.0","0","5","0","0"
"3119","2026-02-24T19:02:22.878926","5","0","0","278.0","0","5","0","0"
"3118","2026-02-24T19:02:15.525615","5","0","0","278.0","0","5","0","0"
"3117","2026-02-21T20:41:12.420359","4","0","0","278.0","0","5","0","0"
"3116","2026-02-21T20:33:56.251158","4","0","0","278.0","0","5","0","0"
"3115","2026-02-21T20:30:59.972858","4","1","0","278.0","0","5","0","0"
"3114","2026-02-21T20:30:54.096618","3","1","0","278.0","0","5","0","0"
"3113","2026-02-21T20:30:51.058157","3","1","0","278.0","0","5","0","0"
"3112","2026-02-21T20:30:43.067566","3","1","0","278.0","0","5","0","0"
"3111","2026-02-14T15:50:12.613734","5","0","0","278.0","0","5","0","0"
"3110","2026-02-14T15:42:21.838019","5","0","0","278.0","0","5","0","0"
"3109","2026-02-14T15:36:13.849833","5","0","0","278.0","0","5","0","0"
"3108","2026-02-14T15:33:30.036234","7","0","0","278.0","0","5","0","0"
"3107","2026-02-14T15:16:54.098486","7","0","0","278.0","0","5","0","0"
"3106","2026-02-14T15:12:06.691817","7","0","0","278.0","0","5","0","0"
"3105","2026-02-14T15:03:55.757035","4","1","0","278.0","0","5","0","0"
"3104","2026-02-14T14:59:02.215700","4","0","0","278.0","0","5","0","0"
"3103","2026-02-14T14:54:05.293291","4","0","0","278.0","0","5","0","0"
"3102","2026-02-14T14:52:32.083175","4","0","0","278.0","0","5","0","0"
"3101","2026-02-14T14:47:37.507043","4","1","0","278.0","0","5","0","0"
"3100","2026-02-14T14:43:05.705067","4","1","0","278.0","0","5","0","0"
"3099","2026-02-14T14:39:50.016003","3","1","0","278.0","0","5","0","0"
"3098","2026-02-11T21:54:22.190145","5","0","0","278.0","0","5","0","0"
"3097","2026-02-11T21:39:47.806549","4","1","0","278.0","0","5","0","0"
"3096","2026-02-11T21:23:21.411170","4","0","0","278.0","0","5","0","0"
"3095","2026-02-11T21:15:41.722111","4","1","0","278.0","0","5","0","0"
"3094","2026-02-11T21:14:54.481875","3","1","0","278.0","0","5","0","0"
"3093","2026-02-11T21:14:50.414644","3","1","0","278.0","0","5","0","0"
"3092","2026-02-11T21:11:00.303992","3","1","0","278.0","0","5","0","0"
"3091","2026-02-08T14:53:22.301900","4","1","0","278.0","0","5","0","0"
"3090","2026-02-04T22:05:48.716477","2","1","0","278.0","0","5","0","0"
"3089","2026-02-04T22:04:55.312617","3","1","0","278.0","0","5","0","0"
"3088","2026-02-04T22:04:47.601378","3","0","0","278.0","0","5","0","0"
"3087","2026-02-04T22:01:40.858501","6","0","0","278.0","0","5","0","0"
"3086","2026-02-04T21:59:53.328902","6","0","0","278.0","0","5","0","0"
"3085","2026-02-04T21:55:43.310470","5","1","0","278.0","0","5","0","0"
"3084","2026-02-04T21:50:22.862781","4","1","0","278.0","0","5","0","0"
"3083","2026-02-04T21:47:40.725195","4","1","0","278.0","0","5","0","0"
"3082","2026-02-04T21:43:57.620588","3","1","0","278.0","0","5","0","0"
"3081","2026-02-04T21:42:31.534297","6","0","0","278.0","0","5","0","0"
"3080","2026-02-04T21:42:23.924241","5","1","0","278.0","0","5","0","0"
"3079","2026-02-04T21:37:25.904875","4","1","0","278.0","0","5","0","0"
"3078","2026-02-04T21:35:23.906844","4","1","0","278.0","0","5","0","0"
"3077","2026-02-04T21:32:43.274997","1","1","0","278.0","0","5","0","0"
"3076","2026-02-04T21:32:37.149938","1","1","0","278.0","0","5","0","0"
"3075","2026-02-04T21:32:33.929266","2","1","0","278.0","0","5","0","0"
"3074","2026-02-04T21:32:24.839191","2","1","0","278.0","0","5","0","0"
"3073","2026-01-17T16:00:45.535483","9","0","0","278.0","1","5","0","0"
"3072","2026-01-17T15:40:38.961388","5","0","0","278.0","1","5","0","0"
"3071","2026-01-17T15:40:36.515541","5","0","0","278.0","1","5","0","0"
"3070","2026-01-17T15:40:31.236428","5","0","0","278.0","1","5","0","0"
"3069","2026-01-17T14:03:38.648045","6","0","0","278.0","1","5","0","0"
"3068","2026-01-17T13:51:07.913356","6","0","0","278.0","1","5","0","0"
"3067","2026-01-17T13:42:27.933461","6","0","0","278.0","1","5","0","0"
"3066","2026-01-17T13:24:17.632338","5","1","0","278.0","1","5","0","0"
"3065","2026-01-17T13:08:30.793713","5","0","0","278.0","1","5","0","0"
"3064","2026-01-17T12:52:08.037746","3","1","0","278.0","1","5","0","0"
"3063","2026-01-17T12:32:27.461240","3","0","0","278.0","1","5","0","0"
"3062","2026-01-11T19:21:50.356186","4","1","0","278.0","0","5","0","0"
"3061","2026-01-11T18:25:54.537029","4","1","0","278.0","0","5","0","0"
"3060","2026-01-11T18:25:49.574736","4","0","0","278.0","0","5","0","0"
"3059","2025-12-15T18:24:59.866437","4","0","0","278.0","0","5","0","0"
"3058","2025-12-15T18:19:58.889408","4","1","0","278.0","0","5","0","0"
"3057","2025-12-15T18:15:14.290276","3","1","0","278.0","0","5","0","0"
"3056","2025-12-15T18:13:52.925657","3","1","0","278.0","0","5","0","0"
"3055","2025-12-15T18:06:27.869123","3","1","0","278.0","0","5","0","0"
"3054","2025-12-15T18:06:24.032035","3","1","0","278.0","0","5","0","0"
"3053","2025-12-15T18:04:44.466406","3","1","0","278.0","0","5","0","0"
"3052","2025-12-15T18:04:39.186882","2","1","0","278.0","0","5","0","0"
"3051","2025-12-15T17:55:31.170740","1","1","0","278.0","0","5","0","0"
"3050","2025-12-15T17:55:24.826135","1","1","0","278.0","0","5","0","0"
"3049","2025-12-14T16:49:10.757179","8","0","0","278.0","1","5","0","0"
"3048","2025-12-14T16:39:52.724142","8","0","0","278.0","1","5","0","0"
"3047","2025-12-14T16:22:33.398117","8","0","0","278.0","1","5","0","0"
"3046","2025-12-14T16:00:24.743612","8","0","0","278.0","1","5","0","0"
"3045","2025-12-14T15:28:18.132004","8","0","0","278.0","1","5","0","0"
"3044","2025-12-14T14:58:34.257879","8","0","0","278.0","1","5","0","0"
"3043","2025-12-14T14:43:15.958664","8","0","0","278.0","1","5","0","0"
"3042","2025-12-14T14:39:11.324330","8","0","0","278.0","1","5","0","0"
"3041","2025-12-14T14:37:42.944738","8","0","0","278.0","1","5","0","0"
"3040","2025-12-14T14:08:20.182336","4","1","0","278.0","1","5","0","0"
"3039","2025-12-14T14:05:31.649106","4","1","0","278.0","1","5","0","0"
"3038","2025-12-14T13:57:58.422410","4","1","0","278.0","1","5","0","0"
"3037","2025-12-10T20:01:37.357696","8","0","0","278.0","1","5","0","0"
"3036","2025-12-10T19:26:34.347013","8","0","0","278.0","1","5","0","0"
"3035","2025-12-10T19:15:39.574021","8","0","0","278.0","1","5","0","0"
"3034","2025-12-10T19:10:30.845870","8","0","0","278.0","1","5","0","0"
"3033","2025-12-10T18:54:49.997802","8","0","0","278.0","1","5","0","0"
"3032","2025-12-10T18:41:41.030110","8","0","0","278.0","1","5","0","0"
"3031","2025-12-10T18:26:20.490411","8","0","0","278.0","1","5","0","0"
"3030","2025-12-10T18:00:17.724888","8","0","0","278.0","1","5","0","0"
"3029","2025-12-10T17:50:18.817790","8","0","0","278.0","1","5","0","0"
"3028","2025-12-10T17:40:44.233559","8","0","0","278.0","1","5","0","0"
"3027","2025-12-10T17:27:02.325704","4","1","0","278.0","1","5","0","0"
"3026","2025-12-10T17:26:57.471553","4","1","0","278.0","1","5","0","0"
"3025","2025-12-07T14:58:03.614201","4","1","0","278.0","0","5","0","0"
"3024","2025-12-07T14:54:42.867414","4","0","0","278.0","0","5","0","0"
"3023","2025-12-07T14:49:59.493775","4","0","0","278.0","0","5","0","0"
"3022","2025-12-07T14:44:25.849185","4","0","0","278.0","0","5","0","0"
"3021","2025-12-07T14:42:55.881849","3","1","0","278.0","0","5","0","0"
"3020","2025-12-07T14:42:49.067136","0","1","0","278.0","0","5","0","0"
"3019","2025-12-02T20:25:34.411597","5","1","0","278.0","0","5","0","0"
"3018","2025-12-02T20:21:57.566639","5","0","0","278.0","0","5","0","0"
"3017","2025-12-02T20:19:06.653310","4","1","0","278.0","0","5","0","0"
"3016","2025-12-02T20:16:49.915931","4","1","0","278.0","0","5","0","0"
"3015","2025-12-02T20:16:46.619572","4","1","0","278.0","0","5","0","0"
"3014","2025-12-02T20:13:46.396373","4","1","0","278.0","0","5","0","0"
"3013","2025-12-02T20:13:41.739794","4","1","0","278.0","0","5","0","0"
"3012","2025-12-02T20:10:58.507004","3","1","0","278.0","0","5","0","0"
"3011","2025-12-02T20:10:51.479861","3","1","0","278.0","0","5","0","0"
"3010","2025-12-02T20:07:15.048052","3","1","0","278.0","0","5","0","0"
"3009","2025-12-02T20:05:38.784714","2","1","0","278.0","0","5","0","0"
"3008","2025-12-02T20:05:23.783623","2","1","0","278.0","0","5","0","0"
"3007","2025-12-02T20:04:11.805179","2","1","0","278.0","0","5","0","0"
"3006","2025-12-02T20:04:08.770749","1","1","0","278.0","0","5","0","0"
"3005","2025-12-02T20:04:00.786292","1","1","0","278.0","0","5","0","0"
"3004","2025-11-25T19:48:31.228680","4","0","0","278.0","0","5","0","0"
"3003","2025-11-25T19:48:27.803481","4","1","0","278.0","0","5","0","0"
"3002","2025-11-25T19:20:56.503414","4","1","0","278.0","0","5","0","0"
"3001","2025-11-23T11:54:58.084979","9","0","0","278.0","1","5","0","0"
"3000","2025-11-23T11:30:09.350793","4","0","0","278.0","1","5","0","0"
"2999","2025-11-23T10:39:31.816464","5","0","0","278.0","1","5","0","0"
"2998","2025-11-23T10:39:25.821061","5","1","0","278.0","1","5","0","0"
"2997","2025-11-22T16:58:24.712167","8","1","0","278.0","1","5","0","0"
"2996","2025-11-22T16:50:53.310510","8","0","0","278.0","1","5","0","0"
"2995","2025-11-22T16:45:23.796353","8","0","0","278.0","1","5","0","0"
"2994","2025-11-22T16:41:08.345109","8","0","0","278.0","1","5","0","0"
"2993","2025-11-22T16:38:46.629667","8","0","0","278.0","1","5","0","0"
"2992","2025-11-22T16:01:30.658480","5","1","0","278.0","1","5","0","0"
"2991","2025-11-22T15:52:53.056041","5","0","0","278.0","1","5","0","0"
"2990","2025-11-22T15:19:25.633840","5","1","0","278.0","1","5","0","0"
"2989","2025-11-22T15:07:25.152090","4","0","0","278.0","1","5","0","0"
"2988","2025-11-22T15:07:20.513256","2","1","0","278.0","1","5","0","0"
"2987","2025-11-22T15:07:12.040737","1","1","0","278.0","1","5","0","0"
"2986","2025-11-20T21:32:53.917735","4","0","0","278.0","0","5","0","0"
"2985","2025-11-20T21:19:55.456004","4","0","0","278.0","0","5","0","0"
"2984","2025-11-20T21:15:23.816249","4","0","0","278.0","0","5","0","0"
"2983","2025-11-20T21:12:18.787913","4","1","0","278.0","0","5","0","0"
"2982","2025-11-20T20:35:40.980028","4","1","0","278.0","0","5","0","0"
"2981","2025-11-20T20:33:40.440783","4","1","0","278.0","0","5","0","0"
"2980","2025-11-20T20:30:17.518204","4","1","0","278.0","0","5","0","0"
"2979","2025-11-20T20:24:46.349111","3","1","0","278.0","0","5","0","0"
"2978","2025-11-20T20:21:15.742264","2","1","0","278.0","0","5","0","0"
"2977","2025-11-18T21:33:39.651399","9","0","0","278.0","1","5","0","0"
"2976","2025-11-18T21:33:36.503012","9","0","0","278.0","1","5","0","0"
"2975","2025-11-18T21:33:33.411951","9","0","0","278.0","1","5","0","0"
"2974","2025-11-18T20:38:22.011039","9","0","0","278.0","1","5","0","0"
"2973","2025-11-18T20:38:16.534406","9","0","0","278.0","1","5","0","0"
"2972","2025-11-18T20:38:13.312232","9","0","0","278.0","1","5","0","0"
"2971","2025-11-18T20:12:21.230493","9","0","0","278.0","1","5","0","0"
"2970","2025-11-18T20:12:16.807264","9","0","0","278.0","1","5","0","0"
"2969","2025-11-18T19:53:40.123953","9","0","0","278.0","1","5","0","0"
"2968","2025-11-18T19:53:36.486640","9","0","0","278.0","1","5","0","0"
"2967","2025-11-18T19:53:30.764471","9","0","0","278.0","1","5","0","0"
"2966","2025-11-16T12:49:20.514811","8","0","0","278.0","1","5","0","0"
"2965","2025-11-16T12:31:00.640829","8","0","0","278.0","1","5","0","0"
"2964","2025-11-16T11:55:11.962682","11","0","0","278.0","1","5","0","0"
"2963","2025-11-16T11:45:11.132590","11","0","0","278.0","1","5","0","0"
"2962","2025-11-16T11:45:05.655617","8","0","0","278.0","1","5","0","0"
"2961","2025-11-16T11:25:17.997266","4","1","0","278.0","1","5","0","0"
"2960","2025-11-16T10:24:03.353831","10","0","0","278.0","1","5","0","0"
"2959","2025-11-12T20:28:41.629210","6","1","0","278.0","0","5","0","0"
"2958","2025-11-12T20:17:23.839006","4","1","0","278.0","0","5","0","0"
"2957","2025-11-12T20:09:41.607902","6","1","0","278.0","0","5","0","0"
"2956","2025-11-12T20:01:36.402369","6","1","0","278.0","0","5","0","0"
"2955","2025-11-12T19:54:29.365443","5","1","0","278.0","0","5","0","0"
"2954","2025-11-12T19:38:32.741307","4","1","0","278.0","0","5","0","0"
"2953","2025-11-12T19:34:45.871057","3","1","0","278.0","0","5","0","0"
"2952","2025-11-12T19:33:18.940030","2","1","0","278.0","0","5","0","0"
"2951","2025-11-12T19:27:45.676519","4","1","0","278.0","0","5","0","0"
"2950","2025-11-12T19:23:56.866560","1","1","0","278.0","0","5","0","0"
"2949","2025-11-12T19:22:14.442408","3","1","0","278.0","0","5","0","0"
"2948","2025-11-12T19:19:04.849738","3","1","0","278.0","0","5","0","0"
"2947","2025-11-12T19:18:56.714726","2","1","0","278.0","0","5","0","0"
"2946","2025-10-31T17:56:56.027933","5","0","0","278.0","1","5","0","0"
"2945","2025-10-31T17:39:43.235148","5","0","0","278.0","1","5","0","0"
"2944","2025-10-31T15:56:38.698940","3","0","0","278.0","1","5","0","0"
"2943","2025-10-31T15:35:10.211638","3","0","0","278.0","1","5","0","0"
"2942","2025-10-31T15:12:47.640390","3","0","0","278.0","1","5","0","0"
"2941","2025-10-31T14:20:51.374379","6","0","0","278.0","1","5","0","0"
"2940","2025-10-31T14:20:41.631736","4","1","0","278.0","1","5","0","0"
"2939","2025-10-21T21:34:17.922443","4","0","0","278.0","1","5","0","0"
"2938","2025-10-21T21:20:15.871486","4","0","0","278.0","1","5","0","0"
"2937","2025-10-21T21:15:35.994116","4","0","0","278.0","1","5","0","0"
"2936","2025-10-21T21:11:52.804820","4","0","0","278.0","1","5","0","0"
"2935","2025-10-21T21:10:14.744445","4","0","0","278.0","1","5","0","0"
"2934","2025-10-21T21:05:29.464178","4","1","0","278.0","1","5","0","0"
"2933","2025-10-21T20:57:13.908084","4","0","0","278.0","1","5","0","0"
"2932","2025-10-21T20:53:12.851042","4","0","0","278.0","1","5","0","0"
"2931","2025-10-21T20:49:34.648919","4","0","0","278.0","1","5","0","0"
"2930","2025-10-21T20:45:57.703291","4","1","0","278.0","1","5","0","0"
"2929","2025-10-21T20:42:54.830343","4","0","0","278.0","1","5","0","0"
"2928","2025-10-19T15:20:13.994484","10","0","0","278.0","1","5","0","0"
"2927","2025-10-19T15:02:46.350114","10","0","0","278.0","1","5","0","0"
"2926","2025-10-19T14:54:44.440808","10","0","0","278.0","1","5","0","0"
"2925","2025-10-19T14:41:14.919869","10","0","0","278.0","1","5","0","0"
"2924","2025-10-19T14:36:06.180496","10","0","0","278.0","1","5","0","0"
"2923","2025-10-19T14:24:26.721437","10","0","0","278.0","1","5","0","0"
"2922","2025-10-19T14:17:57.614243","10","0","0","278.0","1","5","0","0"
"2921","2025-10-19T14:11:37.911780","10","0","0","278.0","1","5","0","0"
"2920","2025-10-19T14:07:19.086949","10","0","0","278.0","1","5","0","0"
"2919","2025-10-19T14:02:00.038143","10","0","0","278.0","1","5","0","0"
"2918","2025-10-15T20:40:35.298289","3","1","0","278.0","0","5","0","0"
"2917","2025-10-15T20:32:41.042675","2","1","0","278.0","0","5","0","0"
"2916","2025-10-15T20:26:59.552381","2","1","0","278.0","0","5","0","0"
"2915","2025-10-15T20:21:32.534898","6","1","0","278.0","0","5","0","0"
"2914","2025-10-15T20:15:13.553123","6","1","0","278.0","0","5","0","0"
"2913","2025-10-15T20:09:44.342662","6","0","0","278.0","0","5","0","0"
"2912","2025-10-15T20:02:13.594439","6","0","0","278.0","0","5","0","0"
"2911","2025-10-15T20:02:06.363304","6","0","0","278.0","0","5","0","0"
"2910","2025-10-15T19:53:50.422102","5","1","0","278.0","0","5","0","0"
"2909","2025-10-15T19:44:57.750770","4","1","0","278.0","0","5","0","0"
"2908","2025-10-15T19:31:57.506029","5","1","0","278.0","0","5","0","0"
"2907","2025-10-15T19:27:57.942493","5","1","0","278.0","0","5","0","0"
"2906","2025-10-15T19:24:47.845967","3","1","0","278.0","0","5","0","0"
"2905","2025-10-15T19:21:42.925240","2","1","0","278.0","0","5","0","0"
"2904","2025-10-15T19:18:02.434049","4","1","0","278.0","0","5","0","0"
"2903","2025-10-15T19:15:03.122211","4","1","0","278.0","0","5","0","0"
"2902","2025-10-15T19:13:38.460473","3","1","0","278.0","0","5","0","0"
"2901","2025-10-15T19:12:25.596776","3","1","0","278.0","0","5","0","0"
"2900","2025-10-15T19:10:54.610943","3","1","0","278.0","0","5","0","0"
"2899","2025-10-13T21:33:00.362895","7","0","0","278.0","0","5","0","0"
"2898","2025-10-13T21:19:18.117339","7","0","0","278.0","0","5","0","0"
"2897","2025-10-13T21:12:45.933198","7","0","0","278.0","0","5","0","0"
"2896","2025-10-13T21:08:15.699974","7","0","0","278.0","0","5","0","0"
"2895","2025-10-13T20:54:31.154530","4","1","0","278.0","1","5","0","0"
"2894","2025-10-13T20:50:52.428987","4","1","0","278.0","0","5","0","0"
"2893","2025-10-13T20:48:09.964117","4","1","0","278.0","1","5","0","0"
"2892","2025-10-13T20:45:20.191534","4","1","0","278.0","0","5","0","0"
"2891","2025-10-13T20:42:24.102469","4","1","0","278.0","0","5","0","0"
"2890","2025-10-13T20:39:31.214606","4","1","0","278.0","0","5","0","0"
"2889","2025-10-13T20:36:12.715853","4","1","0","278.0","0","5","0","0"
"2888","2025-10-13T20:31:46.101536","4","1","0","278.0","0","5","0","0"
"2887","2025-10-13T20:29:13.130786","4","1","0","278.0","0","5","0","0"
"2886","2025-10-13T20:25:15.464933","4","0","0","278.0","0","5","0","0"
"2885","2025-10-11T17:33:35.141246","7","1","0","278.0","1","5","0","0"
"2884","2025-10-11T17:02:06.789016","7","0","0","278.0","1","5","0","0"
"2883","2025-10-11T16:54:23.197347","6","1","0","278.0","1","5","0","0"
"2882","2025-10-11T16:49:41.853713","7","0","0","278.0","1","5","0","0"
"2881","2025-10-11T16:06:59.445585","4","0","0","278.0","0","5","0","0"
"2880","2025-10-11T16:00:34.536221","4","1","0","278.0","0","5","0","0"
"2879","2025-10-11T15:42:08.419174","3","1","0","278.0","0","5","0","0"
"2878","2025-10-09T23:01:07.923462","7","0","0","278.0","0","5","0","0"
"2877","2025-10-09T22:47:26.399562","4","0","0","278.0","0","5","0","0"
"2876","2025-10-09T22:41:18.884178","4","1","0","278.0","0","5","0","0"
"2875","2025-10-09T22:34:31.856231","4","1","0","278.0","0","5","0","0"
"2874","2025-10-07T21:24:23.799568","7","0","0","278.0","1","5","0","0"
"2873","2025-10-07T20:30:00.878102","7","0","0","278.0","1","5","0","0"
"2872","2025-10-07T20:19:30.086486","7","0","0","278.0","1","5","0","0"
"2871","2025-10-07T19:46:19.936600","7","0","0","278.0","1","5","0","0"
"2870","2025-10-07T19:45:01.315962","7","0","0","278.0","1","5","0","0"
"2869","2025-10-07T19:29:04.718257","7","0","0","278.0","1","5","0","0"
"2868","2025-10-07T19:25:25.845321","7","0","0","278.0","1","5","0","0"
"2867","2025-10-07T19:19:31.600648","7","0","0","278.0","1","5","0","0"
"2866","2025-10-07T19:12:32.239257","7","0","0","278.0","1","5","0","0"
"2865","2025-10-07T19:06:44.566579","7","0","0","278.0","1","5","0","0"
"2864","2025-10-07T18:53:57.038345","7","0","0","278.0","1","5","0","0"
"2863","2025-10-07T18:44:19.715481","7","0","0","278.0","1","5","0","0"
"2862","2025-10-05T20:06:58.404299","3","1","0","278.0","0","5","0","0"
"2861","2025-10-05T20:04:12.757292","3","1","0","278.0","0","5","0","0"
"2860","2025-10-05T20:01:17.336365","3","1","0","278.0","0","5","0","0"
"2859","2025-10-05T20:01:10.880680","3","1","0","278.0","0","5","0","0"
"2858","2025-10-04T20:19:05.029771","6","1","0","278.0","0","5","0","0"
"2857","2025-10-04T20:15:24.686687","6","1","0","278.0","0","5","0","0"
"2856","2025-10-04T20:13:58.722721","5","1","0","278.0","0","5","0","0"
"2855","2025-10-04T20:02:55.838423","5","1","0","278.0","0","5","0","0"
"2854","2025-10-04T19:59:54.460512","4","1","0","278.0","0","5","0","0"
"2853","2025-10-04T19:57:23.831941","4","1","0","278.0","0","5","0","0"
"2852","2025-10-04T19:54:05.178090","4","1","0","278.0","0","5","0","0"
"2851","2025-10-04T19:51:28.823561","3","1","0","278.0","0","5","0","0"
"2850","2025-10-04T19:49:01.782675","1","1","0","278.0","0","5","0","0"
"2849","2025-10-03T19:03:29.322572","7","0","0","278.0","0","5","0","0"
"2848","2025-10-03T18:51:45.717023","7","0","0","278.0","0","5","0","0"
"2847","2025-10-03T18:47:46.908295","6","0","0","278.0","0","5","0","0"
"2846","2025-10-03T18:44:59.702205","6","1","0","278.0","0","5","0","0"
"2845","2025-10-03T18:41:14.439214","6","0","0","278.0","0","5","0","0"
"2844","2025-10-03T18:37:14.986927","6","0","0","278.0","0","5","0","0"
"2843","2025-10-03T18:35:08.975341","6","0","0","278.0","0","5","0","0"
"2842","2025-10-03T18:32:41.013578","6","0","0","278.0","0","5","0","0"
"2841","2025-10-03T18:30:15.660373","6","0","0","278.0","0","5","0","0"
"2840","2025-10-03T18:24:44.088594","6","0","0","278.0","0","5","0","0"
"2839","2025-10-03T18:20:20.211127","5","1","0","278.0","0","5","0","0"
"2838","2025-10-03T18:19:13.038652","4","1","0","278.0","0","5","0","0"
"2837","2025-10-03T18:17:34.627959","4","1","0","278.0","0","5","0","0"
"2836","2025-10-03T18:16:14.381200","3","1","0","278.0","0","5","0","0"
"2835","2025-10-03T18:16:03.420082","3","1","0","278.0","0","5","0","0"
"2834","2025-09-30T20:58:21.546138","10","0","0","278.0","1","5","0","0"
"2833","2025-09-30T20:40:29.157042","10","0","0","278.0","1","5","0","0"
"2832","2025-09-30T20:18:28.713785","10","0","0","278.0","1","5","0","0"
"2831","2025-09-30T19:58:35.640831","10","0","0","278.0","1","5","0","0"
"2830","2025-09-30T19:50:31.454810","10","0","0","278.0","1","5","0","0"
"2829","2025-09-30T19:45:42.475566","10","0","0","278.0","1","5","0","0"
"2828","2025-09-30T19:35:14.050051","10","0","0","278.0","1","5","0","0"
"2827","2025-09-30T19:25:15.549853","10","0","0","278.0","1","5","0","0"
"2826","2025-09-30T19:06:19.569902","10","0","0","278.0","1","5","0","0"
"2825","2025-09-30T18:58:19.277940","10","0","0","278.0","1","5","0","0"
"2824","2025-09-30T18:35:01.839130","2","1","0","278.0","1","5","0","0"
"2823","2025-09-30T18:34:55.495670","3","1","0","278.0","1","5","0","0"
"2822","2025-09-30T18:24:42.430138","2","1","0","278.0","1","5","0","0"
"2821","2025-09-28T14:18:51.841851","5","0","0","278.0","1","5","0","0"
"2820","2025-09-28T13:59:01.377462","8","0","0","278.0","1","5","0","0"
"2819","2025-09-28T13:58:58.455352","8","0","0","278.0","1","5","0","0"
"2818","2025-09-28T13:34:25.959339","8","0","0","278.0","1","5","0","0"
"2817","2025-09-28T13:09:19.041174","8","0","0","278.0","1","5","0","0"
"2816","2025-09-28T12:08:19.761152","6","1","0","278.0","1","5","0","0"
"2815","2025-09-28T12:07:01.855580","3","1","0","278.0","1","5","0","0"
"2814","2025-09-28T09:33:42.085157","10","0","0","278.0","1","5","0","0"
"2813","2025-09-28T09:26:38.270917","10","0","0","278.0","1","5","0","0"
"2812","2025-09-27T16:01:50.222945","7","0","0","278.0","0","5","0","0"
"2811","2025-09-27T15:58:35.819030","7","0","0","278.0","0","5","0","0"
"2810","2025-09-27T15:48:41.008769","7","0","0","278.0","0","5","0","0"
"2809","2025-09-27T15:35:07.622239","7","0","0","278.0","0","5","0","0"
"2808","2025-09-27T15:32:44.115320","7","0","0","278.0","0","5","0","0"
"2807","2025-09-27T15:30:24.968298","7","0","0","278.0","0","5","0","0"
"2806","2025-09-27T15:24:40.531231","10","0","0","278.0","0","5","0","0"
"2805","2025-09-27T15:18:59.847813","10","0","0","278.0","0","5","0","0"
"2804","2025-09-27T15:13:58.640739","10","0","0","278.0","0","5","0","0"
"2803","2025-09-27T14:51:06.932423","4","0","0","278.0","0","5","0","0"
"2802","2025-09-27T14:47:55.330519","4","0","0","278.0","0","5","0","0"
"2801","2025-09-27T14:44:47.448433","4","1","0","278.0","0","5","0","0"
"2800","2025-09-27T14:41:48.309986","4","1","0","278.0","0","5","0","0"
"2799","2025-09-27T14:38:31.256203","4","1","0","278.0","0","5","0","0"
"2798","2025-09-27T14:34:47.286973","4","0","0","278.0","0","5","0","0"
"2797","2025-09-27T14:31:54.658528","4","1","0","278.0","0","5","0","0"
"2796","2025-09-27T14:28:25.739237","4","0","0","278.0","0","5","0","0"
"2795","2025-09-27T14:25:52.971542","4","1","0","278.0","0","5","0","0"
"2794","2025-09-24T20:04:21.283515","4","1","0","278.0","1","5","0","0"
"2793","2025-09-24T20:01:42.715145","5","1","0","278.0","1","5","0","0"
"2792","2025-09-24T19:47:24.649118","5","1","0","278.0","1","5","0","0"
"2791","2025-09-24T19:43:59.991709","5","0","0","278.0","1","5","0","0"
"2790","2025-09-24T19:33:32.663482","4","1","0","278.0","1","5","0","0"
"2789","2025-09-24T19:27:07.986622","4","0","0","278.0","1","5","0","0"
"2788","2025-09-24T19:20:42.901758","4","0","0","278.0","1","5","0","0"
"2787","2025-09-24T19:12:38.832098","3","1","0","278.0","1","5","0","0"
"2786","2025-09-24T19:12:28.934969","3","0","0","278.0","1","5","0","0"
"2785","2025-09-23T19:02:13.011838","4","0","0","278.0","1","5","0","0"
"2784","2025-09-21T11:57:49.463825","10","0","0","278.0","1","5","0","0"
"2783","2025-09-21T11:43:49.194793","10","0","0","278.0","1","5","0","0"
"2782","2025-09-21T11:35:59.519279","10","0","0","278.0","1","5","0","0"
"2781","2025-09-21T11:17:16.224916","10","0","0","278.0","1","5","0","0"
"2780","2025-09-21T10:45:47.638703","7","1","0","278.0","1","5","0","0"
"2779","2025-09-21T10:40:13.995288","7","0","0","278.0","1","5","0","0"
"2778","2025-09-21T10:31:06.512752","7","1","0","278.0","1","5","0","0"
"2777","2025-09-21T09:44:47.005299","3","1","0","278.0","1","5","0","0"
"2776","2025-09-21T09:38:41.588485","5","1","0","278.0","1","5","0","0"
"2775","2025-09-21T09:29:14.432920","3","0","0","278.0","1","5","0","0"
"2774","2025-09-21T09:29:06.216092","1","0","0","278.0","1","5","0","0"
"2773","2025-09-21T09:28:56.395384","0","0","0","278.0","1","5","0","0"
"2772","2025-09-16T20:02:00.003302","4","0","0","278.0","1","5","0","0"
"2771","2025-09-16T19:54:49.730920","4","0","0","278.0","1","5","0","0"
"2770","2025-09-16T19:47:48.462517","4","0","0","278.0","1","5","0","0"
"2769","2025-09-16T19:36:19.331636","4","1","0","278.0","1","5","0","0"
"2768","2025-09-16T19:33:26.475081","4","0","0","278.0","1","5","0","0"
"2767","2025-09-16T19:22:21.207748","4","1","0","278.0","1","5","0","0"
"2766","2025-09-16T19:15:56.658444","4","1","0","278.0","1","5","0","0"
"2765","2025-09-16T19:06:37.176486","3","1","0","278.0","1","5","0","0"
"2764","2025-09-16T19:03:24.576035","2","1","0","278.0","1","5","0","0"
"2763","2025-09-16T19:01:11.443552","1","1","0","278.0","1","5","0","0"
"2762","2025-09-14T17:35:52.028328","10","0","0","278.0","1","5","0","0"
"2761","2025-09-14T16:56:06.010048","10","0","0","278.0","1","5","0","0"
"2760","2025-09-14T16:47:14.431276","10","0","0","278.0","1","5","0","0"
"2759","2025-09-14T16:34:26.168742","10","0","0","278.0","1","5","0","0"
"2758","2025-09-14T16:28:46.976575","7","1","0","278.0","1","5","0","0"
"2757","2025-09-14T16:21:10.425200","8","0","0","278.0","1","5","0","0"
"2756","2025-09-14T16:13:09.697224","8","0","0","278.0","1","5","0","0"
"2755","2025-09-14T15:49:45.197044","8","0","0","278.0","1","5","0","0"
"2754","2025-09-14T15:46:20.418994","8","0","0","278.0","1","5","0","0"
"2753","2025-09-14T15:44:41.060550","8","0","0","278.0","1","5","0","0"
"2752","2025-09-14T15:27:22.523311","8","0","0","278.0","1","5","0","0"
"2751","2025-09-14T15:25:04.491025","8","0","0","278.0","1","5","0","0"
"2750","2025-09-14T15:07:15.636652","8","0","0","278.0","1","5","0","0"
"2749","2025-09-14T14:58:06.518143","8","0","0","278.0","1","5","0","0"
"2748","2025-09-14T14:51:18.801579","8","0","0","278.0","1","5","0","0"
"2747","2025-09-14T14:48:01.546793","8","0","0","278.0","1","5","0","0"
"2746","2025-09-14T14:34:33.611843","3","1","0","278.0","1","5","0","0"
"2745","2025-09-14T14:30:47.403313","2","1","0","278.0","1","5","0","0"
"2744","2025-09-14T14:30:40.386206","1","1","0","278.0","1","5","0","0"
"2743","2025-09-12T19:08:31.632589","5","0","0","278.0","0","5","0","0"
"2742","2025-09-12T18:53:49.702765","3","1","0","278.0","0","5","0","0"
"2741","2025-09-12T18:51:36.794741","5","0","0","278.0","0","5","0","0"
"2740","2025-09-12T18:36:09.460962","5","0","0","278.0","0","5","0","0"
"2739","2025-09-12T18:27:02.474657","4","1","0","278.0","0","5","0","0"
"2738","2025-09-12T18:26:03.559315","5","0","0","278.0","0","5","0","0"
"2737","2025-09-12T18:17:05.852592","5","0","0","278.0","0","5","0","0"
"2736","2025-09-12T18:02:18.282593","4","1","0","278.0","0","5","0","0"
"2735","2025-09-12T17:58:36.872967","4","1","0","278.0","0","5","0","0"
"2734","2025-09-12T17:54:47.348252","3","1","0","278.0","0","5","0","0"
"2733","2025-09-12T17:51:10.187802","2","1","0","278.0","0","5","0","0"
"2732","2025-09-12T17:49:35.825894","1","1","0","278.0","0","5","0","0"
"2731","2025-09-12T17:47:43.232005","1","1","0","278.0","0","5","0","0"
"2730","2025-09-09T18:29:44.189318","7","0","0","278.0","0","5","0","0"
"2729","2025-09-09T18:23:30.834218","8","0","0","278.0","0","5","0","0"
"2728","2025-09-09T18:17:57.509249","8","0","0","278.0","0","5","0","0"
"2727","2025-09-09T18:13:46.057716","8","0","0","278.0","0","5","0","0"
"2726","2025-09-09T18:06:33.854768","8","0","0","278.0","0","5","0","0"
"2725","2025-09-09T18:01:44.736812","8","0","0","278.0","0","5","0","0"
"2724","2025-09-09T17:58:19.378396","6","1","0","278.0","0","5","0","0"
"2723","2025-09-09T17:56:28.342410","6","0","0","278.0","0","5","0","0"
"2722","2025-09-09T17:51:02.184409","6","1","0","278.0","0","5","0","0"
"2721","2025-09-09T17:47:14.179488","5","1","0","278.0","0","5","0","0"
"2720","2025-09-09T17:43:24.606712","5","1","0","278.0","0","5","0","0"
"2719","2025-09-09T17:40:16.746571","4","1","0","278.0","0","5","0","0"
"2718","2025-09-09T17:38:13.036180","3","1","0","278.0","0","5","0","0"
"2717","2025-09-09T17:36:32.014727","2","1","0","278.0","0","5","0","0"
"2716","2025-09-07T16:46:49.467540","8","0","0","278.0","1","5","0","0"
"2715","2025-09-07T16:32:07.022834","8","0","0","278.0","1","5","0","0"
"2714","2025-09-07T16:19:33.595663","8","0","0","278.0","1","5","0","0"
"2713","2025-09-07T15:59:55.042593","8","0","0","278.0","1","5","0","0"
"2712","2025-09-07T15:36:19.922229","8","0","0","278.0","1","5","0","0"
"2711","2025-09-07T15:17:14.913318","8","0","0","278.0","1","5","0","0"
"2710","2025-09-07T15:15:00.371230","8","0","0","278.0","1","5","0","0"
"2709","2025-09-07T15:11:25.917828","8","0","0","278.0","1","5","0","0"
"2708","2025-09-07T15:03:41.829811","8","0","0","278.0","1","5","0","0"
"2707","2025-09-07T15:01:31.950639","8","0","0","278.0","1","5","0","0"
"2706","2025-09-07T14:49:16.858747","8","0","0","278.0","1","5","0","0"
"2705","2025-09-07T14:40:28.270278","8","0","0","278.0","1","5","0","0"
"2704","2025-09-07T14:20:34.569994","4","1","0","278.0","1","5","0","0"
"2703","2025-09-07T14:17:55.790885","2","1","0","278.0","1","5","0","0"
"2702","2025-09-07T14:14:04.788589","2","1","0","278.0","1","5","0","0"
"2701","2025-09-07T14:10:32.085194","1","1","0","278.0","1","5","0","0"
"2700","2025-09-07T14:10:12.529993","1","1","0","278.0","1","5","0","0"
"2699","2025-09-02T18:30:05.080498","4","1","0","278.0","0","5","0","0"
"2698","2025-09-02T18:23:54.022432","6","0","0","278.0","0","5","0","0"
"2697","2025-09-02T18:21:32.955617","6","0","0","278.0","0","5","0","0"
"2696","2025-09-02T18:13:04.640414","7","0","0","278.0","0","5","0","0"
"2695","2025-09-02T18:07:25.473309","5","0","0","278.0","0","5","0","0"
"2694","2025-09-02T17:58:05.806406","5","1","0","278.0","0","5","0","0"
"2693","2025-09-02T17:55:24.352207","5","1","0","278.0","0","5","0","0"
"2692","2025-09-02T17:52:07.268295","4","1","0","278.0","0","5","0","0"
"2691","2025-09-02T17:50:36.691658","4","1","0","278.0","0","5","0","0"
"2690","2025-09-02T17:50:32.210492","4","1","0","278.0","0","5","0","0"
"2689","2025-09-02T17:47:56.582331","5","1","0","278.0","0","5","0","0"
"2688","2025-09-02T17:42:02.950824","3","1","0","278.0","0","5","0","0"
"2687","2025-09-02T17:36:12.637964","5","1","0","278.0","0","5","0","0"
"2686","2025-09-02T17:29:45.010707","5","0","0","278.0","0","5","0","0"
"2685","2025-09-02T17:24:41.124594","4","1","0","278.0","0","5","0","0"
"2684","2025-09-02T17:24:30.901661","3","1","0","278.0","0","5","0","0"
"2683","2025-08-31T14:09:03.063362","7","0","0","278.0","1","5","0","0"
"2682","2025-08-31T13:48:44.691665","7","0","0","278.0","1","5","0","0"
"2681","2025-08-31T13:29:01.391709","7","0","0","278.0","1","5","0","0"
"2680","2025-08-31T13:18:01.132616","7","0","0","278.0","1","5","0","0"
"2679","2025-08-31T12:49:44.524069","6","1","0","278.0","1","5","0","0"
"2678","2025-08-31T12:25:58.095027","6","0","0","278.0","1","5","0","0"
"2677","2025-08-31T12:22:13.840449","6","0","0","278.0","1","5","0","0"
"2676","2025-08-31T12:10:03.707113","6","0","0","278.0","1","5","0","0"
"2675","2025-08-31T12:04:37.590587","6","0","0","278.0","1","5","0","0"
"2674","2025-08-31T11:59:58.207621","6","0","0","278.0","1","5","0","0"
"2673","2025-08-31T11:55:00.059987","6","0","0","278.0","1","5","0","0"
"2672","2025-08-31T11:25:56.036988","6","1","0","278.0","1","5","0","0"
"2671","2025-08-31T10:50:02.368002","6","1","0","278.0","1","5","0","0"
"2670","2025-08-31T10:38:59.238631","3","0","0","278.0","1","5","0","0"
"2669","2025-08-31T10:34:16.249803","3","1","0","278.0","1","5","0","0"
"2668","2025-08-31T09:57:33.367287","2","1","0","278.0","1","5","0","0"
"2667","2025-08-31T09:49:14.829618","4","1","0","278.0","1","5","0","0"
"2666","2025-08-31T09:44:42.965475","4","0","0","278.0","1","5","0","0"
"2665","2025-08-31T09:38:55.082490","3","0","0","278.0","1","5","0","0"
"2664","2025-08-31T09:27:07.483978","1","1","0","278.0","1","5","0","0"
"2663","2025-08-28T19:31:46.171270","4","0","0","278.0","0","5","0","0"
"2662","2025-08-28T19:27:05.313195","4","0","0","278.0","0","5","0","0"
"2661","2025-08-28T19:26:10.537984","4","0","0","278.0","0","5","0","0"
"2660","2025-08-28T19:24:00.163572","4","0","0","278.0","0","5","0","0"
"2659","2025-08-28T19:18:19.996013","4","1","0","278.0","0","5","0","0"
"2658","2025-08-28T19:13:58.654166","4","0","0","278.0","0","5","0","0"
"2657","2025-08-28T19:08:06.521302","4","1","0","278.0","0","5","0","0"
"2656","2025-08-28T19:04:26.103566","4","0","0","278.0","0","5","0","0"
"2655","2025-08-28T18:58:35.756832","3","0","0","278.0","0","5","0","0"
"2654","2025-08-28T18:56:26.371385","2","1","0","278.0","0","5","0","0"
"2653","2025-08-28T18:54:32.575203","2","1","0","278.0","0","5","0","0"
"2652","2025-08-26T18:35:49.665086","3","0","0","278.0","0","5","0","0"
"2651","2025-08-26T18:34:08.489146","3","0","0","278.0","0","5","0","0"
"2650","2025-08-26T18:32:54.035402","3","0","0","278.0","0","5","0","0"
"2649","2025-08-26T18:30:17.708746","3","1","0","278.0","0","5","0","0"
"2648","2025-08-26T18:24:49.176876","4","1","0","278.0","0","5","0","0"
"2647","2025-08-26T18:22:11.919108","4","1","0","278.0","0","5","0","0"
"2646","2025-08-26T18:19:30.144094","4","0","0","278.0","0","5","0","0"
"2645","2025-08-26T18:16:30.244085","4","1","0","278.0","0","5","0","0"
"2644","2025-08-26T18:12:48.080269","4","1","0","278.0","0","5","0","0"
"2643","2025-08-26T18:09:18.162101","3","1","0","278.0","0","5","0","0"
"2642","2025-08-26T18:06:55.877869","3","1","0","278.0","0","5","0","0"
"2641","2025-08-26T18:02:59.412554","3","1","0","278.0","0","5","0","0"
"2640","2025-08-26T17:59:53.086176","3","1","0","278.0","0","5","0","0"
"2639","2025-08-26T17:55:53.169363","3","1","0","278.0","0","5","0","0"
"2638","2025-08-26T17:51:11.064670","2","1","0","278.0","0","5","0","0"
"2637","2025-08-26T17:51:05.307156","2","1","0","278.0","0","5","0","0"
"2636","2025-08-21T20:59:11.074304","6","0","0","278.0","1","5","0","0"
"2635","2025-08-21T20:40:49.346813","6","0","0","278.0","1","5","0","0"
"2634","2025-08-21T20:39:38.162828","6","0","0","278.0","1","5","0","0"
"2633","2025-08-21T20:19:05.209951","6","0","0","278.0","1","5","0","0"
"2632","2025-08-21T20:09:58.033068","6","0","0","278.0","1","5","0","0"
"2631","2025-08-21T19:59:49.146325","6","0","0","278.0","1","5","0","0"
"2630","2025-08-21T19:56:30.284518","6","0","0","278.0","1","5","0","0"
"2629","2025-08-21T19:47:41.527741","6","0","0","278.0","1","5","0","0"
"2628","2025-08-21T19:45:10.392630","6","0","0","278.0","1","5","0","0"
"2627","2025-08-21T19:45:07.084437","6","0","0","278.0","1","5","0","0"
"2626","2025-08-21T19:33:21.069551","6","0","0","278.0","1","5","0","0"
"2625","2025-08-21T19:23:58.843181","6","0","0","278.0","1","5","0","0"
"2624","2025-08-21T18:40:37.523088","3","1","0","278.0","1","5","0","0"
"2623","2025-08-21T18:22:37.149016","2","1","0","278.0","1","5","0","0"
"2622","2025-08-21T18:15:16.735404","2","1","0","278.0","1","5","0","0"
"2621","2025-08-21T18:05:17.850583","2","1","0","278.0","1","5","0","0"
"2620","2025-08-19T20:00:53.982250","1","1","0","278.0","0","5","0","0"
"2619","2025-08-19T19:59:58.225958","4","1","0","278.0","0","5","0","0"
"2618","2025-08-19T19:58:07.454177","4","1","0","278.0","0","5","0","0"
"2617","2025-08-19T19:56:44.171235","3","1","0","278.0","0","5","0","0"
"2616","2025-08-19T19:54:47.436634","4","0","0","278.0","0","5","0","0"
"2615","2025-08-19T19:54:43.333825","4","1","0","278.0","0","5","0","0"
"2614","2025-08-19T19:50:12.623717","3","0","0","278.0","0","5","0","0"
"2613","2025-08-19T19:50:07.226122","3","1","0","278.0","0","5","0","0"
"2612","2025-08-19T19:48:54.825419","2","1","0","278.0","0","5","0","0"
"2611","2025-08-19T19:48:50.228367","2","1","0","278.0","0","5","0","0"
"2610","2025-08-19T19:38:22.016641","3","1","0","278.0","0","5","0","0"
"2609","2025-08-19T19:38:15.360471","3","1","0","278.0","0","5","0","0"
"2608","2025-08-19T19:31:14.759071","5","1","0","278.0","0","5","0","0"
"2607","2025-08-19T19:24:08.160175","2","1","0","278.0","0","5","0","0"
"2606","2025-08-19T19:24:04.199471","2","1","0","278.0","0","5","0","0"
"2605","2025-08-19T19:20:19.661970","2","1","0","278.0","0","5","0","0"
"2604","2025-08-19T19:20:14.934514","2","1","0","278.0","0","5","0","0"
"2603","2025-08-19T19:16:11.412663","4","1","0","278.0","0","5","0","0"
"2602","2025-08-19T19:15:10.292104","3","1","0","278.0","0","5","0","0"
"2601","2025-08-19T19:15:05.517475","3","1","0","278.0","0","5","0","0"
"2600","2025-08-19T19:13:18.576485","3","1","0","278.0","0","5","0","0"
"2599","2025-08-19T19:13:14.427421","3","1","0","278.0","0","5","0","0"
"2598","2025-08-19T19:10:48.004634","2","1","0","278.0","0","5","0","0"
"2597","2025-08-19T19:10:32.458884","2","1","0","278.0","0","5","0","0"
"2596","2025-08-17T12:20:01.944706","6","0","0","278.0","1","5","0","0"
"2595","2025-08-17T11:59:57.724419","6","0","0","278.0","1","5","0","0"
"2594","2025-08-17T11:45:08.948351","6","0","0","278.0","1","5","0","0"
"2593","2025-08-17T11:38:23.588785","6","0","0","278.0","1","5","0","0"
"2592","2025-08-17T11:10:53.997039","6","0","0","278.0","1","5","0","0"
"2591","2025-08-17T11:00:11.807740","6","0","0","278.0","1","5","0","0"
"2590","2025-08-17T10:50:34.957490","6","0","0","278.0","1","5","0","0"
"2589","2025-08-17T10:43:21.208307","6","0","0","278.0","1","5","0","0"
"2588","2025-08-17T10:30:13.415619","6","0","0","278.0","1","5","0","0"
"2587","2025-08-17T10:27:18.587028","6","0","0","278.0","1","5","0","0"
"2586","2025-08-17T10:21:38.750732","6","0","0","278.0","1","5","0","0"
"2585","2025-08-17T09:59:17.530077","4","1","0","278.0","1","5","0","0"
"2584","2025-08-17T09:52:48.758500","6","0","0","278.0","1","5","0","0"
"2583","2025-08-17T09:47:22.386761","6","0","0","278.0","1","5","0","0"
"2582","2025-08-17T09:44:17.623551","6","0","0","278.0","1","5","0","0"
"2581","2025-08-17T08:55:54.285021","2","1","0","278.0","1","5","0","0"
"2580","2025-08-17T08:50:46.280640","2","0","0","278.0","1","5","0","0"
"2579","2025-08-17T08:43:50.313649","2","0","0","278.0","1","5","0","0"
"2578","2025-08-14T19:01:23.927865","7","0","0","278.0","0","5","0","0"
"2577","2025-08-14T18:44:02.396387","3","1","0","278.0","0","5","0","0"
"2576","2025-08-14T18:37:05.120774","3","1","0","278.0","0","5","0","0"
"2575","2025-08-14T18:27:37.492652","3","1","0","278.0","0","5","0","0"
"2574","2025-08-14T18:27:31.737386","1","1","0","278.0","0","5","0","0"
"2573","2025-08-12T18:18:45.839985","3","1","0","278.0","0","5","0","0"
"2572","2025-08-12T18:18:41.951249","3","1","0","278.0","0","5","0","0"
"2571","2025-08-12T18:17:06.098603","4","1","0","278.0","0","5","0","0"
"2570","2025-08-12T18:15:37.223206","3","1","0","278.0","0","5","0","0"
"2569","2025-08-12T18:15:34.121122","3","1","0","278.0","0","5","0","0"
"2568","2025-08-12T18:13:03.452524","3","1","0","278.0","0","5","0","0"
"2567","2025-08-12T18:13:00.727206","1","1","0","278.0","0","5","0","0"
"2566","2025-08-12T18:12:55.566658","1","1","0","278.0","0","5","0","0"
"2565","2025-08-12T18:11:30.950180","2","1","0","278.0","0","5","0","0"
"2564","2025-08-12T18:11:28.123594","2","1","0","278.0","0","5","0","0"
"2563","2025-08-12T18:08:50.349662","2","1","0","278.0","0","5","0","0"
"2562","2025-08-12T18:08:43.929121","2","1","0","278.0","0","5","0","0"
"2561","2025-08-12T18:06:39.547893","3","1","0","278.0","0","5","0","0"
"2560","2025-08-12T18:06:36.838988","1","1","0","278.0","0","5","0","0"
"2559","2025-08-12T18:06:32.375151","1","1","0","278.0","0","5","0","0"
"2558","2025-08-10T13:30:33.265643","5","0","0","278.0","0","5","0","0"
"2557","2025-08-10T13:21:42.772328","5","0","0","278.0","0","5","0","0"
"2556","2025-08-10T13:02:22.962260","5","0","0","278.0","0","5","0","0"
"2555","2025-08-10T12:59:45.889755","5","0","0","278.0","0","5","0","0"
"2554","2025-08-10T12:12:46.244984","5","0","0","278.0","0","5","0","0"
"2553","2025-08-10T12:04:13.599772","5","0","0","278.0","0","5","0","0"
"2552","2025-08-10T11:55:32.393944","5","0","0","278.0","0","5","0","0"
"2551","2025-08-10T11:50:32.443676","5","0","0","278.0","0","5","0","0"
"2550","2025-08-10T11:34:50.890020","5","1","0","278.0","0","5","0","0"
"2549","2025-08-10T11:19:59.240338","5","0","0","278.0","0","5","0","0"
"2548","2025-08-10T11:12:52.169044","5","0","0","278.0","0","5","0","0"
"2547","2025-08-10T11:07:31.827728","5","0","0","278.0","0","5","0","0"
"2546","2025-08-10T10:59:54.610978","5","0","0","278.0","0","5","0","0"
"2545","2025-08-10T10:50:07.177812","5","1","0","278.0","0","5","0","0"
"2544","2025-08-10T10:50:02.063765","5","0","0","278.0","0","5","0","0"
"2543","2025-08-10T10:36:08.852441","4","1","0","278.0","0","5","0","0"
"2542","2025-08-10T10:35:11.449016","4","0","0","278.0","0","5","0","0"
"2541","2025-08-10T10:18:16.141063","4","0","0","278.0","0","5","0","0"
"2540","2025-08-10T10:09:50.520368","3","1","0","278.0","0","5","0","0"
"2539","2025-08-10T10:02:22.868327","2","1","0","278.0","0","5","0","0"
"2538","2025-08-07T21:35:43.952380","8","0","0","278.0","1","5","0","0"
"2537","2025-08-07T21:30:06.191651","8","0","0","278.0","1","5","0","0"
"2536","2025-08-07T21:17:02.609517","8","0","0","278.0","1","5","0","0"
"2535","2025-08-07T20:37:16.679367","7","0","0","278.0","1","5","0","0"
"2534","2025-08-07T20:29:16.144163","7","0","0","278.0","1","5","0","0"
"2533","2025-08-07T20:13:47.306775","6","0","0","278.0","1","5","0","0"
"2532","2025-08-07T20:01:29.273194","3","1","0","278.0","1","5","0","0"
"2531","2025-08-07T19:55:25.315457","6","1","0","278.0","1","5","0","0"
"2530","2025-08-07T19:42:04.269228","6","0","0","278.0","1","5","0","0"
"2529","2025-08-07T19:31:04.728642","6","0","0","278.0","1","5","0","0"
"2528","2025-08-07T19:24:46.374649","6","0","0","278.0","1","5","0","0"
"2527","2025-08-07T19:04:36.825951","4","1","0","278.0","1","5","0","0"
"2526","2025-08-07T19:01:57.718982","4","0","0","278.0","1","5","0","0"
"2525","2025-08-07T18:59:12.828581","2","1","0","278.0","1","5","0","0"
"2524","2025-08-07T18:56:22.373403","5","0","0","278.0","1","5","0","0"
"2523","2025-08-07T18:51:42.997675","5","0","0","278.0","1","5","0","0"
"2522","2025-08-07T18:47:23.497406","1","1","0","278.0","1","5","0","0"
"2521","2025-08-07T18:35:36.314390","5","1","0","278.0","1","5","0","0"
"2520","2025-08-07T18:29:44.591943","5","0","0","278.0","1","5","0","0"
"2519","2025-08-07T18:25:00.483077","5","0","0","278.0","1","5","0","0"
"2518","2025-08-07T18:19:23.772321","5","0","0","278.0","1","5","0","0"
"2517","2025-08-07T18:17:26.376057","5","0","0","278.0","1","5","0","0"
"2516","2025-08-07T18:13:52.118412","5","0","0","278.0","1","5","0","0"
"2515","2025-08-07T18:06:51.579529","1","1","0","278.0","1","5","0","0"
"2514","2025-08-07T17:59:47.560432","1","1","0","278.0","1","5","0","0"
"2513","2025-08-05T18:40:29.399770","3","0","0","278.0","0","5","0","0"
"2512","2025-08-05T18:39:27.803713","3","0","0","278.0","0","5","0","0"
"2511","2025-08-05T18:37:10.646780","3","0","0","278.0","0","5","0","0"
"2510","2025-08-05T18:33:00.769438","3","0","0","278.0","0","5","0","0"
"2509","2025-08-05T18:30:16.204521","3","0","0","278.0","0","5","0","0"
"2508","2025-08-05T18:22:58.284154","3","1","0","278.0","0","5","0","0"
"2507","2025-08-05T18:20:32.847627","3","0","0","278.0","0","5","0","0"
"2506","2025-08-05T18:16:40.794066","3","1","0","278.0","0","5","0","0"
"2505","2025-08-05T18:11:56.850770","3","0","0","278.0","0","5","0","0"
"2504","2025-08-05T18:06:28.192640","5","1","0","278.0","0","5","0","0"
"2503","2025-08-05T18:05:03.312100","5","0","0","278.0","0","5","0","0"
"2502","2025-08-05T17:58:32.614355","4","1","0","278.0","0","5","0","0"
"2501","2025-08-05T17:56:23.853061","3","1","0","278.0","0","5","0","0"
"2500","2025-07-27T13:12:09.855569","6","0","0","278.0","1","5","0","0"
"2499","2025-07-27T12:59:00.609475","6","0","0","278.0","1","5","0","0"
"2498","2025-07-27T12:55:59.451640","6","0","0","278.0","1","5","0","0"
"2497","2025-07-27T12:26:21.086748","6","0","0","278.0","1","5","0","0"
"2496","2025-07-27T12:02:51.449820","6","0","0","278.0","1","5","0","0"
"2495","2025-07-27T12:00:41.049325","6","0","0","278.0","1","5","0","0"
"2494","2025-07-27T11:56:33.342131","6","0","0","278.0","1","5","0","0"
"2493","2025-07-27T11:38:59.821303","4","1","0","278.0","1","5","0","0"
"2492","2025-07-27T11:25:12.411378","6","0","0","278.0","1","5","0","0"
"2491","2025-07-27T11:02:39.771649","6","0","0","278.0","1","5","0","0"
"2490","2025-07-27T10:46:53.633132","6","0","0","278.0","1","5","0","0"
"2489","2025-07-27T10:30:59.413391","2","1","0","278.0","1","5","0","0"
"2488","2025-07-27T09:56:00.743542","3","1","0","278.0","1","5","0","0"
"2487","2025-07-27T09:48:38.390559","2","1","0","278.0","1","5","0","0"
"2486","2025-07-25T12:21:46.687234","4","0","0","278.0","0","5","0","0"
"2485","2025-07-25T12:08:26.452772","4","0","0","278.0","0","5","0","0"
"2484","2025-07-25T12:01:39.651018","4","0","0","278.0","0","5","0","0"
"2483","2025-07-25T12:00:13.639504","4","0","0","278.0","0","5","0","0"
"2482","2025-07-25T11:52:11.779113","4","0","0","278.0","0","5","0","0"
"2481","2025-07-25T11:45:03.660284","4","0","0","278.0","0","5","0","0"
"2480","2025-07-25T11:38:24.518687","4","1","0","278.0","0","5","0","0"
"2479","2025-07-25T11:28:48.119456","4","0","0","278.0","0","5","0","0"
"2478","2025-07-25T11:23:35.796579","4","1","0","278.0","0","5","0","0"
"2477","2025-07-22T20:09:24.803969","4","1","0","278.0","0","5","0","0"
"2476","2025-07-20T17:28:07.582205","4","0","0","278.0","0","5","0","0"
"2475","2025-07-20T17:05:19.465479","4","0","0","278.0","0","5","0","0"
"2474","2025-07-20T17:03:29.366255","4","0","0","278.0","0","5","0","0"
"2473","2025-07-20T16:53:03.296661","4","0","0","278.0","0","5","0","0"
"2472","2025-07-20T16:46:13.870139","4","1","0","278.0","0","5","0","0"
"2471","2025-07-15T09:08:43.560760","4","0","0","278.0","0","5","0","0"
"2470","2025-07-15T08:57:06.399381","4","0","0","278.0","0","5","0","0"
"2469","2025-07-15T08:46:11.068637","4","1","0","278.0","0","5","0","0"
"2468","2025-07-15T08:42:49.733343","4","1","0","278.0","0","5","0","0"
"2467","2025-07-15T08:36:52.965189","2","1","0","278.0","0","5","0","0"
"2466","2025-07-11T19:22:40.934376","7","0","0","278.0","0","5","0","0"
"2465","2025-07-11T19:21:34.466149","6","0","0","278.0","0","5","0","0"
"2464","2025-07-11T19:21:26.603341","5","0","0","278.0","0","5","0","0"
"2463","2025-07-11T19:13:53.587988","5","1","0","278.0","0","5","0","0"
"2462","2025-07-11T19:10:58.137445","8","0","0","278.0","0","5","0","0"
"2461","2025-07-11T19:09:57.569638","7","0","0","278.0","0","5","0","0"
"2460","2025-07-11T18:59:09.752","6","1","0","278.0","0","5","0","0"
"2459","2025-07-11T18:57:41.758916","5","0","0","278.0","0","5","0","0"
"2458","2025-07-11T18:52:50.402423","4","1","0","278.0","0","5","0","0"
"2457","2025-07-11T18:43:32.928163","3","1","0","278.0","0","5","0","0"
"2456","2025-07-11T18:39:22.610627","2","1","0","278.0","0","5","0","0"
"2455","2025-07-11T18:36:19.202438","4","1","0","278.0","0","5","0","0"
"2454","2025-07-11T18:30:17.945990","3","1","0","278.0","0","5","0","0"
"2453","2025-07-11T18:28:41.133007","3","0","0","278.0","0","5","0","0"
"2452","2025-07-11T18:26:22.074370","2","1","0","278.0","0","5","0","0"
"2451","2025-07-11T18:25:28.326914","1","1","0","278.0","0","5","0","0"
"2450","2025-07-09T20:38:14.800477","6","0","0","278.0","0","5","0","0"
"2449","2025-07-09T20:38:09.978881","4","1","0","278.0","0","5","0","0"
"2448","2025-07-09T20:09:22.451585","4","1","0","278.0","0","5","0","0"
"2447","2025-07-09T19:54:17.105408","5","1","0","278.0","0","5","0","0"
"2446","2025-07-09T19:50:29.170995","5","0","0","278.0","0","5","0","0"
"2445","2025-07-09T19:46:47.564913","3","1","0","278.0","0","5","0","0"
"2444","2025-07-09T19:41:07.620388","5","1","0","278.0","0","5","0","0"
"2443","2025-07-09T19:36:35.764007","3","1","0","278.0","0","5","0","0"
"2442","2025-07-09T19:36:30.119105","0","1","0","278.0","0","5","0","0"
"2441","2025-07-05T21:57:24.293078","4","1","0","278.0","0","5","0","0"
"2440","2025-07-05T21:47:50.874087","4","0","0","278.0","0","5","0","0"
"2439","2025-07-05T21:41:40.573985","4","0","0","278.0","0","5","0","0"
"2438","2025-07-05T21:35:07.175790","4","0","0","278.0","0","5","0","0"
"2437","2025-07-05T21:25:20.406199","4","0","0","278.0","0","5","0","0"
"2436","2025-07-05T21:19:55.548679","4","0","0","278.0","0","5","0","0"
"2435","2025-07-05T21:11:30.591494","4","1","0","278.0","0","5","0","0"
"2434","2025-07-05T21:06:40.557758","4","0","0","278.0","0","5","0","0"
"2433","2025-07-05T21:03:29.926340","4","0","0","278.0","0","5","0","0"
"2432","2025-07-05T20:57:31.759803","4","1","0","278.0","0","5","0","0"
"2431","2025-07-05T20:51:42.751238","4","0","0","278.0","0","5","0","0"
"2430","2025-07-02T22:01:17.293618","4","0","0","278.0","0","5","0","0"
"2429","2025-07-02T21:59:14.641991","4","0","0","278.0","0","5","0","0"
"2428","2025-07-02T21:55:47.873543","4","0","0","278.0","0","5","0","0"
"2427","2025-07-02T21:53:32.110065","4","0","0","278.0","0","5","0","0"
"2426","2025-07-02T21:50:01.693148","4","0","0","278.0","0","5","0","0"
"2425","2025-07-02T21:43:02.582422","4","1","0","278.0","0","5","0","0"
"2424","2025-07-02T21:42:59.973649","4","0","0","278.0","0","5","0","0"
"2423","2025-07-02T21:42:48.810489","4","0","0","278.0","0","5","0","0"
"2422","2025-06-15T13:17:29.757886","8","0","0","278.0","1","5","0","0"
"2421","2025-06-15T13:02:09.077272","8","0","0","278.0","1","5","0","0"
"2420","2025-06-15T12:47:59.693146","8","0","0","278.0","1","5","0","0"
"2419","2025-06-15T12:43:57.580758","8","0","0","278.0","1","5","0","0"
"2418","2025-06-15T11:37:02.672694","6","0","0","278.0","1","5","0","0"
"2417","2025-06-15T09:48:43.818125","6","1","0","278.0","1","5","0","0"
"2416","2025-06-15T09:37:50.431448","6","0","0","278.0","1","5","0","0"
"2415","2025-06-15T09:19:15.742623","8","0","0","278.0","1","5","0","0"
"2414","2025-06-10T22:02:23.681559","8","0","0","278.0","1","5","0","0"
"2413","2025-06-10T21:57:08.134714","8","0","0","278.0","1","5","0","0"
"2412","2025-06-10T20:36:20.157484","8","0","0","278.0","1","5","0","0"
"2411","2025-06-10T20:32:39.570955","8","0","0","278.0","1","5","0","0"
"2410","2025-06-10T20:26:40.223031","8","0","0","278.0","1","5","0","0"
"2409","2025-06-10T20:22:00.629885","8","0","0","278.0","1","5","0","0"
"2408","2025-06-10T19:49:46.837468","8","0","0","278.0","1","5","0","0"
"2407","2025-06-09T20:35:21.981881","7","1","0","278.0","0","5","0","0"
"2406","2025-06-09T20:29:10.642649","7","0","0","278.0","0","5","0","0"
"2405","2025-06-09T20:21:57.227839","7","0","0","278.0","0","5","0","0"
"2404","2025-06-09T20:14:50.381470","5","1","0","278.0","0","5","0","0"
"2403","2025-06-09T19:51:34.579623","5","1","0","278.0","0","5","0","0"
"2402","2025-06-09T19:43:42.900288","4","1","0","278.0","0","5","0","0"
"2401","2025-06-09T19:37:26.886086","4","1","0","278.0","0","5","0","0"
"2400","2025-06-09T19:25:12.688105","1","1","0","278.0","0","5","0","0"
"2399","2025-06-09T19:18:34.522257","1","1","0","278.0","0","5","0","0"
"2398","2025-06-09T19:13:59.605212","1","1","0","278.0","0","5","0","0"
"2397","2025-06-09T19:13:40.707121","1","1","0","278.0","0","5","0","0"
"2396","2025-06-07T13:06:53.224235","6","0","0","278.0","1","5","0","0"
"2395","2025-06-07T13:01:15.483217","6","0","0","278.0","1","5","0","0"
"2394","2025-06-07T12:59:24.449446","6","0","0","278.0","1","5","0","0"
"2393","2025-06-07T12:44:17.075272","7","1","0","278.0","1","5","0","0"
"2392","2025-06-07T12:07:52.830575","7","0","0","278.0","1","5","0","0"
"2391","2025-06-07T11:51:49.710117","5","1","0","278.0","1","5","0","0"
"2390","2025-06-07T11:47:29.086505","6","0","0","278.0","1","5","0","0"
"2389","2025-06-07T11:40:14.935980","6","0","0","278.0","1","5","0","0"
"2388","2025-06-07T11:16:00.264704","2","1","0","278.0","1","5","0","0"
"2387","2025-06-07T10:54:49.580982","5","0","0","278.0","1","5","0","0"
"2386","2025-06-07T10:37:57.780633","5","0","0","278.0","1","5","0","0"
"2385","2025-06-07T10:28:44.732775","4","0","0","278.0","1","5","0","0"
"2384","2025-06-07T10:16:44.157945","4","0","0","278.0","1","5","0","0"
"2383","2025-06-03T21:32:56.467155","9","0","0","278.0","0","5","0","0"
"2382","2025-06-03T21:29:27.224770","8","0","0","278.0","0","5","0","0"
"2381","2025-06-03T21:29:21.115283","8","0","0","278.0","0","5","0","0"
"2380","2025-06-03T21:20:16.626313","7","1","0","278.0","0","5","0","0"
"2379","2025-06-03T21:20:10.664990","8","0","0","278.0","0","5","0","0"
"2378","2025-06-03T21:09:13.525027","6","1","0","278.0","0","5","0","0"
"2377","2025-06-03T21:03:33.355294","5","1","0","278.0","0","5","0","0"
"2376","2025-06-03T20:57:29.445851","2","1","0","278.0","0","5","0","0"
"2375","2025-06-03T20:57:25.445122","2","1","0","278.0","0","5","0","0"
"2374","2025-06-03T20:57:22.927660","1","1","0","278.0","0","5","0","0"
"2373","2025-06-03T20:57:18.092870","1","1","0","278.0","0","5","0","0"
"2372","2025-06-03T20:52:21.893370","3","1","0","278.0","0","5","0","0"
"2371","2025-06-03T20:52:19.293143","2","1","0","278.0","0","5","0","0"
"2370","2025-06-03T20:52:14.809883","2","1","0","278.0","0","5","0","0"
"2369","2025-06-03T20:52:11.352619","1","1","0","278.0","0","5","0","0"
"2368","2025-06-03T20:52:01.667263","1","1","0","278.0","0","5","0","0"
"2367","2025-05-26T21:13:54.027825","8","0","0","278.0","1","5","0","0"
"2366","2025-05-26T21:03:18.204905","8","0","0","278.0","1","5","0","0"
"2365","2025-05-26T20:54:20.165677","8","0","0","278.0","1","5","0","0"
"2364","2025-05-26T20:37:23.428638","8","0","0","278.0","1","5","0","0"
"2363","2025-05-26T20:19:59.695334","8","0","0","278.0","1","5","0","0"
"2362","2025-05-26T20:15:02.623505","8","0","0","278.0","1","5","0","0"
"2361","2025-05-26T20:07:57.755142","8","0","0","278.0","1","5","0","0"
"2360","2025-05-26T20:03:00.032419","8","0","0","278.0","1","5","0","0"
"2359","2025-05-26T19:52:50.869639","8","0","0","278.0","1","5","0","0"
"2358","2025-05-23T20:29:32.716325","8","1","0","278.0","1","5","0","0"
"2357","2025-05-23T20:08:18.523564","8","0","0","278.0","1","5","0","0"
"2356","2025-05-23T20:00:53.951412","8","0","0","278.0","1","5","0","0"
"2355","2025-05-23T18:57:39.253805","8","0","0","278.0","1","5","0","0"
"2354","2025-05-23T18:40:08.804772","8","1","0","278.0","1","5","0","0"
"2353","2025-05-23T18:29:13.109901","8","0","0","278.0","1","5","0","0"
"2352","2025-05-23T18:20:39.219403","8","0","0","278.0","1","5","0","0"
"2351","2025-05-23T17:58:09.381385","6","1","0","278.0","1","5","0","0"
"2350","2025-05-21T22:33:53.187328","8","0","0","278.0","1","5","0","0"
"2349","2025-05-21T22:26:43.333064","8","0","0","278.0","1","5","0","0"
"2348","2025-05-21T22:15:43.340844","8","0","0","278.0","1","5","0","0"
"2347","2025-05-21T22:02:32.457538","8","0","0","278.0","1","5","0","0"
"2346","2025-05-21T21:52:58.059917","8","0","0","278.0","1","5","0","0"
"2345","2025-05-21T21:40:02.494398","6","1","0","278.0","1","5","0","0"
"2344","2025-05-21T21:29:32.237941","6","0","0","278.0","1","5","0","0"
"2343","2025-05-21T21:29:29.451410","7","0","0","278.0","1","5","0","0"
"2342","2025-05-21T20:12:28.773905","7","0","0","278.0","1","5","0","0"
"2341","2025-05-21T19:54:30.450216","7","0","0","278.0","1","5","0","0"
"2340","2025-05-21T19:40:59.341281","7","0","0","278.0","1","5","0","0"
"2339","2025-05-21T19:21:34.728078","7","0","0","278.0","1","5","0","0"
"2338","2025-05-21T19:13:41.098581","7","0","0","278.0","1","5","0","0"
"2337","2025-05-21T19:00:37.317672","7","0","0","278.0","1","5","0","0"
"2336","2025-05-21T18:50:31.645711","7","0","0","278.0","1","5","0","0"
"2335","2025-05-21T18:33:22.043352","7","0","0","278.0","1","5","0","0"
"2334","2025-05-21T18:26:40.339515","3","1","0","278.0","1","5","0","0"
"2333","2025-05-21T18:17:38.926486","5","1","0","278.0","1","5","0","0"
"2332","2025-05-19T20:41:24.758852","6","0","0","278.0","0","5","0","0"
"2331","2025-05-19T20:36:08.405811","6","0","0","278.0","0","5","0","0"
"2330","2025-05-19T20:30:19.932208","6","0","0","278.0","0","5","0","0"
"2329","2025-05-19T20:26:09.157786","5","1","0","278.0","0","5","0","0"
"2328","2025-05-19T20:21:08.969309","5","1","0","278.0","0","5","0","0"
"2327","2025-05-19T20:15:09.342571","2","1","0","278.0","0","5","0","0"
"2326","2025-05-19T20:15:06.145247","3","1","0","278.0","0","5","0","0"
"2325","2025-05-19T20:12:01.468870","3","1","0","278.0","0","5","0","0"
"2324","2025-05-19T20:11:57.129154","1","1","0","278.0","0","5","0","0"
"2323","2025-05-19T20:11:49.110178","0","1","0","278.0","0","5","0","0"
"2322","2025-05-17T13:36:19.126542","9","0","0","278.0","1","5","0","0"
"2321","2025-05-17T13:02:13.183515","5","1","0","278.0","1","5","0","0"
"2320","2025-05-17T12:34:40.322942","7","0","0","278.0","1","5","0","0"
"2319","2025-05-17T12:34:35.852144","7","0","0","278.0","1","5","0","0"
"2318","2025-05-17T12:23:18.050128","7","0","0","278.0","1","5","0","0"
"2317","2025-05-17T11:53:13.841526","5","1","0","278.0","1","5","0","0"
"2316","2025-05-17T11:35:32.874992","5","0","0","278.0","1","5","0","0"
"2315","2025-05-17T11:19:19.771475","5","0","0","278.0","1","5","0","0"
"2314","2025-05-17T11:12:44.540240","1","1","0","278.0","1","5","0","0"
"2313","2025-05-17T11:12:41.687738","1","1","0","278.0","1","5","0","0"
"2312","2025-05-17T11:12:36.294230","1","1","0","278.0","1","5","0","0"
"2311","2025-05-13T21:48:59.441663","10","0","0","278.0","1","5","0","0"
"2310","2025-05-13T21:29:48.936176","10","0","0","278.0","1","5","0","0"
"2309","2025-05-13T21:10:55.490833","6","0","0","278.0","1","5","0","0"
"2308","2025-05-13T20:59:21.003133","6","0","0","278.0","1","5","0","0"
"2307","2025-05-13T20:56:09.113390","6","0","0","278.0","1","5","0","0"
"2306","2025-05-13T20:55:07.237212","6","0","0","278.0","1","5","0","0"
"2305","2025-05-13T20:46:32.107348","6","0","0","278.0","1","5","0","0"
"2304","2025-05-13T20:46:29.260337","6","0","0","278.0","1","5","0","0"
"2303","2025-05-13T20:39:40.455547","6","0","0","278.0","1","5","0","0"
"2302","2025-05-13T20:33:47.110525","6","0","0","278.0","1","5","0","0"
"2301","2025-05-13T20:15:13.585010","4","1","0","278.0","1","5","0","0"
"2300","2025-05-13T20:08:08.989556","4","0","0","278.0","1","5","0","0"
"2299","2025-05-13T20:06:17.783788","4","0","0","278.0","1","5","0","0"
"2298","2025-05-13T19:58:25.808785","11","0","0","278.0","1","5","0","0"
"2297","2025-05-13T19:28:12.633265","4","1","0","278.0","1","5","0","0"
"2296","2025-05-13T19:13:02.438527","6","0","0","278.0","1","5","0","0"
"2295","2025-05-13T19:12:57.555994","10","0","0","278.0","1","5","0","0"
"2294","2025-05-13T18:52:38.848643","6","0","0","278.0","1","5","0","0"
"2293","2025-05-13T18:52:36.440893","6","0","0","278.0","1","5","0","0"
"2292","2025-05-13T18:52:31.467029","6","0","0","278.0","1","5","0","0"
"2291","2025-05-11T14:03:33.438154","5","0","0","278.0","1","5","0","0"
"2290","2025-05-11T13:44:00.623515","5","1","0","278.0","1","5","0","0"
"2289","2025-05-11T13:32:41.158186","6","0","0","278.0","1","5","0","0"
"2288","2025-05-11T13:16:49.957921","6","0","0","278.0","1","5","0","0"
"2287","2025-05-11T12:52:28.833772","6","0","0","278.0","1","5","0","0"
"2286","2025-05-11T12:40:45.168378","6","0","0","278.0","1","5","0","0"
"2285","2025-05-11T12:02:49.902671","6","0","0","278.0","1","5","0","0"
"2284","2025-05-11T12:02:47.403591","6","0","0","278.0","1","5","0","0"
"2283","2025-05-11T12:02:40.796701","6","0","0","278.0","1","5","0","0"
"2282","2025-05-11T12:02:34.446842","3","1","0","278.0","1","5","0","0"
"2281","2025-05-11T12:02:26.448139","1","1","0","278.0","1","5","0","0"
"2280","2025-05-04T14:58:17.768351","7","0","0","278.0","1","5","0","0"
"2279","2025-05-04T14:52:19.801636","7","0","0","278.0","1","5","0","0"
"2278","2025-05-04T14:43:15.872329","7","0","0","278.0","1","5","0","0"
"2277","2025-05-04T14:37:06.946932","7","0","0","278.0","1","5","0","0"
"2276","2025-05-04T14:35:52.283995","7","0","0","278.0","1","5","0","0"
"2275","2025-05-04T13:44:55.600695","3","1","0","278.0","1","5","0","0"
"2274","2025-05-04T13:34:10.120650","3","0","0","278.0","1","5","0","0"
"2273","2025-05-04T13:29:39.899247","1","1","0","278.0","1","5","0","0"
"2272","2025-04-28T21:06:45.025354","5","1","0","278.0","0","5","0","0"
"2271","2025-04-28T21:01:09.052373","6","1","0","278.0","0","5","0","0"
"2270","2025-04-28T20:57:01.312615","6","1","0","278.0","0","5","0","0"
"2269","2025-04-28T20:48:10.122821","7","0","0","278.0","0","5","0","0"
"2268","2025-04-28T20:45:13.292987","7","1","0","278.0","0","5","0","0"
"2267","2025-04-28T20:41:56.206171","5","1","0","278.0","0","5","0","0"
"2266","2025-04-28T20:38:01.582354","6","0","0","278.0","0","5","0","0"
"2265","2025-04-28T20:34:20.540258","6","0","0","278.0","0","5","0","0"
"2264","2025-04-28T20:30:05.965080","5","1","0","278.0","0","5","0","0"
"2263","2025-04-28T20:22:14.932756","5","1","0","278.0","0","5","0","0"
"2262","2025-04-28T20:18:00.737635","4","1","0","278.0","0","5","0","0"
"2261","2025-04-28T20:15:00.372698","3","1","0","278.0","0","5","0","0"
"2260","2025-04-28T20:12:03.448681","2","1","0","278.0","0","5","0","0"
"2259","2025-04-26T16:15:57.342952","7","0","0","278.0","1","5","0","0"
"2258","2025-04-26T16:08:56.080671","7","0","0","278.0","1","5","0","0"
"2257","2025-04-26T15:47:27.163906","5","1","0","278.0","1","5","0","0"
"2256","2025-04-26T15:37:07.572519","5","0","0","278.0","1","5","0","0"
"2255","2025-04-26T15:32:30.471441","5","0","0","278.0","1","5","0","0"
"2254","2025-04-26T15:14:15.380830","5","1","0","278.0","1","5","0","0"
"2253","2025-04-26T15:04:33.180447","3","1","0","278.0","1","5","0","0"
"2252","2025-04-26T15:01:06.555209","5","0","0","278.0","1","5","0","0"
"2251","2025-04-26T14:54:55.320654","5","0","0","278.0","1","5","0","0"
"2250","2025-04-26T14:45:58.927557","5","0","0","278.0","1","5","0","0"
"2249","2025-04-26T14:35:00.683591","5","0","0","278.0","1","5","0","0"
"2248","2025-04-26T14:27:35.619949","3","1","0","278.0","1","5","0","0"
"2247","2025-04-26T14:21:49.371990","1","1","0","278.0","1","5","0","0"
"2246","2025-04-26T14:12:22.009930","1","1","0","278.0","1","5","0","0"
"2245","2025-04-22T19:36:25.854228","8","0","0","278.0","1","5","0","0"
"2244","2025-04-22T19:22:00.357404","8","0","0","278.0","1","5","0","0"
"2243","2025-04-22T19:08:16.673172","4","1","0","278.0","1","5","0","0"
"2242","2025-04-22T18:59:40.317711","8","0","0","278.0","1","5","0","0"
"2241","2025-04-22T18:39:31.519543","8","0","0","278.0","1","5","0","0"
"2240","2025-04-22T18:39:19.424065","2","1","0","278.0","1","5","0","0"
"2239","2025-04-20T18:27:14.161430","8","0","0","278.0","1","5","0","0"
"2238","2025-04-20T18:15:45.521326","8","0","0","278.0","1","5","0","0"
"2237","2025-04-20T18:04:49.280763","8","0","0","278.0","1","5","0","0"
"2236","2025-04-20T18:04:41.302725","7","0","0","278.0","1","5","0","0"
"2235","2025-04-20T17:53:32.122012","7","0","0","278.0","1","5","0","0"
"2234","2025-04-20T17:38:03.318386","4","1","0","278.0","1","5","0","0"
"2233","2025-04-20T17:21:48.910538","3","1","0","278.0","1","5","0","0"
"2232","2025-04-20T17:09:08.343932","6","1","0","278.0","1","5","0","0"
"2231","2025-04-20T16:58:58.236859","6","0","0","278.0","1","5","0","0"
"2230","2025-04-20T16:52:47.863385","5","0","0","278.0","1","5","0","0"
"2229","2025-04-20T16:39:41.698798","5","0","0","278.0","1","5","0","0"
"2228","2025-04-20T16:34:02.836051","5","0","0","278.0","1","5","0","0"
"2227","2025-04-18T17:42:23.400860","3","1","0","278.0","0","5","0","0"
"2226","2025-04-18T17:41:08.713966","1","1","0","278.0","0","5","0","0"
"2225","2025-04-18T17:39:48.680882","2","1","0","278.0","0","5","0","0"
"2224","2025-04-18T17:27:29.594804","2","1","0","278.0","0","5","0","0"
"2223","2025-04-18T17:25:05.584118","2","1","0","278.0","0","5","0","0"
"2222","2025-04-18T17:21:16.587422","2","1","0","278.0","0","5","0","0"
"2221","2025-04-18T17:16:52.907158","3","1","0","278.0","0","5","0","0"
"2220","2025-04-18T17:14:32.066135","3","1","0","278.0","0","5","0","0"
"2219","2025-04-18T17:12:08.413474","3","1","0","278.0","0","5","0","0"
"2218","2025-04-18T17:08:03.713956","2","1","0","278.0","0","5","0","0"
"2217","2025-04-18T17:06:11.461568","2","1","0","278.0","0","5","0","0"
"2216","2025-04-18T17:03:59.480303","2","1","0","278.0","0","5","0","0"
"2215","2025-04-16T18:05:31.208407","5","0","0","278.0","0","5","0","0"
"2214","2025-04-16T17:52:43.278635","5","0","0","278.0","0","5","0","0"
"2213","2025-04-16T17:50:59.780887","3","0","0","278.0","0","5","0","0"
"2212","2025-04-16T17:44:43.105216","3","1","0","278.0","0","5","0","0"
"2211","2025-04-16T17:41:04.712047","5","0","0","278.0","0","5","0","0"
"2210","2025-04-16T17:36:15.519690","5","0","0","278.0","0","5","0","0"
"2209","2025-04-16T17:29:46.498158","5","1","0","278.0","0","5","0","0"
"2208","2025-04-16T17:19:32.565489","4","1","0","278.0","0","5","0","0"
"2207","2025-04-16T17:10:53.278531","4","0","0","278.0","0","5","0","0"
"2206","2025-04-16T17:06:41.823974","3","1","0","278.0","0","5","0","0"
"2205","2025-04-16T17:02:14.204181","2","1","0","278.0","0","5","0","0"
"2204","2025-04-16T17:00:15.802523","1","1","0","278.0","0","5","0","0"
"2203","2025-04-13T15:15:44.062573","5","0","0","278.0","1","5","0","0"
"2202","2025-04-13T14:57:10.101502","5","0","0","278.0","1","5","0","0"
"2201","2025-04-13T14:48:42.109329","5","0","0","278.0","1","5","0","0"
"2200","2025-04-13T14:43:38.116549","5","0","0","278.0","1","5","0","0"
"2199","2025-04-13T14:23:46.029973","5","0","0","278.0","1","5","0","0"
"2198","2025-04-13T11:50:18.483052","7","0","0","278.0","1","5","0","0"
"2197","2025-04-13T11:00:08.608585","3","1","0","278.0","1","5","0","0"
"2196","2025-04-13T10:49:38.699241","3","0","0","278.0","1","5","0","0"
"2195","2025-04-13T10:49:32.791554","3","1","0","278.0","1","5","0","0"
"2194","2025-04-13T10:38:26.886169","1","1","0","278.0","1","5","0","0"
"2193","2025-04-13T10:38:19.507190","0","1","0","278.0","1","5","0","0"
"2192","2025-04-11T20:25:33.034750","5","0","0","278.0","1","5","0","0"
"2191","2025-04-11T20:11:56.396296","5","0","0","278.0","1","5","0","0"
"2190","2025-04-11T19:54:59.005084","2","1","0","278.0","1","5","0","0"
"2189","2025-04-11T19:46:27.731914","2","0","0","278.0","1","5","0","0"
"2188","2025-04-11T19:38:31.788493","4","0","0","278.0","1","5","0","0"
"2187","2025-04-11T19:38:29.142221","4","0","0","278.0","1","5","0","0"
"2186","2025-04-11T19:38:22.935959","4","0","0","278.0","1","5","0","0"
"2185","2025-04-11T18:38:53.682850","2","1","0","278.0","1","5","0","0"
"2184","2025-04-11T18:25:17.133256","3","1","0","278.0","1","5","0","0"
"2183","2025-04-11T18:19:11.529964","2","1","0","278.0","1","5","0","0"
"2182","2025-04-11T18:16:24.101224","1","1","0","278.0","1","5","0","0"
"2181","2025-04-11T17:35:34.640663","1","1","0","278.0","1","5","0","0"
"2180","2025-04-11T17:35:28.414002","1","1","0","278.0","1","5","0","0"
"2179","2025-04-06T17:55:22.232124","8","0","0","278.0","1","5","0","0"
"2178","2025-04-06T17:50:59.078373","8","0","0","278.0","1","5","0","0"
"2177","2025-04-06T17:41:17.849196","3","1","0","278.0","1","5","0","0"
"2176","2025-04-06T17:41:12.776200","3","1","0","278.0","1","5","0","0"
"2175","2025-04-06T17:40:59.801035","1","1","0","278.0","1","5","0","0"
"2174","2025-04-06T17:36:12.632295","8","0","0","278.0","1","5","0","0"
"2173","2025-04-06T15:33:10.888372","8","0","0","278.0","1","5","0","0"
"2172","2025-04-06T15:28:04.856524","6","0","0","278.0","1","5","0","0"
"2171","2025-04-06T15:27:59.555358","6","0","0","278.0","1","5","0","0"
"2170","2025-04-06T15:27:53.170293","0","1","0","278.0","1","5","0","0"
"2169","2025-04-04T18:20:46.965265","6","1","0","278.0","0","5","0","0"
"2168","2025-04-04T18:11:10.588323","5","1","0","278.0","0","5","0","0"
"2167","2025-04-04T18:09:02.689549","5","0","0","278.0","0","5","0","0"
"2166","2025-04-04T18:07:25.629428","5","0","0","278.0","0","5","0","0"
"2165","2025-04-04T18:05:40.563849","5","1","0","278.0","0","5","0","0"
"2164","2025-04-04T18:03:12.236535","4","1","0","278.0","0","5","0","0"
"2163","2025-04-04T18:01:38.694300","1","1","0","278.0","0","5","0","0"
"2162","2025-04-04T18:01:27.113991","3","1","0","278.0","0","5","0","0"
"2161","2025-03-28T20:26:41.792095","8","0","0","278.0","1","5","0","0"
"2160","2025-03-28T20:14:31.715021","8","0","0","278.0","1","5","0","0"
"2159","2025-03-28T20:12:19.952615","8","0","0","278.0","1","5","0","0"
"2158","2025-03-28T20:09:00.847053","8","0","0","278.0","1","5","0","0"
"2157","2025-03-28T20:00:24.628590","8","0","0","278.0","1","5","0","0"
"2156","2025-03-28T19:48:19.105601","8","0","0","278.0","1","5","0","0"
"2155","2025-03-28T19:41:46.608833","8","0","0","278.0","1","5","0","0"
"2154","2025-03-26T20:58:40.310098","4","1","0","278.0","0","5","0","0"
"2153","2025-03-26T20:58:37.590362","2","1","0","278.0","0","5","0","0"
"2152","2025-03-26T20:56:16.718538","2","1","0","278.0","0","5","0","0"
"2151","2025-03-26T20:56:12.230","3","1","0","278.0","0","5","0","0"
"2150","2025-03-26T20:56:07.496503","2","1","0","278.0","0","5","0","0"
"2149","2025-03-26T20:47:43.366095","4","1","0","278.0","0","5","0","0"
"2148","2025-03-26T20:47:40.090108","3","1","0","278.0","0","5","0","0"
"2147","2025-03-26T20:39:47.273653","3","1","0","278.0","0","5","0","0"
"2146","2025-03-26T20:39:42.564748","3","1","0","278.0","0","5","0","0"
"2145","2025-03-26T20:35:24.251748","4","1","0","278.0","0","5","0","0"
"2144","2025-03-26T20:35:21.906247","1","1","0","278.0","0","5","0","0"
"2143","2025-03-26T20:35:17.056406","1","1","0","278.0","0","5","0","0"
"2142","2025-03-26T20:32:39.977066","2","1","0","278.0","1","5","0","0"
"2141","2025-03-26T20:32:35.939075","2","1","0","278.0","1","5","0","0"
"2140","2025-03-26T20:32:32.075673","1","1","0","278.0","1","5","0","0"
"2139","2025-03-26T20:32:27.256999","1","1","0","278.0","1","5","0","0"
"2138","2025-03-23T14:58:21.010324","3","1","0","278.0","1","5","0","0"
"2137","2025-03-23T14:53:24.494672","3","1","0","278.0","1","5","0","0"
"2136","2025-03-23T14:48:46.562360","2","1","0","278.0","1","5","0","0"
"2135","2025-03-21T18:32:47.832967","8","0","0","278.0","1","5","0","0"
"2134","2025-03-21T18:29:00.679798","8","0","0","278.0","1","5","0","0"
"2133","2025-03-21T18:10:00.926003","4","1","0","278.0","1","5","0","0"
"2132","2025-03-21T17:14:04.682044","1","1","0","278.0","1","5","0","0"
"2131","2025-03-21T17:06:34.668226","5","0","0","278.0","1","5","0","0"
"2130","2025-03-21T16:41:02.790361","4","1","0","278.0","1","5","0","0"
"2129","2025-03-21T16:33:19.648339","2","1","0","278.0","1","5","0","0"
"2128","2025-03-21T16:31:09.854084","1","1","0","278.0","1","5","0","0"
"2127","2025-03-21T16:31:02.843009","1","1","0","278.0","1","5","0","0"
"2126","2025-03-18T16:40:14.015323","4","1","0","278.0","0","5","0","0"
"2125","2025-03-18T16:40:08.428836","4","1","0","278.0","0","5","0","0"
"2124","2025-03-18T16:35:29.736307","4","1","0","278.0","0","5","0","0"
"2123","2025-03-18T16:32:55.880010","3","1","0","278.0","0","5","0","0"
"2122","2025-03-18T16:30:59.232378","3","1","0","278.0","0","5","0","0"
"2121","2025-03-18T16:25:42.647816","3","1","0","278.0","0","5","0","0"
"2120","2025-03-15T13:21:24.352724","7","0","0","278.0","1","5","0","0"
"2119","2025-03-15T13:17:16.874252","7","0","0","278.0","1","5","0","0"
"2118","2025-03-15T13:10:43.435316","7","0","0","278.0","1","5","0","0"
"2117","2025-03-15T12:06:16.852982","8","0","0","278.0","1","5","0","0"
"2116","2025-03-15T12:02:43.815576","8","0","0","278.0","1","5","0","0"
"2115","2025-03-15T11:50:30.107297","8","0","0","278.0","1","5","0","0"
"2114","2025-03-12T20:11:21.050052","8","0","0","278.0","1","5","0","0"
"2113","2025-03-12T20:06:01.635938","8","0","0","278.0","1","5","0","0"
"2112","2025-03-12T20:01:44.118858","8","0","0","278.0","1","5","0","0"
"2111","2025-03-12T19:43:15.367540","8","0","0","278.0","1","5","0","0"
"2110","2025-03-12T19:28:28.549102","8","0","0","278.0","1","5","0","0"
"2109","2025-03-12T19:20:38.075282","8","0","0","278.0","1","5","0","0"
"2108","2025-03-12T19:15:28.775163","8","0","0","278.0","1","5","0","0"
"2107","2025-03-12T19:15:25.732792","3","1","0","278.0","1","5","0","0"
"2106","2025-03-12T19:05:09.096504","3","1","0","278.0","1","5","0","0"
"2105","2025-03-12T19:00:37.234451","8","0","0","278.0","1","5","0","0"
"2104","2025-03-04T19:07:43.846638","2","0","0","278.0","0","5","0","0"
"2103","2025-03-04T19:04:13.547520","6","0","0","278.0","0","5","0","0"
"2102","2025-03-04T18:58:13.890117","8","0","0","278.0","0","5","0","0"
"2101","2025-03-04T18:54:36.792675","3","1","0","278.0","0","5","0","0"
"2100","2025-03-04T18:54:19.283314","4","1","0","278.0","0","5","0","0"
"2099","2025-03-04T18:53:49.356216","6","1","0","278.0","0","5","0","0"
"2098","2025-03-04T18:44:17.846008","5","1","0","278.0","0","5","0","0"
"2097","2025-03-04T18:41:31.510471","2","1","0","278.0","0","5","0","0"
"2096","2025-03-04T18:38:15.693618","3","1","0","278.0","0","5","0","0"
"2095","2025-03-04T18:36:40.579320","2","1","0","278.0","0","5","0","0"
"2094","2025-02-28T17:51:03.870444","7","0","0","278.0","0","5","0","0"
"2093","2025-02-28T17:46:52.641732","6","1","0","278.0","0","5","0","0"
"2092","2025-02-28T17:44:28.605363","5","1","0","278.0","0","5","0","0"
"2091","2025-02-28T17:42:44.033782","4","1","0","278.0","0","5","0","0"
"2090","2025-02-28T17:41:39.709300","2","1","0","278.0","0","5","0","0"
"2089","2025-02-28T17:40:51.674939","3","1","0","278.0","0","5","0","0"
"2088","2025-02-21T22:18:14.580047","5","1","0","278.0","0","5","0","0"
"2087","2025-02-21T22:14:53.907290","5","1","0","278.0","0","5","0","0"
"2086","2025-02-21T22:11:47.981573","4","1","0","278.0","0","5","0","0"
"2085","2025-02-21T22:06:35.059386","3","1","0","278.0","0","5","0","0"
"2084","2025-02-21T22:03:07.878617","3","1","0","278.0","0","5","0","0"
"2083","2025-02-21T21:59:49.849718","3","1","0","278.0","0","5","0","0"
"2082","2025-02-21T21:54:24.264110","2","1","0","278.0","0","5","0","0"
"2081","2025-02-21T21:54:16.557623","1","1","0","278.0","0","5","0","0"
"2080","2025-02-18T21:44:39.693306","3","1","0","278.0","0","5","0","0"
"2079","2025-02-18T21:42:36.298180","3","1","0","278.0","0","5","0","0"
"2078","2025-02-18T21:41:21.651404","3","1","0","278.0","0","5","0","0"
"2077","2025-02-18T21:40:11.604511","4","1","0","278.0","0","5","0","0"
"2076","2025-02-18T21:38:31.916976","3","1","0","278.0","0","5","0","0"
"2075","2025-02-18T21:37:11.376899","2","1","0","278.0","0","5","0","0"
"2074","2025-02-18T21:36:15.822765","1","1","0","278.0","0","5","0","0"
"2073","2025-02-04T20:08:02.971536","7","1","0","278.0","0","5","0","0"
"2072","2025-02-04T19:56:28.932169","7","0","0","278.0","0","5","0","0"
"2071","2025-02-04T19:51:57.894999","7","0","0","278.0","0","5","0","0"
"2070","2025-02-04T19:49:14.263494","7","0","0","278.0","0","5","0","0"
"2069","2025-02-04T19:43:42.315062","8","0","0","278.0","0","5","0","0"
"2068","2025-02-04T19:35:48.323193","7","0","0","278.0","0","5","0","0"
"2066","2025-02-04T19:26:12.010979","7","0","0","278.0","0","5","0","0"
"2065","2025-02-04T19:25:44.382233","7","0","0","278.0","0","5","0","0"
"2064","2025-02-02T15:04:25.346699","10","0","0","278.0","1","5","0","0"
"2063","2025-02-02T14:53:04.966697","10","0","0","278.0","1","5","0","0"
"2062","2025-02-02T14:48:31.634044","10","0","0","278.0","1","5","0","0"
"2061","2025-02-02T14:43:09.699470","10","0","0","278.0","1","5","0","0"
"2060","2025-02-02T14:35:27.666648","10","0","0","278.0","1","5","0","0"
"2059","2025-02-02T14:29:11.870954","5","1","0","278.0","0","5","0","0"
"2058","2025-02-02T14:22:22.952803","10","0","0","278.0","1","5","0","0"
"2057","2025-02-01T17:04:57.240200","10","0","0","278.0","1","5","0","0"
"2056","2025-02-01T17:02:44.289399","10","0","0","278.0","0","5","0","0"
"2055","2025-02-01T16:44:10.254545","10","0","0","278.0","1","5","0","0"
"2054","2025-02-01T16:35:01.232431","10","0","0","278.0","1","5","0","0"
"2053","2025-02-01T16:25:55.357088","10","0","0","278.0","1","5","0","0"
"2052","2025-02-01T16:15:04.923553","10","0","0","278.0","1","5","0","0"
"2051","2025-02-01T16:09:17.910215","10","0","0","278.0","1","5","0","0"
"2050","2025-02-01T15:49:25.502376","7","1","0","278.0","1","5","0","0"
"2049","2025-02-01T15:31:05.098702","10","0","0","278.0","1","5","0","0"
"2048","2025-02-01T15:25:39.976570","10","0","0","278.0","1","5","0","0"
"2047","2025-02-01T15:13:09.997529","10","0","0","278.0","1","5","0","0"
"2046","2025-02-01T15:06:17.211636","10","0","0","278.0","1","5","0","0"
"2045","2025-02-01T14:51:13.441975","10","0","0","278.0","0","5","0","0"
"2044","2025-02-01T14:21:12.637786","6","1","0","278.0","1","5","0","0"
"2043","2025-01-31T20:20:35.892870","4","1","0","278.0","1","5","0","0"
"2042","2025-01-31T20:17:19.152810","2","1","0","278.0","0","5","0","0"
"2041","2025-01-31T20:00:32.024302","3","1","0","278.0","1","5","0","0"
"2040","2025-01-31T19:56:03.403879","4","1","0","278.0","0","5","0","0"
"2039","2025-01-31T19:50:30.789753","1","1","0","278.0","0","5","0","0"
"2038","2025-01-31T19:50:26.546305","2","1","0","278.0","0","5","0","0"
"2037","2025-01-31T19:46:50.961457","0","1","0","278.0","0","5","0","0"
"2036","2025-01-30T19:26:53.399120","6","0","0","278.0","0","5","0","0"
"2035","2025-01-30T19:13:39.894548","5","0","0","278.0","0","5","0","0"
"2033","2025-01-30T19:05:12.532742","5","1","0","278.0","0","5","0","0"
"2032","2025-01-30T18:58:06.850515","3","1","0","278.0","0","5","0","0"
"2031","2025-01-30T18:55:50.797125","3","1","0","278.0","0","5","0","0"
"2030","2025-01-30T18:53:29.676117","5","1","0","278.0","0","5","0","0"
"2029","2025-01-30T18:39:32.287067","8","0","0","278.0","0","5","0","0"
"2028","2025-01-30T18:37:59.192899","8","0","0","278.0","0","5","0","0"
"2027","2025-01-30T18:32:21.784636","6","1","0","278.0","0","5","0","0"
"2026","2025-01-30T18:26:57.722143","6","0","0","278.0","0","5","0","0"
"2025","2025-01-30T18:20:54.025406","6","0","0","278.0","0","5","0","0"
"2024","2025-01-30T18:14:27.644021","6","0","0","278.0","0","5","0","0"
"2023","2025-01-30T18:10:41.883372","6","1","0","278.0","0","5","0","0"
"2022","2025-01-30T18:06:15.984018","4","1","0","278.0","0","5","0","0"
"2021","2025-01-30T18:03:46.399567","6","0","0","278.0","0","5","0","0"
"2020","2025-01-30T18:00:12.356649","6","0","0","278.0","0","5","0","0"
"2019","2025-01-30T17:57:44.475403","6","0","0","278.0","0","5","0","0"
"2018","2025-01-30T17:50:54.706751","5","1","0","278.0","0","5","0","0"
"2017","2025-01-30T17:48:53.423653","7","0","0","278.0","0","5","0","0"
"2016","2025-01-30T17:44:33.288417","7","0","0","278.0","0","5","0","0"
"2015","2025-01-30T17:40:43.510752","7","0","0","278.0","0","5","0","0"
"2014","2025-01-30T17:37:46.337807","8","0","0","278.0","0","5","0","0"
"2013","2025-01-30T17:34:22.123207","5","1","0","278.0","0","5","0","0"
"2012","2025-01-30T17:28:23.727896","5","0","0","278.0","0","5","0","0"
"2011","2025-01-30T17:25:39.504429","3","1","0","278.0","0","5","0","0"
"2010","2025-01-30T17:23:32.497904","3","1","0","278.0","0","5","0","0"
"2009","2025-01-30T17:21:28.030087","2","1","0","278.0","0","5","0","0"
"2008","2025-01-30T17:19:59.343415","1","1","0","278.0","0","5","0","0"
"2007","2025-01-29T18:50:10.856848","7","0","0","278.0","0","5","0","0"
"2006","2025-01-29T18:29:39.607033","2","1","0","278.0","0","5","0","0"
"2005","2025-01-28T18:31:29.934242","0","1","1","278.0","0","5","0","0"
"2004","2025-01-28T18:26:07.411128","0","4","2","278.0","0","5","0","0"
"2003","2025-01-28T18:22:28.233894","0","1","1","278.0","0","5","0","0"
"2002","2025-01-28T18:17:10.951086","0","5","2","278.0","0","5","0","0"
"2001","2025-01-28T18:13:19.588058","0","1","1","278.0","0","5","0","0"
"2000","2025-01-28T18:11:15.407258","0","3","2","278.0","0","5","0","0"
"1999","2025-01-28T18:05:15.411010","0","1","2","294.0","0","5","0","0"
"1998","2025-01-28T18:01:35.350124","0","1","1","294.0","0","5","0","0"
"1997","2025-01-26T14:03:51.187689","4","1","0","276.0","0","5","0","0"
"1996","2025-01-26T14:01:26.925901","4","1","0","276.0","0","5","0","0"
"1995","2025-01-26T13:55:29.925554","5","1","0","276.0","0","5","0","0"
"1994","2025-01-26T13:51:37.317679","5","1","0","276.0","0","5","0","0"
"1993","2025-01-26T13:48:56.481315","4","1","0","276.0","0","5","0","0"
"1992","2025-01-26T13:47:01.696619","4","1","0","276.0","0","5","0","0"
"1991","2025-01-26T13:44:48.222089","6","0","0","276.0","0","5","0","0"
"1990","2025-01-26T13:40:42.554465","7","0","0","276.0","0","5","0","0"
"1989","2025-01-26T13:37:57.073757","7","0","0","276.0","0","5","0","0"
"1988","2025-01-26T13:31:47.912168","6","1","0","276.0","0","5","0","0"
"1987","2025-01-26T13:26:32.470817","6","1","0","276.0","0","5","0","0"
"1986","2025-01-26T13:22:54.942390","6","1","0","276.0","0","5","0","0"
"1985","2025-01-26T13:18:44.896105","5","1","0","276.0","0","5","0","0"
"1984","2025-01-26T13:16:19.625174","5","1","0","276.0","0","5","0","0"
"1983","2025-01-26T13:13:31.274346","5","1","0","276.0","0","5","0","0"
"1982","2025-01-22T21:13:14.828917","3","1","0","276.0","0","5","0","0"
"1981","2025-01-22T21:09:58.278039","3","1","0","276.0","0","5","0","0"
"1980","2025-01-22T21:07:04.999283","3","1","0","276.0","0","5","0","0"
"1979","2025-01-22T21:02:52.045204","3","0","0","276.0","0","5","0","0"
"1978","2025-01-22T21:01:17.168427","3","1","0","276.0","0","5","0","0"
"1977","2025-01-22T20:59:14.079603","3","1","0","276.0","0","5","0","0"
"1976","2025-01-22T20:53:03.577527","3","1","0","276.0","0","5","0","0"
"1975","2025-01-22T20:49:59.327248","3","1","0","276.0","0","5","0","0"
"1974","2025-01-22T20:45:49.599612","3","1","0","276.0","0","5","0","0"
"1973","2025-01-22T20:41:15.762327","3","0","0","276.0","0","5","0","0"
"1972","2025-01-22T20:39:40.428500","3","1","0","276.0","0","5","0","0"
"1971","2025-01-22T20:39:38.147218","3","1","0","276.0","0","5","0","0"
"1968","2025-01-22T20:31:33.451151","3","1","0","276.0","0","5","0","0"
"1967","2025-01-22T20:29:32.826361","3","1","0","276.0","0","5","0","0"
"1966","2025-01-22T20:25:33.027575","3","1","0","276.0","0","5","0","0"
"1965","2025-01-22T20:20:33.644954","3","1","0","276.0","0","5","0","0"
"1964","2025-01-22T20:17:44.971372","3","1","0","276.0","0","5","0","0"
"1963","2025-01-22T20:15:51.698170","3","1","0","276.0","0","5","0","0"
"1962","2025-01-22T20:12:32.296568","3","1","0","276.0","0","5","0","0"
"1961","2025-01-22T20:09:51.161516","3","1","0","276.0","0","5","0","0"
"1960","2025-01-20T15:14:02.542184","7","0","0","276.0","0","5","0","0"
"1959","2025-01-20T14:36:29.464849","7","0","0","276.0","0","5","0","0"
"1958","2025-01-20T14:28:49.059625","6","0","0","276.0","0","5","0","0"
"1957","2025-01-20T14:22:23.881431","6","0","0","276.0","0","5","0","0"
"1956","2025-01-20T14:17:29.901735","6","0","0","276.0","0","5","0","0"
"1955","2025-01-20T14:14:50.248297","5","0","0","276.0","0","5","0","0"
"1954","2025-01-20T14:09:40.104625","4","1","0","276.0","0","5","0","0"
"1953","2025-01-20T14:06:21.077320","3","1","0","276.0","0","5","0","0"
"1952","2025-01-20T14:03:30.429325","0","1","0","276.0","0","5","0","0"
"1951","2025-01-20T13:59:16.517347","2","1","0","276.0","0","5","0","0"
"1950","2025-01-20T13:56:52.530634","0","1","0","276.0","0","5","0","0"
"1949","2025-01-18T16:36:18.210036","3","1","0","276.0","0","5","0","0"
"1948","2025-01-18T16:28:35.627400","3","1","0","276.0","0","5","0","0"
"1947","2025-01-18T16:28:01.839927","3","1","0","276.0","0","5","0","0"
"1946","2025-01-18T16:24:23.802960","3","1","0","276.0","0","5","0","0"
"1945","2025-01-18T16:20:37.056600","3","1","0","276.0","0","5","0","0"
"1944","2025-01-18T16:13:17.421220","3","0","0","276.0","0","5","0","0"
"1943","2025-01-18T16:08:44.826707","3","0","0","276.0","0","5","0","0"
"1942","2025-01-18T16:03:17.547973","3","0","0","276.0","0","5","0","0"
"1941","2025-01-18T15:59:55.938891","3","0","0","276.0","0","5","0","0"
"1940","2025-01-18T15:56:21.820644","3","0","0","276.0","0","5","0","0"
"1939","2025-01-18T15:49:43.429988","3","0","0","276.0","0","5","0","0"
"1938","2025-01-18T15:46:59.356615","3","1","0","276.0","0","5","0","0"
"1937","2025-01-18T15:43:31.670379","3","1","0","276.0","0","5","0","0"
"1936","2025-01-18T15:40:17.971036","3","1","0","276.0","0","5","0","0"
"1935","2025-01-18T15:37:38.828531","3","1","0","276.0","0","5","0","0"
"1934","2025-01-18T15:34:58.378178","3","1","0","276.0","0","5","0","0"
"1933","2025-01-18T15:32:58.384657","3","1","0","276.0","0","5","0","0"
"1932","2025-01-18T15:30:11.512892","3","1","0","276.0","0","5","0","0"
"1931","2025-01-18T15:27:37.855824","3","1","0","276.0","0","5","0","0"
"1930","2025-01-18T15:25:41.531311","3","1","0","276.0","0","5","0","0"
"1929","2025-01-15T21:25:37.684068","8","0","0","276.0","0","5","0","0"
"1928","2025-01-15T21:23:48.809391","7","0","0","276.0","0","5","0","0"
"1927","2025-01-15T21:21:34.461317","7","1","0","276.0","0","5","0","0"
"1926","2025-01-15T21:19:03.024316","7","1","0","276.0","0","5","0","0"
"1925","2025-01-15T21:15:09.391144","5","0","0","276.0","0","5","0","0"
"1924","2025-01-15T21:11:11.457627","4","1","0","276.0","0","5","0","0"
"1923","2025-01-15T20:42:14.053127","1","2","2","276.0","1","5","0","0"
"1922","2025-01-15T20:37:19.215298","1","3","2","254.0","1","5","0","0"
"1921","2025-01-15T20:26:58.280239","1","1","1","300.0","1","5","0","0"
"1920","2025-01-15T20:21:45.948305","1","1","1","300.0","1","5","0","0"
"1919","2025-01-15T20:14:32.235807","1","1","1","270.0","1","5","0","0"
"1918","2025-01-15T20:08:12.347112","1","1","1","170.0","1","5","0","0"
"1917","2025-01-12T15:01:48.081081","8","0","0","306.0","1","5","0","0"
"1916","2025-01-12T14:51:06.175072","8","0","0","306.0","1","5","0","0"
"1915","2025-01-12T14:39:50.636163","8","0","0","306.0","1","5","0","0"
"1914","2025-01-12T14:33:45.183225","8","0","0","306.0","1","5","0","0"
"1913","2025-01-12T14:18:24.112583","8","0","0","306.0","1","5","0","0"
"1912","2025-01-12T14:08:34.941195","8","0","0","306.0","1","5","0","0"
"1911","2025-01-12T13:45:49.506020","6","0","0","306.0","1","5","0","0"
"1910","2025-01-12T13:34:51.592394","10","0","0","306.0","1","5","0","0"
"1909","2025-01-12T13:28:49.287288","10","0","0","306.0","1","5","0","0"
"1908","2025-01-12T12:31:34.725841","10","0","0","306.0","1","5","0","0"
"1907","2025-01-12T12:18:23.023153","10","0","0","306.0","1","5","0","0"
"1906","2025-01-12T12:05:49.707229","10","0","0","306.0","1","5","0","0"
"1905","2025-01-12T11:45:32.807659","10","0","0","306.0","1","5","0","0"
"1904","2025-01-12T11:39:31.567148","10","0","0","306.0","1","5","0","0"
"1903","2025-01-09T21:38:30.110283","4","0","0","306.0","0","5","0","0"
"1902","2025-01-09T21:26:36.407659","4","1","0","306.0","0","5","0","0"
"1901","2025-01-09T21:08:01.677959","4","1","0","306.0","0","5","0","0"
"1900","2025-01-09T21:04:40.334566","5","0","0","306.0","0","5","0","0"
"1899","2025-01-09T20:58:50.562975","7","0","0","306.0","0","5","0","0"
"1898","2025-01-09T20:55:36.387675","7","0","0","306.0","0","5","0","0"
"1897","2025-01-09T20:50:53.141243","7","1","0","306.0","0","5","0","0"
"1896","2025-01-09T20:50:48.426022","7","0","0","306.0","0","5","0","0"
"1895","2025-01-09T20:40:25.208769","6","1","0","306.0","0","5","0","0"
"1894","2025-01-09T20:40:22.068321","6","1","0","306.0","0","5","0","0"
"1893","2025-01-09T20:25:01.643528","6","1","0","306.0","0","5","0","0"
"1892","2025-01-09T20:23:06.889981","6","1","0","306.0","0","5","0","0"
"1891","2025-01-09T20:22:58.201619","6","0","0","306.0","0","5","0","0"
"1890","2025-01-09T20:17:48.246791","5","1","0","306.0","0","5","0","0"
"1889","2025-01-09T20:13:32.633508","5","1","0","306.0","0","5","0","0"
"1888","2025-01-09T20:09:13.564254","5","1","0","306.0","0","5","0","0"
"1887","2025-01-07T18:35:08.502364","3","1","0","306.0","0","5","0","0"
"1886","2025-01-07T18:31:50.230189","3","1","0","306.0","0","5","0","0"
"1885","2025-01-07T18:29:28.416052","3","1","0","306.0","0","5","0","0"
"1884","2025-01-07T18:26:44.133863","3","1","0","306.0","0","5","0","0"
"1883","2025-01-07T18:20:27.885125","3","1","0","306.0","0","5","0","0"
"1882","2025-01-07T18:18:13.614308","3","1","0","306.0","0","5","0","0"
"1881","2025-01-07T18:12:27.345819","3","1","0","306.0","0","5","0","0"
"1880","2025-01-07T18:08:53.232773","3","1","0","306.0","0","5","0","0"
"1879","2025-01-07T18:05:50.041677","3","1","0","306.0","0","5","0","0"
"1878","2025-01-07T18:02:22.940686","3","1","0","306.0","0","5","0","0"
"1877","2025-01-06T20:51:32.178932","2","1","0","306.0","0","5","0","0"
"1876","2025-01-06T20:51:29.815250","1","1","0","306.0","0","5","0","0"
"1875","2025-01-06T20:51:25.686372","1","1","0","306.0","0","5","0","0"
"1874","2025-01-06T20:44:54.159049","7","1","0","306.0","0","5","0","0"
"1873","2025-01-06T20:32:40.465077","7","0","0","306.0","0","5","0","0"
"1872","2025-01-06T20:32:26.466239","4","1","0","306.0","0","5","0","0"
"1871","2025-01-06T20:22:48.679922","7","0","0","306.0","0","5","0","0"
"1870","2025-01-06T20:12:17.663010","7","1","0","306.0","0","5","0","0"
"1869","2025-01-06T20:07:11.755187","7","0","0","306.0","0","5","0","0"
"1868","2025-01-06T19:56:07.793534","6","1","0","306.0","0","5","0","0"
"1867","2025-01-06T19:48:34.340214","5","1","0","306.0","0","5","0","0"
"1866","2025-01-06T19:18:45.114557","7","1","1","306.0","1","5","0","0"
"1865","2025-01-06T19:14:34.271377","7","1","1","306.0","1","5","0","0"
"1850","2025-01-02T11:20:27.064866","7","0","0","0.0","1","5","0","0"
"1849","2025-01-02T11:05:40.167490","7","0","0","306.0","1","5","0","0"
"1848","2025-01-02T10:52:56.890811","7","0","0","0.0","1","5","0","0"
"1847","2025-01-02T10:47:19.414810","7","0","0","0.0","1","5","0","0"
"1846","2025-01-02T10:39:22.668294","7","0","0","0.0","1","5","0","0"
"1845","2025-01-02T10:33:58.074273","7","0","0","0.0","1","5","0","0"
"1844","2025-01-02T10:22:52.216638","7","0","0","0.0","1","5","0","0"
"1843","2024-12-30T20:12:50.647525","7","0","0","0.0","1","5","0","0"
"1842","2024-12-30T19:49:25.476609","7","0","0","0.0","1","5","0","0"
"1841","2024-12-30T19:37:45.769801","7","0","0","0.0","1","5","0","0"
"1840","2024-12-30T19:20:41.932705","7","0","0","0.0","1","5","0","0"
"1839","2024-12-30T19:09:49.124262","7","0","0","0.0","1","5","0","0"
"1838","2024-12-30T18:14:55.277205","5","1","0","0.0","1","5","0","0"
"1837","2024-12-30T16:00:15.815145","9","0","0","0.0","1","5","0","0"
"1836","2024-12-30T15:53:10.687671","9","0","0","0.0","1","5","0","0"
"1835","2024-12-30T15:31:06.640677","9","0","0","0.0","1","5","0","0"
"1834","2024-12-30T15:19:05.755081","9","0","0","0.0","1","5","0","0"
"1833","2024-12-30T15:05:48.632688","9","0","0","0.0","1","5","0","0"
"1832","2024-12-30T14:45:16.785555","7","1","0","0.0","1","5","0","0"
"1831","2024-12-30T14:45:07.125486","7","0","0","0.0","1","5","0","0"
"1830","2024-12-30T12:13:18.883961","5","0","0","0.0","0","5","0","0"
"1829","2024-12-30T12:11:19.579850","5","0","0","0.0","0","5","0","0"
"1828","2024-12-30T12:06:44.643290","5","0","0","0.0","0","5","0","0"
"1827","2024-12-30T11:55:06.312903","5","1","0","0.0","0","5","0","0"
"1826","2024-12-30T11:49:17.963398","5","0","0","0.0","0","5","0","0"
"1825","2024-12-30T11:45:36.108847","5","1","0","0.0","0","5","0","0"
"1824","2024-12-30T11:41:43.512966","4","1","0","0.0","0","5","0","0"
"1823","2024-12-30T11:38:09.710273","4","1","0","0.0","0","5","0","0"
"1822","2024-12-30T11:35:32.796217","3","1","0","0.0","0","5","0","0"
"1821","2024-12-30T11:33:38.223616","2","1","0","0.0","0","5","0","0"
"1820","2024-12-30T11:32:20.646131","4","1","0","0.0","0","5","0","0"
"1809","2024-12-27T16:09:45.571200","8","0","0","0.0","1","5","0","0"
"1808","2024-12-27T15:55:41.801864","8","0","0","0.0","1","5","0","0"
"1807","2024-12-27T15:43:07.052384","8","0","0","0.0","1","5","0","0"
"1806","2024-12-27T15:36:57.180098","8","0","0","0.0","1","5","0","0"
"1805","2024-12-27T15:27:52.483322","8","0","0","0.0","1","5","0","0"
"1804","2024-12-27T15:04:29.891052","4","0","0","0.0","1","5","0","0"
"1803","2024-12-27T14:45:55.111174","3","1","0","0.0","1","5","0","0"
"1802","2024-12-27T14:45:50.514741","3","0","0","0.0","1","5","0","0"
"1801","2024-12-27T14:24:07.886468","4","1","0","0.0","1","5","0","0"
"1800","2024-12-27T14:24:05.951588","4","0","0","0.0","1","5","0","0"
"1799","2024-12-27T14:03:43.343254","4","0","0","0.0","1","5","0","0"
"1798","2024-12-27T13:48:17.593302","4","0","0","0.0","1","5","0","0"
"1797","2024-12-27T13:48:14.115326","4","0","0","0.0","1","5","0","0"
"1796","2024-12-27T13:33:47.022170","4","0","0","0.0","1","5","0","0"
"1795","2024-12-27T13:31:15.421546","4","0","0","0.0","1","5","0","0"
"1794","2024-12-27T13:20:53.428224","4","0","0","0.0","1","5","0","0"
"1793","2024-12-27T13:20:45.178349","4","0","0","0.0","1","5","0","0"
"1792","2024-12-27T13:07:00.145635","4","1","0","0.0","1","5","0","0"
"1791","2024-12-27T12:55:49.108893","2","1","0","0.0","1","5","0","0"
"1790","2024-12-27T12:55:46.682798","2","1","0","0.0","1","5","0","0"
"1789","2024-12-27T12:55:41.572737","2","1","0","0.0","1","5","0","0"
"1788","2024-12-26T16:28:06.800381","7","0","0","0.0","1","5","0","0"
"1787","2024-12-26T16:21:35.335171","7","0","0","0.0","1","5","0","0"
"1786","2024-12-26T16:17:11.157730","7","0","0","0.0","1","5","0","0"
"1785","2024-12-26T16:00:15.518218","7","0","0","0.0","1","5","0","0"
"1784","2024-12-26T15:54:23.003473","7","0","0","0.0","1","5","0","0"
"1783","2024-12-26T15:49:25.410854","7","0","0","0.0","1","5","0","0"
"1782","2024-12-26T15:22:43.788151","7","0","0","0.0","1","5","0","0"
"1781","2024-12-26T15:15:19.050679","7","0","0","0.0","1","5","0","0"
"1780","2024-12-26T15:08:22.002332","7","0","0","0.0","1","5","0","0"
"1779","2024-12-26T14:54:37.131503","7","0","0","0.0","1","5","0","0"
"1778","2024-12-26T14:48:56.564954","7","0","0","0.0","1","5","0","0"
"1777","2024-12-26T13:21:25.149578","10","0","0","0.0","1","5","0","0"
"1776","2024-12-26T12:58:00.025060","10","0","0","0.0","1","5","0","0"
"1775","2024-12-26T12:52:04.743720","10","0","0","0.0","1","5","0","0"
"1774","2024-12-26T12:43:41.151825","10","0","0","0.0","1","5","0","0"
"1773","2024-12-26T12:35:43.508263","7","0","0","0.0","1","5","0","0"
"1772","2024-12-26T12:30:22.793182","7","0","0","0.0","1","5","0","0"
"1771","2024-12-26T12:27:38.981808","7","0","0","0.0","1","5","0","0"
"1770","2024-12-26T12:21:42.736973","7","0","0","0.0","1","5","0","0"
"1769","2024-12-26T12:21:38.212271","7","0","0","0.0","1","5","0","0"
"1768","2024-12-26T12:17:19.424379","4","1","0","0.0","1","5","0","0"
"1767","2024-12-26T12:00:20.236951","4","0","0","0.0","1","5","0","0"
"1766","2024-12-26T11:56:11.512536","4","0","0","0.0","1","5","0","0"
"1765","2024-12-26T11:37:25.956238","4","0","0","0.0","1","5","0","0"
"1764","2024-12-26T09:59:59.130557","3","1","0","0.0","0","5","0","0"
"1763","2024-12-26T09:56:51.794668","3","1","0","0.0","0","5","0","0"
"1762","2024-12-26T09:53:15.282888","2","1","0","0.0","0","5","0","0"
"1761","2024-12-26T09:51:25.675339","1","1","0","0.0","0","5","0","0"
"1760","2024-12-26T09:49:10.024725","1","1","0","0.0","0","5","0","0"
"1759","2024-12-26T09:48:25.992169","1","1","0","0.0","0","5","0","0"
"1758","2024-12-25T21:13:41.127626","4","1","0","0.0","0","5","0","0"
"1757","2024-12-25T21:13:38.423924","4","0","0","0.0","0","5","0","0"
"1756","2024-12-25T21:11:01.289183","4","0","0","0.0","0","5","0","0"
"1755","2024-12-25T21:07:41.733085","3","1","0","0.0","0","5","0","0"
"1754","2024-12-25T21:05:42.147170","2","1","0","0.0","0","5","0","0"
"1753","2024-12-17T19:58:19.250176","6","0","0","0.0","0","5","0","0"
"1752","2024-12-17T19:55:09.857679","6","0","0","0.0","0","5","0","0"
"1751","2024-12-17T19:47:04.221879","6","1","0","0.0","0","5","0","0"
"1750","2024-12-17T19:35:05.114934","7","0","0","0.0","0","5","0","0"
"1749","2024-12-17T19:34:52.953322","7","1","0","0.0","0","5","0","0"
"1748","2024-12-17T19:34:48.940474","3","1","0","0.0","0","5","0","0"
"1747","2024-12-17T19:34:08.368640","2","1","0","0.0","0","5","0","0"
"1746","2024-12-16T19:28:39.450115","1","7","2","304.0","0","5","0","0"
"1745","2024-12-16T19:24:19.849080","1","9","2","304.0","0","5","0","0"
"1744","2024-12-16T19:08:58.695687","1","1","1","304.0","0","5","0","0"
"1743","2024-12-16T19:04:55.516532","1","1","1","304.0","0","5","0","0"
"1742","2024-12-16T18:59:15.072432","1","1","1","304.0","0","5","0","0"
"1741","2024-12-16T18:54:33.630622","1","1","1","304.0","0","5","0","0"
"1740","2024-12-16T18:51:05.344202","1","1","1","304.0","0","5","0","0"
"1739","2024-12-16T18:47:14.136810","1","1","1","304.0","0","5","0","0"
"1738","2024-12-16T18:42:16.575621","0","1","0","304.0","0","5","0","0"
"1737","2024-12-16T18:37:17.828939","0","1","1","304.0","0","5","0","0"
"1736","2024-12-16T18:33:29.378140","0","1","1","280.0","0","5","0","0"
"1735","2024-12-16T18:33:13.928151","0","1","1","172.0","0","5","0","0"
"1734","2024-12-12T22:37:51.339708","10","0","0","306.0","1","5","0","0"
"1733","2024-12-12T22:37:47.475558","10","0","0","306.0","1","5","0","0"
"1732","2024-12-12T20:04:05.351507","8","0","0","306.0","1","5","0","0"
"1731","2024-12-12T19:35:21.390344","8","0","0","306.0","1","5","0","0"
"1730","2024-12-12T19:25:34.758807","8","0","0","306.0","1","5","0","0"
"1729","2024-12-12T19:17:13.556582","8","0","0","306.0","1","5","0","0"
"1728","2024-12-12T19:09:34.769278","8","0","0","306.0","1","5","0","0"
"1727","2024-12-12T18:57:31.524012","8","0","0","306.0","1","5","0","0"
"1726","2024-12-12T18:51:48.664524","8","0","0","306.0","1","5","0","0"
"1725","2024-12-12T18:46:30.377542","8","0","0","306.0","1","5","0","0"
"1724","2024-12-12T18:24:50.113460","5","0","0","306.0","1","5","0","0"
"1723","2024-12-12T18:22:42.719071","5","0","0","306.0","1","5","0","0"
"1722","2024-12-12T18:22:41.035904","5","0","0","306.0","1","5","0","0"
"1721","2024-12-12T18:22:34.693996","5","0","0","306.0","1","5","0","0"
"1720","2024-12-12T18:00:58.919840","6","0","0","306.0","1","5","0","0"
"1719","2024-12-12T18:00:53.499308","4","1","0","306.0","1","5","0","0"
"1718","2024-12-12T18:00:40.306696","3","1","0","306.0","1","5","0","0"
"1717","2024-12-12T18:00:35.378911","3","1","0","306.0","0","5","0","0"
"1716","2024-12-10T20:10:02.339236","3","1","0","306.0","0","5","0","0"
"1715","2024-12-10T20:09:58.705272","2","1","0","306.0","0","5","0","0"
"1714","2024-12-10T20:09:49.164113","1","1","0","306.0","0","5","0","0"
"1713","2024-12-08T14:48:43.608168","9","0","0","306.0","1","5","0","0"
"1712","2024-12-08T12:45:03.828080","10","0","0","306.0","1","5","0","0"
"1711","2024-12-08T12:37:16.185812","10","0","0","306.0","1","5","0","0"
"1710","2024-12-08T12:30:46.644246","10","0","0","306.0","1","5","0","0"
"1709","2024-12-08T12:21:51.368002","10","0","0","306.0","1","5","0","0"
"1708","2024-12-08T11:52:58.979403","10","0","0","306.0","1","5","0","0"
"1707","2024-12-08T11:45:06.469837","6","0","0","306.0","1","5","0","0"
"1706","2024-12-08T11:26:52.756526","10","0","0","306.0","1","5","0","0"
"1705","2024-12-08T11:26:49.806602","6","0","0","306.0","1","5","0","0"
"1704","2024-12-08T11:09:28.845943","6","0","0","306.0","1","5","0","0"
"1703","2024-12-08T10:57:45.920633","6","0","0","306.0","1","5","0","0"
"1702","2024-12-08T10:53:22.967103","6","0","0","306.0","1","5","0","0"
"1701","2024-12-08T10:46:49.735696","6","0","0","306.0","1","5","0","0"
"1700","2024-12-08T10:37:17.226881","6","0","0","306.0","1","5","0","0"
"1699","2024-12-07T12:37:32.119545","4","1","0","306.0","1","5","0","0"
"1698","2024-12-07T12:35:48.238081","7","0","0","306.0","1","5","0","0"
"1697","2024-12-07T12:33:23.513022","7","0","0","306.0","1","5","0","0"
"1696","2024-12-07T12:29:11.488026","7","0","0","306.0","1","5","0","0"
"1695","2024-12-07T12:06:48.419062","4","1","0","306.0","1","5","0","0"
"1694","2024-12-07T12:02:54.790876","4","0","0","306.0","1","5","0","0"
"1693","2024-12-07T11:57:40.569987","5","0","0","306.0","1","5","0","0"
"1692","2024-12-07T11:39:21.065024","5","0","0","306.0","1","5","0","0"
"1691","2024-12-07T11:33:40.495613","5","0","0","306.0","1","5","0","0"
"1690","2024-12-07T11:10:43.046513","5","0","0","306.0","1","5","0","0"
"1689","2024-12-07T11:06:48.318557","5","0","0","306.0","0","5","0","0"
"1688","2024-12-07T11:00:27.786588","3","1","0","306.0","0","5","0","0"
"1687","2024-12-05T21:43:19.730467","2","1","0","306.0","0","5","0","0"
"1686","2024-12-05T21:42:30.380540","1","1","0","306.0","0","5","0","0"
"1685","2024-12-05T21:41:24.537202","3","1","0","306.0","0","5","0","0"
"1684","2024-12-05T21:40:17.277305","2","1","0","306.0","0","5","0","0"
"1683","2024-12-05T21:40:13.603205","2","1","0","306.0","0","5","0","0"
"1682","2024-12-05T21:40:11.826602","1","1","0","306.0","0","5","0","0"
"1681","2024-12-05T21:40:07.451577","1","1","0","306.0","0","5","0","0"
"1680","2024-12-05T21:30:45.666669","3","0","0","306.0","0","5","0","0"
"1679","2024-12-05T21:29:33.527452","3","1","0","306.0","0","5","0","0"
"1678","2024-12-05T21:28:07.916411","3","1","0","306.0","0","5","0","0"
"1677","2024-12-05T21:27:01.667971","3","1","0","306.0","0","5","0","0"
"1676","2024-12-05T21:26:12.938398","2","0","0","306.0","0","5","0","0"
"1675","2024-12-05T21:26:06.900024","2","1","0","306.0","0","5","0","0"
"1674","2024-12-05T21:25:16.311758","1","1","0","306.0","0","5","0","0"
"1673","2024-12-05T21:25:12.918235","1","1","0","306.0","0","5","0","0"
"1672","2024-12-05T21:24:12.738709","2","1","0","306.0","0","5","0","0"
"1671","2024-12-05T21:24:10.496938","1","1","0","306.0","0","5","0","0"
"1670","2024-12-05T21:24:01.536950","1","1","0","306.0","0","5","0","0"
"1669","2024-12-05T21:23:58.266002","0","1","0","306.0","0","5","0","0"
"1668","2024-12-05T21:23:55.001969","0","1","0","306.0","0","5","0","0"
"1667","2024-12-05T21:21:54.053604","2","1","0","306.0","0","5","0","0"
"1666","2024-12-05T21:21:50.639729","2","1","0","306.0","0","5","0","0"
"1665","2024-12-05T21:21:48.648563","1","1","0","306.0","0","5","0","0"
"1664","2024-12-05T21:21:44.406560","1","1","0","306.0","0","5","0","0"
"1663","2024-12-05T21:21:40.818008","0","1","0","306.0","0","5","0","0"
"1662","2024-12-05T21:21:35.921518","0","1","0","306.0","0","5","0","0"
"1661","2024-12-05T21:14:34.105822","0","4","2","306.0","0","5","0","0"
"1660","2024-12-05T21:09:49.261919","0","5","2","306.0","0","5","0","0"
"1659","2024-12-05T21:04:43.014412","0","7","2","306.0","0","5","0","0"
"1658","2024-12-05T20:59:16.925336","0","3","2","175.0","0","5","0","0"
"1657","2024-12-05T20:59:07.775692","0","1","2","250.0","0","5","0","0"
"1656","2024-12-05T20:55:12.838128","0","1","1","306.0","0","5","0","0"
"1655","2024-12-05T20:48:55.915378","0","1","1","306.0","0","5","0","0"
"1654","2024-12-05T20:44:43.182896","0","1","1","306.0","0","5","0","0"
"1653","2024-12-05T20:44:08.221061","0","1","1","306.0","0","5","0","0"
"1652","2024-12-05T20:37:58.995934","0","1","1","250.0","0","5","0","0"
"1651","2024-12-05T20:34:30.555240","0","1","1","173.0","0","5","0","0"
"1650","2024-12-03T20:46:55.066468","6","0","0","294.0","0","5","0","0"
"1649","2024-12-03T20:46:53.200581","6","0","1","306.0","0","5","0","0"
"1648","2024-12-03T20:46:46.659022","6","0","0","294.0","0","5","0","0"
"1647","2024-12-03T20:02:43.125547","4","1","0","294.0","0","5","0","0"
"1646","2024-12-03T20:02:36.686575","5","0","0","294.0","0","5","0","0"
"1645","2024-12-03T20:02:21.675115","5","1","0","294.0","0","5","0","0"
"1644","2024-12-02T20:44:33.850744","8","0","0","294.0","0","5","0","0"
"1643","2024-12-02T20:37:58.896493","10","0","0","294.0","0","5","0","0"
"1642","2024-12-02T20:35:50.149011","9","0","0","294.0","0","5","0","0"
"1641","2024-12-02T20:31:16.200089","8","0","0","294.0","0","5","0","0"
"1640","2024-12-02T20:29:09.651087","8","0","0","294.0","0","5","0","0"
"1639","2024-12-02T20:19:51.807264","7","0","0","294.0","0","5","0","0"
"1638","2024-12-02T20:19:46.962907","7","1","0","294.0","0","5","0","0"
"1637","2024-12-02T20:14:30.409901","6","1","0","294.0","0","5","0","0"
"1636","2024-12-02T20:09:12.835008","6","0","0","294.0","0","5","0","0"
"1635","2024-12-02T20:09:04.970920","5","1","0","294.0","0","5","0","0"
"1634","2024-12-02T19:57:46.015877","3","1","0","294.0","0","5","0","0"
"1633","2024-12-02T19:54:55.011879","3","1","0","294.0","0","5","0","0"
"1632","2024-12-02T19:46:33.476120","3","1","0","294.0","0","5","0","0"
"1631","2024-12-02T19:44:23.485029","2","1","0","294.0","0","5","0","0"
"1630","2024-12-02T19:42:19.077417","3","1","0","294.0","0","5","0","0"
"1629","2024-12-02T19:40:29.775501","2","1","0","294.0","0","5","0","0"
"1628","2024-12-02T19:39:34.131862","0","1","0","294.0","0","5","0","0"
"1627","2024-11-24T18:26:55.726130","4","1","0","294.0","0","5","0","0"
"1626","2024-11-24T18:26:48.929622","4","1","0","294.0","0","5","0","0"
"1625","2024-11-24T18:26:46.550114","8","0","0","294.0","0","5","0","0"
"1624","2024-11-24T18:26:43.938899","8","0","0","294.0","0","5","0","0"
"1623","2024-11-24T18:26:39.775116","8","0","0","294.0","0","5","0","0"
"1622","2024-11-24T18:26:37.423078","6","0","0","294.0","0","5","0","0"
"1621","2024-11-24T18:26:34.978209","6","0","0","294.0","0","5","0","0"
"1620","2024-11-24T18:26:29.236694","6","0","0","294.0","0","5","0","0"
"1619","2024-11-24T18:26:25.942687","6","1","0","294.0","0","5","0","0"
"1618","2024-11-24T18:26:23.179728","6","1","0","294.0","0","5","0","0"
"1617","2024-11-24T18:26:09.363807","6","1","0","294.0","0","5","0","0"
"1616","2024-11-12T19:18:22.334212","1","7","2","294.0","1","5","0","0"
"1615","2024-11-12T19:11:32.881736","1","9","2","294.0","1","5","0","0"
"1614","2024-11-12T19:03:02.348999","1","11","2","294.0","1","5","0","0"
"1613","2024-11-12T18:36:53.377654","1","1","1","294.0","1","5","0","0"
"1612","2024-11-12T18:33:17.203599","1","1","1","294.0","1","5","0","0"
"1611","2024-11-12T18:28:43.019939","1","1","1","294.0","1","5","0","0"
"1610","2024-11-12T18:26:00.000716","1","1","1","294.0","1","5","0","0"
"1609","2024-11-12T18:23:17.319302","1","1","1","294.0","1","5","0","0"
"1608","2024-11-12T18:19:42.698729","1","1","1","294.0","1","5","0","0"
"1607","2024-11-12T18:16:06.910595","1","1","1","294.0","1","5","0","0"
"1606","2024-11-12T18:14:56.214531","1","1","1","174.0","1","5","0","0"
"1605","2024-11-12T18:14:31.993938","1","4","2","174.0","1","5","0","0"
"1604","2024-11-11T14:50:17.626531","10","0","0","294.0","1","5","0","0"
"1603","2024-11-11T14:44:48.684965","10","0","0","294.0","1","5","0","0"
"1602","2024-11-11T14:39:50.543132","10","0","0","294.0","1","5","0","0"
"1601","2024-11-08T19:48:46.804628","1","1","0","294.0","0","5","0","0"
"1600","2024-11-08T19:48:41.339084","2","1","0","294.0","0","5","0","0"
"1599","2024-11-08T19:45:24.021264","3","1","0","294.0","0","5","0","0"
"1598","2024-11-08T19:44:20.675669","2","1","0","294.0","0","5","0","0"
"1597","2024-11-08T19:33:16.682756","6","1","0","294.0","0","5","0","0"
"1596","2024-11-08T19:27:40.275759","5","0","0","294.0","0","5","0","0"
"1595","2024-11-08T19:23:19.634598","6","0","0","294.0","0","5","0","0"
"1594","2024-11-08T19:18:12.367913","6","0","0","294.0","0","5","0","0"
"1593","2024-11-08T19:13:54.623530","6","0","0","294.0","0","5","0","0"
"1592","2024-11-08T19:08:23.128823","6","0","0","294.0","0","5","0","0"
"1591","2024-11-08T19:02:20.921993","6","0","0","294.0","0","5","0","0"
"1590","2024-11-08T18:54:53.357886","6","0","0","294.0","0","5","0","0"
"1589","2024-11-08T18:51:59.445380","6","0","0","294.0","0","5","0","0"
"1588","2024-11-08T18:49:24.384714","6","0","0","294.0","0","5","0","0"
"1587","2024-11-08T18:43:48.205981","7","0","0","294.0","0","5","0","0"
"1586","2024-11-08T18:42:13.468515","7","0","0","294.0","0","5","0","0"
"1585","2024-11-08T18:39:23.139875","7","0","0","294.0","0","5","0","0"
"1584","2024-11-08T18:37:40.144934","6","0","0","294.0","0","5","0","0"
"1583","2024-11-08T18:32:52.766307","6","0","0","294.0","0","5","0","0"
"1582","2024-11-08T18:29:48.182489","5","1","0","294.0","0","5","0","0"
"1581","2024-11-08T18:27:03.255787","5","1","0","294.0","0","5","0","0"
"1580","2024-11-08T18:24:35.166130","5","0","0","294.0","0","5","0","0"
"1579","2024-11-08T18:22:25.085748","4","1","0","294.0","0","5","0","0"
"1578","2024-11-08T18:20:06.154229","3","1","0","294.0","0","5","0","0"
"1577","2024-11-08T18:17:45.154097","3","1","0","294.0","0","5","0","0"
"1576","2024-11-06T21:15:28.079707","4","0","0","294.0","0","5","0","0"
"1575","2024-11-06T21:15:20.495704","4","0","0","294.0","0","5","0","0"
"1574","2024-11-06T21:01:48.968100","2","1","0","294.0","0","5","0","0"
"1573","2024-11-06T21:01:44.346808","2","1","0","294.0","0","5","0","0"
"1572","2024-11-06T21:01:38.406669","3","1","0","294.0","0","5","0","0"
"1571","2024-11-06T21:01:26.960688","3","1","0","294.0","0","5","0","0"
"1570","2024-11-06T21:01:24.493059","3","1","0","294.0","0","5","0","0"
"1569","2024-11-06T21:01:20.056440","3","1","0","294.0","0","5","0","0"
"1568","2024-11-06T21:01:15.149248","3","1","0","294.0","0","5","0","0"
"1567","2024-11-06T19:26:11.466215","2","1","0","294.0","0","5","0","0"
"1566","2024-11-06T19:26:05.464789","2","1","0","294.0","0","5","0","0"
"1565","2024-11-06T17:33:43.971959","1","6","2","294.0","0","5","0","0"
"1564","2024-11-06T17:28:23.960799","1","7","2","294.0","0","5","0","0"
"1563","2024-11-06T17:20:29.933303","1","9","2","294.0","0","5","0","0"
"1562","2024-11-06T17:07:32.586544","1","1","1","294.0","0","5","0","0"
"1561","2024-11-06T17:03:30.185782","1","1","1","294.0","0","5","0","0"
"1560","2024-11-06T16:59:45.811130","1","1","1","294.0","0","5","0","0"
"1559","2024-11-06T16:55:55.389975","1","1","1","294.0","0","5","0","0"
"1558","2024-11-06T16:51:47.947346","1","1","1","294.0","0","5","0","0"
"1557","2024-11-06T16:48:00.324682","1","1","1","294.0","0","5","0","0"
"1556","2024-11-04T19:20:32.660570","6","1","0","1.0","0","5","0","0"
"1555","2024-11-04T19:13:28.213756","3","1","0","1.0","0","5","0","0"
"1554","2024-11-04T19:13:25.355939","6","0","0","1.0","0","5","0","0"
"1553","2024-11-04T18:59:40.273265","6","0","0","1.0","0","5","0","0"
"1552","2024-11-04T18:55:01.519349","7","1","0","1.0","0","5","0","0"
"1551","2024-11-04T18:51:35.442570","8","0","0","1.0","0","5","0","0"
"1550","2024-11-04T18:44:02.732719","8","0","0","1.0","0","5","0","0"
"1549","2024-11-04T18:36:47.054494","8","0","0","1.0","0","5","0","0"
"1548","2024-11-04T18:32:17.930146","8","0","0","1.0","0","5","0","0"
"1547","2024-11-04T18:26:24.720135","6","1","0","1.0","0","5","0","0"
"1546","2024-11-04T18:14:34.697857","7","0","0","1.0","0","5","0","0"
"1545","2024-11-04T18:00:14.939085","5","1","0","1.0","0","5","0","0"
"1544","2024-11-04T17:55:56.029754","4","1","0","1.0","0","5","0","0"
"1543","2024-11-04T17:51:11.072022","3","1","0","1.0","0","5","0","0"
"1542","2024-11-04T17:49:12.360687","2","1","0","1.0","0","5","0","0"
"1541","2024-11-04T17:49:03.449614","1","1","0","1.0","0","5","0","0"
"1540","2024-11-02T17:21:26.148892","9","0","0","1.0","1","5","0","0"
"1539","2024-11-02T17:16:38.162258","9","0","0","1.0","1","5","0","0"
"1538","2024-11-02T17:12:34.180822","9","0","0","1.0","1","5","0","0"
"1537","2024-11-02T16:52:19.483363","10","0","0","1.0","1","5","0","0"
"1536","2024-11-02T16:35:12.645704","10","0","0","1.0","1","5","0","0"
"1535","2024-11-02T16:22:00.293951","10","0","0","1.0","1","5","0","0"
"1534","2024-11-02T16:09:07.107380","10","0","0","1.0","1","5","0","0"
"1533","2024-11-02T15:58:06.253626","10","0","0","1.0","1","5","0","0"
"1532","2024-11-02T15:44:48.037909","10","0","0","1.0","1","5","0","0"
"1531","2024-11-02T15:30:07.212470","10","0","0","1.0","1","5","0","0"
"1530","2024-11-02T15:25:29.790784","10","0","0","1.0","1","5","0","0"
"1529","2024-11-02T15:21:27.292327","10","0","0","1.0","1","5","0","0"
"1528","2024-11-02T15:16:32.302853","10","0","0","1.0","1","5","0","0"
"1527","2024-11-02T15:09:14.770382","10","0","0","1.0","1","5","0","0"
"1526","2024-11-02T15:06:45.315668","10","0","0","1.0","1","5","0","0"
"1525","2024-11-02T14:58:16.660931","10","0","0","1.0","1","5","0","0"
"1524","2024-10-30T21:03:36.633415","3","1","0","1.0","0","5","0","0"
"1523","2024-10-30T21:02:43.888043","3","1","0","1.0","0","5","0","0"
"1522","2024-10-30T21:01:41.889391","2","1","0","1.0","0","5","0","0"
"1521","2024-10-30T21:00:38.615769","1","1","0","1.0","0","5","0","0"
"1520","2024-10-30T20:59:46.639959","4","1","0","1.0","0","5","0","0"
"1519","2024-10-30T20:59:01.229846","2","1","0","1.0","0","5","0","0"
"1518","2024-10-30T20:48:08.173148","3","1","0","1.0","0","5","0","0"
"1517","2024-10-30T20:47:13.117940","1","1","0","1.0","0","5","0","0"
"1516","2024-10-30T20:46:34.208522","2","1","0","1.0","0","5","0","0"
"1515","2024-10-30T20:45:51.095512","2","1","0","1.0","0","5","0","0"
"1514","2024-10-30T20:45:09.251662","3","1","0","1.0","0","5","0","0"
"1513","2024-10-30T20:44:22.283394","2","1","0","1.0","0","5","0","0"
"1512","2024-10-30T20:43:05.373801","4","1","0","1.0","0","5","0","0"
"1511","2024-10-30T20:42:06.253800","1","1","0","1.0","0","5","0","0"
"1510","2024-10-30T20:41:20.396258","3","1","0","1.0","0","5","0","0"
"1509","2024-10-30T20:40:11.667275","2","1","0","1.0","0","5","0","0"
"1508","2024-10-30T20:39:21.146011","1","1","0","1.0","0","5","0","0"
"1507","2024-10-30T20:38:29.333482","3","1","0","1.0","0","5","0","0"
"1506","2024-10-30T20:30:39.444691","0","1","1","1.0","0","5","0","0"
"1505","2024-10-30T20:26:24.392758","2","1","0","294.0","0","5","0","0"
"1504","2024-10-30T20:24:06.699716","2","1","0","294.0","0","5","0","0"
"1503","2024-10-30T20:22:21.279951","3","1","0","294.0","0","5","0","0"
"1502","2024-10-30T20:21:15.494320","1","1","0","294.0","0","5","0","0"
"1501","2024-10-30T20:20:32.695952","3","1","0","294.0","0","5","0","0"
"1500","2024-10-30T20:19:32.100125","1","1","0","294.0","0","5","0","0"
"1499","2024-10-30T20:18:51.022716","2","1","0","294.0","0","5","0","0"
"1498","2024-10-30T20:17:53.076273","2","1","0","294.0","0","5","0","0"
"1497","2024-10-30T20:17:07.580066","2","1","0","294.0","0","5","0","0"
"1496","2024-10-30T20:16:23.924343","2","1","0","294.0","0","5","0","0"
"1495","2024-10-30T20:15:05.716797","3","1","0","294.0","0","5","0","0"
"1494","2024-10-30T20:14:02.330079","2","1","0","294.0","0","5","0","0"
"1493","2024-10-29T13:28:50.962743","0","4","2","294.0","0","5","0","0"
"1492","2024-10-29T13:22:17.665100","0","6","2","294.0","0","5","0","0"
"1491","2024-10-29T13:18:38.850803","0","7","2","294.0","0","5","0","0"
"1490","2024-10-29T13:03:51.757118","0","1","1","294.0","0","5","0","0"
"1489","2024-10-29T12:59:26.893774","0","1","1","294.0","0","5","0","0"
"1488","2024-10-29T12:53:44.106671","0","1","1","294.0","0","5","0","0"
"1487","2024-10-29T12:50:05.028059","0","1","1","294.0","0","5","0","0"
"1486","2024-10-29T12:46:15.270528","0","1","1","277.0","0","5","0","0"
"1485","2024-10-29T12:42:13.405830","0","1","1","174.0","0","5","0","0"
"1484","2024-10-29T12:39:52.285041","0","1","1","174.0","0","5","0","0"
"1483","2024-10-27T18:14:42.313159","10","0","0","277.0","1","5","0","0"
"1482","2024-10-27T17:48:59.871778","10","0","0","277.0","1","5","0","0"
"1481","2024-10-27T17:40:03.836704","10","0","0","277.0","1","5","0","0"
"1480","2024-10-27T17:29:59.884205","10","0","0","277.0","1","5","0","0"
"1479","2024-10-27T17:16:54.756939","10","0","0","277.0","1","5","0","0"
"1478","2024-10-27T17:07:20.142517","10","0","0","277.0","1","5","0","0"
"1477","2024-10-27T17:01:28.990306","10","0","0","277.0","1","5","0","0"
"1476","2024-10-27T16:56:24.854371","10","0","0","277.0","1","5","0","0"
"1475","2024-10-27T16:50:33.686149","10","0","0","277.0","1","5","0","0"
"1474","2024-10-27T16:47:41.491879","10","0","0","277.0","1","5","0","0"
"1473","2024-10-27T16:00:32.323163","10","0","0","277.0","1","5","0","0"
"1472","2024-10-27T16:00:24.024513","2","1","0","277.0","1","5","0","0"
"1471","2024-10-27T15:13:49.905436","2","0","0","277.0","1","5","0","0"
"1470","2024-10-27T15:13:47.839543","2","0","0","277.0","1","5","0","0"
"1469","2024-10-27T15:13:44.465477","2","0","0","277.0","1","5","0","0"
"1468","2024-10-27T15:13:40.372458","2","0","0","277.0","1","5","0","0"
"1467","2024-10-26T17:26:28.753489","12","0","0","277.0","1","5","0","0"
"1466","2024-10-26T17:21:38.182143","12","0","0","277.0","1","5","0","0"
"1465","2024-10-26T17:18:49.043617","12","0","0","277.0","1","5","0","0"
"1464","2024-10-26T17:14:28.049346","4","1","0","277.0","1","5","0","0"
"1463","2024-10-26T17:11:00.607276","4","0","0","277.0","1","5","0","0"
"1462","2024-10-26T17:03:04.991447","4","0","0","277.0","1","5","0","0"
"1461","2024-10-26T16:59:56.598686","4","0","0","277.0","1","5","0","0"
"1460","2024-10-26T16:56:22.422548","4","0","0","277.0","1","5","0","0"
"1459","2024-10-26T16:54:19.758734","4","0","0","277.0","1","5","0","0"
"1458","2024-10-26T16:53:30.153468","4","0","0","277.0","1","5","0","0"
"1457","2024-10-26T16:51:08.527889","4","0","0","277.0","1","5","0","0"
"1456","2024-10-26T16:46:54.420177","4","0","0","277.0","1","5","0","0"
"1455","2024-10-26T16:42:21.114896","4","1","0","277.0","1","5","0","0"
"1454","2024-10-26T16:39:22.061432","4","0","0","277.0","1","5","0","0"
"1453","2024-10-24T18:55:30.873243","7","0","0","277.0","0","5","0","0"
"1452","2024-10-24T18:23:59.542852","7","0","0","277.0","0","5","0","0"
"1451","2024-10-24T18:17:26.259042","7","0","0","277.0","0","5","0","0"
"1450","2024-10-24T18:13:41.348835","9","0","0","277.0","0","5","0","0"
"1449","2024-10-24T18:13:26.617287","5","1","0","277.0","0","5","0","0"
"1448","2024-10-24T17:56:47.973436","7","1","0","277.0","0","5","0","0"
"1447","2024-10-24T17:54:04.138776","7","0","0","277.0","0","5","0","0"
"1446","2024-10-24T17:44:15.748244","8","1","0","277.0","0","5","0","0"
"1445","2024-10-24T17:40:37.716816","6","0","0","277.0","0","5","0","0"
"1444","2024-10-24T17:37:38.798833","4","1","0","277.0","0","5","0","0"
"1443","2024-10-24T17:36:29.462861","4","0","0","277.0","0","5","0","0"
"1442","2024-10-24T17:35:07.578048","2","1","0","277.0","0","5","0","0"
"1441","2024-10-24T17:34:00.261617","3","1","0","277.0","0","5","0","0"
"1440","2024-10-22T21:05:06.194673","6","0","0","277.0","1","5","0","0"
"1439","2024-10-22T20:57:38.680522","6","0","0","277.0","1","5","0","0"
"1438","2024-10-22T20:44:13.908039","6","0","0","277.0","1","5","0","0"
"1437","2024-10-22T20:39:56.412380","6","0","0","277.0","1","5","0","0"
"1436","2024-10-22T19:54:08.567277","4","1","0","277.0","1","5","0","0"
"1435","2024-10-22T19:45:46.550269","4","0","0","277.0","1","5","0","0"
"1434","2024-10-22T18:50:28.233332","2","1","0","277.0","1","5","0","0"
"1433","2024-10-19T18:06:36.916214","6","0","0","277.0","1","5","0","0"
"1432","2024-10-19T18:06:34.781354","6","0","0","277.0","1","5","0","0"
"1431","2024-10-19T18:06:30.349463","6","0","0","277.0","1","5","0","0"
"1430","2024-10-19T17:32:22.664470","5","1","0","277.0","1","5","0","0"
"1429","2024-10-19T17:32:03.656900","5","0","0","277.0","1","5","0","0"
"1428","2024-10-19T17:31:51.015635","5","0","0","277.0","1","5","0","0"
"1427","2024-10-19T17:31:46.942624","5","0","0","277.0","1","5","0","0"
"1426","2024-10-19T16:47:50.317634","10","0","0","277.0","1","5","0","0"
"1425","2024-10-19T15:31:53.966994","2","1","0","277.0","1","5","0","0"
"1424","2024-10-19T15:25:10.713043","3","1","0","277.0","1","5","0","0"
"1423","2024-10-19T15:25:06.733784","3","0","0","277.0","1","5","0","0"
"1422","2024-10-19T15:11:00.917699","3","0","0","277.0","1","5","0","0"
"1421","2024-10-19T15:10:57.664618","3","0","0","277.0","1","5","0","0"
"1420","2024-10-18T18:53:12.785945","3","1","0","277.0","0","5","0","0"
"1419","2024-10-18T18:52:08.635938","3","1","0","277.0","0","5","0","0"
"1418","2024-10-18T18:52:05.548214","2","1","0","277.0","0","5","0","0"
"1417","2024-10-18T18:50:34.200821","2","1","0","277.0","0","5","0","0"
"1416","2024-10-18T18:50:30.843746","3","1","0","277.0","0","5","0","0"
"1415","2024-10-18T18:50:27.043247","2","1","0","277.0","0","5","0","0"
"1414","2024-10-18T18:48:06.023520","1","1","0","277.0","0","5","0","0"
"1413","2024-10-18T18:48:04.141161","1","1","0","277.0","0","5","0","0"
"1412","2024-10-18T18:48:01.986853","1","1","0","277.0","0","5","0","0"
"1411","2024-10-18T18:47:58.112087","1","1","0","277.0","0","5","0","0"
"1410","2024-10-18T18:47:53.021934","2","1","0","277.0","0","5","0","0"
"1409","2024-10-18T18:19:32.011521","8","0","0","277.0","0","5","0","0"
"1408","2024-10-18T18:10:41.750119","6","0","0","277.0","0","5","0","0"
"1407","2024-10-18T18:03:02.685740","6","1","0","277.0","0","5","0","0"
"1406","2024-10-18T17:55:21.671510","4","1","0","277.0","0","5","0","0"
"1405","2024-10-18T17:50:49.855324","3","1","0","277.0","0","5","0","0"
"1404","2024-10-18T17:48:49.373832","3","1","0","277.0","0","5","0","0"
"1403","2024-10-16T22:32:05.259707","0","8","2","277.0","1","5","0","0"
"1402","2024-10-16T22:27:28.599960","0","11","2","277.0","1","5","0","0"
"1401","2024-10-16T22:19:36.690629","0","1","1","277.0","1","5","0","0"
"1400","2024-10-16T22:17:16.050346","0","1","1","277.0","1","5","0","0"
"1399","2024-10-16T22:14:42.645642","0","1","1","277.0","1","5","0","0"
"1398","2024-10-16T22:12:17.637571","0","1","1","277.0","1","5","0","0"
"1397","2024-10-16T22:09:59.387254","0","1","1","277.0","1","5","0","0"
"1396","2024-10-16T22:07:26.815505","0","1","1","277.0","1","5","0","0"
"1395","2024-10-16T22:04:51.652229","0","1","1","277.0","1","5","0","0"
"1394","2024-10-16T22:02:07.463580","0","1","1","277.0","1","5","0","0"
"1393","2024-10-14T20:47:16.890679","7","0","0","274.0","1","5","0","0"
"1392","2024-10-14T19:51:42.849627","7","0","0","274.0","1","5","0","0"
"1391","2024-10-14T19:22:49.211079","7","0","0","274.0","1","5","0","0"
"1390","2024-10-14T19:16:30.999615","7","0","0","274.0","1","5","0","0"
"1389","2024-10-14T19:13:12.246280","7","0","0","274.0","1","5","0","0"
"1388","2024-10-14T18:52:51.868768","10","0","0","274.0","1","5","0","0"
"1387","2024-10-14T18:49:07.108018","10","0","0","274.0","1","5","0","0"
"1386","2024-10-14T18:34:46.042977","10","0","0","274.0","1","5","0","0"
"1385","2024-10-14T18:28:54.350526","10","0","0","274.0","1","5","0","0"
"1384","2024-10-14T18:10:05.070743","8","1","0","274.0","1","5","0","0"
"1383","2024-10-14T17:53:23.493700","8","0","0","274.0","1","5","0","0"
"1382","2024-10-14T17:11:17.819938","5","1","0","274.0","1","5","0","0"
"1381","2024-10-14T17:05:29.315918","3","1","0","274.0","1","5","0","0"
"1380","2024-10-13T19:24:36.916914","10","0","0","274.0","1","5","0","0"
"1379","2024-10-13T19:21:07.539957","10","0","0","274.0","1","5","0","0"
"1378","2024-10-13T19:19:02.861086","10","0","0","274.0","1","5","0","0"
"1377","2024-10-13T19:01:26.178700","9","0","0","274.0","1","5","0","0"
"1376","2024-10-13T18:53:35.794157","9","0","0","274.0","1","5","0","0"
"1375","2024-10-13T18:51:38.138194","8","0","0","274.0","1","5","0","0"
"1374","2024-10-13T18:47:10.099177","8","0","0","274.0","1","5","0","0"
"1373","2024-10-13T18:35:26.914156","8","0","0","274.0","1","5","0","0"
"1372","2024-10-13T18:34:22.102662","8","0","0","274.0","1","5","0","0"
"1371","2024-10-13T18:28:13.276034","8","0","0","274.0","1","5","0","0"
"1370","2024-10-13T18:21:44.280763","8","0","0","274.0","1","5","0","0"
"1369","2024-10-13T18:11:46.461657","8","0","0","274.0","1","5","0","0"
"1368","2024-10-13T18:06:38.638580","8","0","0","274.0","1","5","0","0"
"1367","2024-10-13T18:03:53.798711","8","0","0","274.0","1","5","0","0"
"1366","2024-10-13T17:55:02.629741","8","0","0","274.0","1","5","0","0"
"1365","2024-10-13T17:52:15.924593","8","0","0","274.0","1","5","0","0"
"1364","2024-10-13T17:47:04.953789","8","0","0","274.0","1","5","0","0"
"1363","2024-10-13T17:07:09.895214","2","1","0","274.0","1","5","0","0"
"1362","2024-10-13T16:25:11.734119","2","1","0","274.0","1","5","0","0"
"1361","2024-10-13T16:25:08.087765","1","1","0","274.0","1","5","0","0"
"1360","2024-10-13T16:25:03.827902","3","1","0","274.0","1","5","0","0"
"1359","2024-10-13T15:17:51.511984","4","1","0","274.0","1","5","0","0"
"1358","2024-10-13T15:17:48.147073","1","1","0","274.0","1","5","0","0"
"1357","2024-10-13T15:17:42.154107","1","1","0","274.0","1","5","0","0"
"1356","2024-10-10T18:28:35.063037","8","0","0","274.0","1","5","0","0"
"1355","2024-10-10T18:04:12.246890","8","0","0","274.0","1","5","0","0"
"1354","2024-10-10T17:45:37.605977","8","0","0","274.0","1","5","0","0"
"1353","2024-10-10T17:33:09.274094","8","0","0","274.0","1","5","0","0"
"1352","2024-10-10T17:18:41.544949","8","0","0","274.0","1","5","0","0"
"1351","2024-10-10T17:06:57.690263","8","0","0","274.0","1","5","0","0"
"1350","2024-10-10T16:51:41.957055","8","0","0","274.0","1","5","0","0"
"1349","2024-10-10T16:42:36.447363","8","0","0","274.0","1","5","0","0"
"1348","2024-10-10T16:35:40.697371","8","0","0","274.0","1","5","0","0"
"1347","2024-10-07T19:25:50.092067","3","1","0","274.0","0","5","0","0"
"1346","2024-10-07T19:23:43.882769","2","1","0","274.0","0","5","0","0"
"1345","2024-10-07T19:22:39.051817","3","1","0","274.0","0","5","0","0"
"1344","2024-10-07T19:21:35.525053","2","1","0","274.0","0","5","0","0"
"1343","2024-10-07T19:20:45.353104","1","1","0","274.0","0","5","0","0"
"1342","2024-10-07T19:19:45.494190","4","1","0","274.0","0","5","0","0"
"1341","2024-10-07T19:18:57.615410","2","1","0","274.0","0","5","0","0"
"1340","2024-10-07T19:18:02.465207","3","1","0","274.0","0","5","0","0"
"1339","2024-10-07T19:17:00.606446","2","1","0","274.0","0","5","0","0"
"1338","2024-10-07T19:15:57.188763","1","1","0","274.0","0","5","0","0"
"1337","2024-10-07T19:15:08.428581","2","1","0","274.0","0","5","0","0"
"1336","2024-10-07T19:14:09.078266","3","1","0","274.0","0","5","0","0"
"1335","2024-10-07T19:13:24.455896","2","1","0","274.0","0","5","0","0"
"1334","2024-10-07T19:12:36.354946","1","1","0","274.0","0","5","0","0"
"1333","2024-10-07T19:12:30.302165","1","1","0","274.0","0","5","0","0"
"1332","2024-10-07T18:54:22.944304","0","6","2","274.0","0","5","0","0"
"1331","2024-10-07T18:49:43.647215","0","7","2","274.0","0","5","0","0"
"1330","2024-10-07T18:46:05.411056","0","9","2","274.0","0","5","0","0"
"1329","2024-10-07T18:28:21.681427","0","1","1","274.0","0","5","0","0"
"1328","2024-10-07T18:25:43.969005","0","1","1","274.0","0","5","0","0"
"1327","2024-10-07T18:23:06.232878","0","1","1","274.0","0","5","0","0"
"1326","2024-10-07T18:20:31.949547","0","1","1","274.0","0","5","0","0"
"1325","2024-10-07T18:18:02.185554","0","1","1","274.0","0","5","0","0"
"1324","2024-10-07T18:15:21.396454","0","1","1","274.0","0","5","0","0"
"1323","2024-10-05T16:26:45.515599","9","0","0","274.0","1","5","0","0"
"1322","2024-10-05T16:07:12.103356","9","0","0","274.0","1","5","0","0"
"1321","2024-10-05T15:57:13.983920","4","1","0","274.0","1","5","0","0"
"1320","2024-10-05T15:42:39.227178","4","1","0","274.0","1","5","0","0"
"1319","2024-10-05T15:32:34.189843","2","1","0","274.0","1","5","0","0"
"1318","2024-10-05T15:27:58.904064","3","1","0","274.0","1","5","0","0"
"1317","2024-10-05T15:23:55.584525","1","1","0","274.0","1","5","0","0"
"1316","2024-10-05T15:19:00.967897","11","0","0","274.0","1","5","0","0"
"1315","2024-10-05T14:38:33.506846","9","0","0","274.0","1","5","0","0"
"1314","2024-10-05T14:05:06.858100","5","1","0","274.0","1","5","0","0"
"1313","2024-10-05T13:55:14.129412","5","0","0","274.0","1","5","0","0"
"1312","2024-10-05T13:53:08.340530","5","0","0","274.0","1","5","0","0"
"1311","2024-10-05T13:08:11.319751","2","1","0","274.0","1","5","0","0"
"1310","2024-10-05T12:42:42.013511","2","1","0","274.0","1","5","0","0"
"1309","2024-10-05T12:40:49.193403","2","1","0","274.0","1","5","0","0"
"1308","2024-10-04T21:57:37.487654","4","1","0","274.0","1","5","0","0"
"1307","2024-10-04T21:55:18.755163","4","0","0","274.0","1","5","0","0"
"1306","2024-10-04T21:39:00.792450","8","0","0","274.0","1","5","0","0"
"1305","2024-10-04T21:32:36.227219","2","1","0","274.0","1","5","0","0"
"1304","2024-10-04T21:26:46.587507","8","0","0","274.0","1","5","0","0"
"1303","2024-10-04T21:15:12.107467","8","0","0","274.0","1","5","0","0"
"1302","2024-10-04T21:09:08.089640","8","0","0","274.0","1","5","0","0"
"1301","2024-10-04T21:04:42.199349","8","0","0","274.0","1","5","0","0"
"1300","2024-10-04T20:53:29.646657","6","0","0","274.0","1","5","0","0"
"1299","2024-10-04T20:39:09.529273","7","0","0","274.0","1","5","0","0"
"1298","2024-10-04T20:13:11.305354","7","0","0","274.0","1","5","0","0"
"1297","2024-10-04T20:05:39.644059","7","0","0","274.0","1","5","0","0"
"1296","2024-10-04T19:18:06.585817","6","0","0","274.0","1","5","0","0"
"1295","2024-10-04T19:17:43.748590","3","1","0","274.0","1","5","0","0"
"1294","2024-10-04T19:11:44.999397","3","1","0","274.0","1","5","0","0"
"1293","2024-10-04T19:09:46.265305","3","1","0","274.0","1","5","0","0"
"1292","2024-10-01T21:38:38.973160","10","0","0","274.0","1","5","0","0"
"1291","2024-10-01T21:34:10.805748","10","0","0","274.0","1","5","0","0"
"1289","2024-10-01T21:29:10.857880","10","0","0","274.0","1","5","0","0"
"1288","2024-10-01T21:23:48.780614","10","0","0","274.0","1","5","0","0"
"1287","2024-10-01T21:23:41.854631","8","1","0","274.0","1","5","0","0"
"1286","2024-10-01T20:24:44.033901","8","0","0","274.0","1","5","0","0"
"1284","2024-10-01T20:12:51.418115","8","0","0","274.0","1","5","0","0"
"1283","2024-10-01T19:56:31.259591","8","0","0","274.0","1","5","0","0"
"1282","2024-10-01T19:44:26.090532","8","0","0","274.0","1","5","0","0"
"1281","2024-10-01T19:29:13.455268","3","1","0","274.0","1","5","0","0"
"1280","2024-10-01T19:21:31.830308","5","0","0","274.0","1","5","0","0"
"1279","2024-10-01T19:17:03.401444","5","0","0","274.0","1","5","0","0"
"1278","2024-09-30T19:49:07.626595","7","0","0","274.0","0","5","0","0"
"1277","2024-09-30T19:49:02.005530","7","0","0","274.0","0","5","0","0"
"1276","2024-09-30T19:48:55.623436","6","0","0","274.0","0","5","0","0"
"1275","2024-09-30T19:24:03.076752","5","1","0","274.0","0","5","0","0"
"1274","2024-09-30T19:20:35.947460","4","1","0","274.0","0","5","0","0"
"1273","2024-09-30T19:14:50.235480","4","1","0","274.0","0","5","0","0"
"1272","2024-09-30T19:12:47.328020","4","1","0","274.0","0","5","0","0"
"1271","2024-09-30T19:08:13.784669","3","1","0","274.0","0","5","0","0"
"1270","2024-09-30T19:06:08.232545","1","1","0","274.0","0","5","0","0"
"1269","2024-09-30T19:04:27.998619","2","1","0","274.0","0","5","0","0"
"1268","2024-09-27T17:47:44.718920","0","6","2","274.0","0","5","0","0"
"1267","2024-09-27T17:44:00.372747","0","7","2","274.0","0","5","0","0"
"1266","2024-09-27T17:37:48.236877","0","6","2","254.0","0","5","0","0"
"1265","2024-09-27T17:30:43.391648","0","3","2","254.0","0","5","0","0"
"1264","2024-09-27T17:28:16.728940","0","1","1","274.0","0","5","0","0"
"1263","2024-09-27T17:23:01.078685","0","1","1","274.0","0","5","0","0"
"1262","2024-09-27T17:19:22.669517","0","1","1","274.0","0","5","0","0"
"1261","2024-09-27T17:15:53.103622","0","1","1","274.0","0","5","0","0"
"1259","2024-09-27T17:11:26.723593","0","1","1","255.0","0","5","0","0"
"1258","2024-09-27T17:06:00.144924","0","1","1","204.0","0","5","0","0"
"1257","2024-09-25T21:50:51.750191","8","1","0","317.0","0","5","0","0"
"1256","2024-09-25T21:50:49.430729","8","0","0","317.0","0","5","0","0"
"1255","2024-09-25T21:50:47.038068","8","0","0","317.0","0","5","0","0"
"1254","2024-09-25T21:50:38.712282","8","0","0","317.0","0","5","0","0"
"1253","2024-09-23T21:26:18.722507","1","1","0","317.0","0","5","0","0"
"1252","2024-09-23T21:25:24.869313","4","1","0","317.0","0","5","0","0"
"1251","2024-09-23T21:24:37.242517","2","1","0","317.0","0","5","0","0"
"1250","2024-09-23T21:23:36.207634","1","1","0","317.0","0","5","0","0"
"1249","2024-09-23T21:22:50.156733","5","0","0","317.0","0","5","0","0"
"1248","2024-09-23T21:21:53.902695","3","1","0","317.0","0","5","0","0"
"1247","2024-09-23T21:20:57.422851","4","1","0","317.0","0","5","0","0"
"1246","2024-09-23T21:20:17.787706","2","1","0","317.0","0","5","0","0"
"1245","2024-09-23T21:19:47.444358","2","1","0","317.0","0","5","0","0"
"1244","2024-09-23T21:08:43.073233","2","1","0","317.0","0","5","0","0"
"1243","2024-09-23T21:07:54.387666","3","1","0","317.0","0","5","0","0"
"1242","2024-09-23T21:07:03.481092","4","1","0","317.0","0","5","0","0"
"1241","2024-09-23T21:06:04.648204","3","1","0","317.0","0","5","0","0"
"1240","2024-09-23T21:05:06.251107","1","1","0","317.0","0","5","0","0"
"1239","2024-09-23T21:04:10.332304","1","1","0","317.0","0","5","0","0"
"1238","2024-09-23T21:03:34.686439","3","1","0","317.0","0","5","0","0"
"1237","2024-09-23T21:02:49.484415","1","1","0","317.0","0","5","0","0"
"1236","2024-09-23T21:02:17.027823","2","1","0","317.0","0","5","0","0"
"1235","2024-09-23T21:01:34.201223","3","1","0","317.0","0","5","0","0"
"1234","2024-09-23T21:00:05.685864","2","1","0","317.0","0","5","0","0"
"1233","2024-09-23T20:59:47.668313","1","1","0","317.0","0","5","0","0"
"1232","2024-09-22T18:03:17.164793","8","0","0","317.0","1","5","0","0"
"1231","2024-09-22T17:38:23.841705","8","0","0","317.0","1","5","0","0"
"1230","2024-09-22T17:29:52.781826","7","0","0","317.0","1","5","0","0"
"1229","2024-09-22T17:21:49.421203","8","0","0","317.0","1","5","0","0"
"1228","2024-09-22T17:13:20.797328","8","0","0","317.0","1","5","0","0"
"1227","2024-09-22T17:10:59.208043","8","0","0","317.0","1","5","0","0"
"1226","2024-09-22T17:06:34.120984","8","0","0","317.0","1","5","0","0"
"1225","2024-09-22T16:55:55.521033","8","0","0","317.0","1","5","0","0"
"1224","2024-09-22T16:46:34.142206","8","0","0","317.0","1","5","0","0"
"1223","2024-09-22T16:44:16.029459","8","0","0","317.0","1","5","0","0"
"1222","2024-09-22T15:20:21.560809","5","1","0","317.0","1","5","0","0"
"1221","2024-09-22T15:10:43.538284","5","0","0","317.0","1","5","0","0"
"1220","2024-09-22T15:10:41.509342","5","0","0","317.0","1","5","0","0"
"1219","2024-09-22T14:54:46.970654","5","0","0","317.0","1","5","0","0"
"1218","2024-09-22T14:54:43.308960","5","0","0","317.0","1","5","0","0"
"1217","2024-09-22T14:49:33.535083","5","0","0","317.0","1","5","0","0"
"1216","2024-09-22T14:35:33.522614","5","1","0","317.0","1","5","0","0"
"1215","2024-09-22T14:28:42.742943","5","0","0","317.0","1","5","0","0"
"1214","2024-09-22T14:18:28.989091","4","1","0","317.0","1","5","0","0"
"1213","2024-09-22T14:01:20.566195","4","1","0","317.0","1","5","0","0"
"1212","2024-09-22T13:55:47.094512","2","1","0","317.0","1","5","0","0"
"1211","2024-09-22T13:55:40.607794","1","1","0","317.0","1","5","0","0"
"1210","2024-09-20T18:07:02.954131","9","0","0","317.0","0","5","0","0"
"1209","2024-09-20T18:02:14.316846","8","0","0","317.0","0","5","0","0"
"1208","2024-09-20T18:02:12.618698","8","0","0","317.0","0","5","0","0"
"1207","2024-09-20T18:02:10.118254","8","0","0","317.0","0","5","0","0"
"1206","2024-09-20T17:56:47.537614","8","0","0","317.0","0","5","0","0"
"1205","2024-09-20T17:44:12.875786","7","1","0","317.0","0","5","0","0"
"1204","2024-09-20T17:39:22.151554","6","1","0","317.0","0","5","0","0"
"1203","2024-09-20T17:35:56.810843","5","1","0","317.0","0","5","0","0"
"1202","2024-09-20T17:30:00.796732","5","1","0","317.0","0","5","0","0"
"1201","2024-09-20T17:27:08.788634","4","1","0","317.0","0","5","0","0"
"1200","2024-09-20T17:24:11.341840","3","1","0","317.0","0","5","0","0"
"1199","2024-09-20T17:23:33.938071","2","1","0","317.0","0","5","0","0"
"1198","2024-09-20T17:21:01.121964","1","1","0","317.0","0","5","0","0"
"1197","2024-09-19T18:31:19.403708","0","1","2","317.0","0","5","0","0"
"1196","2024-09-19T18:31:08.750249","0","1","1","317.0","0","5","0","0"
"1193","2024-09-19T18:10:14.236861","0","1","1","308.0","0","5","0","0"
"1192","2024-09-19T18:08:33.086914","0","1","2","308.0","0","5","0","0"
"1191","2024-09-19T18:00:06.186999","0","1","1","260.0","0","5","0","0"
"1190","2024-09-19T17:58:44.857935","0","1","2","260.0","0","5","0","0"
"1189","2024-09-19T17:55:37.184848","0","1","2","217.3","0","5","0","0"
"1188","2024-09-19T17:55:29.187381","0","1","1","217.3","0","5","0","0"
"1187","2024-09-19T17:53:50.502749","0","1","2","168.5","0","5","0","0"
"1186","2024-09-19T17:53:26.834534","0","1","1","168.5","0","5","0","0"
"1185","2024-09-17T19:44:05.880575","9","0","0","255.0","0","5","0","0"
"1184","2024-09-17T19:37:27.659823","6","1","0","255.0","0","5","0","0"
"1183","2024-09-17T19:12:56.141320","7","1","0","255.0","0","5","0","0"
"1182","2024-09-17T19:00:40.864395","5","1","0","255.0","0","5","0","0"
"1181","2024-09-17T18:49:28.880653","5","1","0","255.0","0","5","0","0"
"1180","2024-09-17T18:44:36.027442","5","0","0","255.0","0","5","0","0"
"1179","2024-09-17T18:40:30.414833","5","1","0","255.0","0","5","0","0"
"1178","2024-09-17T18:38:21.425956","3","1","0","255.0","0","5","0","0"
"1177","2024-09-17T18:33:52.799880","1","1","0","255.0","0","5","0","0"
"1176","2024-09-17T18:32:51.609357","1","1","0","255.0","0","5","0","0"
"1175","2024-09-17T18:31:56.137365","2","1","0","255.0","0","5","0","0"
"1174","2024-09-15T12:23:45.265013","10","0","0","255.0","1","5","0","0"
"1173","2024-09-15T11:56:14.256991","10","0","0","255.0","1","5","0","0"
"1172","2024-09-15T11:56:08.346520","10","0","0","255.0","1","5","0","0"
"1171","2024-09-15T11:33:35.727773","8","0","0","255.0","1","5","0","0"
"1170","2024-09-15T11:30:17.243052","8","0","0","255.0","1","5","0","0"
"1169","2024-09-15T11:12:30.364336","8","0","0","255.0","1","5","0","0"
"1168","2024-09-15T11:02:31.027775","8","0","0","255.0","1","5","0","0"
"1167","2024-09-15T10:57:47.573848","8","0","0","255.0","1","5","0","0"
"1166","2024-09-15T10:48:08.020762","7","0","0","255.0","1","5","0","0"
"1165","2024-09-15T10:42:50.663337","5","0","0","255.0","1","5","0","0"
"1164","2024-09-13T20:20:34.560574","3","1","0","255.0","0","5","0","0"
"1163","2024-09-13T20:09:09.536463","1","1","0","255.0","0","5","0","0"
"1162","2024-09-13T20:09:04.115618","1","1","0","255.0","0","5","0","0"
"1161","2024-09-13T20:02:26.736069","7","1","0","255.0","0","5","0","0"
"1160","2024-09-13T19:58:36.648250","6","0","0","255.0","0","5","0","0"
"1159","2024-09-13T19:57:04.207650","5","0","0","255.0","0","5","0","0"
"1158","2024-09-13T19:53:14.855559","2","1","0","255.0","0","5","0","0"
"1157","2024-09-13T19:53:12.390116","2","1","0","255.0","0","5","0","0"
"1156","2024-09-13T19:53:08.837284","2","1","0","255.0","0","5","0","0"
"1155","2024-09-13T19:50:34.798170","5","1","0","255.0","0","5","0","0"
"1154","2024-09-13T19:49:05.600313","2","1","0","255.0","0","5","0","0"
"1153","2024-09-13T19:49:03.349621","2","1","0","255.0","0","5","0","0"
"1152","2024-09-13T19:48:58.174002","2","1","0","255.0","0","5","0","0"
"1151","2024-09-13T19:46:49.407653","3","1","0","255.0","0","5","0","0"
"1150","2024-09-13T19:41:55.895546","3","1","0","255.0","0","5","0","0"
"1149","2024-09-13T19:38:25.421253","2","1","0","255.0","0","5","0","0"
"1148","2024-09-13T19:35:33.807386","4","1","0","255.0","0","5","0","0"
"1147","2024-09-13T19:34:05.818512","2","1","0","255.0","0","5","0","0"
"1146","2024-09-12T22:40:51.297539","10","0","0","255.0","1","5","0","0"
"1145","2024-09-12T22:19:14.908567","10","0","0","255.0","1","5","0","0"
"1144","2024-09-12T22:16:11.373534","10","0","0","255.0","1","5","0","0"
"1143","2024-09-12T22:06:13.681765","10","0","0","255.0","1","5","0","0"
"1142","2024-09-12T22:06:11.339573","10","0","0","255.0","1","5","0","0"
"1141","2024-09-12T21:42:04.934315","10","0","0","255.0","1","5","0","0"
"1140","2024-09-12T21:32:02.795416","10","0","0","255.0","1","5","0","0"
"1139","2024-09-12T21:18:56.449806","10","0","0","255.0","1","5","0","0"
"1138","2024-09-12T21:07:56.820500","10","0","0","255.0","1","5","0","0"
"1137","2024-09-12T20:59:43.034076","10","0","0","255.0","1","5","0","0"
"1136","2024-09-12T20:51:08.699448","10","0","0","255.0","1","5","0","0"
"1135","2024-09-12T20:32:56.960095","10","0","0","255.0","1","5","0","0"
"1134","2024-09-12T20:19:37.526562","10","0","0","255.0","1","5","0","0"
"1133","2024-09-12T19:54:32.374953","10","0","0","255.0","1","5","0","0"
"1132","2024-09-12T19:42:03.739305","10","0","0","255.0","1","5","0","0"
"1131","2024-09-12T19:32:43.805882","10","0","0","255.0","1","5","0","0"
"1130","2024-09-12T19:20:55.254177","10","0","0","255.0","1","5","0","0"
"1129","2024-09-12T19:06:45.248105","10","0","0","255.0","1","5","0","0"
"1128","2024-09-12T19:02:19.640792","10","0","0","255.0","1","5","0","0"
"1127","2024-09-12T18:58:10.821846","10","0","0","255.0","1","5","0","0"
"1126","2024-09-09T20:26:05.579949","2","1","0","255.0","0","5","0","0"
"1125","2024-09-09T20:24:37.945019","5","0","0","255.0","0","5","0","0"
"1124","2024-09-09T20:23:22.896340","4","0","0","255.0","0","5","0","0"
"1123","2024-09-09T20:22:16.425828","3","1","0","255.0","0","5","0","0"
"1122","2024-09-09T20:19:20.359155","3","1","0","255.0","0","5","0","0"
"1121","2024-09-09T20:18:02.074643","4","1","0","255.0","0","5","0","0"
"1120","2024-09-09T20:16:18.490461","6","0","0","255.0","0","5","0","0"
"1119","2024-09-09T20:04:01.929959","2","1","0","255.0","0","5","0","0"
"1118","2024-09-09T20:04:00.192579","2","1","0","255.0","0","5","0","0"
"1117","2024-09-09T20:03:56.510440","2","1","0","255.0","0","5","0","0"
"1116","2024-09-09T19:59:25.903711","6","1","0","255.0","0","5","0","0"
"1115","2024-09-09T19:56:05.583691","3","1","0","255.0","0","5","0","0"
"1114","2024-09-09T19:52:37.658548","5","1","0","255.0","0","5","0","0"
"1113","2024-09-09T19:50:25.440896","2","1","0","255.0","0","5","0","0"
"1112","2024-09-09T19:47:45.558859","3","1","0","255.0","0","5","0","0"
"1111","2024-09-09T19:42:13.083433","3","1","0","255.0","0","5","0","0"
"1110","2024-09-09T19:35:59.453147","1","1","0","255.0","0","5","0","0"
"1109","2024-09-09T18:33:56.716308","0","1","1","255.0","0","5","0","0"
"1108","2024-09-09T18:31:23.826724","0","1","1","255.0","0","5","0","0"
"1107","2024-09-09T18:29:03.317237","0","1","1","255.0","0","5","0","0"
"1106","2024-09-09T18:26:33.057748","0","1","1","255.0","0","5","0","0"
"1105","2024-09-09T18:23:11.675936","0","1","1","255.0","0","5","0","0"
"1104","2024-09-09T18:11:46.273980","0","5","2","250.0","0","5","0","0"
"1103","2024-09-09T18:06:05.930853","0","7","2","250.0","0","5","0","0"
"1102","2024-09-09T18:02:29.661021","0","9","2","250.0","0","5","0","0"
"1101","2024-09-09T17:57:46.569835","0","1","2","219.0","0","5","0","0"
"1100","2024-09-08T12:14:45.589656","9","0","0","255.0","1","5","0","0"
"1099","2024-09-08T12:08:03.505495","9","0","0","255.0","1","5","0","0"
"1098","2024-09-08T12:01:16.831497","9","0","0","255.0","1","5","0","0"
"1097","2024-09-08T12:01:11.822813","9","0","0","255.0","1","5","0","0"
"1096","2024-09-08T11:06:24.664009","2","2","0","255.0","1","5","0","0"
"1095","2024-09-08T11:06:22.330880","2","2","0","255.0","1","5","0","0"
"1094","2024-09-08T10:59:20.532546","2","2","0","255.0","1","5","0","0"
"1093","2024-09-06T21:17:17.538993","10","0","0","255.0","1","5","0","0"
"1092","2024-09-06T21:15:30.372806","10","0","0","255.0","1","5","0","0"
"1091","2024-09-06T21:02:10.930129","10","0","0","255.0","1","5","0","0"
"1090","2024-09-06T20:48:22.647194","10","0","0","255.0","1","5","0","0"
"1089","2024-09-06T20:43:24.654148","10","0","0","255.0","1","5","0","0"
"1088","2024-09-06T20:35:21.177889","10","0","0","255.0","1","5","0","0"
"1087","2024-09-06T20:23:25.678215","10","0","0","255.0","1","5","0","0"
"1086","2024-09-06T20:10:49.877380","10","0","0","255.0","1","5","0","0"
"1085","2024-09-06T20:06:25.636820","10","0","0","255.0","1","5","0","0"
"1084","2024-09-06T20:05:15.589621","10","0","0","255.0","1","5","0","0"
"1083","2024-09-06T19:51:39.154720","10","0","0","255.0","1","5","0","0"
"1082","2024-09-06T19:41:05.791292","10","0","0","255.0","1","5","0","0"
"1081","2024-09-06T19:33:17.571215","10","0","0","255.0","1","5","0","0"
"1080","2024-09-06T19:26:51.438296","10","0","0","255.0","1","5","0","0"
"1079","2024-09-04T19:26:03.044275","1","1","0","255.0","0","5","0","0"
"1078","2024-09-04T19:25:55.529977","1","1","0","255.0","0","5","0","0"
"1077","2024-09-04T19:25:53.003624","2","1","0","255.0","0","5","0","0"
"1076","2024-09-04T19:25:48.951207","2","1","0","255.0","0","5","0","0"
"1075","2024-09-04T19:25:46.556299","3","1","0","255.0","0","5","0","0"
"1074","2024-09-04T19:18:29.416841","3","1","0","255.0","0","5","0","0"
"1073","2024-09-04T18:33:48.189393","3","1","0","255.0","0","5","0","0"
"1072","2024-09-04T18:33:45.516109","3","1","0","255.0","0","5","0","0"
"1071","2024-09-04T18:33:43.205845","3","1","0","255.0","0","5","0","0"
"1070","2024-09-04T18:33:38.700764","3","1","0","255.0","0","5","0","0"
"1069","2024-09-04T18:33:35.967732","2","1","0","255.0","0","5","0","0"
"1068","2024-09-04T18:33:30.389669","2","1","0","255.0","0","5","0","0"
"1067","2024-09-03T20:31:22.589232","8","0","0","255.0","0","5","0","0"
"1066","2024-09-03T20:17:01.526636","5","0","0","255.0","0","5","0","0"
"1065","2024-09-03T20:13:25.303865","5","0","0","255.0","0","5","0","0"
"1064","2024-09-03T20:11:56.199674","5","1","0","255.0","0","5","0","0"
"1063","2024-09-03T20:10:20.312620","6","0","0","255.0","0","5","0","0"
"1062","2024-09-03T20:10:14.397799","7","0","0","255.0","0","5","0","0"
"1061","2024-09-03T20:04:28.235364","8","0","0","255.0","0","5","0","0"
"1060","2024-09-03T19:58:50.689147","9","0","0","255.0","0","5","0","0"
"1059","2024-09-03T19:56:01.634492","9","0","0","255.0","0","5","0","0"
"1058","2024-09-03T19:49:27.525207","9","0","0","255.0","0","5","0","0"
"1057","2024-09-03T19:45:52.680238","9","0","0","255.0","0","5","0","0"
"1056","2024-09-03T19:43:33.194837","9","0","0","255.0","0","5","0","0"
"1055","2024-09-03T19:36:15.017728","9","0","0","255.0","0","5","0","0"
"1054","2024-09-03T19:22:55.275296","9","0","0","255.0","0","5","0","0"
"1053","2024-09-03T19:16:48.366245","7","1","0","255.0","0","5","0","0"
"1052","2024-09-03T19:11:12.091379","2","1","0","255.0","0","5","0","0"
"1051","2024-09-03T19:09:51.110374","2","1","0","255.0","0","5","0","0"
"1050","2024-09-03T19:07:44.590349","3","1","0","255.0","0","5","0","0"
"1049","2024-09-03T19:05:10.599302","2","1","0","255.0","0","5","0","0"
"1048","2024-09-03T19:05:02.119778","0","1","0","255.0","0","5","0","0"
"1047","2024-09-01T17:10:16.778330","8","0","0","255.0","1","5","0","0"
"1046","2024-09-01T16:42:50.739869","8","0","0","255.0","1","5","0","0"
"1045","2024-09-01T15:55:29.273986","8","0","0","255.0","1","5","0","0"
"1044","2024-09-01T15:42:36.130971","8","0","0","255.0","1","5","0","0"
"1043","2024-09-01T15:24:12.501752","4","1","0","255.0","1","5","0","0"
"1042","2024-09-01T15:13:11.268714","4","0","0","255.0","1","5","0","0"
"1041","2024-09-01T15:06:23.005675","4","0","0","255.0","1","5","0","0"
"1040","2024-09-01T14:52:46.018934","4","0","0","255.0","1","5","0","0"
"1039","2024-09-01T14:45:50.645129","4","0","0","255.0","1","5","0","0"
"1038","2024-09-01T14:38:28.210254","4","0","0","255.0","1","5","0","0"
"1037","2024-09-01T14:32:08.349093","4","0","0","255.0","1","5","0","0"
"1036","2024-09-01T14:29:00.807833","4","0","0","255.0","1","5","0","0"
"1035","2024-08-30T21:17:06.162288","5","0","0","255.0","0","5","0","0"
"1034","2024-08-30T21:17:00.675444","5","1","0","255.0","0","5","0","0"
"1033","2024-08-30T21:13:15.556213","7","0","0","255.0","0","5","0","0"
"1032","2024-08-30T21:12:21.698863","7","1","0","255.0","0","5","0","0"
"1031","2024-08-30T21:05:46.462283","8","0","0","255.0","0","5","0","0"
"1030","2024-08-30T21:05:34.342397","8","0","0","255.0","0","5","0","0"
"1029","2024-08-30T20:50:52.553060","6","0","0","255.0","0","5","0","0"
"1028","2024-08-30T20:49:43.721763","6","0","0","255.0","0","5","0","0"
"1027","2024-08-30T20:49:23.640","5","0","0","255.0","0","5","0","0"
"1026","2024-08-30T20:45:00.736778","4","1","0","255.0","0","5","0","0"
"1025","2024-08-30T20:42:39.106882","5","0","0","255.0","0","5","0","0"
"1024","2024-08-30T20:38:35.014545","4","1","0","255.0","0","5","0","0"
"1023","2024-08-30T20:36:39.293115","5","1","0","255.0","0","5","0","0"
"1022","2024-08-30T20:30:15.763300","4","1","0","255.0","0","5","0","0"
"1021","2024-08-30T20:28:00.444264","3","0","0","255.0","0","5","0","0"
"1020","2024-08-30T20:27:44.456838","3","1","0","255.0","0","5","0","0"
"1019","2024-08-30T20:24:24.718905","4","1","0","255.0","0","5","0","0"
"1018","2024-08-30T20:22:36.760883","5","1","0","255.0","0","5","0","0"
"1017","2024-08-30T20:07:16.762086","4","1","0","255.0","0","5","0","0"
"1016","2024-08-30T20:05:55.091020","2","1","0","255.0","0","5","0","0"
"1015","2024-08-30T20:02:03.105556","1","1","0","255.0","0","5","0","0"
"1014","2024-08-30T20:01:52.914965","2","1","0","255.0","0","5","0","0"
"1013","2024-08-30T18:35:24.568301","0","1","1","255.0","1","5","0","0"
"1012","2024-08-30T18:30:59.394218","0","1","1","255.0","1","5","0","0"
"1011","2024-08-30T18:27:14.740468","0","1","1","255.0","1","5","0","0"
"1010","2024-08-30T18:23:39.249284","0","1","1","255.0","1","5","0","0"
"1009","2024-08-30T18:19:19.763804","0","1","1","222.0","1","5","0","0"
"1008","2024-08-30T18:08:45.656181","0","5","2","250.0","1","5","0","0"
"1007","2024-08-30T18:04:47.473688","0","6","2","250.0","1","5","0","0"
"1006","2024-08-30T18:00:45.552959","0","7","2","250.0","1","5","0","0"
"1005","2024-08-30T17:52:35.576918","0","2","2","222.0","1","5","0","0"
"1004","2024-08-30T17:48:19.123478","0","5","2","173.0","1","5","0","0"
"1003","2024-08-28T21:09:36.909855","8","0","0","250.0","1","5","0","0"
"1002","2024-08-28T21:08:20.618385","8","0","0","250.0","1","5","0","0"
"1001","2024-08-28T20:50:57.068147","8","0","0","250.0","1","5","0","0"
"1000","2024-08-28T20:42:59.547015","8","0","0","250.0","1","5","0","0"
"999","2024-08-28T20:31:49.145391","8","0","0","250.0","1","5","0","0"
"998","2024-08-28T20:23:41.290812","8","0","0","250.0","1","5","0","0"
"997","2024-08-28T20:20:32.360196","8","0","0","250.0","1","5","0","0"
"996","2024-08-28T20:13:03.674248","8","0","0","250.0","1","5","0","0"
"995","2024-08-28T20:05:50.195676","8","0","0","250.0","1","5","0","0"
"994","2024-08-28T20:01:42.660693","8","0","0","250.0","1","5","0","0"
"993","2024-08-28T19:54:56.407531","8","0","0","250.0","1","5","0","0"
"992","2024-08-28T19:39:44.995414","6","0","0","250.0","1","5","0","0"
"991","2024-08-28T19:36:31.787963","6","0","0","250.0","1","5","0","0"
"990","2024-08-28T19:32:44.225523","6","0","0","250.0","1","5","0","0"
"989","2024-08-28T19:30:52.142550","6","0","0","250.0","1","5","0","0"
"988","2024-08-28T19:28:39.343291","6","0","0","250.0","1","5","0","0"
"987","2024-08-28T19:24:21.987537","4","1","0","250.0","1","5","0","0"
"986","2024-08-28T19:17:02.404618","4","0","0","250.0","1","5","0","0"
"985","2024-08-28T19:15:00.314828","4","0","0","250.0","1","5","0","0"
"984","2024-08-28T19:14:53.352065","1","1","0","250.0","1","5","0","0"
"983","2024-08-27T20:51:52.300258","7","0","0","250.0","0","5","0","0"
"982","2024-08-27T20:48:04.528467","5","1","0","250.0","0","5","0","0"
"981","2024-08-27T20:45:09.536712","5","1","0","250.0","0","5","0","0"
"980","2024-08-27T20:43:41.254844","5","0","0","250.0","0","5","0","0"
"979","2024-08-27T20:42:02.673878","5","0","0","250.0","0","5","0","0"
"978","2024-08-27T20:40:33.123530","5","0","0","250.0","0","5","0","0"
"977","2024-08-27T20:38:17.082831","4","1","0","250.0","0","5","0","0"
"976","2024-08-27T20:35:21.790781","3","1","0","250.0","0","5","0","0"
"975","2024-08-27T20:32:15.415033","3","1","0","250.0","0","5","0","0"
"974","2024-08-27T20:30:12.228661","2","1","0","250.0","0","5","0","0"
"973","2024-08-27T20:28:57.427648","2","1","0","250.0","0","5","0","0"
"972","2024-08-27T20:27:11.620156","1","1","0","250.0","0","5","0","0"
"971","2024-08-18T18:43:45.526484","8","0","0","250.0","1","5","0","0"
"970","2024-08-18T17:52:49.553218","8","0","0","250.0","1","5","0","0"
"969","2024-08-18T17:45:29.676584","8","0","0","250.0","1","5","0","0"
"968","2024-08-18T17:39:06.488150","8","0","0","250.0","1","5","0","0"
"967","2024-08-18T17:36:01.670413","8","0","0","250.0","1","5","0","0"
"966","2024-08-18T17:31:22.108669","7","1","0","250.0","1","5","0","0"
"965","2024-08-18T17:22:58.775203","7","0","0","250.0","1","5","0","0"
"964","2024-08-18T17:22:52.554850","7","0","0","250.0","1","5","0","0"
"963","2024-08-18T16:24:14.204856","3","1","0","250.0","1","5","0","0"
"962","2024-08-18T16:24:08.701094","1","1","0","250.0","1","5","0","0"
"961","2024-08-18T15:34:50.080410","8","0","0","250.0","1","5","0","0"
"960","2024-08-18T14:53:34.076458","8","0","0","250.0","1","5","0","0"
"959","2024-08-18T14:42:41.216122","8","0","0","250.0","1","5","0","0"
"958","2024-08-18T14:25:28.778579","8","0","0","250.0","1","5","0","0"
"957","2024-08-18T14:24:21.834775","8","0","0","250.0","1","5","0","0"
"956","2024-08-18T14:11:08.328010","8","0","0","250.0","1","5","0","0"
"955","2024-08-18T13:48:34.690207","8","0","0","250.0","1","5","0","0"
"954","2024-08-18T13:36:51.872283","8","0","0","250.0","1","5","0","0"
"953","2024-08-18T13:31:33.132322","8","0","0","250.0","1","5","0","0"
"952","2024-08-18T13:29:24.732911","8","0","0","250.0","1","5","0","0"
"951","2024-08-18T13:26:57.704590","8","0","0","250.0","1","5","0","0"
"950","2024-08-18T13:05:50.547475","5","0","0","250.0","1","5","0","0"
"949","2024-08-18T12:59:31.695547","5","0","0","250.0","1","5","0","0"
"948","2024-08-18T12:23:33.626047","3","1","0","250.0","1","5","0","0"
"947","2024-08-18T12:19:55.280947","4","1","0","250.0","1","5","0","0"
"946","2024-08-18T12:14:25.582621","4","0","0","250.0","1","5","0","0"
"945","2024-08-18T12:11:21.182572","4","0","0","250.0","1","5","0","0"
"944","2024-08-17T13:35:51.948756","4","1","0","250.0","1","5","0","0"
"943","2024-08-17T13:00:28.457142","3","1","0","250.0","1","5","0","0"
"942","2024-08-16T18:49:41.945943","8","0","0","250.0","1","5","0","0"
"941","2024-08-16T18:45:35.863129","8","0","0","250.0","1","5","0","0"
"940","2024-08-16T18:39:41.055985","8","0","0","250.0","1","5","0","0"
"939","2024-08-16T18:22:48.031464","8","0","0","250.0","1","5","0","0"
"938","2024-08-16T18:05:52.289314","8","0","0","250.0","1","5","0","0"
"937","2024-08-16T17:54:30.637569","5","1","0","250.0","1","5","0","0"
"936","2024-08-16T17:54:25.291958","5","0","0","250.0","1","5","0","0"
"935","2024-08-16T17:54:22.134541","5","0","0","250.0","1","5","0","0"
"934","2024-08-16T17:54:16.671505","5","0","0","250.0","1","5","0","0"
"933","2024-08-16T15:08:15.240265","4","1","0","250.0","1","5","0","0"
"932","2024-08-16T14:57:05.813585","4","0","0","250.0","1","5","0","0"
"931","2024-08-16T14:51:25.562380","4","0","0","250.0","1","5","0","0"
"930","2024-08-16T13:39:46.062498","1","1","0","250.0","1","5","0","0"
"929","2024-08-16T13:31:37.742908","1","1","0","250.0","1","5","0","0"
"928","2024-08-15T17:51:47.782147","6","0","0","250.0","1","5","0","0"
"927","2024-08-15T17:25:36.522004","6","0","0","250.0","1","5","0","0"
"926","2024-08-15T17:11:46.383077","6","0","0","250.0","1","5","0","0"
"925","2024-08-15T16:29:12.349466","6","0","0","250.0","1","5","0","0"
"924","2024-08-15T16:29:08.751258","6","0","0","250.0","1","5","0","0"
"923","2024-08-15T16:29:04.185730","6","0","0","250.0","1","5","0","0"
"922","2024-08-14T19:00:40.186440","8","0","0","250.0","1","5","0","0"
"921","2024-08-14T18:26:54.416482","8","0","0","250.0","1","5","0","0"
"920","2024-08-14T17:40:39.504074","8","0","0","250.0","1","5","0","0"
"919","2024-08-14T17:27:48.295687","8","0","0","250.0","1","5","0","0"
"918","2024-08-14T17:16:22.869419","8","0","0","250.0","1","5","0","0"
"917","2024-08-14T17:01:54.491919","8","0","0","250.0","1","5","0","0"
"916","2024-08-14T16:46:21.183232","8","0","0","250.0","1","5","0","0"
"915","2024-08-14T16:34:59.520499","8","0","0","250.0","1","5","0","0"
"914","2024-08-14T16:16:53.472012","1","1","0","250.0","1","5","0","0"
"913","2024-08-14T16:16:46.038590","1","1","0","250.0","1","5","0","0"
"912","2024-08-13T16:39:30.847675","7","0","0","250.0","1","5","0","0"
"911","2024-08-13T16:20:53.511570","7","0","0","250.0","1","5","0","0"
"910","2024-08-13T16:18:44.393983","7","0","0","250.0","1","5","0","0"
"909","2024-08-13T15:47:54.729589","7","0","0","250.0","1","5","0","0"
"908","2024-08-13T15:26:49.129343","7","0","0","250.0","1","5","0","0"
"907","2024-08-13T15:08:23.167725","7","0","0","250.0","1","5","0","0"
"906","2024-08-13T15:06:23.948268","7","0","0","250.0","1","5","0","0"
"905","2024-08-13T14:50:34.247028","7","0","0","250.0","1","5","0","0"
"904","2024-08-13T14:45:07.163418","7","0","0","250.0","1","5","0","0"
"903","2024-08-13T14:39:23.058551","7","0","0","250.0","1","5","0","0"
"902","2024-08-13T14:17:17.761817","7","0","0","250.0","1","5","0","0"
"901","2024-08-13T14:06:13.435812","7","0","0","250.0","1","5","0","0"
"900","2024-08-13T13:59:26.644145","7","0","0","250.0","1","5","0","0"
"899","2024-08-13T13:59:12.496897","7","0","0","250.0","1","5","0","0"
"898","2024-08-13T13:38:13.246676","5","1","0","250.0","1","5","0","0"
"897","2024-08-13T13:29:08.575718","4","1","0","250.0","1","5","0","0"
"896","2024-08-13T13:29:02.269808","1","1","0","250.0","1","5","0","0"
"895","2024-08-12T20:49:22.725526","8","0","0","250.0","1","5","0","0"
"894","2024-08-12T18:09:00.035450","8","0","0","250.0","1","5","0","0"
"893","2024-08-12T18:06:15.571245","8","0","0","250.0","1","5","0","0"
"892","2024-08-12T17:35:09.369133","9","0","0","250.0","1","5","0","0"
"891","2024-08-12T16:10:44.675957","8","0","0","250.0","1","5","0","0"
"890","2024-08-12T15:56:47.221129","5","1","0","250.0","1","5","0","0"
"889","2024-08-12T14:44:35.462616","8","0","0","250.0","1","5","0","0"
"888","2024-08-12T14:15:31.062557","3","1","0","250.0","1","5","0","0"
"887","2024-08-12T13:53:52.193455","1","1","0","250.0","1","5","0","0"
"886","2024-08-12T13:53:40.795008","1","1","0","250.0","1","5","0","0"
"885","2024-08-08T19:26:24.057047","9","0","0","250.0","0","5","0","0"
"884","2024-08-08T19:13:52.579110","6","0","0","250.0","0","5","0","0"
"883","2024-08-08T19:11:06.507228","7","0","0","250.0","0","5","0","0"
"882","2024-08-08T19:10:00.517384","7","0","0","250.0","0","5","0","0"
"881","2024-08-08T19:06:31.143138","6","0","0","250.0","0","5","0","0"
"880","2024-08-08T18:51:42.268658","5","1","0","250.0","0","5","0","0"
"879","2024-08-08T18:49:02.617624","5","1","0","250.0","0","5","0","0"
"878","2024-08-08T18:45:44.180620","4","1","0","250.0","0","5","0","0"
"877","2024-08-08T18:44:23.783135","3","1","0","250.0","0","5","0","0"
"876","2024-08-08T18:43:14.234640","2","1","0","250.0","0","5","0","0"
"875","2024-08-08T18:41:46.414623","1","1","0","250.0","0","5","0","0"
"874","2024-08-03T18:31:16.669479","12","0","0","250.0","1","5","0","0"
"873","2024-08-03T18:10:49.294198","12","0","0","250.0","1","5","0","0"
"872","2024-08-03T18:02:15.888648","12","0","0","250.0","1","5","0","0"
"871","2024-08-03T17:54:03.490031","12","0","0","250.0","1","5","0","0"
"870","2024-08-03T17:37:02.326258","12","0","0","250.0","1","5","0","0"
"869","2024-08-03T17:00:11.555760","9","0","0","250.0","1","5","0","0"
"868","2024-08-03T16:56:47.486717","7","1","0","250.0","1","5","0","0"
"867","2024-08-03T16:43:55.109999","7","0","0","250.0","1","5","0","0"
"866","2024-08-03T16:31:32.889253","7","0","0","250.0","1","5","0","0"
"865","2024-08-03T16:29:53.058778","7","0","0","250.0","1","5","0","0"
"864","2024-08-03T16:19:35.321509","7","0","0","250.0","1","5","0","0"
"863","2024-08-03T16:16:54.999086","7","0","0","250.0","1","5","0","0"
"862","2024-08-03T16:07:56.365159","7","0","0","250.0","1","5","0","0"
"861","2024-08-03T16:06:52.991395","7","0","0","250.0","1","5","0","0"
"860","2024-08-03T16:03:04.021183","7","0","0","250.0","1","5","0","0"
"859","2024-08-03T15:02:53.489504","9","0","0","250.0","1","5","0","0"
"858","2024-08-03T14:52:41.572241","9","0","0","250.0","0","5","0","0"
"857","2024-08-03T14:41:38.785119","9","0","0","250.0","1","5","0","0"
"856","2024-08-03T14:36:50.983397","9","0","0","250.0","0","5","0","0"
"855","2024-08-03T14:31:47.543181","9","0","0","250.0","1","5","0","0"
"854","2024-08-03T14:26:48.976217","9","0","0","250.0","1","5","0","0"
"853","2024-08-03T14:22:53.239144","9","0","0","250.0","1","5","0","0"
"852","2024-08-03T14:14:53.663501","9","0","0","250.0","0","5","0","0"
"851","2024-08-01T20:09:11.073310","9","0","0","250.0","1","5","0","0"
"850","2024-08-01T20:04:03.680103","9","0","0","250.0","1","5","0","0"
"849","2024-08-01T19:58:49.725882","9","0","0","250.0","1","5","0","0"
"848","2024-08-01T19:43:57.895467","9","0","0","250.0","0","5","0","0"
"847","2024-08-01T19:39:09.943142","9","0","0","250.0","1","5","0","0"
"846","2024-08-01T19:33:05.870687","9","0","0","250.0","1","5","0","0"
"845","2024-08-01T19:21:25.797462","8","1","0","250.0","0","5","0","0"
"844","2024-08-01T19:12:08.180812","6","1","0","250.0","0","5","0","0"
"843","2024-08-01T19:08:02.239386","6","0","0","250.0","0","5","0","0"
"842","2024-08-01T19:05:15.367036","5","1","0","250.0","0","5","0","0"
"841","2024-08-01T19:00:24.858199","4","1","0","250.0","0","5","0","0"
"840","2024-08-01T18:57:17.526928","3","1","0","250.0","0","5","0","0"
"839","2024-08-01T18:56:19.393956","2","1","0","250.0","0","5","0","0"
"838","2024-08-01T18:55:34.195323","1","1","0","250.0","0","5","0","0"
"837","2024-07-30T19:25:55.921068","7","0","0","250.0","0","5","0","0"
"836","2024-07-30T19:17:32.307699","7","0","0","250.0","0","5","0","0"
"835","2024-07-30T19:09:46.283710","7","0","0","250.0","0","5","0","0"
"834","2024-07-30T19:01:35.762637","8","0","0","250.0","0","5","0","0"
"833","2024-07-30T18:57:17.363556","8","0","0","250.0","0","5","0","0"
"832","2024-07-30T18:53:16.837563","8","0","0","250.0","0","5","0","0"
"831","2024-07-30T18:46:12.893535","7","0","0","250.0","0","5","0","0"
"830","2024-07-30T18:40:39.690645","7","0","0","250.0","0","5","0","0"
"829","2024-07-30T18:36:01.394251","7","0","0","250.0","0","5","0","0"
"828","2024-07-30T18:28:45.314249","6","1","0","250.0","0","5","0","0"
"827","2024-07-30T18:18:57.592837","7","1","0","250.0","0","5","0","0"
"826","2024-07-30T18:15:25.119544","5","1","0","250.0","0","5","0","0"
"825","2024-07-30T18:12:49.809469","4","1","0","250.0","0","5","0","0"
"824","2024-07-30T18:11:22.023469","3","1","0","250.0","0","5","0","0"
"823","2024-07-30T18:08:51.567822","2","1","0","250.0","0","5","0","0"
"822","2024-07-28T18:40:35.209287","11","0","0","250.0","1","5","0","0"
"821","2024-07-28T18:23:44.929566","11","0","0","250.0","1","5","0","0"
"820","2024-07-28T18:19:21.015501","11","0","0","250.0","1","5","0","0"
"819","2024-07-28T18:18:39.377857","11","0","0","250.0","1","5","0","0"
"818","2024-07-28T18:07:32.301508","11","0","0","250.0","1","5","0","0"
"817","2024-07-28T18:00:27.378438","11","0","0","250.0","1","5","0","0"
"816","2024-07-28T17:47:29.702919","11","0","0","250.0","1","5","0","0"
"815","2024-07-28T17:45:51.138339","11","0","0","250.0","1","5","0","0"
"814","2024-07-28T17:26:33.776794","11","0","0","250.0","1","5","0","0"
"813","2024-07-28T17:17:48.938276","11","0","0","250.0","1","5","0","0"
"812","2024-07-28T17:06:42.868290","11","0","0","250.0","1","5","0","0"
"811","2024-07-28T16:58:12.712336","11","0","0","250.0","1","5","0","0"
"810","2024-07-28T16:47:13.445218","11","0","0","250.0","1","5","0","0"
"809","2024-07-28T15:18:23.523264","5","0","0","250.0","1","5","0","0"
"808","2024-07-28T15:06:44.098542","4","1","0","250.0","1","5","0","0"
"807","2024-07-28T14:55:20.891280","3","1","0","250.0","1","5","0","0"
"806","2024-07-28T14:38:51.121218","2","1","0","250.0","1","5","0","0"
"805","2024-07-28T14:19:55.078830","5","0","0","250.0","1","5","0","0"
"804","2024-07-28T14:15:55.652870","5","0","0","250.0","1","5","0","0"
"803","2024-07-28T14:07:46.883666","5","0","0","250.0","1","5","0","0"
"802","2024-07-28T13:48:34.243279","5","0","0","250.0","1","5","0","0"
"801","2024-07-28T13:39:32.076549","5","0","0","250.0","1","5","0","0"
"800","2024-07-28T13:39:24.605717","5","0","0","250.0","1","5","0","0"
"799","2024-07-28T13:15:26.301805","4","1","0","250.0","1","5","0","0"
"798","2024-07-28T13:15:20.655836","2","1","0","250.0","1","5","0","0"
"797","2024-07-28T12:46:38.414243","1","1","0","250.0","1","5","0","0"
"796","2024-07-25T19:59:31.784345","7","0","0","250.0","0","5","0","0"
"795","2024-07-25T19:56:05.517681","4","1","0","250.0","0","5","0","0"
"794","2024-07-25T19:52:01.536808","4","1","0","250.0","0","5","0","0"
"793","2024-07-25T19:51:15.681001","3","1","0","250.0","0","5","0","0"
"792","2024-07-25T19:47:03.682791","2","1","0","250.0","0","5","0","0"
"791","2024-07-25T19:45:30.594201","1","1","0","250.0","0","5","0","0"
"790","2024-07-25T19:44:24.187313","1","1","0","250.0","0","5","0","0"
"789","2024-07-25T19:43:25.063729","0","1","0","250.0","0","5","0","0"
"788","2024-07-24T19:56:55.375914","0","1","2","250.0","0","5","0","0"
"787","2024-07-24T19:51:55.983104","0","1","2","250.0","0","5","0","0"
"786","2024-07-24T19:46:47.581619","0","1","2","250.0","0","5","0","0"
"785","2024-07-24T19:43:43.029787","0","1","2","250.0","0","5","0","0"
"784","2024-07-24T19:39:30.712294","0","1","2","250.0","0","5","0","0"
"783","2024-07-24T19:36:45.858320","0","1","2","250.0","0","5","0","0"
"782","2024-07-24T19:33:38.251502","0","1","2","250.0","0","5","0","0"
"781","2024-07-24T19:27:16.799241","0","1","1","234.0","0","5","0","0"
"780","2024-07-24T19:07:57.599674","0","6","2","239.0","0","5","0","0"
"779","2024-07-24T19:02:22.957261","0","8","2","239.0","0","5","0","0"
"778","2024-07-24T18:57:40.559829","0","11","2","239.0","0","5","0","0"
"777","2024-07-24T18:51:24.853412","0","4","2","224.0","0","5","0","0"
"776","2024-07-24T18:46:10.707225","0","5","2","175.0","0","5","0","0"
"775","2024-07-18T19:58:57.056441","8","0","0","0.0","0","5","0","0"
"774","2024-07-18T19:52:42.718720","7","0","0","0.0","0","5","0","0"
"773","2024-07-18T19:46:06.551239","8","0","0","0.0","0","5","0","0"
"772","2024-07-18T19:32:02.980604","8","0","0","0.0","0","5","0","0"
"771","2024-07-18T19:30:03.884878","7","0","0","0.0","0","5","0","0"
"770","2024-07-18T19:27:05.391555","7","0","0","0.0","0","5","0","0"
"769","2024-07-18T19:26:03.484134","7","0","0","0.0","0","5","0","0"
"768","2024-07-18T19:22:18.605129","6","1","0","0.0","0","5","0","0"
"767","2024-07-18T19:20:09.521547","6","0","0","0.0","0","5","0","0"
"766","2024-07-18T19:16:21.970980","7","0","0","0.0","0","5","0","0"
"765","2024-07-18T19:09:33.950311","7","0","0","0.0","0","5","0","0"
"764","2024-07-18T19:08:18.083104","5","1","0","0.0","0","5","0","0"
"763","2024-07-18T19:06:56.083336","5","0","0","0.0","0","5","0","0"
"762","2024-07-18T19:05:51.396889","3","1","0","0.0","0","5","0","0"
"761","2024-07-18T19:03:37.627730","1","1","0","0.0","0","5","0","0"
"760","2024-07-17T22:14:52.584462","7","0","0","0.0","0","5","0","0"
"759","2024-07-17T22:09:07.713902","7","0","0","0.0","0","5","0","0"
"758","2024-07-17T21:57:21.481626","7","0","0","0.0","0","5","0","0"
"757","2024-07-17T21:55:47.291477","7","0","0","0.0","0","5","0","0"
"756","2024-07-17T21:49:04.099404","7","0","0","0.0","0","5","0","0"
"755","2024-07-17T21:40:20.879723","7","0","0","0.0","0","5","0","0"
"754","2024-07-17T21:35:22.199801","7","0","0","0.0","0","5","0","0"
"753","2024-07-17T21:29:31.516954","7","0","0","0.0","0","5","0","0"
"752","2024-07-17T21:25:34.963576","7","0","0","0.0","0","5","0","0"
"751","2024-07-17T21:21:37.396446","6","1","0","0.0","0","5","0","0"
"750","2024-07-17T21:17:45.995261","6","0","0","0.0","0","5","0","0"
"749","2024-07-17T21:13:45.079186","6","1","0","0.0","0","5","0","0"
"748","2024-07-17T21:11:03.531620","5","1","0","0.0","0","5","0","0"
"747","2024-07-17T21:04:39.742976","5","1","0","0.0","0","5","0","0"
"746","2024-07-17T21:02:52.339902","5","1","0","0.0","0","5","0","0"
"745","2024-07-17T21:01:06.374451","3","1","0","0.0","0","5","0","0"
"744","2024-07-17T20:59:32.169260","1","1","0","0.0","0","5","0","0"
"743","2024-07-17T20:58:05.180635","4","1","0","0.0","0","5","0","0"
"742","2024-07-17T20:56:26.896186","3","1","0","0.0","0","5","0","0"
"741","2024-07-17T20:54:52.903154","2","1","0","0.0","0","5","0","0"
"740","2024-07-14T17:47:03.204471","7","1","0","0.0","0","5","0","0"
"739","2024-07-14T17:38:20.866816","6","1","0","0.0","0","5","0","0"
"738","2024-07-14T17:35:41.102018","5","0","0","0.0","0","5","0","0"
"737","2024-07-14T17:31:47.473402","7","1","0","0.0","0","5","0","0"
"736","2024-07-14T17:27:19.978245","5","1","0","0.0","0","5","0","0"
"735","2024-07-14T17:22:52.736402","3","1","0","0.0","0","5","0","0"
"734","2024-07-14T17:21:01.867333","1","1","0","0.0","0","5","0","0"
"733","2024-07-14T17:20:07.901688","1","1","0","0.0","0","5","0","0"
"732","2024-07-14T17:18:41.513148","0","1","0","0.0","0","5","0","0"
"731","2024-07-13T12:25:23.518129","0","6","2","238.0","0","5","0","0"
"730","2024-07-13T12:19:07.518453","0","8","2","238.0","0","5","0","0"
"729","2024-07-13T12:14:34.256431","0","9","2","238.0","0","5","0","0"
"728","2024-07-13T12:08:48.243566","0","3","2","218.0","0","5","0","0"
"727","2024-07-13T12:07:38.953707","0","5","2","169.0","0","5","0","0"
"726","2024-07-12T22:37:57.132753","7","0","0","0.0","1","5","0","0"
"725","2024-07-12T22:29:14.977438","9","0","0","0.0","1","5","0","0"
"724","2024-07-12T22:17:43.974781","9","0","0","0.0","1","5","0","0"
"723","2024-07-12T22:09:35.792918","9","0","0","0.0","1","5","0","0"
"722","2024-07-12T21:58:14.825066","9","0","0","0.0","1","5","0","0"
"721","2024-07-12T21:50:31.653881","9","0","0","0.0","1","5","0","0"
"720","2024-07-12T21:47:31.788779","8","0","0","0.0","1","5","0","0"
"719","2024-07-12T21:38:35.063004","8","0","0","0.0","1","5","0","0"
"718","2024-07-12T21:37:20.720190","8","0","0","0.0","1","5","0","0"
"717","2024-07-12T21:23:11.109681","8","0","0","0.0","1","5","0","0"
"716","2024-07-12T21:15:28.582661","8","0","0","0.0","1","5","0","0"
"715","2024-07-12T19:57:02.847015","6","1","0","0.0","1","5","0","0"
"714","2024-07-12T19:50:53.922459","6","0","0","0.0","1","5","0","0"
"713","2024-07-12T19:46:28.280727","3","1","0","0.0","1","5","0","0"
"712","2024-07-12T19:46:25.116939","3","0","0","0.0","1","5","0","0"
"711","2024-07-12T19:46:19.299577","3","0","0","0.0","1","5","0","0"
"710","2024-07-10T22:22:22.225428","6","0","0","0.0","0","5","0","0"
"709","2024-07-10T22:17:31.946904","4","1","0","0.0","0","5","0","0"
"708","2024-07-10T22:14:00.298294","5","0","0","0.0","0","5","0","0"
"707","2024-07-10T22:08:56.236483","6","0","0","0.0","0","5","0","0"
"706","2024-07-10T22:04:55.519889","5","0","0","0.0","0","5","0","0"
"705","2024-07-10T22:02:17.972268","6","0","0","0.0","0","5","0","0"
"704","2024-07-10T21:59:37.502172","6","0","0","0.0","0","5","0","0"
"703","2024-07-10T21:56:55.258795","4","1","0","0.0","0","5","0","0"
"702","2024-07-10T21:55:06.538911","5","1","0","0.0","0","5","0","0"
"701","2024-07-10T21:53:29.758907","4","1","0","0.0","0","5","0","0"
"700","2024-07-10T21:51:12.337822","3","1","0","250.0","0","5","0","0"
"699","2024-07-10T21:05:16.159522","0","1","1","250.0","0","5","0","0"
"698","2024-07-10T21:01:40.601145","0","1","1","250.0","0","5","0","0"
"697","2024-07-10T20:57:47.106755","0","1","1","250.0","0","5","0","0"
"696","2024-07-10T20:54:37.511541","0","1","1","250.0","0","5","0","0"
"695","2024-07-10T20:50:33.721170","0","1","1","250.0","0","5","0","0"
"694","2024-07-10T20:44:00.704662","0","1","1","224.0","0","5","0","0"
"693","2024-07-10T20:39:22.026076","0","1","1","175.0","0","5","0","0"
"692","2024-07-09T19:52:15.916456","3","1","0","236.0","0","5","0","0"
"691","2024-07-09T19:52:10.024081","3","1","0","236.0","0","5","0","0"
"690","2024-07-09T19:52:07.588114","2","1","0","236.0","0","5","0","0"
"689","2024-07-09T19:52:05.206600","2","1","0","236.0","0","5","0","0"
"688","2024-07-09T19:52:02.894406","2","1","0","236.0","0","5","0","0"
"687","2024-07-09T19:51:59.620261","2","1","0","236.0","0","5","0","0"
"686","2024-07-09T19:51:53.010368","2","1","0","236.0","0","5","0","0"
"685","2024-07-09T19:51:44.520177","1","1","0","236.0","0","5","0","0"
"684","2024-07-09T19:51:42.279648","1","1","0","236.0","0","5","0","0"
"683","2024-07-09T19:51:39.841446","1","1","0","236.0","0","5","0","0"
"682","2024-07-09T19:51:36.785484","1","1","0","236.0","0","5","0","0"
"681","2024-07-09T19:51:34.034756","1","1","0","236.0","0","5","0","0"
"680","2024-07-09T19:51:30.749967","1","1","0","236.0","0","5","0","0"
"679","2024-07-09T19:51:26.871016","1","1","0","236.0","0","5","0","0"
"678","2024-07-09T19:51:23.681378","1","1","0","236.0","0","5","0","0"
"677","2024-07-09T19:51:15.911136","1","1","0","236.0","0","5","0","0"
"676","2024-07-07T17:55:54.586363","5","1","0","236.0","0","5","0","0"
"675","2024-07-07T17:54:12.204240","5","1","0","236.0","0","5","0","0"
"674","2024-07-07T17:48:32.673863","5","1","0","236.0","0","5","0","0"
"673","2024-07-07T17:44:55.337060","3","1","0","236.0","0","5","0","0"
"672","2024-07-07T17:38:47.583280","6","0","0","236.0","0","5","0","0"
"671","2024-07-07T17:34:13.015237","9","0","0","236.0","0","5","0","0"
"670","2024-07-07T17:31:38.067034","8","0","0","236.0","0","5","0","0"
"669","2024-07-07T17:27:32.404959","8","0","0","236.0","0","5","0","0"
"668","2024-07-07T17:25:57.645261","6","0","0","236.0","0","5","0","0"
"667","2024-07-07T17:24:07.077730","6","0","0","236.0","0","5","0","0"
"666","2024-07-07T17:19:38.576688","6","0","0","236.0","0","5","0","0"
"665","2024-07-07T17:14:17.710311","4","1","0","236.0","0","5","0","0"
"664","2024-07-07T17:10:27.807622","3","1","0","236.0","0","5","0","0"
"663","2024-07-07T17:08:56.238852","2","1","0","236.0","0","5","0","0"
"662","2024-07-07T17:07:46.089752","1","1","0","236.0","0","5","0","0"
"661","2024-07-05T20:19:53.335112","4","1","0","236.0","1","5","0","0"
"660","2024-07-05T20:02:40.275192","6","0","0","236.0","1","5","0","0"
"659","2024-07-05T19:59:36.014012","6","0","0","236.0","1","5","0","0"
"658","2024-07-05T19:52:50.777650","4","1","0","236.0","1","5","0","0"
"657","2024-07-05T19:50:39.149679","4","1","0","236.0","1","5","0","0"
"656","2024-07-05T19:39:48.308349","7","0","0","236.0","1","5","0","0"
"655","2024-07-05T19:24:43.376526","7","0","0","236.0","1","5","0","0"
"654","2024-07-05T19:20:14.435809","7","0","0","236.0","1","5","0","0"
"653","2024-07-05T19:17:38.517876","7","0","0","236.0","1","5","0","0"
"652","2024-07-05T19:05:19.046044","9","0","0","236.0","1","5","0","0"
"651","2024-07-05T18:57:20.494033","9","0","0","236.0","1","5","0","0"
"650","2024-07-05T18:53:42.376980","9","0","0","236.0","1","5","0","0"
"649","2024-07-05T18:49:50.580353","9","0","0","236.0","1","5","0","0"
"648","2024-07-05T18:30:13.839300","8","0","0","236.0","1","5","0","0"
"647","2024-07-05T18:24:29.481138","8","0","0","236.0","1","5","0","0"
"646","2024-07-05T18:19:26.987456","8","0","0","236.0","1","5","0","0"
"645","2024-07-05T18:12:44.106904","8","0","0","236.0","1","5","0","0"
"644","2024-07-05T18:02:00.821767","8","0","0","236.0","1","5","0","0"
"643","2024-07-05T17:54:30.586508","8","0","0","236.0","1","5","0","0"
"642","2024-07-05T17:49:35.595354","8","0","0","236.0","1","5","0","0"
"641","2024-07-05T17:45:36.277405","8","0","0","236.0","1","5","0","0"
"640","2024-07-05T17:40:48.689107","6","0","0","236.0","1","5","0","0"
"639","2024-07-05T17:22:38.281369","6","0","0","236.0","1","5","0","0"
"638","2024-07-05T17:14:19.116551","3","1","0","236.0","1","5","0","0"
"637","2024-07-05T16:21:34.395187","6","1","0","236.0","1","5","0","0"
"636","2024-07-05T16:15:56.352215","6","0","0","236.0","1","5","0","0"
"635","2024-07-05T16:08:12.609200","5","0","0","236.0","1","5","0","0"
"634","2024-07-05T16:05:11.957464","5","0","0","236.0","1","5","0","0"
"633","2024-07-05T16:01:41.420793","5","0","0","236.0","1","5","0","0"
"632","2024-07-05T15:55:24.670944","5","0","0","236.0","1","5","0","0"
"631","2024-07-05T15:55:21.579539","1","1","0","236.0","1","5","0","0"
"630","2024-07-05T15:50:16.195792","1","1","0","236.0","1","5","0","0"
"629","2024-07-03T18:03:02.984450","1","7","2","236.0","1","5","0","0"
"628","2024-07-03T17:58:29.004914","1","7","2","236.0","1","5","0","0"
"627","2024-07-03T17:54:55.578557","1","7","2","236.0","1","5","0","0"
"626","2024-07-03T17:38:37.822123","1","1","1","250.0","1","5","0","0"
"625","2024-07-03T17:34:42.737125","1","1","1","250.0","1","5","0","0"
"624","2024-07-03T17:31:16.012980","1","1","1","250.0","1","5","0","0"
"623","2024-07-03T17:27:43.733028","1","1","1","250.0","1","5","0","0"
"622","2024-07-03T17:26:46.369436","1","1","1","169.0","1","5","0","0"
"621","2024-07-01T20:27:24.742331","1","1","0","230.0","1","5","0","0"
"620","2024-07-01T20:27:21.437437","1","1","0","230.0","1","5","0","0"
"619","2024-07-01T20:27:16.646664","1","1","0","230.0","1","5","0","0"
"618","2024-07-01T20:27:13.845446","1","1","0","230.0","1","5","0","0"
"617","2024-07-01T20:27:05.766139","1","1","0","230.0","1","5","0","0"
"616","2024-06-30T17:53:07.064139","6","1","0","230.0","0","5","0","0"
"615","2024-06-30T17:49:07.206497","6","0","0","230.0","0","5","0","0"
"614","2024-06-30T17:45:49.039092","9","0","0","230.0","0","5","0","0"
"613","2024-06-30T17:40:44.649884","8","0","0","230.0","0","5","0","0"
"612","2024-06-30T17:34:44.884132","7","0","0","230.0","0","5","0","0"
"611","2024-06-30T17:33:20.814779","6","0","0","230.0","0","5","0","0"
"610","2024-06-30T17:17:34.796444","5","1","0","230.0","0","5","0","0"
"609","2024-06-30T17:14:32.926653","4","1","0","230.0","0","5","0","0"
"608","2024-06-30T17:10:47.922194","2","1","0","230.0","0","5","0","0"
"607","2024-06-30T17:07:07.511515","2","1","0","230.0","0","5","0","0"
"606","2024-06-30T17:05:29.416269","1","1","0","230.0","0","5","0","0"
"605","2024-06-26T12:06:11.031268","0","0","0","230.0","1","5","0","0"
"604","2024-06-19T20:47:01.927414","10","0","0","230.0","1","5","0","0"
"603","2024-06-19T20:42:26.969335","10","0","0","230.0","1","5","0","0"
"602","2024-06-19T20:30:17.131205","10","0","0","230.0","1","5","0","0"
"601","2024-06-19T20:28:51.692078","10","0","0","230.0","1","5","0","0"
"600","2024-06-19T20:26:41.908373","10","0","0","230.0","1","5","0","0"
"599","2024-06-19T20:24:59.056301","10","0","0","230.0","1","5","0","0"
"598","2024-06-19T19:28:13.445346","7","1","0","230.0","1","5","0","0"
"597","2024-06-19T19:10:27.574622","7","0","0","230.0","1","5","0","0"
"596","2024-06-19T19:04:20.567234","4","1","0","230.0","1","5","0","0"
"595","2024-06-19T19:04:14.919286","7","0","0","230.0","1","5","0","0"
"594","2024-06-19T18:39:06.965945","6","1","0","230.0","1","5","0","0"
"593","2024-06-19T18:03:15.505424","6","0","0","230.0","1","5","0","0"
"592","2024-06-19T17:39:25.614277","1","1","0","230.0","1","5","0","0"
"591","2024-06-19T17:33:18.860124","1","1","0","230.0","1","5","0","0"
"590","2024-06-19T17:18:30.867757","1","1","0","230.0","1","5","0","0"
"589","2024-06-19T17:16:57.192257","1","1","0","230.0","1","5","0","0"
"588","2024-06-18T21:59:39.010830","9","0","0","230.0","1","5","0","0"
"587","2024-06-18T21:48:49.723492","9","0","0","230.0","1","5","0","0"
"586","2024-06-18T21:45:55.010675","9","0","0","230.0","1","5","0","0"
"585","2024-06-18T21:41:19.588307","9","0","0","230.0","1","5","0","0"
"584","2024-06-18T21:32:16.371460","9","0","0","230.0","1","5","0","0"
"583","2024-06-18T21:21:28.838510","9","0","0","230.0","1","5","0","0"
"582","2024-06-18T21:16:40.629898","8","1","0","230.0","1","5","0","0"
"581","2024-06-18T20:58:32.458477","8","0","0","230.0","1","5","0","0"
"580","2024-06-18T20:55:41.519738","8","0","0","230.0","1","5","0","0"
"579","2024-06-18T20:42:47.255825","8","0","0","230.0","1","5","0","0"
"578","2024-06-18T20:41:04.382637","8","0","0","230.0","1","5","0","0"
"577","2024-06-18T20:26:41.278451","8","0","0","230.0","1","5","0","0"
"576","2024-06-18T20:22:13.829874","5","1","0","230.0","1","5","0","0"
"575","2024-06-18T20:17:31.169661","5","0","0","230.0","1","5","0","0"
"574","2024-06-16T22:53:09.013936","8","0","0","230.0","1","5","0","0"
"573","2024-06-16T22:47:59.315948","8","0","0","230.0","1","5","0","0"
"572","2024-06-16T22:12:55.384138","8","0","0","230.0","1","5","0","0"
"571","2024-06-16T21:41:11.384286","8","0","0","230.0","1","5","0","0"
"570","2024-06-16T21:20:20.238558","8","0","0","230.0","1","5","0","0"
"569","2024-06-16T21:06:22.521822","8","0","0","230.0","1","5","0","0"
"568","2024-06-16T20:46:50.421139","8","0","0","230.0","1","5","0","0"
"567","2024-06-16T20:43:12.548185","8","0","0","230.0","1","5","0","0"
"566","2024-06-16T20:24:07.213496","8","0","0","230.0","1","5","0","0"
"565","2024-06-16T20:04:15.999052","8","0","0","230.0","1","5","0","0"
"564","2024-06-16T20:02:11.390037","8","0","0","230.0","1","5","0","0"
"563","2024-06-16T19:50:26.950447","8","0","0","230.0","1","5","0","0"
"562","2024-06-16T19:43:28.924302","8","0","0","230.0","1","5","0","0"
"561","2024-06-16T19:24:39.946321","8","0","0","230.0","1","5","0","0"
"560","2024-06-16T19:13:49.021702","8","0","0","230.0","1","5","0","0"
"559","2024-06-16T19:04:07.067557","5","1","0","230.0","1","5","0","0"
"558","2024-06-14T19:47:09.691813","5","1","0","230.0","0","5","0","0"
"557","2024-06-14T19:45:46.754583","6","1","0","230.0","0","5","0","0"
"556","2024-06-14T19:44:46.980281","5","1","0","230.0","0","5","0","0"
"555","2024-06-14T19:42:27.653881","5","1","0","230.0","0","5","0","0"
"554","2024-06-14T19:41:40.164074","6","0","0","230.0","0","5","0","0"
"553","2024-06-14T19:40:55.639945","5","1","0","230.0","0","5","0","0"
"552","2024-06-14T19:40:23.513340","7","1","0","230.0","0","5","0","0"
"551","2024-06-14T19:32:50.355680","5","1","0","230.0","0","5","0","0"
"550","2024-06-14T19:31:53.723055","7","0","0","230.0","0","5","0","0"
"549","2024-06-14T19:31:16.207668","5","1","0","230.0","0","5","0","0"
"548","2024-06-14T19:30:25.241491","5","0","0","230.0","0","5","0","0"
"547","2024-06-14T19:29:39.264029","6","0","0","230.0","0","5","0","0"
"546","2024-06-14T19:28:38.613696","5","1","0","230.0","0","5","0","0"
"545","2024-06-14T19:27:35.662991","7","1","0","230.0","0","5","0","0"
"544","2024-06-14T19:26:40.753322","7","0","0","230.0","0","5","0","0"
"543","2024-06-14T19:19:40.950227","5","1","0","230.0","0","5","0","0"
"542","2024-06-14T19:18:35.366377","7","0","0","230.0","0","5","0","0"
"541","2024-06-14T19:16:40.379997","5","1","0","230.0","0","5","0","0"
"540","2024-06-14T19:15:31.447260","5","1","0","230.0","0","5","0","0"
"539","2024-06-14T19:14:15.104979","6","1","0","230.0","0","5","0","0"
"538","2024-06-14T19:12:52.563636","5","1","0","230.0","0","5","0","0"
"537","2024-06-14T19:11:56.905195","7","1","0","230.0","0","5","0","0"
"536","2024-06-14T19:03:26.162659","6","0","0","230.0","0","5","0","0"
"535","2024-06-14T18:59:50.558869","6","0","0","230.0","0","5","0","0"
"534","2024-06-14T18:59:05.182826","7","0","0","230.0","0","5","0","0"
"533","2024-06-14T18:53:46.308046","5","1","0","230.0","0","5","0","0"
"532","2024-06-14T18:51:12.750599","4","1","0","230.0","0","5","0","0"
"531","2024-06-14T18:49:10.813200","3","1","0","230.0","0","5","0","0"
"530","2024-06-14T18:49:00.044255","0","1","0","230.0","0","5","0","0"
"529","2024-06-13T21:21:47.987276","8","0","0","230.0","1","5","0","0"
"528","2024-06-13T21:20:39.571672","8","0","0","230.0","1","5","0","0"
"527","2024-06-13T21:01:55.446181","8","0","0","230.0","1","5","0","0"
"526","2024-06-13T21:00:12.469945","8","0","0","230.0","1","5","0","0"
"525","2024-06-13T20:46:01.240444","8","0","0","230.0","1","5","0","0"
"524","2024-06-13T20:41:45.305757","8","0","0","230.0","1","5","0","0"
"523","2024-06-13T20:36:25.074095","8","0","0","230.0","1","5","0","0"
"522","2024-06-13T20:34:10.048482","8","0","0","230.0","1","5","0","0"
"521","2024-06-13T20:23:53.091055","8","0","0","230.0","1","5","0","0"
"520","2024-06-13T20:13:05.898089","8","0","0","230.0","1","5","0","0"
"519","2024-06-13T20:08:30.856512","8","0","0","230.0","1","5","0","0"
"518","2024-06-13T20:01:57.382554","8","0","0","230.0","1","5","0","0"
"517","2024-06-13T19:58:59.171660","8","0","0","230.0","1","5","0","0"
"516","2024-06-13T19:51:09.522820","8","0","0","230.0","1","5","0","0"
"515","2024-06-13T19:48:11.833497","8","0","0","230.0","1","5","0","0"
"514","2024-06-13T19:37:38.464861","5","1","0","230.0","1","5","0","0"
"513","2024-06-11T21:12:43.851649","8","0","0","230.0","0","5","0","0"
"512","2024-06-11T21:08:43.065804","5","1","0","230.0","0","5","0","0"
"511","2024-06-11T21:05:53.700785","3","1","0","230.0","0","5","0","0"
"510","2024-06-11T19:30:09.022682","0","5","2","230.0","1","5","0","0"
"509","2024-06-11T19:26:16.670352","0","9","2","230.0","1","5","0","0"
"508","2024-06-11T19:20:57.424563","0","9","2","225.0","1","5","0","0"
"507","2024-06-11T19:17:09.261926","0","2","2","215.0","1","5","0","0"
"506","2024-06-11T19:11:25.758619","0","5","2","170.0","1","5","0","0"
"505","2024-06-09T23:00:26.481884","0","1","1","243.0","1","5","0","0"
"504","2024-06-09T22:56:36.723656","0","1","1","243.0","1","5","0","0"
"503","2024-06-09T22:53:15.670234","0","1","1","243.0","1","5","0","0"
"501","2024-06-09T22:50:48.207504","0","1","1","243.0","1","5","0","0"
"500","2024-06-09T22:46:17.386939","0","1","1","170.0","1","5","0","0"
"499","2024-06-09T19:51:37.326434","8","0","0","230.0","1","5","0","0"
"498","2024-06-09T19:38:52.815476","8","0","0","230.0","1","5","0","0"
"497","2024-06-09T19:37:37.172194","8","0","0","230.0","1","5","0","0"
"496","2024-06-09T19:35:15.368367","8","0","0","230.0","1","5","0","0"
"495","2024-06-09T19:23:36.633843","8","0","0","230.0","1","5","0","0"
"494","2024-06-09T19:21:02.415076","8","0","0","230.0","1","5","0","0"
"493","2024-06-09T19:10:20.999369","8","0","0","230.0","1","5","0","0"
"492","2024-06-09T18:53:43.896386","8","0","0","230.0","1","5","0","0"
"491","2024-06-09T18:45:09.964178","8","0","0","230.0","1","5","0","0"
"490","2024-06-09T18:40:33.245637","8","0","0","230.0","1","5","0","0"
"489","2024-06-09T18:36:51.256431","8","0","0","230.0","1","5","0","0"
"488","2024-06-09T18:22:36.749666","8","0","0","230.0","1","5","0","0"
"487","2024-06-09T18:20:01.252704","8","0","0","230.0","1","5","0","0"
"486","2024-06-09T18:08:05.355920","8","0","0","230.0","1","5","0","0"
"485","2024-06-09T18:03:51.341857","8","0","0","230.0","1","5","0","0"
"484","2024-06-09T17:01:12.710165","8","0","0","230.0","1","5","0","0"
"483","2024-06-09T16:51:52.546784","5","1","0","230.0","1","5","0","0"
"482","2024-06-09T16:50:49.573276","8","0","0","230.0","1","5","0","0"
"481","2024-06-09T16:46:37.837480","8","0","0","230.0","1","5","0","0"
"480","2024-06-09T16:45:01.439568","8","0","0","230.0","1","5","0","0"
"479","2024-06-09T16:42:46.010204","8","0","0","230.0","1","5","0","0"
"478","2024-06-07T18:45:44.220715","7","1","0","230.0","0","5","0","0"
"477","2024-06-07T18:44:49.542050","5","1","0","230.0","0","5","0","0"
"476","2024-06-07T18:43:30.240651","5","1","0","230.0","0","5","0","0"
"475","2024-06-07T18:42:28.690072","6","1","0","230.0","0","5","0","0"
"474","2024-06-07T18:40:49.994173","5","1","0","230.0","0","5","0","0"
"473","2024-06-07T18:39:24.317461","7","1","0","230.0","0","5","0","0"
"472","2024-06-07T18:33:51.325547","7","0","0","230.0","0","5","0","0"
"471","2024-06-07T18:32:58.371900","5","1","0","230.0","0","5","0","0"
"470","2024-06-07T18:32:02.954675","5","1","0","230.0","0","5","0","0"
"469","2024-06-07T18:31:06.855635","6","1","0","230.0","0","5","0","0"
"468","2024-06-07T18:30:01.658616","5","1","0","230.0","0","5","0","0"
"467","2024-06-07T18:28:45.137429","7","1","0","230.0","0","5","0","0"
"466","2024-06-07T18:22:35.260391","7","1","0","230.0","0","5","0","0"
"465","2024-06-07T18:21:10.929254","5","1","0","230.0","0","5","0","0"
"464","2024-06-07T18:19:31.852002","5","1","0","230.0","0","5","0","0"
"463","2024-06-07T18:18:28.908496","6","0","0","230.0","0","5","0","0"
"462","2024-06-07T18:17:20.421997","5","1","0","230.0","0","5","0","0"
"461","2024-06-07T18:16:41.494595","7","0","0","230.0","0","5","0","0"
"460","2024-06-07T18:13:01.016226","5","1","0","230.0","0","5","0","0"
"459","2024-06-07T18:11:32.546726","2","1","0","230.0","0","5","0","0"
"458","2024-06-07T18:11:28.593462","4","1","0","230.0","0","5","0","0"
"457","2024-06-07T18:06:47.279224","3","1","0","230.0","0","5","0","0"
"456","2024-06-07T18:05:53.303168","2","1","0","230.0","0","5","0","0"
"455","2024-06-07T18:04:10.893187","3","0","0","230.0","0","5","0","0"
"454","2024-06-05T19:28:11.293524","7","1","0","230.0","0","5","0","0"
"453","2024-06-05T19:26:39.195334","7","0","0","230.0","0","5","0","0"
"452","2024-06-05T19:23:35.063622","7","0","0","230.0","0","5","0","0"
"451","2024-06-05T19:17:02.057157","8","0","0","230.0","0","5","0","0"
"450","2024-06-05T19:15:24.078719","8","0","0","230.0","0","5","0","0"
"449","2024-06-05T19:10:17.742691","8","0","0","230.0","0","5","0","0"
"448","2024-06-05T19:03:13.118627","7","0","0","230.0","0","5","0","0"
"447","2024-06-05T19:03:10.357721","7","0","0","230.0","0","5","0","0"
"446","2024-06-05T19:03:04.435494","7","0","0","230.0","0","5","0","0"
"445","2024-06-05T18:48:44.740457","6","1","0","230.0","0","5","0","0"
"444","2024-06-04T19:40:01.459686","8","0","0","230.0","1","5","0","0"
"443","2024-06-04T19:24:30.548475","8","0","0","230.0","1","5","0","0"
"442","2024-06-04T19:14:38.489502","8","0","0","230.0","1","5","0","0"
"441","2024-06-04T19:03:34.607510","8","0","0","230.0","1","5","0","0"
"440","2024-06-04T18:55:08.237966","8","0","0","230.0","1","5","0","0"
"439","2024-06-04T18:48:54.002779","8","0","0","230.0","1","5","0","0"
"438","2024-06-04T18:20:07.635226","8","0","0","230.0","1","5","0","0"
"437","2024-06-04T18:14:55.748360","8","0","0","230.0","1","5","0","0"
"436","2024-06-04T18:08:50.665888","2","1","0","230.0","1","5","0","0"
"435","2024-06-04T08:40:41.635241","0","6","2","230.0","1","5","0","0"
"434","2024-06-04T08:21:12.956310","9","7","2","230.0","1","5","0","0"
"433","2024-06-04T08:17:27.134612","0","7","2","230.0","1","5","0","0"
"432","2024-06-02T14:29:57.977891","9","0","0","170.0","1","5","0","0"
"431","2024-06-02T14:20:59.449758","10","0","0","170.0","1","5","0","0"
"430","2024-06-02T14:20:33.188387","9","0","0","170.0","1","5","0","0"
"429","2024-06-02T14:06:01.975551","9","0","0","170.0","1","5","0","0"
"428","2024-06-02T13:53:33.432060","9","0","0","170.0","1","5","0","0"
"427","2024-06-02T13:44:24.281599","9","0","0","170.0","1","5","0","0"
"426","2024-06-02T13:33:36.171880","9","0","0","170.0","1","5","0","0"
"425","2024-06-02T13:04:00.947619","10","0","0","170.0","1","5","0","0"
"424","2024-06-02T12:53:02.785786","10","0","0","170.0","1","5","0","0"
"423","2024-06-02T12:52:58.155317","10","0","0","170.0","1","5","0","0"
"422","2024-06-02T12:32:22.788238","10","0","0","170.0","1","5","0","0"
"421","2024-06-02T12:15:55.251034","10","0","0","170.0","1","5","0","0"
"420","2024-06-02T12:10:43.510302","10","0","0","170.0","1","5","0","0"
"419","2024-06-02T12:03:23.957405","10","0","0","170.0","1","5","0","0"
"418","2024-06-02T11:40:50.977417","10","0","0","170.0","1","5","0","0"
"417","2024-06-02T11:27:45.403829","0","1","1","170.0","0","5","0","0"
"416","2024-05-31T09:30:12.978946","0","1","1","241.0","0","5","0","0"
"415","2024-05-31T09:27:51.515696","0","1","1","241.0","0","5","0","0"
"414","2024-05-31T09:25:57.361087","0","1","1","241.0","0","5","0","0"
"413","2024-05-31T09:24:11.044114","0","1","1","241.0","0","5","0","0"
"412","2024-05-31T09:21:43.135293","0","1","1","241.0","0","5","0","0"
"411","2024-05-31T09:19:20.724540","0","1","1","241.0","0","5","0","0"
"410","2024-05-31T09:16:35.013079","0","1","1","241.0","0","5","0","0"
"409","2024-05-31T09:12:38.890047","0","1","1","170.0","0","5","0","0"
"408","2024-05-31T09:08:57.196515","0","1","1","170.0","0","5","0","0"
"407","2024-05-29T20:50:18.115786","4","0","0","225.0","0","5","0","0"
"406","2024-05-29T20:49:32.155131","4","1","0","225.0","0","5","0","0"
"405","2024-05-29T20:48:25.912689","4","0","0","225.0","0","5","0","0"
"404","2024-05-29T20:47:44.255448","4","0","0","225.0","0","5","0","0"
"403","2024-05-29T20:47:05.531270","5","1","0","225.0","0","5","0","0"
"402","2024-05-29T20:43:11.862340","4","1","0","225.0","0","5","0","0"
"401","2024-05-29T20:41:11.382934","5","0","0","225.0","0","5","0","0"
"400","2024-05-29T20:39:43.801257","5","1","0","225.0","0","5","0","0"
"399","2024-05-29T20:38:30.219864","5","1","0","225.0","0","5","0","0"
"398","2024-05-29T20:35:42.803123","3","1","0","225.0","0","5","0","0"
"397","2024-05-29T20:33:47.462831","5","1","0","225.0","0","5","0","0"
"396","2024-05-29T20:30:58.877232","4","1","0","225.0","0","5","0","0"
"395","2024-05-29T20:30:53.482972","5","1","0","225.0","0","5","0","0"
"394","2024-05-29T20:20:03.541974","4","0","0","225.0","0","5","0","0"
"393","2024-05-29T20:18:56.721647","5","0","0","225.0","0","5","0","0"
"392","2024-05-29T20:15:36.593860","4","0","0","225.0","0","5","0","0"
"391","2024-05-29T20:14:47.617104","5","0","0","225.0","0","5","0","0"
"390","2024-05-29T20:13:13.001286","5","0","0","225.0","0","5","0","0"
"389","2024-05-29T20:12:10.925657","5","1","0","225.0","0","5","0","0"
"388","2024-05-29T20:11:16.199839","4","1","0","225.0","0","5","0","0"
"387","2024-05-29T20:09:52.763054","4","1","0","225.0","0","5","0","0"
"386","2024-05-29T20:08:59.883859","7","1","0","225.0","0","5","0","0"
"385","2024-05-29T20:05:17.174319","10","0","0","225.0","0","5","0","0"
"384","2024-05-29T20:01:46.773021","6","0","0","225.0","0","5","0","0"
"383","2024-05-29T20:00:33.276312","8","0","0","225.0","0","5","0","0"
"382","2024-05-29T19:51:37.359682","6","0","0","225.0","0","5","0","0"
"381","2024-05-29T19:48:44.884850","6","0","0","225.0","0","5","0","0"
"380","2024-05-29T19:42:12.217671","5","1","0","225.0","0","5","0","0"
"379","2024-05-29T19:41:12.864732","6","1","0","225.0","0","5","0","0"
"378","2024-05-29T19:37:19.699631","4","0","0","225.0","0","5","0","0"
"377","2024-05-29T19:34:56.080648","6","0","0","225.0","0","5","0","0"
"376","2024-05-29T19:32:44.018841","6","0","0","225.0","0","5","0","0"
"375","2024-05-29T19:30:56.376215","6","0","0","225.0","0","5","0","0"
"374","2024-05-29T19:27:03.093963","5","1","0","225.0","0","5","0","0"
"373","2024-05-29T19:23:20.248936","2","1","0","225.0","0","5","0","0"
"372","2024-05-29T19:21:16.911764","4","1","0","225.0","0","5","0","0"
"371","2024-05-29T19:19:02.194692","3","1","0","225.0","0","5","0","0"
"370","2024-05-29T19:16:47.747373","2","1","0","225.0","0","5","0","0"
"369","2024-05-29T19:12:50.426080","1","1","0","225.0","0","5","0","0"
"368","2024-05-29T19:11:29.494701","1","1","0","225.0","0","5","0","0"
"367","2024-05-29T09:19:12.187534","1","7","2","225.0","1","5","0","0"
"366","2024-05-29T09:15:27.157861","1","8","2","225.0","1","5","0","0"
"365","2024-05-29T09:10:41.062094","1","11","2","225.0","1","5","0","0"
"364","2024-05-29T09:06:10.015146","1","1","2","225.0","1","5","0","0"
"363","2024-05-29T08:51:44.847796","1","3","2","170.0","1","5","0","0"
"362","2024-05-27T11:51:50.004173","1","1","0","225.0","1","5","0","0"
"360","2024-05-27T11:51:33.637094","1","1","0","225.0","1","5","0","0"
"359","2024-05-27T11:51:30.394563","1","1","0","225.0","1","5","0","0"
"358","2024-05-27T11:43:27.018288","1","1","0","225.0","1","5","0","0"
"357","2024-05-27T11:41:25.259007","1","1","0","225.0","1","5","0","0"
"356","2024-05-27T11:39:53.202299","1","1","0","225.0","1","5","0","0"
"355","2024-05-27T11:37:53.798824","1","1","0","225.0","1","5","0","0"
"354","2024-05-27T11:34:50.801403","1","1","0","225.0","1","5","0","0"
"353","2024-05-27T11:33:22.508887","1","1","0","225.0","1","5","0","0"
"352","2024-05-26T17:52:22.250774","8","0","0","225.0","1","5","0","0"
"351","2024-05-26T17:36:29.827519","8","0","0","225.0","1","5","0","0"
"350","2024-05-26T17:34:40.250982","8","0","0","225.0","1","5","0","0"
"349","2024-05-26T17:19:24.477180","8","0","0","225.0","1","5","0","0"
"348","2024-05-26T17:17:12.219088","8","0","0","225.0","1","5","0","0"
"347","2024-05-26T17:09:00.862495","8","0","0","225.0","1","5","0","0"
"346","2024-05-26T16:49:07.528922","8","0","0","225.0","1","5","0","0"
"345","2024-05-26T16:33:46.692555","8","0","0","225.0","1","5","0","0"
"344","2024-05-26T16:31:35.164298","8","0","0","225.0","1","5","0","0"
"343","2024-05-26T16:23:35.778501","8","0","0","225.0","1","5","0","0"
"342","2024-05-26T16:09:18.178828","8","0","0","225.0","1","5","0","0"
"341","2024-05-26T16:08:19.710930","8","0","0","225.0","1","5","0","0"
"340","2024-05-26T16:01:40.331828","8","0","0","225.0","1","5","0","0"
"339","2024-05-26T15:56:12.691436","8","0","0","225.0","1","5","0","0"
"338","2024-05-26T15:50:15.157620","8","0","0","225.0","1","5","0","0"
"337","2024-05-26T15:46:16.410982","8","0","0","225.0","1","5","0","0"
"336","2024-05-26T15:34:29.930355","4","1","0","225.0","1","5","0","0"
"335","2024-05-26T15:28:31.155327","8","0","0","225.0","1","5","0","0"
"334","2024-05-26T15:22:42.514364","8","0","0","225.0","1","5","0","0"
"333","2024-05-26T15:16:48.001959","8","0","0","225.0","1","5","0","0"
"332","2024-05-23T18:43:05.528960","5","0","0","225.0","0","5","0","0"
"331","2024-05-23T18:39:53.453935","5","0","0","225.0","0","5","0","0"
"330","2024-05-23T18:38:26.669958","5","0","0","225.0","0","5","0","0"
"329","2024-05-23T18:37:06.054938","5","0","0","225.0","0","5","0","0"
"328","2024-05-23T18:36:04.014439","5","0","0","225.0","0","5","0","0"
"327","2024-05-23T18:29:54.684587","6","0","0","225.0","0","5","0","0"
"326","2024-05-23T18:27:46.357082","5","1","0","225.0","0","5","0","0"
"325","2024-05-23T18:25:42.354435","5","0","0","225.0","0","5","0","0"
"324","2024-05-23T18:23:17.999395","4","1","0","225.0","0","5","0","0"
"323","2024-05-23T18:21:09.391844","4","0","0","225.0","0","5","0","0"
"322","2024-05-23T18:17:57.017841","3","1","0","225.0","0","5","0","0"
"321","2024-05-23T18:15:34.588407","4","1","0","225.0","0","5","0","0"
"320","2024-05-23T18:12:51.125055","2","1","0","225.0","0","5","0","0"
"319","2024-05-23T18:11:06.988094","1","1","0","225.0","0","5","0","0"
"318","2024-05-20T21:10:24.847641","9","0","0","225.0","1","5","0","0"
"317","2024-05-20T21:03:48.049543","9","0","0","225.0","1","5","0","0"
"316","2024-05-20T20:57:41.068288","6","0","0","225.0","0","5","0","0"
"315","2024-05-20T20:52:07.160107","9","0","0","225.0","1","5","0","0"
"314","2024-05-20T20:49:23.804324","9","0","0","225.0","1","5","0","0"
"313","2024-05-20T20:44:11.231917","9","0","0","225.0","1","5","0","0"
"312","2024-05-20T20:38:22.350330","6","0","0","225.0","1","5","0","0"
"311","2024-05-20T20:16:56.076348","6","0","0","225.0","1","5","0","0"
"310","2024-05-20T20:03:21.385914","6","0","0","225.0","1","5","0","0"
"309","2024-05-20T20:01:57.444890","6","0","0","225.0","1","5","0","0"
"308","2024-05-20T19:56:21.614792","6","0","0","225.0","1","5","0","0"
"307","2024-05-20T19:50:26.704668","9","0","0","225.0","1","5","0","0"
"306","2024-05-20T19:37:28.984772","9","0","0","225.0","1","5","0","0"
"305","2024-05-20T19:29:49.525415","9","0","0","225.0","1","5","0","0"
"304","2024-05-20T19:24:06.273627","9","0","0","225.0","1","5","0","0"
"303","2024-05-20T19:18:47.827566","9","0","0","225.0","1","5","0","0"
"302","2024-05-20T19:08:44.645297","9","0","0","225.0","1","5","0","0"
"301","2024-05-20T18:48:39.301648","0","1","0","225.0","1","5","0","0"
"300","2024-05-20T18:35:10.309756","3","1","0","225.0","1","5","0","0"
"299","2024-05-20T18:34:59.814739","2","1","0","225.0","1","5","0","0"
"298","2024-05-20T18:34:53.557441","1","1","0","225.0","1","5","0","0"
"297","2024-05-19T16:51:37.889899","7","0","0","225.0","1","5","0","0"
"296","2024-05-19T16:32:46.986388","7","0","0","225.0","1","5","0","0"
"295","2024-05-19T16:22:12.251857","7","0","0","225.0","1","5","0","0"
"294","2024-05-19T16:18:50.016259","7","0","0","225.0","1","5","0","0"
"293","2024-05-19T16:04:49.898160","7","0","0","225.0","1","5","0","0"
"292","2024-05-19T15:56:17.752733","7","0","0","225.0","1","5","0","0"
"291","2024-05-19T15:53:22.006146","7","0","0","225.0","1","5","0","0"
"290","2024-05-19T15:48:55.779354","7","0","0","225.0","1","5","0","0"
"289","2024-05-19T15:47:35.355664","7","0","0","225.0","1","5","0","0"
"288","2024-05-19T15:44:59.450721","7","0","0","225.0","1","5","0","0"
"287","2024-05-19T15:12:12.074528","5","1","0","225.0","1","5","0","0"
"286","2024-05-19T15:09:30.796746","3","1","0","225.0","1","5","0","0"
"285","2024-05-19T15:04:17.313915","3","1","0","225.0","1","5","0","0"
"284","2024-05-19T14:59:28.059287","2","1","0","225.0","1","5","0","0"
"283","2024-05-19T14:56:42.678709","1","1","0","225.0","1","5","0","0"
"282","2024-05-19T14:35:17.434423","5","0","0","225.0","1","5","0","0"
"281","2024-05-19T14:30:46.093561","5","0","0","225.0","1","5","0","0"
"280","2024-05-19T14:28:02.326356","5","0","0","225.0","1","5","0","0"
"279","2024-05-19T14:26:14.132251","5","0","0","225.0","1","5","0","0"
"278","2024-05-19T14:22:43.376453","2","1","0","225.0","1","5","0","0"
"277","2024-05-19T14:19:52.429424","1","1","0","225.0","1","5","0","0"
"276","2024-05-19T14:12:40.281541","1","1","0","225.0","1","5","0","0"
"275","2024-05-19T12:37:49.731420","10","0","0","225.0","1","5","0","0"
"274","2024-05-19T12:36:10.534368","10","0","0","225.0","1","5","0","0"
"273","2024-05-19T12:04:44.759824","10","0","0","225.0","1","5","0","0"
"272","2024-05-19T11:53:17.836949","10","0","0","225.0","1","5","0","0"
"271","2024-05-19T11:48:46.330163","10","0","0","225.0","1","5","0","0"
"270","2024-05-19T11:39:32.789305","5","0","0","225.0","1","5","0","0"
"269","2024-05-19T11:27:45.238759","5","0","0","225.0","1","5","0","0"
"268","2024-05-19T11:21:47.867817","5","0","0","225.0","1","5","0","0"
"267","2024-05-19T11:00:44.406582","5","1","0","225.0","1","5","0","0"
"266","2024-05-19T10:59:02.633383","2","0","0","225.0","1","5","0","0"
"265","2024-05-19T10:51:38.936994","1","1","0","225.0","1","5","0","0"
"264","2024-05-19T10:50:17.850646","1","0","0","225.0","1","5","0","0"
"263","2024-05-19T10:47:28.942269","1","0","0","225.0","1","5","0","0"
"262","2024-05-17T17:51:41.125791","9","0","0","225.0","1","5","0","0"
"261","2024-05-17T17:39:43.219526","9","0","0","225.0","1","5","0","0"
"260","2024-05-17T17:25:24.111526","5","1","0","225.0","1","5","0","0"
"259","2024-05-17T16:52:12.507010","5","0","0","225.0","1","5","0","0"
"258","2024-05-17T16:49:35.278067","5","0","0","225.0","1","5","0","0"
"257","2024-05-17T16:42:43.945183","5","0","0","225.0","1","5","0","0"
"256","2024-05-17T16:42:36.701356","5","0","0","225.0","1","5","0","0"
"255","2024-05-17T16:36:02.646276","5","0","0","225.0","1","5","0","0"
"254","2024-05-17T15:35:24.112550","5","0","0","225.0","1","5","0","0"
"253","2024-05-17T15:32:37.553565","5","0","0","225.0","1","5","0","0"
"252","2024-05-17T15:32:14.793969","5","0","0","225.0","1","5","0","0"
"251","2024-05-16T19:28:20.493184","8","0","0","225.0","1","5","0","0"
"250","2024-05-16T19:14:35.936215","8","0","0","225.0","1","5","0","0"
"249","2024-05-16T19:03:47.059194","8","0","0","225.0","1","5","0","0"
"248","2024-05-16T18:52:44.025679","8","0","0","225.0","1","5","0","0"
"247","2024-05-16T18:38:10.632739","8","0","0","225.0","1","5","0","0"
"246","2024-05-16T18:32:01.718228","8","0","0","225.0","1","5","0","0"
"245","2024-05-16T18:20:23.530174","8","0","0","225.0","1","5","0","0"
"244","2024-05-16T18:06:21.761150","8","0","0","225.0","1","5","0","0"
"243","2024-05-16T17:46:54.564988","8","0","0","225.0","1","5","0","0"
"242","2024-05-16T17:40:44.793027","8","0","0","225.0","1","5","0","0"
"241","2024-05-16T16:43:40.070086","10","0","0","225.0","1","5","0","0"
"240","2024-05-16T16:33:36.273401","10","0","0","225.0","1","5","0","0"
"239","2024-05-16T16:23:51.250334","10","0","0","225.0","1","5","0","0"
"238","2024-05-16T16:14:27.985096","10","0","0","225.0","1","5","0","0"
"237","2024-05-16T16:10:07.970710","10","0","0","225.0","1","5","0","0"
"236","2024-05-16T15:51:59.415793","5","1","0","225.0","1","5","0","0"
"235","2024-05-16T15:44:51.948755","5","0","0","225.0","1","5","0","0"
"234","2024-05-16T15:42:25.704221","5","0","0","225.0","1","5","0","0"
"233","2024-05-16T15:40:56.682920","5","0","0","225.0","1","5","0","0"
"232","2024-05-16T15:19:47.347198","3","1","0","225.0","1","5","0","0"
"231","2024-05-16T15:16:01.569797","3","0","0","225.0","1","5","0","0"
"230","2024-05-16T15:09:54.709193","3","1","0","225.0","1","5","0","0"
"229","2024-05-16T14:56:56.352917","2","1","0","225.0","1","5","0","0"
"228","2024-05-16T14:51:39.679711","2","1","0","225.0","1","5","0","0"
"227","2024-05-13T21:19:02.778661","6","0","0","225.0","1","5","0","0"
"226","2024-05-13T21:17:15.198378","6","0","0","225.0","1","5","0","0"
"225","2024-05-13T21:09:24.835145","6","0","0","225.0","1","5","0","0"
"224","2024-05-13T20:54:42.934212","9","0","0","225.0","1","5","0","0"
"223","2024-05-13T20:42:21.980994","9","0","0","225.0","1","5","0","0"
"222","2024-05-13T20:35:39.367211","9","0","0","225.0","1","5","0","0"
"221","2024-05-13T20:34:52.109757","9","0","0","225.0","1","5","0","0"
"220","2024-05-13T20:27:04.794591","9","0","0","225.0","1","5","0","0"
"219","2024-05-13T20:26:24.842501","9","0","0","225.0","1","5","0","0"
"218","2024-05-13T20:23:38.072095","9","0","0","225.0","1","5","0","0"
"217","2024-05-13T19:22:52.765670","6","1","0","225.0","1","5","0","0"
"216","2024-05-13T19:15:22.886800","5","0","0","225.0","1","5","0","0"
"215","2024-05-13T19:02:32.393783","2","1","0","225.0","1","5","0","0"
"214","2024-05-13T18:54:30.606366","2","1","0","225.0","1","5","0","0"
"213","2024-05-13T10:41:48.369393","4","6","2","225.0","0","5","0","0"
"212","2024-05-13T10:37:41.399643","4","8","2","225.0","0","5","0","0"
"211","2024-05-13T10:33:36.609868","4","9","2","225.0","0","5","0","0"
"210","2024-05-13T10:24:39.704242","4","3","2","170.0","0","5","0","0"
"209","2024-05-10T20:35:05.118806","4","1","0","0.0","0","5","0","0"
"208","2024-05-10T20:33:36.145118","4","1","0","0.0","0","5","0","0"
"207","2024-05-10T20:32:14.075158","5","1","0","0.0","0","5","0","0"
"206","2024-05-10T20:30:35.866712","6","0","0","0.0","0","5","0","0"
"205","2024-05-10T20:29:35.433036","5","1","0","0.0","0","5","0","0"
"204","2024-05-10T20:28:30.290051","4","1","0","0.0","0","5","0","0"
"203","2024-05-10T20:27:19.713965","7","0","0","0.0","0","5","0","0"
"202","2024-05-10T20:20:04.116876","4","1","0","0.0","0","5","0","0"
"201","2024-05-10T20:18:52.591354","4","1","0","0.0","0","5","0","0"
"200","2024-05-10T20:17:37.896441","5","1","0","0.0","0","5","0","0"
"199","2024-05-10T20:16:17.228960","6","1","0","0.0","0","5","0","0"
"198","2024-05-10T20:14:46.333832","5","1","0","0.0","0","5","0","0"
"197","2024-05-10T20:13:40.576399","4","1","0","0.0","0","5","0","0"
"196","2024-05-10T20:12:14.525950","7","1","0","0.0","0","5","0","0"
"195","2024-05-10T20:05:47.166559","4","1","0","0.0","0","5","0","0"
"194","2024-05-10T20:04:14.518573","4","0","0","0.0","0","5","0","0"
"193","2024-05-10T20:03:13.909251","5","1","0","0.0","0","5","0","0"
"192","2024-05-10T20:01:06.853091","6","1","0","0.0","0","5","0","0"
"191","2024-05-10T19:59:29.818494","5","1","0","0.0","0","5","0","0"
"190","2024-05-10T19:58:31.175254","4","1","0","0.0","0","5","0","0"
"189","2024-05-10T19:57:28.258514","7","1","0","0.0","0","5","0","0"
"188","2024-05-10T19:46:46.008134","0","1","1","240.0","0","5","0","0"
"187","2024-05-10T19:43:57.200511","0","1","1","240.0","0","5","0","0"
"186","2024-05-10T19:41:02.336304","0","1","1","240.0","0","5","0","0"
"185","2024-05-10T19:38:16.253626","0","1","1","240.0","0","5","0","0"
"184","2024-05-10T19:35:34.519289","0","1","1","240.0","0","5","0","0"
"183","2024-05-10T19:32:33.113320","0","1","1","240.0","0","5","0","0"
"182","2024-05-10T19:29:57.050271","0","1","1","170.0","0","5","0","0"
"181","2024-05-08T21:09:22.539818","9","0","0","0.0","1","5","0","0"
"180","2024-05-08T20:42:30.363489","9","0","0","0.0","1","5","0","0"
"179","2024-05-08T20:39:20.832901","9","0","0","0.0","1","5","0","0"
"178","2024-05-08T20:28:58.963453","9","0","0","0.0","1","5","0","0"
"177","2024-05-08T20:27:30.264803","9","0","0","0.0","1","5","0","0"
"176","2024-05-08T20:20:37.220713","9","0","0","0.0","1","5","0","0"
"175","2024-05-08T20:11:49.884170","9","0","0","0.0","1","5","0","0"
"174","2024-05-08T20:03:27.492252","9","0","0","0.0","1","5","0","0"
"173","2024-05-08T20:00:09.160772","9","0","0","0.0","1","5","0","0"
"172","2024-05-08T19:56:20.652678","10","0","0","0.0","1","5","0","0"
"171","2024-05-08T19:37:50.545783","10","0","0","0.0","1","5","0","0"
"170","2024-05-08T19:22:11.825030","1","1","0","0.0","1","5","0","0"
"169","2024-05-08T19:22:04.539638","2","1","0","0.0","1","5","0","0"
"168","2024-05-08T19:01:40.393994","6","0","0","0.0","1","5","0","0"
"167","2024-05-08T18:40:06.786044","2","1","0","0.0","1","5","0","0"
"166","2024-05-08T17:50:46.669342","0","1","2","330.0","0","5","0","0"
"165","2024-05-08T17:47:13.146612","0","1","2","320.0","0","5","0","0"
"164","2024-05-08T17:41:56.694501","0","1","1","340.0","0","5","0","0"
"163","2024-05-08T17:36:48.257470","0","1","1","170.0","0","5","0","0"
"162","2024-05-08T17:33:56.202060","0","1","1","170.0","0","5","0","0"
"161","2024-05-08T17:28:37.229090","0","3","2","170.0","0","5","0","0"
"160","2024-05-05T13:40:34.641009","3","1","0","0.0","0","5","0","0"
"159","2024-05-05T13:39:29.233291","5","0","0","0.0","0","5","0","0"
"158","2024-05-05T13:38:47.575359","4","0","0","0.0","0","5","0","0"
"157","2024-05-05T13:38:01.984002","6","0","0","0.0","0","5","0","0"
"156","2024-05-05T13:37:02.548537","4","1","0","0.0","0","5","0","0"
"155","2024-05-05T13:36:05.901958","7","1","0","0.0","0","5","0","0"
"154","2024-05-05T13:25:06.229238","5","0","0","0.0","0","5","0","0"
"153","2024-05-05T13:24:30.273396","4","1","0","0.0","0","5","0","0"
"152","2024-05-05T13:23:00.004160","6","0","0","0.0","0","5","0","0"
"151","2024-05-05T13:21:48.358835","5","1","0","0.0","0","5","0","0"
"150","2024-05-05T13:20:47.423732","4","1","0","0.0","0","5","0","0"
"149","2024-05-05T13:19:46.907050","7","0","0","0.0","0","5","0","0"
"148","2024-05-05T13:11:26.775017","4","1","0","0.0","0","5","0","0"
"147","2024-05-05T13:10:26.742062","5","1","0","0.0","0","5","0","0"
"146","2024-05-05T13:09:08.272897","6","0","0","0.0","0","5","0","0"
"145","2024-05-05T13:07:49.707447","5","1","0","0.0","0","5","0","0"
"144","2024-05-05T13:06:54.401339","4","1","0","0.0","0","5","0","0"
"143","2024-05-05T13:06:16.666747","7","1","0","0.0","0","5","0","0"
"142","2024-05-05T12:55:40.260698","5","1","0","0.0","0","5","0","0"
"141","2024-05-05T12:51:24.769276","5","1","0","0.0","0","5","0","0"
"140","2024-05-05T12:46:29.098857","4","1","0","0.0","0","5","0","0"
"139","2024-05-05T12:43:57.407212","4","1","0","0.0","0","5","0","0"
"138","2024-05-05T12:40:53.061151","3","1","0","0.0","0","5","0","0"
"137","2024-05-05T12:37:47.522543","3","1","0","0.0","0","5","0","0"
"136","2024-05-05T12:36:19.590380","2","1","0","0.0","0","5","0","0"
"135","2024-05-05T12:34:39.885850","2","1","0","0.0","0","5","0","0"
"134","2024-05-05T12:33:03.390417","0","1","0","0.0","0","5","0","0"
"133","2024-05-05T12:31:55.621348","0","1","0","0.0","0","5","0","0"
"132","2024-05-03T19:31:41.047207","10","0","0","0.0","1","5","0","0"
"131","2024-05-03T19:23:28.460713","10","0","0","0.0","1","5","0","0"
"130","2024-05-03T19:16:05.924956","10","0","0","0.0","1","5","0","0"
"129","2024-05-03T19:12:21.610475","10","0","0","0.0","1","5","0","0"
"128","2024-05-03T19:00:03.194494","10","0","0","0.0","0","5","0","0"
"127","2024-05-03T18:43:52.201931","10","0","0","0.0","1","5","0","0"
"126","2024-05-02T17:44:32.635296","0","1","1","240.0","0","5","0","0"
"125","2024-05-02T17:40:28.962811","0","1","1","240.0","0","5","0","0"
"124","2024-05-02T17:37:17.968616","0","1","1","240.0","0","5","0","0"
"123","2024-05-02T17:29:00.470195","0","1","1","170.0","0","5","0","0"
"122","2024-05-02T09:12:39.891994","0","5","2","230.0","0","5","0","0"
"121","2024-05-02T09:08:21.929656","0","7","2","230.0","0","5","0","0"
"120","2024-05-02T09:03:48.320459","0","7","2","230.0","0","5","0","0"
"119","2024-05-02T08:55:39.404098","0","7","2","170.0","0","5","0","0"
"118","2024-04-30T21:42:45.360481","11","0","0","0.0","1","5","0","0"
"117","2024-04-30T21:33:14.745478","11","0","0","0.0","1","5","0","0"
"116","2024-04-30T21:26:07.546074","11","0","0","0.0","1","5","0","0"
"115","2024-04-30T21:18:43.769502","11","0","0","0.0","1","5","0","0"
"114","2024-04-30T21:13:02.874763","11","0","0","0.0","1","5","0","0"
"113","2024-04-30T20:45:51.939986","9","0","0","0.0","1","5","0","0"
"112","2024-04-30T20:39:34.487881","9","0","0","0.0","1","5","0","0"
"111","2024-04-30T20:32:13.883847","9","0","0","0.0","1","5","0","0"
"110","2024-04-30T20:27:29.561835","9","0","0","0.0","1","5","0","0"
"109","2024-04-30T20:22:42.846556","9","0","0","0.0","1","5","0","0"
"108","2024-04-30T20:18:51.238901","9","0","0","0.0","1","5","0","0"
"107","2024-04-30T20:15:02.778549","9","0","0","0.0","1","5","0","0"
"106","2024-04-30T20:11:32.559136","9","0","0","0.0","1","5","0","0"
"105","2024-04-30T20:03:22.593388","6","0","0","0.0","1","5","0","0"
"104","2024-04-30T19:46:57.434652","6","0","0","0.0","1","5","0","0"
"103","2024-04-30T19:37:28.414944","6","0","0","0.0","1","5","0","0"
"102","2024-04-30T19:31:31.453368","6","0","0","0.0","1","5","0","0"
"101","2024-04-30T19:26:02.477564","6","0","0","0.0","1","5","0","0"
"100","2024-04-30T19:25:47.212648","6","0","0","0.0","1","5","0","0"
"99","2024-04-30T19:01:50.032794","4","1","0","0.0","1","5","0","0"
"98","2024-04-30T18:58:52.453588","1","1","0","0.0","1","5","0","0"
"97","2024-04-30T18:58:45.580795","0","1","0","0.0","1","5","0","0"
"96","2024-04-29T20:14:10.386094","7","1","0","0.0","0","5","0","0"
"95","2024-04-29T20:08:46.413629","4","1","0","0.0","0","5","0","0"
"94","2024-04-29T20:04:57.735376","4","0","0","0.0","0","5","0","0"
"93","2024-04-29T20:02:58.852297","4","0","0","0.0","0","5","0","0"
"92","2024-04-29T20:00:49.431069","4","1","0","0.0","0","5","0","0"
"91","2024-04-26T18:43:14.320269","6","0","0","0.0","0","5","0","0"
"90","2024-04-26T18:32:50.844375","7","0","0","0.0","0","5","0","0"
"89","2024-04-26T18:29:26.174062","7","0","0","0.0","0","5","0","0"
"88","2024-04-26T18:26:18.977973","7","0","0","0.0","0","5","0","0"
"87","2024-04-26T18:18:29.737499","7","0","0","0.0","0","5","0","0"
"86","2024-04-26T18:14:19.021749","7","0","0","0.0","0","5","0","0"
"85","2024-04-26T18:12:32.060819","7","0","0","0.0","0","5","0","0"
"84","2024-04-26T18:04:49.997061","7","0","0","0.0","0","5","0","0"
"83","2024-04-26T17:49:20.391737","5","1","0","0.0","0","5","0","0"
"82","2024-04-26T17:43:38.496607","5","0","0","0.0","0","5","0","0"
"81","2024-04-26T17:39:19.179902","5","1","0","0.0","0","5","0","0"
"80","2024-04-26T17:35:43.996814","4","1","0","0.0","0","5","0","0"
"79","2024-04-26T17:32:37.955636","4","1","0","0.0","0","5","0","0"
"78","2024-04-26T17:25:24.905001","2","1","0","0.0","0","5","0","0"
"77","2024-04-26T17:23:14.548933","3","1","0","0.0","0","5","0","0"
"76","2024-04-26T17:17:59.771133","3","1","0","0.0","0","5","0","0"
"75","2024-04-24T20:03:36.292143","8","0","0","0.0","1","5","0","0"
"74","2024-04-24T19:13:14.832455","8","1","0","0.0","1","5","0","0"
"73","2024-04-24T19:01:58.361938","8","0","0","0.0","1","5","0","0"
"72","2024-04-24T18:48:03.164550","6","1","0","0.0","1","5","0","0"
"71","2024-04-24T18:31:29.724491","5","1","0","0.0","1","5","0","0"
"70","2024-04-24T18:28:14.363249","4","0","0","0.0","1","5","0","0"
"69","2024-04-24T18:14:17.702846","4","0","0","0.0","1","5","0","0"
"68","2024-04-23T20:21:36.268845","11","0","0","0.0","1","5","0","0"
"67","2024-04-23T20:10:22.556088","11","0","0","0.0","1","5","0","0"
"66","2024-04-23T20:04:27.326478","11","0","0","0.0","1","5","0","0"
"65","2024-04-23T19:57:53.708897","11","0","0","0.0","1","5","0","0"
"64","2024-04-23T19:50:43.367174","11","0","0","0.0","1","5","0","0"
"63","2024-04-23T19:45:20.887205","11","0","0","0.0","1","5","0","0"
"62","2024-04-23T19:43:22.877503","11","0","0","0.0","1","5","0","0"
"61","2024-04-23T19:40:30.631232","11","0","0","0.0","1","5","0","0"
"60","2024-04-23T19:36:27.999769","11","0","0","0.0","1","5","0","0"
"59","2024-04-23T19:33:38.170127","11","0","0","0.0","1","5","0","0"
"58","2024-04-23T19:32:09.216696","11","0","0","0.0","1","5","0","0"
"57","2024-04-23T19:19:55.028105","5","0","0","0.0","1","5","0","0"
"56","2024-04-23T19:18:03.517204","5","0","0","0.0","1","5","0","0"
"55","2024-04-23T19:06:50.616744","5","1","0","0.0","1","5","0","0"
"54","2024-04-23T18:55:11.811893","4","1","0","0.0","1","5","0","0"
"53","2024-04-23T18:52:58.386531","4","0","0","0.0","1","5","0","0"
"52","2024-04-22T20:29:49.263374","0","1","2","300.0","0","5","0","0"
"51","2024-04-22T20:22:50.470369","0","1","2","259.0","0","5","0","0"
"50","2024-04-22T20:13:43.114951","0","0","1","305.0","0","5","0","0"
"49","2024-04-22T20:03:56.617551","0","1","1","290.0","0","5","0","0"
"48","2024-04-22T19:58:03.074690","0","1","1","260.0","0","5","0","0"
"47","2024-04-22T19:54:57.115946","0","1","1","216.0","0","5","0","0"
"46","2024-04-22T19:51:05.940257","0","1","1","170.0","0","5","0","0"
"44","2024-04-22T09:50:39.708911","0","1","1","165.0","0","5","0","0"
"43","2024-04-22T09:38:26.089242","0","10","2","165.0","0","5","0","0"
"42","2024-04-20T13:18:18.537963","5","1","0","0.0","0","5","0","0"
"41","2024-04-20T13:07:18.162689","6","0","0","0.0","0","5","0","0"
"40","2024-04-20T13:01:35.031083","5","1","0","0.0","0","5","0","0"
"39","2024-04-20T12:58:26.537666","3","1","0","0.0","0","5","0","0"
"38","2024-04-20T12:55:27.392239","5","0","0","0.0","0","5","0","0"
"37","2024-04-20T12:53:28.089773","5","0","0","0.0","0","5","0","0"
"36","2024-04-20T12:48:18.402259","5","1","0","0.0","0","5","0","0"
"35","2024-04-20T12:42:57.734727","5","0","0","0.0","0","5","0","0"
"34","2024-04-20T12:39:35.874551","5","0","0","0.0","0","5","0","0"
"33","2024-04-20T12:37:38.473680","5","0","0","0.0","0","5","0","0"
"32","2024-04-20T12:34:15.302171","5","0","0","0.0","0","5","0","0"
"31","2024-04-20T12:32:13.607298","4","1","0","0.0","0","5","0","0"
"30","2024-04-20T12:28:32.501745","4","1","0","0.0","0","5","0","0"
"29","2024-04-20T12:26:13.137544","3","1","0","0.0","0","5","0","0"
"28","2024-04-20T12:24:52.112185","3","1","0","0.0","0","5","0","0"
"27","2024-04-20T12:22:52.473313","1","1","0","0.0","0","5","0","0"
"26","2024-04-20T12:21:28.950257","1","1","0","0.0","0","5","0","0"
"25","2024-04-20T12:20:29.458006","2","1","0","0.0","0","5","0","0"
"24","2024-04-20T12:19:14.873879","1","1","0","0.0","0","5","0","0"
"21","2024-04-18T17:48:40.076611","5","0","0","0.0","0","5","0","0"
"20","2024-04-18T17:46:50.112496","5","0","0","0.0","0","5","0","0"
"19","2024-04-18T17:44:47.699392","5","0","0","0.0","0","5","0","0"
"18","2024-04-18T17:42:23.147983","5","0","0","0.0","0","5","0","0"
"17","2024-04-18T17:39:57.486231","4","0","0","0.0","0","5","0","0"
"16","2024-04-18T17:38:30.408485","5","0","0","0.0","0","5","0","0"
"15","2024-04-18T17:35:03.607256","4","0","0","0.0","0","5","0","0"
"14","2024-04-18T17:33:01.254208","4","0","0","0.0","0","5","0","0"
"13","2024-04-18T17:31:52.498268","4","0","0","0.0","0","5","0","0"
"12","2024-04-18T17:30:22.146263","6","0","0","0.0","0","5","0","0"
"11","2024-04-18T17:28:27.091924","7","0","0","0.0","0","5","0","0"
"10","2024-04-18T17:27:06.186809","7","0","0","0.0","0","5","0","0"
"9","2024-04-18T17:24:21.139056","3","1","0","0.0","0","5","0","0"
"8","2024-04-18T17:19:26.590790","2","1","0","0.0","0","5","0","0"
"7","2024-04-18T17:17:39.545875","4","1","0","0.0","0","5","0","0"
"6","2024-04-18T17:15:49.305998","3","1","0","0.0","0","5","0","0"
"5","2024-04-18T17:14:39.003432","0","1","0","0.0","0","5","0","0"
""
"events"
"id","time","event_type","note","value"
"1","2026-05-22T17:55:37.977120","RPS","","6.0"
