id,time,grade,send/reps,type,weight,outside,effort,pain,fear,date,send,attempts,attempt_load,readiness,predicted_send_probability,grade_only_expected_send_probability,performance_residual
5,2024-04-18 17:14:39.003432,0.0,1.0,0.0,0.0,0.0,5.0,0.0,0.0,2024-04-18,1,1,0.0,0.0,0.9838385503396541,0.9881766398835915,0.011823360116408499
6,2024-04-18 17:15:49.305998,3.0,1.0,0.0,0.0,0.0,5.0,0.0,0.0,2024-04-18,1,1,9.0,0.0,0.7620389404527933,0.8316552086126385,0.16834479138736147
7,2024-04-18 17:17:39.545875,4.0,1.0,0.0,0.0,0.0,5.0,0.0,0.0,2024-04-18,1,1,16.0,0.0,0.5454351012745507,0.6580486166617547,0.34195138333824526
8,2024-04-18 17:19:26.590790,2.0,1.0,0.0,0.0,0.0,5.0,0.0,0.0,2024-04-18,1,1,4.0,0.0,0.8952510917997245,0.926912189338107,0.07308781066189296
9,2024-04-18 17:24:21.139056,3.0,1.0,0.0,0.0,0.0,5.0,0.0,0.0,2024-04-18,1,1,9.0,0.0,0.7620389404527933,0.8316552086126385,0.16834479138736147
10,2024-04-18 17:27:06.186809,7.0,0.0,0.0,0.0,0.0,5.0,0.0,0.0,2024-04-18,0,1,49.0,0.0,0.05937343495904075,0.10213078272976209,-0.10213078272976209
11,2024-04-18 17:28:27.091924,7.0,0.0,0.0,0.0,0.0,5.0,0.0,0.0,2024-04-18,0,1,49.0,0.0,0.05937343495904075,0.10213078272976209,-0.10213078272976209
12,2024-04-18 17:30:22.146263,6.0,0.0,0.0,0.0,0.0,5.0,0.0,0.0,2024-04-18,0,1,36.0,0.0,0.14417330320934973,0.22601051750673395,-0.22601051750673395
13,2024-04-18 17:31:52.498268,4.0,0.0,0.0,0.0,0.0,5.0,0.0,0.0,2024-04-18,0,1,16.0,0.0,0.5454351012745507,0.6580486166617547,-0.6580486166617547
14,2024-04-18 17:33:01.254208,4.0,0.0,0.0,0.0,0.0,5.0,0.0,0.0,2024-04-18,0,1,16.0,0.0,0.5454351012745507,0.6580486166617547,-0.6580486166617547
15,2024-04-18 17:35:03.607256,4.0,0.0,0.0,0.0,0.0,5.0,0.0,0.0,2024-04-18,0,1,16.0,0.0,0.5454351012745507,0.6580486166617547,-0.6580486166617547
16,2024-04-18 17:38:30.408485,5.0,0.0,0.0,0.0,0.0,5.0,0.0,0.0,2024-04-18,0,1,25.0,0.0,0.31015294903301854,0.4284486946252726,-0.4284486946252726
17,2024-04-18 17:39:57.486231,4.0,0.0,0.0,0.0,0.0,5.0,0.0,0.0,2024-04-18,0,1,16.0,0.0,0.5454351012745507,0.6580486166617547,-0.6580486166617547
18,2024-04-18 17:42:23.147983,5.0,0.0,0.0,0.0,0.0,5.0,0.0,0.0,2024-04-18,0,1,25.0,0.0,0.31015294903301854,0.4284486946252726,-0.4284486946252726
19,2024-04-18 17:44:47.699392,5.0,0.0,0.0,0.0,0.0,5.0,0.0,0.0,2024-04-18,0,1,25.0,0.0,0.31015294903301854,0.4284486946252726,-0.4284486946252726
20,2024-04-18 17:46:50.112496,5.0,0.0,0.0,0.0,0.0,5.0,0.0,0.0,2024-04-18,0,1,25.0,0.0,0.31015294903301854,0.4284486946252726,-0.4284486946252726
21,2024-04-18 17:48:40.076611,5.0,0.0,0.0,0.0,0.0,5.0,0.0,0.0,2024-04-18,0,1,25.0,0.0,0.31015294903301854,0.4284486946252726,-0.4284486946252726
24,2024-04-20 12:19:14.873879,1.0,1.0,0.0,0.0,0.0,5.0,0.0,0.0,2024-04-20,1,1,1.0,312.9429218098156,0.963014272249027,0.9701999099173347,0.029800090082665265
25,2024-04-20 12:20:29.458006,2.0,1.0,0.0,0.0,0.0,5.0,0.0,0.0,2024-04-20,1,1,4.0,312.9429218098156,0.9070291554802028,0.926912189338107,0.07308781066189296
26,2024-04-20 12:21:28.950257,1.0,1.0,0.0,0.0,0.0,5.0,0.0,0.0,2024-04-20,1,1,1.0,312.9429218098156,0.963014272249027,0.9701999099173347,0.029800090082665265
27,2024-04-20 12:22:52.473313,1.0,1.0,0.0,0.0,0.0,5.0,0.0,0.0,2024-04-20,1,1,1.0,312.9429218098156,0.963014272249027,0.9701999099173347,0.029800090082665265
28,2024-04-20 12:24:52.112185,3.0,1.0,0.0,0.0,0.0,5.0,0.0,0.0,2024-04-20,1,1,9.0,312.9429218098156,0.785201698477054,0.8316552086126385,0.16834479138736147
29,2024-04-20 12:26:13.137544,3.0,1.0,0.0,0.0,0.0,5.0,0.0,0.0,2024-04-20,1,1,9.0,312.9429218098156,0.785201698477054,0.8316552086126385,0.16834479138736147
30,2024-04-20 12:28:32.501745,4.0,1.0,0.0,0.0,0.0,5.0,0.0,0.0,2024-04-20,1,1,16.0,312.9429218098156,0.5780061308988143,0.6580486166617547,0.34195138333824526
31,2024-04-20 12:32:13.607298,4.0,1.0,0.0,0.0,0.0,5.0,0.0,0.0,2024-04-20,1,1,16.0,312.9429218098156,0.5780061308988143,0.6580486166617547,0.34195138333824526
32,2024-04-20 12:34:15.302171,5.0,0.0,0.0,0.0,0.0,5.0,0.0,0.0,2024-04-20,0,1,25.0,312.9429218098156,0.33915686003159723,0.4284486946252726,-0.4284486946252726
33,2024-04-20 12:37:38.473680,5.0,0.0,0.0,0.0,0.0,5.0,0.0,0.0,2024-04-20,0,1,25.0,312.9429218098156,0.33915686003159723,0.4284486946252726,-0.4284486946252726
34,2024-04-20 12:39:35.874551,5.0,0.0,0.0,0.0,0.0,5.0,0.0,0.0,2024-04-20,0,1,25.0,312.9429218098156,0.33915686003159723,0.4284486946252726,-0.4284486946252726
35,2024-04-20 12:42:57.734727,5.0,0.0,0.0,0.0,0.0,5.0,0.0,0.0,2024-04-20,0,1,25.0,312.9429218098156,0.33915686003159723,0.4284486946252726,-0.4284486946252726
36,2024-04-20 12:48:18.402259,5.0,1.0,0.0,0.0,0.0,5.0,0.0,0.0,2024-04-20,1,1,25.0,312.9429218098156,0.33915686003159723,0.4284486946252726,0.5715513053747274
37,2024-04-20 12:53:28.089773,5.0,0.0,0.0,0.0,0.0,5.0,0.0,0.0,2024-04-20,0,1,25.0,312.9429218098156,0.33915686003159723,0.4284486946252726,-0.4284486946252726
38,2024-04-20 12:55:27.392239,5.0,0.0,0.0,0.0,0.0,5.0,0.0,0.0,2024-04-20,0,1,25.0,312.9429218098156,0.33915686003159723,0.4284486946252726,-0.4284486946252726
39,2024-04-20 12:58:26.537666,3.0,1.0,0.0,0.0,0.0,5.0,0.0,0.0,2024-04-20,1,1,9.0,312.9429218098156,0.785201698477054,0.8316552086126385,0.16834479138736147
40,2024-04-20 13:01:35.031083,5.0,1.0,0.0,0.0,0.0,5.0,0.0,0.0,2024-04-20,1,1,25.0,312.9429218098156,0.33915686003159723,0.4284486946252726,0.5715513053747274
41,2024-04-20 13:07:18.162689,6.0,0.0,0.0,0.0,0.0,5.0,0.0,0.0,2024-04-20,0,1,36.0,312.9429218098156,0.16128455385493257,0.22601051750673395,-0.22601051750673395
42,2024-04-20 13:18:18.537963,5.0,1.0,0.0,0.0,0.0,5.0,0.0,0.0,2024-04-20,1,1,25.0,312.9429218098156,0.33915686003159723,0.4284486946252726,0.5715513053747274
53,2024-04-23 18:52:58.386531,4.0,0.0,0.0,0.0,1.0,5.0,0.0,0.0,2024-04-23,0,1,16.0,449.5963168804195,0.5920357481166311,0.6580486166617547,-0.6580486166617547
54,2024-04-23 18:55:11.811893,4.0,1.0,0.0,0.0,1.0,5.0,0.0,0.0,2024-04-23,1,1,16.0,449.5963168804195,0.5920357481166311,0.6580486166617547,0.34195138333824526
55,2024-04-23 19:06:50.616744,5.0,1.0,0.0,0.0,1.0,5.0,0.0,0.0,2024-04-23,1,1,25.0,449.5963168804195,0.35222801710641904,0.4284486946252726,0.5715513053747274
56,2024-04-23 19:18:03.517204,5.0,0.0,0.0,0.0,1.0,5.0,0.0,0.0,2024-04-23,0,1,25.0,449.5963168804195,0.35222801710641904,0.4284486946252726,-0.4284486946252726
57,2024-04-23 19:19:55.028105,5.0,0.0,0.0,0.0,1.0,5.0,0.0,0.0,2024-04-23,0,1,25.0,449.5963168804195,0.35222801710641904,0.4284486946252726,-0.4284486946252726
58,2024-04-23 19:32:09.216696,11.0,0.0,0.0,0.0,1.0,5.0,0.0,0.0,2024-04-23,0,1,121.0,449.5963168804195,0.0015024645438787882,0.002612206925651033,-0.002612206925651033
59,2024-04-23 19:33:38.170127,11.0,0.0,0.0,0.0,1.0,5.0,0.0,0.0,2024-04-23,0,1,121.0,449.5963168804195,0.0015024645438787882,0.002612206925651033,-0.002612206925651033
60,2024-04-23 19:36:27.999769,11.0,0.0,0.0,0.0,1.0,5.0,0.0,0.0,2024-04-23,0,1,121.0,449.5963168804195,0.0015024645438787882,0.002612206925651033,-0.002612206925651033
61,2024-04-23 19:40:30.631232,11.0,0.0,0.0,0.0,1.0,5.0,0.0,0.0,2024-04-23,0,1,121.0,449.5963168804195,0.0015024645438787882,0.002612206925651033,-0.002612206925651033
62,2024-04-23 19:43:22.877503,11.0,0.0,0.0,0.0,1.0,5.0,0.0,0.0,2024-04-23,0,1,121.0,449.5963168804195,0.0015024645438787882,0.002612206925651033,-0.002612206925651033
63,2024-04-23 19:45:20.887205,11.0,0.0,0.0,0.0,1.0,5.0,0.0,0.0,2024-04-23,0,1,121.0,449.5963168804195,0.0015024645438787882,0.002612206925651033,-0.002612206925651033
64,2024-04-23 19:50:43.367174,11.0,0.0,0.0,0.0,1.0,5.0,0.0,0.0,2024-04-23,0,1,121.0,449.5963168804195,0.0015024645438787882,0.002612206925651033,-0.002612206925651033
65,2024-04-23 19:57:53.708897,11.0,0.0,0.0,0.0,1.0,5.0,0.0,0.0,2024-04-23,0,1,121.0,449.5963168804195,0.0015024645438787882,0.002612206925651033,-0.002612206925651033
66,2024-04-23 20:04:27.326478,11.0,0.0,0.0,0.0,1.0,5.0,0.0,0.0,2024-04-23,0,1,121.0,449.5963168804195,0.0015024645438787882,0.002612206925651033,-0.002612206925651033
67,2024-04-23 20:10:22.556088,11.0,0.0,0.0,0.0,1.0,5.0,0.0,0.0,2024-04-23,0,1,121.0,449.5963168804195,0.0015024645438787882,0.002612206925651033,-0.002612206925651033
68,2024-04-23 20:21:36.268845,11.0,0.0,0.0,0.0,1.0,5.0,0.0,0.0,2024-04-23,0,1,121.0,449.5963168804195,0.0015024645438787882,0.002612206925651033,-0.002612206925651033
69,2024-04-24 18:14:17.702846,4.0,0.0,0.0,0.0,1.0,5.0,0.0,0.0,2024-04-24,0,1,16.0,1827.745110912715,0.7221672408126365,0.6580486166617547,-0.6580486166617547
70,2024-04-24 18:28:14.363249,4.0,0.0,0.0,0.0,1.0,5.0,0.0,0.0,2024-04-24,0,1,16.0,1827.745110912715,0.7221672408126365,0.6580486166617547,-0.6580486166617547
71,2024-04-24 18:31:29.724491,5.0,1.0,0.0,0.0,1.0,5.0,0.0,0.0,2024-04-24,1,1,25.0,1827.745110912715,0.4933978638278682,0.4284486946252726,0.5715513053747274
72,2024-04-24 18:48:03.164550,6.0,1.0,0.0,0.0,1.0,5.0,0.0,0.0,2024-04-24,1,1,36.0,1827.745110912715,0.2673601614481444,0.22601051750673395,0.773989482493266
73,2024-04-24 19:01:58.361938,8.0,0.0,0.0,0.0,1.0,5.0,0.0,0.0,2024-04-24,0,1,64.0,1827.745110912715,0.048736979595630156,0.042429164124164545,-0.042429164124164545
74,2024-04-24 19:13:14.832455,8.0,1.0,0.0,0.0,1.0,5.0,0.0,0.0,2024-04-24,1,1,64.0,1827.745110912715,0.048736979595630156,0.042429164124164545,0.9575708358758355
75,2024-04-24 20:03:36.292143,8.0,0.0,0.0,0.0,1.0,5.0,0.0,0.0,2024-04-24,0,1,64.0,1827.745110912715,0.048736979595630156,0.042429164124164545,-0.042429164124164545
76,2024-04-26 17:17:59.771133,3.0,1.0,0.0,0.0,0.0,5.0,0.0,0.0,2024-04-26,1,1,9.0,1620.569149809077,0.8640408453425132,0.8316552086126385,0.16834479138736147
77,2024-04-26 17:23:14.548933,3.0,1.0,0.0,0.0,0.0,5.0,0.0,0.0,2024-04-26,1,1,9.0,1620.569149809077,0.8640408453425132,0.8316552086126385,0.16834479138736147
78,2024-04-26 17:25:24.905001,2.0,1.0,0.0,0.0,0.0,5.0,0.0,0.0,2024-04-26,1,1,4.0,1620.569149809077,0.9443236247161062,0.926912189338107,0.07308781066189296
79,2024-04-26 17:32:37.955636,4.0,1.0,0.0,0.0,0.0,5.0,0.0,0.0,2024-04-26,1,1,16.0,1620.569149809077,0.7042498231849527,0.6580486166617547,0.34195138333824526
80,2024-04-26 17:35:43.996814,4.0,1.0,0.0,0.0,0.0,5.0,0.0,0.0,2024-04-26,1,1,16.0,1620.569149809077,0.7042498231849527,0.6580486166617547,0.34195138333824526
81,2024-04-26 17:39:19.179902,5.0,1.0,0.0,0.0,0.0,5.0,0.0,0.0,2024-04-26,1,1,25.0,1620.569149809077,0.471523492992584,0.4284486946252726,0.5715513053747274
82,2024-04-26 17:43:38.496607,5.0,0.0,0.0,0.0,0.0,5.0,0.0,0.0,2024-04-26,0,1,25.0,1620.569149809077,0.471523492992584,0.4284486946252726,-0.4284486946252726
83,2024-04-26 17:49:20.391737,5.0,1.0,0.0,0.0,0.0,5.0,0.0,0.0,2024-04-26,1,1,25.0,1620.569149809077,0.471523492992584,0.4284486946252726,0.5715513053747274
84,2024-04-26 18:04:49.997061,7.0,0.0,0.0,0.0,0.0,5.0,0.0,0.0,2024-04-26,0,1,49.0,1620.569149809077,0.11132038517318944,0.10213078272976209,-0.10213078272976209
85,2024-04-26 18:12:32.060819,7.0,0.0,0.0,0.0,0.0,5.0,0.0,0.0,2024-04-26,0,1,49.0,1620.569149809077,0.11132038517318944,0.10213078272976209,-0.10213078272976209
86,2024-04-26 18:14:19.021749,7.0,0.0,0.0,0.0,0.0,5.0,0.0,0.0,2024-04-26,0,1,49.0,1620.569149809077,0.11132038517318944,0.10213078272976209,-0.10213078272976209
87,2024-04-26 18:18:29.737499,7.0,0.0,0.0,0.0,0.0,5.0,0.0,0.0,2024-04-26,0,1,49.0,1620.569149809077,0.11132038517318944,0.10213078272976209,-0.10213078272976209
88,2024-04-26 18:26:18.977973,7.0,0.0,0.0,0.0,0.0,5.0,0.0,0.0,2024-04-26,0,1,49.0,1620.569149809077,0.11132038517318944,0.10213078272976209,-0.10213078272976209
89,2024-04-26 18:29:26.174062,7.0,0.0,0.0,0.0,0.0,5.0,0.0,0.0,2024-04-26,0,1,49.0,1620.569149809077,0.11132038517318944,0.10213078272976209,-0.10213078272976209
90,2024-04-26 18:32:50.844375,7.0,0.0,0.0,0.0,0.0,5.0,0.0,0.0,2024-04-26,0,1,49.0,1620.569149809077,0.11132038517318944,0.10213078272976209,-0.10213078272976209
91,2024-04-26 18:43:14.320269,6.0,0.0,0.0,0.0,0.0,5.0,0.0,0.0,2024-04-26,0,1,36.0,1620.569149809077,0.2505507881616978,0.22601051750673395,-0.22601051750673395
92,2024-04-29 20:00:49.431069,4.0,1.0,0.0,0.0,0.0,5.0,0.0,0.0,2024-04-29,1,1,16.0,1437.4525044977743,0.6878686759216572,0.6580486166617547,0.34195138333824526
93,2024-04-29 20:02:58.852297,4.0,0.0,0.0,0.0,0.0,5.0,0.0,0.0,2024-04-29,0,1,16.0,1437.4525044977743,0.6878686759216572,0.6580486166617547,-0.6580486166617547
94,2024-04-29 20:04:57.735376,4.0,0.0,0.0,0.0,0.0,5.0,0.0,0.0,2024-04-29,0,1,16.0,1437.4525044977743,0.6878686759216572,0.6580486166617547,-0.6580486166617547
95,2024-04-29 20:08:46.413629,4.0,1.0,0.0,0.0,0.0,5.0,0.0,0.0,2024-04-29,1,1,16.0,1437.4525044977743,0.6878686759216572,0.6580486166617547,0.34195138333824526
96,2024-04-29 20:14:10.386094,7.0,1.0,0.0,0.0,0.0,5.0,0.0,0.0,2024-04-29,1,1,49.0,1437.4525044977743,0.10388646400980532,0.10213078272976209,0.8978692172702379
97,2024-04-30 18:58:45.580795,0.0,1.0,0.0,0.0,1.0,5.0,0.0,0.0,2024-04-30,1,1,0.0,1359.095808089669,0.9908392572234419,0.9881766398835915,0.011823360116408499
98,2024-04-30 18:58:52.453588,1.0,1.0,0.0,0.0,1.0,5.0,0.0,0.0,2024-04-30,1,1,1.0,1359.095808089669,0.9759194965850461,0.9701999099173347,0.029800090082665265
99,2024-04-30 19:01:50.032794,4.0,1.0,0.0,0.0,1.0,5.0,0.0,0.0,2024-04-30,1,1,16.0,1359.095808089669,0.6807096833087313,0.6580486166617547,0.34195138333824526
100,2024-04-30 19:25:47.212648,6.0,0.0,0.0,0.0,1.0,5.0,0.0,0.0,2024-04-30,0,1,36.0,1359.095808089669,0.2303635003978342,0.22601051750673395,-0.22601051750673395
101,2024-04-30 19:26:02.477564,6.0,0.0,0.0,0.0,1.0,5.0,0.0,0.0,2024-04-30,0,1,36.0,1359.095808089669,0.2303635003978342,0.22601051750673395,-0.22601051750673395
102,2024-04-30 19:31:31.453368,6.0,0.0,0.0,0.0,1.0,5.0,0.0,0.0,2024-04-30,0,1,36.0,1359.095808089669,0.2303635003978342,0.22601051750673395,-0.22601051750673395
103,2024-04-30 19:37:28.414944,6.0,0.0,0.0,0.0,1.0,5.0,0.0,0.0,2024-04-30,0,1,36.0,1359.095808089669,0.2303635003978342,0.22601051750673395,-0.22601051750673395
104,2024-04-30 19:46:57.434652,6.0,0.0,0.0,0.0,1.0,5.0,0.0,0.0,2024-04-30,0,1,36.0,1359.095808089669,0.2303635003978342,0.22601051750673395,-0.22601051750673395
105,2024-04-30 20:03:22.593388,6.0,0.0,0.0,0.0,1.0,5.0,0.0,0.0,2024-04-30,0,1,36.0,1359.095808089669,0.2303635003978342,0.22601051750673395,-0.22601051750673395
106,2024-04-30 20:11:32.559136,9.0,0.0,0.0,0.0,1.0,5.0,0.0,0.0,2024-04-30,0,1,81.0,1359.095808089669,0.015501397954501625,0.016967253101591025,-0.016967253101591025
107,2024-04-30 20:15:02.778549,9.0,0.0,0.0,0.0,1.0,5.0,0.0,0.0,2024-04-30,0,1,81.0,1359.095808089669,0.015501397954501625,0.016967253101591025,-0.016967253101591025
108,2024-04-30 20:18:51.238901,9.0,0.0,0.0,0.0,1.0,5.0,0.0,0.0,2024-04-30,0,1,81.0,1359.095808089669,0.015501397954501625,0.016967253101591025,-0.016967253101591025
109,2024-04-30 20:22:42.846556,9.0,0.0,0.0,0.0,1.0,5.0,0.0,0.0,2024-04-30,0,1,81.0,1359.095808089669,0.015501397954501625,0.016967253101591025,-0.016967253101591025
110,2024-04-30 20:27:29.561835,9.0,0.0,0.0,0.0,1.0,5.0,0.0,0.0,2024-04-30,0,1,81.0,1359.095808089669,0.015501397954501625,0.016967253101591025,-0.016967253101591025
111,2024-04-30 20:32:13.883847,9.0,0.0,0.0,0.0,1.0,5.0,0.0,0.0,2024-04-30,0,1,81.0,1359.095808089669,0.015501397954501625,0.016967253101591025,-0.016967253101591025
112,2024-04-30 20:39:34.487881,9.0,0.0,0.0,0.0,1.0,5.0,0.0,0.0,2024-04-30,0,1,81.0,1359.095808089669,0.015501397954501625,0.016967253101591025,-0.016967253101591025
113,2024-04-30 20:45:51.939986,9.0,0.0,0.0,0.0,1.0,5.0,0.0,0.0,2024-04-30,0,1,81.0,1359.095808089669,0.015501397954501625,0.016967253101591025,-0.016967253101591025
114,2024-04-30 21:13:02.874763,11.0,0.0,0.0,0.0,1.0,5.0,0.0,0.0,2024-04-30,0,1,121.0,1359.095808089669,0.0022057109953798333,0.002612206925651033,-0.002612206925651033
115,2024-04-30 21:18:43.769502,11.0,0.0,0.0,0.0,1.0,5.0,0.0,0.0,2024-04-30,0,1,121.0,1359.095808089669,0.0022057109953798333,0.002612206925651033,-0.002612206925651033
116,2024-04-30 21:26:07.546074,11.0,0.0,0.0,0.0,1.0,5.0,0.0,0.0,2024-04-30,0,1,121.0,1359.095808089669,0.0022057109953798333,0.002612206925651033,-0.002612206925651033
117,2024-04-30 21:33:14.745478,11.0,0.0,0.0,0.0,1.0,5.0,0.0,0.0,2024-04-30,0,1,121.0,1359.095808089669,0.0022057109953798333,0.002612206925651033,-0.002612206925651033
118,2024-04-30 21:42:45.360481,11.0,0.0,0.0,0.0,1.0,5.0,0.0,0.0,2024-04-30,0,1,121.0,1359.095808089669,0.0022057109953798333,0.002612206925651033,-0.002612206925651033
127,2024-05-03 18:43:52.201931,10.0,0.0,0.0,0.0,1.0,5.0,0.0,0.0,2024-05-03,0,1,100.0,2002.0633498262166,0.007683824321018826,0.0066785679105771075,-0.0066785679105771075
128,2024-05-03 19:00:03.194494,10.0,0.0,0.0,0.0,0.0,5.0,0.0,0.0,2024-05-03,0,1,100.0,2002.0633498262166,0.007683824321018826,0.0066785679105771075,-0.0066785679105771075
129,2024-05-03 19:12:21.610475,10.0,0.0,0.0,0.0,1.0,5.0,0.0,0.0,2024-05-03,0,1,100.0,2002.0633498262166,0.007683824321018826,0.0066785679105771075,-0.0066785679105771075
130,2024-05-03 19:16:05.924956,10.0,0.0,0.0,0.0,1.0,5.0,0.0,0.0,2024-05-03,0,1,100.0,2002.0633498262166,0.007683824321018826,0.0066785679105771075,-0.0066785679105771075
131,2024-05-03 19:23:28.460713,10.0,0.0,0.0,0.0,1.0,5.0,0.0,0.0,2024-05-03,0,1,100.0,2002.0633498262166,0.007683824321018826,0.0066785679105771075,-0.0066785679105771075
132,2024-05-03 19:31:41.047207,10.0,0.0,0.0,0.0,1.0,5.0,0.0,0.0,2024-05-03,0,1,100.0,2002.0633498262166,0.007683824321018826,0.0066785679105771075,-0.0066785679105771075
133,2024-05-05 12:31:55.621348,0.0,1.0,0.0,0.0,0.0,5.0,0.0,0.0,2024-05-05,1,1,0.0,2024.6318865427534,0.9930710583569455,0.9881766398835915,0.011823360116408499
134,2024-05-05 12:33:03.390417,0.0,1.0,0.0,0.0,0.0,5.0,0.0,0.0,2024-05-05,1,1,0.0,2024.6318865427534,0.9930710583569455,0.9881766398835915,0.011823360116408499
135,2024-05-05 12:34:39.885850,2.0,1.0,0.0,0.0,0.0,5.0,0.0,0.0,2024-05-05,1,1,4.0,2024.6318865427534,0.9526553867119129,0.926912189338107,0.07308781066189296
136,2024-05-05 12:36:19.590380,2.0,1.0,0.0,0.0,0.0,5.0,0.0,0.0,2024-05-05,1,1,4.0,2024.6318865427534,0.9526553867119129,0.926912189338107,0.07308781066189296
137,2024-05-05 12:37:47.522543,3.0,1.0,0.0,0.0,0.0,5.0,0.0,0.0,2024-05-05,1,1,9.0,2024.6318865427534,0.8828967976778166,0.8316552086126385,0.16834479138736147
138,2024-05-05 12:40:53.061151,3.0,1.0,0.0,0.0,0.0,5.0,0.0,0.0,2024-05-05,1,1,9.0,2024.6318865427534,0.8828967976778166,0.8316552086126385,0.16834479138736147
139,2024-05-05 12:43:57.407212,4.0,1.0,0.0,0.0,0.0,5.0,0.0,0.0,2024-05-05,1,1,16.0,2024.6318865427534,0.7385614842281769,0.6580486166617547,0.34195138333824526
140,2024-05-05 12:46:29.098857,4.0,1.0,0.0,0.0,0.0,5.0,0.0,0.0,2024-05-05,1,1,16.0,2024.6318865427534,0.7385614842281769,0.6580486166617547,0.34195138333824526
141,2024-05-05 12:51:24.769276,5.0,1.0,0.0,0.0,0.0,5.0,0.0,0.0,2024-05-05,1,1,25.0,2024.6318865427534,0.5142106067027656,0.4284486946252726,0.5715513053747274
142,2024-05-05 12:55:40.260698,5.0,1.0,0.0,0.0,0.0,5.0,0.0,0.0,2024-05-05,1,1,25.0,2024.6318865427534,0.5142106067027656,0.4284486946252726,0.5715513053747274
143,2024-05-05 13:06:16.666747,7.0,1.0,0.0,0.0,0.0,5.0,0.0,0.0,2024-05-05,1,1,49.0,2024.6318865427534,0.12938164117165993,0.10213078272976209,0.8978692172702379
144,2024-05-05 13:06:54.401339,4.0,1.0,0.0,0.0,0.0,5.0,0.0,0.0,2024-05-05,1,1,16.0,2024.6318865427534,0.7385614842281769,0.6580486166617547,0.34195138333824526
145,2024-05-05 13:07:49.707447,5.0,1.0,0.0,0.0,0.0,5.0,0.0,0.0,2024-05-05,1,1,25.0,2024.6318865427534,0.5142106067027656,0.4284486946252726,0.5715513053747274
146,2024-05-05 13:09:08.272897,6.0,0.0,0.0,0.0,0.0,5.0,0.0,0.0,2024-05-05,0,1,36.0,2024.6318865427534,0.28398295763331344,0.22601051750673395,-0.22601051750673395
147,2024-05-05 13:10:26.742062,5.0,1.0,0.0,0.0,0.0,5.0,0.0,0.0,2024-05-05,1,1,25.0,2024.6318865427534,0.5142106067027656,0.4284486946252726,0.5715513053747274
148,2024-05-05 13:11:26.775017,4.0,1.0,0.0,0.0,0.0,5.0,0.0,0.0,2024-05-05,1,1,16.0,2024.6318865427534,0.7385614842281769,0.6580486166617547,0.34195138333824526
149,2024-05-05 13:19:46.907050,7.0,0.0,0.0,0.0,0.0,5.0,0.0,0.0,2024-05-05,0,1,49.0,2024.6318865427534,0.12938164117165993,0.10213078272976209,-0.10213078272976209
150,2024-05-05 13:20:47.423732,4.0,1.0,0.0,0.0,0.0,5.0,0.0,0.0,2024-05-05,1,1,16.0,2024.6318865427534,0.7385614842281769,0.6580486166617547,0.34195138333824526
151,2024-05-05 13:21:48.358835,5.0,1.0,0.0,0.0,0.0,5.0,0.0,0.0,2024-05-05,1,1,25.0,2024.6318865427534,0.5142106067027656,0.4284486946252726,0.5715513053747274
152,2024-05-05 13:23:00.004160,6.0,0.0,0.0,0.0,0.0,5.0,0.0,0.0,2024-05-05,0,1,36.0,2024.6318865427534,0.28398295763331344,0.22601051750673395,-0.22601051750673395
153,2024-05-05 13:24:30.273396,4.0,1.0,0.0,0.0,0.0,5.0,0.0,0.0,2024-05-05,1,1,16.0,2024.6318865427534,0.7385614842281769,0.6580486166617547,0.34195138333824526
154,2024-05-05 13:25:06.229238,5.0,0.0,0.0,0.0,0.0,5.0,0.0,0.0,2024-05-05,0,1,25.0,2024.6318865427534,0.5142106067027656,0.4284486946252726,-0.4284486946252726
155,2024-05-05 13:36:05.901958,7.0,1.0,0.0,0.0,0.0,5.0,0.0,0.0,2024-05-05,1,1,49.0,2024.6318865427534,0.12938164117165993,0.10213078272976209,0.8978692172702379
156,2024-05-05 13:37:02.548537,4.0,1.0,0.0,0.0,0.0,5.0,0.0,0.0,2024-05-05,1,1,16.0,2024.6318865427534,0.7385614842281769,0.6580486166617547,0.34195138333824526
157,2024-05-05 13:38:01.984002,6.0,0.0,0.0,0.0,0.0,5.0,0.0,0.0,2024-05-05,0,1,36.0,2024.6318865427534,0.28398295763331344,0.22601051750673395,-0.22601051750673395
158,2024-05-05 13:38:47.575359,4.0,0.0,0.0,0.0,0.0,5.0,0.0,0.0,2024-05-05,0,1,16.0,2024.6318865427534,0.7385614842281769,0.6580486166617547,-0.6580486166617547
159,2024-05-05 13:39:29.233291,5.0,0.0,0.0,0.0,0.0,5.0,0.0,0.0,2024-05-05,0,1,25.0,2024.6318865427534,0.5142106067027656,0.4284486946252726,-0.4284486946252726
160,2024-05-05 13:40:34.641009,3.0,1.0,0.0,0.0,0.0,5.0,0.0,0.0,2024-05-05,1,1,9.0,2024.6318865427534,0.8828967976778166,0.8316552086126385,0.16834479138736147
167,2024-05-08 18:40:06.786044,2.0,1.0,0.0,0.0,1.0,5.0,0.0,0.0,2024-05-08,1,1,4.0,1764.550322810379,0.9474398822789586,0.926912189338107,0.07308781066189296
168,2024-05-08 19:01:40.393994,6.0,0.0,0.0,0.0,1.0,5.0,0.0,0.0,2024-05-08,0,1,36.0,1764.550322810379,0.2621576683824276,0.22601051750673395,-0.22601051750673395
169,2024-05-08 19:22:04.539638,2.0,1.0,0.0,0.0,1.0,5.0,0.0,0.0,2024-05-08,1,1,4.0,1764.550322810379,0.9474398822789586,0.926912189338107,0.07308781066189296
170,2024-05-08 19:22:11.825030,1.0,1.0,0.0,0.0,1.0,5.0,0.0,0.0,2024-05-08,1,1,1.0,1764.550322810379,0.9796368161973601,0.9701999099173347,0.029800090082665265
171,2024-05-08 19:37:50.545783,10.0,0.0,0.0,0.0,1.0,5.0,0.0,0.0,2024-05-08,0,1,100.0,1764.550322810379,0.006954593802716526,0.0066785679105771075,-0.0066785679105771075
172,2024-05-08 19:56:20.652678,10.0,0.0,0.0,0.0,1.0,5.0,0.0,0.0,2024-05-08,0,1,100.0,1764.550322810379,0.006954593802716526,0.0066785679105771075,-0.0066785679105771075
173,2024-05-08 20:00:09.160772,9.0,0.0,0.0,0.0,1.0,5.0,0.0,0.0,2024-05-08,0,1,81.0,1764.550322810379,0.018347816301934498,0.016967253101591025,-0.016967253101591025
174,2024-05-08 20:03:27.492252,9.0,0.0,0.0,0.0,1.0,5.0,0.0,0.0,2024-05-08,0,1,81.0,1764.550322810379,0.018347816301934498,0.016967253101591025,-0.016967253101591025
175,2024-05-08 20:11:49.884170,9.0,0.0,0.0,0.0,1.0,5.0,0.0,0.0,2024-05-08,0,1,81.0,1764.550322810379,0.018347816301934498,0.016967253101591025,-0.016967253101591025
176,2024-05-08 20:20:37.220713,9.0,0.0,0.0,0.0,1.0,5.0,0.0,0.0,2024-05-08,0,1,81.0,1764.550322810379,0.018347816301934498,0.016967253101591025,-0.016967253101591025
177,2024-05-08 20:27:30.264803,9.0,0.0,0.0,0.0,1.0,5.0,0.0,0.0,2024-05-08,0,1,81.0,1764.550322810379,0.018347816301934498,0.016967253101591025,-0.016967253101591025
178,2024-05-08 20:28:58.963453,9.0,0.0,0.0,0.0,1.0,5.0,0.0,0.0,2024-05-08,0,1,81.0,1764.550322810379,0.018347816301934498,0.016967253101591025,-0.016967253101591025
179,2024-05-08 20:39:20.832901,9.0,0.0,0.0,0.0,1.0,5.0,0.0,0.0,2024-05-08,0,1,81.0,1764.550322810379,0.018347816301934498,0.016967253101591025,-0.016967253101591025
180,2024-05-08 20:42:30.363489,9.0,0.0,0.0,0.0,1.0,5.0,0.0,0.0,2024-05-08,0,1,81.0,1764.550322810379,0.018347816301934498,0.016967253101591025,-0.016967253101591025
181,2024-05-08 21:09:22.539818,9.0,0.0,0.0,0.0,1.0,5.0,0.0,0.0,2024-05-08,0,1,81.0,1764.550322810379,0.018347816301934498,0.016967253101591025,-0.016967253101591025
189,2024-05-10 19:57:28.258514,7.0,1.0,0.0,0.0,0.0,5.0,0.0,0.0,2024-05-10,1,1,49.0,2170.358574437342,0.1364838689627916,0.10213078272976209,0.8978692172702379
190,2024-05-10 19:58:31.175254,4.0,1.0,0.0,0.0,0.0,5.0,0.0,0.0,2024-05-10,1,1,16.0,2170.358574437342,0.7502856420578456,0.6580486166617547,0.34195138333824526
191,2024-05-10 19:59:29.818494,5.0,1.0,0.0,0.0,0.0,5.0,0.0,0.0,2024-05-10,1,1,25.0,2170.358574437342,0.5295875949781,0.4284486946252726,0.5715513053747274
192,2024-05-10 20:01:06.853091,6.0,1.0,0.0,0.0,0.0,5.0,0.0,0.0,2024-05-10,1,1,36.0,2170.358574437342,0.2966798323897507,0.22601051750673395,0.773989482493266
193,2024-05-10 20:03:13.909251,5.0,1.0,0.0,0.0,0.0,5.0,0.0,0.0,2024-05-10,1,1,25.0,2170.358574437342,0.5295875949781,0.4284486946252726,0.5715513053747274
194,2024-05-10 20:04:14.518573,4.0,0.0,0.0,0.0,0.0,5.0,0.0,0.0,2024-05-10,0,1,16.0,2170.358574437342,0.7502856420578456,0.6580486166617547,-0.6580486166617547
195,2024-05-10 20:05:47.166559,4.0,1.0,0.0,0.0,0.0,5.0,0.0,0.0,2024-05-10,1,1,16.0,2170.358574437342,0.7502856420578456,0.6580486166617547,0.34195138333824526
196,2024-05-10 20:12:14.525950,7.0,1.0,0.0,0.0,0.0,5.0,0.0,0.0,2024-05-10,1,1,49.0,2170.358574437342,0.1364838689627916,0.10213078272976209,0.8978692172702379
197,2024-05-10 20:13:40.576399,4.0,1.0,0.0,0.0,0.0,5.0,0.0,0.0,2024-05-10,1,1,16.0,2170.358574437342,0.7502856420578456,0.6580486166617547,0.34195138333824526
198,2024-05-10 20:14:46.333832,5.0,1.0,0.0,0.0,0.0,5.0,0.0,0.0,2024-05-10,1,1,25.0,2170.358574437342,0.5295875949781,0.4284486946252726,0.5715513053747274
199,2024-05-10 20:16:17.228960,6.0,1.0,0.0,0.0,0.0,5.0,0.0,0.0,2024-05-10,1,1,36.0,2170.358574437342,0.2966798323897507,0.22601051750673395,0.773989482493266
200,2024-05-10 20:17:37.896441,5.0,1.0,0.0,0.0,0.0,5.0,0.0,0.0,2024-05-10,1,1,25.0,2170.358574437342,0.5295875949781,0.4284486946252726,0.5715513053747274
201,2024-05-10 20:18:52.591354,4.0,1.0,0.0,0.0,0.0,5.0,0.0,0.0,2024-05-10,1,1,16.0,2170.358574437342,0.7502856420578456,0.6580486166617547,0.34195138333824526
202,2024-05-10 20:20:04.116876,4.0,1.0,0.0,0.0,0.0,5.0,0.0,0.0,2024-05-10,1,1,16.0,2170.358574437342,0.7502856420578456,0.6580486166617547,0.34195138333824526
203,2024-05-10 20:27:19.713965,7.0,0.0,0.0,0.0,0.0,5.0,0.0,0.0,2024-05-10,0,1,49.0,2170.358574437342,0.1364838689627916,0.10213078272976209,-0.10213078272976209
204,2024-05-10 20:28:30.290051,4.0,1.0,0.0,0.0,0.0,5.0,0.0,0.0,2024-05-10,1,1,16.0,2170.358574437342,0.7502856420578456,0.6580486166617547,0.34195138333824526
205,2024-05-10 20:29:35.433036,5.0,1.0,0.0,0.0,0.0,5.0,0.0,0.0,2024-05-10,1,1,25.0,2170.358574437342,0.5295875949781,0.4284486946252726,0.5715513053747274
206,2024-05-10 20:30:35.866712,6.0,0.0,0.0,0.0,0.0,5.0,0.0,0.0,2024-05-10,0,1,36.0,2170.358574437342,0.2966798323897507,0.22601051750673395,-0.22601051750673395
207,2024-05-10 20:32:14.075158,5.0,1.0,0.0,0.0,0.0,5.0,0.0,0.0,2024-05-10,1,1,25.0,2170.358574437342,0.5295875949781,0.4284486946252726,0.5715513053747274
208,2024-05-10 20:33:36.145118,4.0,1.0,0.0,0.0,0.0,5.0,0.0,0.0,2024-05-10,1,1,16.0,2170.358574437342,0.7502856420578456,0.6580486166617547,0.34195138333824526
209,2024-05-10 20:35:05.118806,4.0,1.0,0.0,0.0,0.0,5.0,0.0,0.0,2024-05-10,1,1,16.0,2170.358574437342,0.7502856420578456,0.6580486166617547,0.34195138333824526
214,2024-05-13 18:54:30.606366,2.0,1.0,0.0,225.0,1.0,5.0,0.0,0.0,2024-05-13,1,1,4.0,1826.4173781342392,0.9487276831957453,0.926912189338107,0.07308781066189296
215,2024-05-13 19:02:32.393783,2.0,1.0,0.0,225.0,1.0,5.0,0.0,0.0,2024-05-13,1,1,4.0,1826.4173781342392,0.9487276831957453,0.926912189338107,0.07308781066189296
216,2024-05-13 19:15:22.886800,5.0,0.0,0.0,225.0,1.0,5.0,0.0,0.0,2024-05-13,0,1,25.0,1826.4173781342392,0.4932575068592147,0.4284486946252726,-0.4284486946252726
217,2024-05-13 19:22:52.765670,6.0,1.0,0.0,225.0,1.0,5.0,0.0,0.0,2024-05-13,1,1,36.0,1826.4173781342392,0.2672501844645315,0.22601051750673395,0.773989482493266
218,2024-05-13 20:23:38.072095,9.0,0.0,0.0,225.0,1.0,5.0,0.0,0.0,2024-05-13,0,1,81.0,1826.4173781342392,0.018825065221700535,0.016967253101591025,-0.016967253101591025
219,2024-05-13 20:26:24.842501,9.0,0.0,0.0,225.0,1.0,5.0,0.0,0.0,2024-05-13,0,1,81.0,1826.4173781342392,0.018825065221700535,0.016967253101591025,-0.016967253101591025
220,2024-05-13 20:27:04.794591,9.0,0.0,0.0,225.0,1.0,5.0,0.0,0.0,2024-05-13,0,1,81.0,1826.4173781342392,0.018825065221700535,0.016967253101591025,-0.016967253101591025
221,2024-05-13 20:34:52.109757,9.0,0.0,0.0,225.0,1.0,5.0,0.0,0.0,2024-05-13,0,1,81.0,1826.4173781342392,0.018825065221700535,0.016967253101591025,-0.016967253101591025
222,2024-05-13 20:35:39.367211,9.0,0.0,0.0,225.0,1.0,5.0,0.0,0.0,2024-05-13,0,1,81.0,1826.4173781342392,0.018825065221700535,0.016967253101591025,-0.016967253101591025
223,2024-05-13 20:42:21.980994,9.0,0.0,0.0,225.0,1.0,5.0,0.0,0.0,2024-05-13,0,1,81.0,1826.4173781342392,0.018825065221700535,0.016967253101591025,-0.016967253101591025
224,2024-05-13 20:54:42.934212,9.0,0.0,0.0,225.0,1.0,5.0,0.0,0.0,2024-05-13,0,1,81.0,1826.4173781342392,0.018825065221700535,0.016967253101591025,-0.016967253101591025
225,2024-05-13 21:09:24.835145,6.0,0.0,0.0,225.0,1.0,5.0,0.0,0.0,2024-05-13,0,1,36.0,1826.4173781342392,0.2672501844645315,0.22601051750673395,-0.22601051750673395
226,2024-05-13 21:17:15.198378,6.0,0.0,0.0,225.0,1.0,5.0,0.0,0.0,2024-05-13,0,1,36.0,1826.4173781342392,0.2672501844645315,0.22601051750673395,-0.22601051750673395
227,2024-05-13 21:19:02.778661,6.0,0.0,0.0,225.0,1.0,5.0,0.0,0.0,2024-05-13,0,1,36.0,1826.4173781342392,0.2672501844645315,0.22601051750673395,-0.22601051750673395
228,2024-05-16 14:51:39.679711,2.0,1.0,0.0,225.0,1.0,5.0,0.0,0.0,2024-05-16,1,1,4.0,1748.898721518123,0.9471092737773242,0.926912189338107,0.07308781066189296
229,2024-05-16 14:56:56.352917,2.0,1.0,0.0,225.0,1.0,5.0,0.0,0.0,2024-05-16,1,1,4.0,1748.898721518123,0.9471092737773242,0.926912189338107,0.07308781066189296
230,2024-05-16 15:09:54.709193,3.0,1.0,0.0,225.0,1.0,5.0,0.0,0.0,2024-05-16,1,1,9.0,1748.898721518123,0.870291544249442,0.8316552086126385,0.16834479138736147
231,2024-05-16 15:16:01.569797,3.0,0.0,0.0,225.0,1.0,5.0,0.0,0.0,2024-05-16,0,1,9.0,1748.898721518123,0.870291544249442,0.8316552086126385,-0.8316552086126385
232,2024-05-16 15:19:47.347198,3.0,1.0,0.0,225.0,1.0,5.0,0.0,0.0,2024-05-16,1,1,9.0,1748.898721518123,0.870291544249442,0.8316552086126385,0.16834479138736147
233,2024-05-16 15:40:56.682920,5.0,0.0,0.0,225.0,1.0,5.0,0.0,0.0,2024-05-16,0,1,25.0,1748.898721518123,0.48506544862966966,0.4284486946252726,-0.4284486946252726
234,2024-05-16 15:42:25.704221,5.0,0.0,0.0,225.0,1.0,5.0,0.0,0.0,2024-05-16,0,1,25.0,1748.898721518123,0.48506544862966966,0.4284486946252726,-0.4284486946252726
235,2024-05-16 15:44:51.948755,5.0,0.0,0.0,225.0,1.0,5.0,0.0,0.0,2024-05-16,0,1,25.0,1748.898721518123,0.48506544862966966,0.4284486946252726,-0.4284486946252726
236,2024-05-16 15:51:59.415793,5.0,1.0,0.0,225.0,1.0,5.0,0.0,0.0,2024-05-16,1,1,25.0,1748.898721518123,0.48506544862966966,0.4284486946252726,0.5715513053747274
237,2024-05-16 16:10:07.970710,10.0,0.0,0.0,225.0,1.0,5.0,0.0,0.0,2024-05-16,0,1,100.0,1748.898721518123,0.006909027517100781,0.0066785679105771075,-0.0066785679105771075
238,2024-05-16 16:14:27.985096,10.0,0.0,0.0,225.0,1.0,5.0,0.0,0.0,2024-05-16,0,1,100.0,1748.898721518123,0.006909027517100781,0.0066785679105771075,-0.0066785679105771075
239,2024-05-16 16:23:51.250334,10.0,0.0,0.0,225.0,1.0,5.0,0.0,0.0,2024-05-16,0,1,100.0,1748.898721518123,0.006909027517100781,0.0066785679105771075,-0.0066785679105771075
240,2024-05-16 16:33:36.273401,10.0,0.0,0.0,225.0,1.0,5.0,0.0,0.0,2024-05-16,0,1,100.0,1748.898721518123,0.006909027517100781,0.0066785679105771075,-0.0066785679105771075
241,2024-05-16 16:43:40.070086,10.0,0.0,0.0,225.0,1.0,5.0,0.0,0.0,2024-05-16,0,1,100.0,1748.898721518123,0.006909027517100781,0.0066785679105771075,-0.0066785679105771075
242,2024-05-16 17:40:44.793027,8.0,0.0,0.0,225.0,1.0,5.0,0.0,0.0,2024-05-16,0,1,64.0,1748.898721518123,0.04721406498741721,0.042429164124164545,-0.042429164124164545
243,2024-05-16 17:46:54.564988,8.0,0.0,0.0,225.0,1.0,5.0,0.0,0.0,2024-05-16,0,1,64.0,1748.898721518123,0.04721406498741721,0.042429164124164545,-0.042429164124164545
244,2024-05-16 18:06:21.761150,8.0,0.0,0.0,225.0,1.0,5.0,0.0,0.0,2024-05-16,0,1,64.0,1748.898721518123,0.04721406498741721,0.042429164124164545,-0.042429164124164545
245,2024-05-16 18:20:23.530174,8.0,0.0,0.0,225.0,1.0,5.0,0.0,0.0,2024-05-16,0,1,64.0,1748.898721518123,0.04721406498741721,0.042429164124164545,-0.042429164124164545
246,2024-05-16 18:32:01.718228,8.0,0.0,0.0,225.0,1.0,5.0,0.0,0.0,2024-05-16,0,1,64.0,1748.898721518123,0.04721406498741721,0.042429164124164545,-0.042429164124164545
247,2024-05-16 18:38:10.632739,8.0,0.0,0.0,225.0,1.0,5.0,0.0,0.0,2024-05-16,0,1,64.0,1748.898721518123,0.04721406498741721,0.042429164124164545,-0.042429164124164545
248,2024-05-16 18:52:44.025679,8.0,0.0,0.0,225.0,1.0,5.0,0.0,0.0,2024-05-16,0,1,64.0,1748.898721518123,0.04721406498741721,0.042429164124164545,-0.042429164124164545
249,2024-05-16 19:03:47.059194,8.0,0.0,0.0,225.0,1.0,5.0,0.0,0.0,2024-05-16,0,1,64.0,1748.898721518123,0.04721406498741721,0.042429164124164545,-0.042429164124164545
250,2024-05-16 19:14:35.936215,8.0,0.0,0.0,225.0,1.0,5.0,0.0,0.0,2024-05-16,0,1,64.0,1748.898721518123,0.04721406498741721,0.042429164124164545,-0.042429164124164545
251,2024-05-16 19:28:20.493184,8.0,0.0,0.0,225.0,1.0,5.0,0.0,0.0,2024-05-16,0,1,64.0,1748.898721518123,0.04721406498741721,0.042429164124164545,-0.042429164124164545
252,2024-05-17 15:32:14.793969,5.0,0.0,0.0,225.0,1.0,5.0,0.0,0.0,2024-05-17,0,1,25.0,2791.081650585408,0.5941158305368255,0.4284486946252726,-0.4284486946252726
253,2024-05-17 15:32:37.553565,5.0,0.0,0.0,225.0,1.0,5.0,0.0,0.0,2024-05-17,0,1,25.0,2791.081650585408,0.5941158305368255,0.4284486946252726,-0.4284486946252726
254,2024-05-17 15:35:24.112550,5.0,0.0,0.0,225.0,1.0,5.0,0.0,0.0,2024-05-17,0,1,25.0,2791.081650585408,0.5941158305368255,0.4284486946252726,-0.4284486946252726
255,2024-05-17 16:36:02.646276,5.0,0.0,0.0,225.0,1.0,5.0,0.0,0.0,2024-05-17,0,1,25.0,2791.081650585408,0.5941158305368255,0.4284486946252726,-0.4284486946252726
256,2024-05-17 16:42:36.701356,5.0,0.0,0.0,225.0,1.0,5.0,0.0,0.0,2024-05-17,0,1,25.0,2791.081650585408,0.5941158305368255,0.4284486946252726,-0.4284486946252726
257,2024-05-17 16:42:43.945183,5.0,0.0,0.0,225.0,1.0,5.0,0.0,0.0,2024-05-17,0,1,25.0,2791.081650585408,0.5941158305368255,0.4284486946252726,-0.4284486946252726
258,2024-05-17 16:49:35.278067,5.0,0.0,0.0,225.0,1.0,5.0,0.0,0.0,2024-05-17,0,1,25.0,2791.081650585408,0.5941158305368255,0.4284486946252726,-0.4284486946252726
259,2024-05-17 16:52:12.507010,5.0,0.0,0.0,225.0,1.0,5.0,0.0,0.0,2024-05-17,0,1,25.0,2791.081650585408,0.5941158305368255,0.4284486946252726,-0.4284486946252726
260,2024-05-17 17:25:24.111526,5.0,1.0,0.0,225.0,1.0,5.0,0.0,0.0,2024-05-17,1,1,25.0,2791.081650585408,0.5941158305368255,0.4284486946252726,0.5715513053747274
261,2024-05-17 17:39:43.219526,9.0,0.0,0.0,225.0,1.0,5.0,0.0,0.0,2024-05-17,0,1,81.0,2791.081650585408,0.028042702273577552,0.016967253101591025,-0.016967253101591025
262,2024-05-17 17:51:41.125791,9.0,0.0,0.0,225.0,1.0,5.0,0.0,0.0,2024-05-17,0,1,81.0,2791.081650585408,0.028042702273577552,0.016967253101591025,-0.016967253101591025
263,2024-05-19 10:47:28.942269,1.0,0.0,0.0,225.0,1.0,5.0,0.0,0.0,2024-05-19,0,1,1.0,2432.9162307373435,0.9845734771281877,0.9701999099173347,-0.9701999099173347
264,2024-05-19 10:50:17.850646,1.0,0.0,0.0,225.0,1.0,5.0,0.0,0.0,2024-05-19,0,1,1.0,2432.9162307373435,0.9845734771281877,0.9701999099173347,-0.9701999099173347
265,2024-05-19 10:51:38.936994,1.0,1.0,0.0,225.0,1.0,5.0,0.0,0.0,2024-05-19,1,1,1.0,2432.9162307373435,0.9845734771281877,0.9701999099173347,0.029800090082665265
266,2024-05-19 10:59:02.633383,2.0,0.0,0.0,225.0,1.0,5.0,0.0,0.0,2024-05-19,0,1,4.0,2432.9162307373435,0.9598622600184414,0.926912189338107,-0.926912189338107
267,2024-05-19 11:00:44.406582,5.0,1.0,0.0,225.0,1.0,5.0,0.0,0.0,2024-05-19,1,1,25.0,2432.9162307373435,0.5571319698073237,0.4284486946252726,0.5715513053747274
268,2024-05-19 11:21:47.867817,5.0,0.0,0.0,225.0,1.0,5.0,0.0,0.0,2024-05-19,0,1,25.0,2432.9162307373435,0.5571319698073237,0.4284486946252726,-0.4284486946252726
269,2024-05-19 11:27:45.238759,5.0,0.0,0.0,225.0,1.0,5.0,0.0,0.0,2024-05-19,0,1,25.0,2432.9162307373435,0.5571319698073237,0.4284486946252726,-0.4284486946252726
270,2024-05-19 11:39:32.789305,5.0,0.0,0.0,225.0,1.0,5.0,0.0,0.0,2024-05-19,0,1,25.0,2432.9162307373435,0.5571319698073237,0.4284486946252726,-0.4284486946252726
271,2024-05-19 11:48:46.330163,10.0,0.0,0.0,225.0,1.0,5.0,0.0,0.0,2024-05-19,0,1,100.0,2432.9162307373435,0.009205490242278925,0.0066785679105771075,-0.0066785679105771075
272,2024-05-19 11:53:17.836949,10.0,0.0,0.0,225.0,1.0,5.0,0.0,0.0,2024-05-19,0,1,100.0,2432.9162307373435,0.009205490242278925,0.0066785679105771075,-0.0066785679105771075
273,2024-05-19 12:04:44.759824,10.0,0.0,0.0,225.0,1.0,5.0,0.0,0.0,2024-05-19,0,1,100.0,2432.9162307373435,0.009205490242278925,0.0066785679105771075,-0.0066785679105771075
274,2024-05-19 12:36:10.534368,10.0,0.0,0.0,225.0,1.0,5.0,0.0,0.0,2024-05-19,0,1,100.0,2432.9162307373435,0.009205490242278925,0.0066785679105771075,-0.0066785679105771075
275,2024-05-19 12:37:49.731420,10.0,0.0,0.0,225.0,1.0,5.0,0.0,0.0,2024-05-19,0,1,100.0,2432.9162307373435,0.009205490242278925,0.0066785679105771075,-0.0066785679105771075
276,2024-05-19 14:12:40.281541,1.0,1.0,0.0,225.0,1.0,5.0,0.0,0.0,2024-05-19,1,1,1.0,2432.9162307373435,0.9845734771281877,0.9701999099173347,0.029800090082665265
277,2024-05-19 14:19:52.429424,1.0,1.0,0.0,225.0,1.0,5.0,0.0,0.0,2024-05-19,1,1,1.0,2432.9162307373435,0.9845734771281877,0.9701999099173347,0.029800090082665265
278,2024-05-19 14:22:43.376453,2.0,1.0,0.0,225.0,1.0,5.0,0.0,0.0,2024-05-19,1,1,4.0,2432.9162307373435,0.9598622600184414,0.926912189338107,0.07308781066189296
279,2024-05-19 14:26:14.132251,5.0,0.0,0.0,225.0,1.0,5.0,0.0,0.0,2024-05-19,0,1,25.0,2432.9162307373435,0.5571319698073237,0.4284486946252726,-0.4284486946252726
280,2024-05-19 14:28:02.326356,5.0,0.0,0.0,225.0,1.0,5.0,0.0,0.0,2024-05-19,0,1,25.0,2432.9162307373435,0.5571319698073237,0.4284486946252726,-0.4284486946252726
281,2024-05-19 14:30:46.093561,5.0,0.0,0.0,225.0,1.0,5.0,0.0,0.0,2024-05-19,0,1,25.0,2432.9162307373435,0.5571319698073237,0.4284486946252726,-0.4284486946252726
282,2024-05-19 14:35:17.434423,5.0,0.0,0.0,225.0,1.0,5.0,0.0,0.0,2024-05-19,0,1,25.0,2432.9162307373435,0.5571319698073237,0.4284486946252726,-0.4284486946252726
283,2024-05-19 14:56:42.678709,1.0,1.0,0.0,225.0,1.0,5.0,0.0,0.0,2024-05-19,1,1,1.0,2432.9162307373435,0.9845734771281877,0.9701999099173347,0.029800090082665265
284,2024-05-19 14:59:28.059287,2.0,1.0,0.0,225.0,1.0,5.0,0.0,0.0,2024-05-19,1,1,4.0,2432.9162307373435,0.9598622600184414,0.926912189338107,0.07308781066189296
285,2024-05-19 15:04:17.313915,3.0,1.0,0.0,225.0,1.0,5.0,0.0,0.0,2024-05-19,1,1,9.0,2432.9162307373435,0.8996033655943315,0.8316552086126385,0.16834479138736147
286,2024-05-19 15:09:30.796746,3.0,1.0,0.0,225.0,1.0,5.0,0.0,0.0,2024-05-19,1,1,9.0,2432.9162307373435,0.8996033655943315,0.8316552086126385,0.16834479138736147
287,2024-05-19 15:12:12.074528,5.0,1.0,0.0,225.0,1.0,5.0,0.0,0.0,2024-05-19,1,1,25.0,2432.9162307373435,0.5571319698073237,0.4284486946252726,0.5715513053747274
288,2024-05-19 15:44:59.450721,7.0,0.0,0.0,225.0,1.0,5.0,0.0,0.0,2024-05-19,0,1,49.0,2432.9162307373435,0.15010667363635558,0.10213078272976209,-0.10213078272976209
289,2024-05-19 15:47:35.355664,7.0,0.0,0.0,225.0,1.0,5.0,0.0,0.0,2024-05-19,0,1,49.0,2432.9162307373435,0.15010667363635558,0.10213078272976209,-0.10213078272976209
290,2024-05-19 15:48:55.779354,7.0,0.0,0.0,225.0,1.0,5.0,0.0,0.0,2024-05-19,0,1,49.0,2432.9162307373435,0.15010667363635558,0.10213078272976209,-0.10213078272976209
291,2024-05-19 15:53:22.006146,7.0,0.0,0.0,225.0,1.0,5.0,0.0,0.0,2024-05-19,0,1,49.0,2432.9162307373435,0.15010667363635558,0.10213078272976209,-0.10213078272976209
292,2024-05-19 15:56:17.752733,7.0,0.0,0.0,225.0,1.0,5.0,0.0,0.0,2024-05-19,0,1,49.0,2432.9162307373435,0.15010667363635558,0.10213078272976209,-0.10213078272976209
293,2024-05-19 16:04:49.898160,7.0,0.0,0.0,225.0,1.0,5.0,0.0,0.0,2024-05-19,0,1,49.0,2432.9162307373435,0.15010667363635558,0.10213078272976209,-0.10213078272976209
294,2024-05-19 16:18:50.016259,7.0,0.0,0.0,225.0,1.0,5.0,0.0,0.0,2024-05-19,0,1,49.0,2432.9162307373435,0.15010667363635558,0.10213078272976209,-0.10213078272976209
295,2024-05-19 16:22:12.251857,7.0,0.0,0.0,225.0,1.0,5.0,0.0,0.0,2024-05-19,0,1,49.0,2432.9162307373435,0.15010667363635558,0.10213078272976209,-0.10213078272976209
296,2024-05-19 16:32:46.986388,7.0,0.0,0.0,225.0,1.0,5.0,0.0,0.0,2024-05-19,0,1,49.0,2432.9162307373435,0.15010667363635558,0.10213078272976209,-0.10213078272976209
297,2024-05-19 16:51:37.889899,7.0,0.0,0.0,225.0,1.0,5.0,0.0,0.0,2024-05-19,0,1,49.0,2432.9162307373435,0.15010667363635558,0.10213078272976209,-0.10213078272976209
298,2024-05-20 18:34:53.557441,1.0,1.0,0.0,225.0,1.0,5.0,0.0,0.0,2024-05-20,1,1,1.0,3360.0413123697167,0.9895248817976335,0.9701999099173347,0.029800090082665265
299,2024-05-20 18:34:59.814739,2.0,1.0,0.0,225.0,1.0,5.0,0.0,0.0,2024-05-20,1,1,4.0,3360.0413123697167,0.9725238082192841,0.926912189338107,0.07308781066189296
300,2024-05-20 18:35:10.309756,3.0,1.0,0.0,225.0,1.0,5.0,0.0,0.0,2024-05-20,1,1,9.0,3360.0413123697167,0.9298851974737763,0.8316552086126385,0.16834479138736147
301,2024-05-20 18:48:39.301648,0.0,1.0,0.0,225.0,1.0,5.0,0.0,0.0,2024-05-20,1,1,0.0,3360.0413123697167,0.9960491648855759,0.9881766398835915,0.011823360116408499
302,2024-05-20 19:08:44.645297,9.0,0.0,0.0,225.0,1.0,5.0,0.0,0.0,2024-05-20,0,1,81.0,3360.0413123697167,0.03540150271644369,0.016967253101591025,-0.016967253101591025
303,2024-05-20 19:18:47.827566,9.0,0.0,0.0,225.0,1.0,5.0,0.0,0.0,2024-05-20,0,1,81.0,3360.0413123697167,0.03540150271644369,0.016967253101591025,-0.016967253101591025
304,2024-05-20 19:24:06.273627,9.0,0.0,0.0,225.0,1.0,5.0,0.0,0.0,2024-05-20,0,1,81.0,3360.0413123697167,0.03540150271644369,0.016967253101591025,-0.016967253101591025
305,2024-05-20 19:29:49.525415,9.0,0.0,0.0,225.0,1.0,5.0,0.0,0.0,2024-05-20,0,1,81.0,3360.0413123697167,0.03540150271644369,0.016967253101591025,-0.016967253101591025
306,2024-05-20 19:37:28.984772,9.0,0.0,0.0,225.0,1.0,5.0,0.0,0.0,2024-05-20,0,1,81.0,3360.0413123697167,0.03540150271644369,0.016967253101591025,-0.016967253101591025
307,2024-05-20 19:50:26.704668,9.0,0.0,0.0,225.0,1.0,5.0,0.0,0.0,2024-05-20,0,1,81.0,3360.0413123697167,0.03540150271644369,0.016967253101591025,-0.016967253101591025
308,2024-05-20 19:56:21.614792,6.0,0.0,0.0,225.0,1.0,5.0,0.0,0.0,2024-05-20,0,1,36.0,3360.0413123697167,0.4109558766861893,0.22601051750673395,-0.22601051750673395
309,2024-05-20 20:01:57.444890,6.0,0.0,0.0,225.0,1.0,5.0,0.0,0.0,2024-05-20,0,1,36.0,3360.0413123697167,0.4109558766861893,0.22601051750673395,-0.22601051750673395
310,2024-05-20 20:03:21.385914,6.0,0.0,0.0,225.0,1.0,5.0,0.0,0.0,2024-05-20,0,1,36.0,3360.0413123697167,0.4109558766861893,0.22601051750673395,-0.22601051750673395
311,2024-05-20 20:16:56.076348,6.0,0.0,0.0,225.0,1.0,5.0,0.0,0.0,2024-05-20,0,1,36.0,3360.0413123697167,0.4109558766861893,0.22601051750673395,-0.22601051750673395
312,2024-05-20 20:38:22.350330,6.0,0.0,0.0,225.0,1.0,5.0,0.0,0.0,2024-05-20,0,1,36.0,3360.0413123697167,0.4109558766861893,0.22601051750673395,-0.22601051750673395
313,2024-05-20 20:44:11.231917,9.0,0.0,0.0,225.0,1.0,5.0,0.0,0.0,2024-05-20,0,1,81.0,3360.0413123697167,0.03540150271644369,0.016967253101591025,-0.016967253101591025
314,2024-05-20 20:49:23.804324,9.0,0.0,0.0,225.0,1.0,5.0,0.0,0.0,2024-05-20,0,1,81.0,3360.0413123697167,0.03540150271644369,0.016967253101591025,-0.016967253101591025
315,2024-05-20 20:52:07.160107,9.0,0.0,0.0,225.0,1.0,5.0,0.0,0.0,2024-05-20,0,1,81.0,3360.0413123697167,0.03540150271644369,0.016967253101591025,-0.016967253101591025
316,2024-05-20 20:57:41.068288,6.0,0.0,0.0,225.0,0.0,5.0,0.0,0.0,2024-05-20,0,1,36.0,3360.0413123697167,0.4109558766861893,0.22601051750673395,-0.22601051750673395
317,2024-05-20 21:03:48.049543,9.0,0.0,0.0,225.0,1.0,5.0,0.0,0.0,2024-05-20,0,1,81.0,3360.0413123697167,0.03540150271644369,0.016967253101591025,-0.016967253101591025
318,2024-05-20 21:10:24.847641,9.0,0.0,0.0,225.0,1.0,5.0,0.0,0.0,2024-05-20,0,1,81.0,3360.0413123697167,0.03540150271644369,0.016967253101591025,-0.016967253101591025
319,2024-05-23 18:11:06.988094,1.0,1.0,0.0,225.0,0.0,5.0,0.0,0.0,2024-05-23,1,1,1.0,3031.2681913329347,0.9879810228209689,0.9701999099173347,0.029800090082665265
320,2024-05-23 18:12:51.125055,2.0,1.0,0.0,225.0,0.0,5.0,0.0,0.0,2024-05-23,1,1,4.0,3031.2681913329347,0.9685539003717606,0.926912189338107,0.07308781066189296
321,2024-05-23 18:15:34.588407,4.0,1.0,0.0,225.0,0.0,5.0,0.0,0.0,2024-05-23,1,1,16.0,3031.2681913329347,0.812179433148766,0.6580486166617547,0.34195138333824526
322,2024-05-23 18:17:57.017841,3.0,1.0,0.0,225.0,0.0,5.0,0.0,0.0,2024-05-23,1,1,9.0,3031.2681913329347,0.9202597652105725,0.8316552086126385,0.16834479138736147
323,2024-05-23 18:21:09.391844,4.0,0.0,0.0,225.0,0.0,5.0,0.0,0.0,2024-05-23,0,1,16.0,3031.2681913329347,0.812179433148766,0.6580486166617547,-0.6580486166617547
324,2024-05-23 18:23:17.999395,4.0,1.0,0.0,225.0,0.0,5.0,0.0,0.0,2024-05-23,1,1,16.0,3031.2681913329347,0.812179433148766,0.6580486166617547,0.34195138333824526
325,2024-05-23 18:25:42.354435,5.0,0.0,0.0,225.0,0.0,5.0,0.0,0.0,2024-05-23,0,1,25.0,3031.2681913329347,0.6183585086958361,0.4284486946252726,-0.4284486946252726
326,2024-05-23 18:27:46.357082,5.0,1.0,0.0,225.0,0.0,5.0,0.0,0.0,2024-05-23,1,1,25.0,3031.2681913329347,0.6183585086958361,0.4284486946252726,0.5715513053747274
327,2024-05-23 18:29:54.684587,6.0,0.0,0.0,225.0,0.0,5.0,0.0,0.0,2024-05-23,0,1,36.0,3031.2681913329347,0.3777614229925116,0.22601051750673395,-0.22601051750673395
328,2024-05-23 18:36:04.014439,5.0,0.0,0.0,225.0,0.0,5.0,0.0,0.0,2024-05-23,0,1,25.0,3031.2681913329347,0.6183585086958361,0.4284486946252726,-0.4284486946252726
329,2024-05-23 18:37:06.054938,5.0,0.0,0.0,225.0,0.0,5.0,0.0,0.0,2024-05-23,0,1,25.0,3031.2681913329347,0.6183585086958361,0.4284486946252726,-0.4284486946252726
330,2024-05-23 18:38:26.669958,5.0,0.0,0.0,225.0,0.0,5.0,0.0,0.0,2024-05-23,0,1,25.0,3031.2681913329347,0.6183585086958361,0.4284486946252726,-0.4284486946252726
331,2024-05-23 18:39:53.453935,5.0,0.0,0.0,225.0,0.0,5.0,0.0,0.0,2024-05-23,0,1,25.0,3031.2681913329347,0.6183585086958361,0.4284486946252726,-0.4284486946252726
332,2024-05-23 18:43:05.528960,5.0,0.0,0.0,225.0,0.0,5.0,0.0,0.0,2024-05-23,0,1,25.0,3031.2681913329347,0.6183585086958361,0.4284486946252726,-0.4284486946252726
333,2024-05-26 15:16:48.001959,8.0,0.0,0.0,225.0,1.0,5.0,0.0,0.0,2024-05-26,0,1,64.0,2179.8397946953473,0.05612333602721383,0.042429164124164545,-0.042429164124164545
334,2024-05-26 15:22:42.514364,8.0,0.0,0.0,225.0,1.0,5.0,0.0,0.0,2024-05-26,0,1,64.0,2179.8397946953473,0.05612333602721383,0.042429164124164545,-0.042429164124164545
335,2024-05-26 15:28:31.155327,8.0,0.0,0.0,225.0,1.0,5.0,0.0,0.0,2024-05-26,0,1,64.0,2179.8397946953473,0.05612333602721383,0.042429164124164545,-0.042429164124164545
336,2024-05-26 15:34:29.930355,4.0,1.0,0.0,225.0,1.0,5.0,0.0,0.0,2024-05-26,1,1,16.0,2179.8397946953473,0.751036156073896,0.6580486166617547,0.34195138333824526
337,2024-05-26 15:46:16.410982,8.0,0.0,0.0,225.0,1.0,5.0,0.0,0.0,2024-05-26,0,1,64.0,2179.8397946953473,0.05612333602721383,0.042429164124164545,-0.042429164124164545
338,2024-05-26 15:50:15.157620,8.0,0.0,0.0,225.0,1.0,5.0,0.0,0.0,2024-05-26,0,1,64.0,2179.8397946953473,0.05612333602721383,0.042429164124164545,-0.042429164124164545
339,2024-05-26 15:56:12.691436,8.0,0.0,0.0,225.0,1.0,5.0,0.0,0.0,2024-05-26,0,1,64.0,2179.8397946953473,0.05612333602721383,0.042429164124164545,-0.042429164124164545
340,2024-05-26 16:01:40.331828,8.0,0.0,0.0,225.0,1.0,5.0,0.0,0.0,2024-05-26,0,1,64.0,2179.8397946953473,0.05612333602721383,0.042429164124164545,-0.042429164124164545
341,2024-05-26 16:08:19.710930,8.0,0.0,0.0,225.0,1.0,5.0,0.0,0.0,2024-05-26,0,1,64.0,2179.8397946953473,0.05612333602721383,0.042429164124164545,-0.042429164124164545
342,2024-05-26 16:09:18.178828,8.0,0.0,0.0,225.0,1.0,5.0,0.0,0.0,2024-05-26,0,1,64.0,2179.8397946953473,0.05612333602721383,0.042429164124164545,-0.042429164124164545
343,2024-05-26 16:23:35.778501,8.0,0.0,0.0,225.0,1.0,5.0,0.0,0.0,2024-05-26,0,1,64.0,2179.8397946953473,0.05612333602721383,0.042429164124164545,-0.042429164124164545
344,2024-05-26 16:31:35.164298,8.0,0.0,0.0,225.0,1.0,5.0,0.0,0.0,2024-05-26,0,1,64.0,2179.8397946953473,0.05612333602721383,0.042429164124164545,-0.042429164124164545
345,2024-05-26 16:33:46.692555,8.0,0.0,0.0,225.0,1.0,5.0,0.0,0.0,2024-05-26,0,1,64.0,2179.8397946953473,0.05612333602721383,0.042429164124164545,-0.042429164124164545
346,2024-05-26 16:49:07.528922,8.0,0.0,0.0,225.0,1.0,5.0,0.0,0.0,2024-05-26,0,1,64.0,2179.8397946953473,0.05612333602721383,0.042429164124164545,-0.042429164124164545
347,2024-05-26 17:09:00.862495,8.0,0.0,0.0,225.0,1.0,5.0,0.0,0.0,2024-05-26,0,1,64.0,2179.8397946953473,0.05612333602721383,0.042429164124164545,-0.042429164124164545
348,2024-05-26 17:17:12.219088,8.0,0.0,0.0,225.0,1.0,5.0,0.0,0.0,2024-05-26,0,1,64.0,2179.8397946953473,0.05612333602721383,0.042429164124164545,-0.042429164124164545
349,2024-05-26 17:19:24.477180,8.0,0.0,0.0,225.0,1.0,5.0,0.0,0.0,2024-05-26,0,1,64.0,2179.8397946953473,0.05612333602721383,0.042429164124164545,-0.042429164124164545
350,2024-05-26 17:34:40.250982,8.0,0.0,0.0,225.0,1.0,5.0,0.0,0.0,2024-05-26,0,1,64.0,2179.8397946953473,0.05612333602721383,0.042429164124164545,-0.042429164124164545
351,2024-05-26 17:36:29.827519,8.0,0.0,0.0,225.0,1.0,5.0,0.0,0.0,2024-05-26,0,1,64.0,2179.8397946953473,0.05612333602721383,0.042429164124164545,-0.042429164124164545
352,2024-05-26 17:52:22.250774,8.0,0.0,0.0,225.0,1.0,5.0,0.0,0.0,2024-05-26,0,1,64.0,2179.8397946953473,0.05612333602721383,0.042429164124164545,-0.042429164124164545
353,2024-05-27 11:33:22.508887,1.0,1.0,0.0,225.0,1.0,5.0,0.0,0.0,2024-05-27,1,1,1.0,3121.65494301737,0.9884265795367736,0.9701999099173347,0.029800090082665265
354,2024-05-27 11:34:50.801403,1.0,1.0,0.0,225.0,1.0,5.0,0.0,0.0,2024-05-27,1,1,1.0,3121.65494301737,0.9884265795367736,0.9701999099173347,0.029800090082665265
355,2024-05-27 11:37:53.798824,1.0,1.0,0.0,225.0,1.0,5.0,0.0,0.0,2024-05-27,1,1,1.0,3121.65494301737,0.9884265795367736,0.9701999099173347,0.029800090082665265
356,2024-05-27 11:39:53.202299,1.0,1.0,0.0,225.0,1.0,5.0,0.0,0.0,2024-05-27,1,1,1.0,3121.65494301737,0.9884265795367736,0.9701999099173347,0.029800090082665265
357,2024-05-27 11:41:25.259007,1.0,1.0,0.0,225.0,1.0,5.0,0.0,0.0,2024-05-27,1,1,1.0,3121.65494301737,0.9884265795367736,0.9701999099173347,0.029800090082665265
358,2024-05-27 11:43:27.018288,1.0,1.0,0.0,225.0,1.0,5.0,0.0,0.0,2024-05-27,1,1,1.0,3121.65494301737,0.9884265795367736,0.9701999099173347,0.029800090082665265
359,2024-05-27 11:51:30.394563,1.0,1.0,0.0,225.0,1.0,5.0,0.0,0.0,2024-05-27,1,1,1.0,3121.65494301737,0.9884265795367736,0.9701999099173347,0.029800090082665265
360,2024-05-27 11:51:33.637094,1.0,1.0,0.0,225.0,1.0,5.0,0.0,0.0,2024-05-27,1,1,1.0,3121.65494301737,0.9884265795367736,0.9701999099173347,0.029800090082665265
362,2024-05-27 11:51:50.004173,1.0,1.0,0.0,225.0,1.0,5.0,0.0,0.0,2024-05-27,1,1,1.0,3121.65494301737,0.9884265795367736,0.9701999099173347,0.029800090082665265
368,2024-05-29 19:11:29.494701,1.0,1.0,0.0,225.0,0.0,5.0,0.0,0.0,2024-05-29,1,1,1.0,2353.6547075915305,0.984055977149823,0.9701999099173347,0.029800090082665265
369,2024-05-29 19:12:50.426080,1.0,1.0,0.0,225.0,0.0,5.0,0.0,0.0,2024-05-29,1,1,1.0,2353.6547075915305,0.984055977149823,0.9701999099173347,0.029800090082665265
370,2024-05-29 19:16:47.747373,2.0,1.0,0.0,225.0,0.0,5.0,0.0,0.0,2024-05-29,1,1,4.0,2353.6547075915305,0.9585506930041441,0.926912189338107,0.07308781066189296
371,2024-05-29 19:19:02.194692,3.0,1.0,0.0,225.0,0.0,5.0,0.0,0.0,2024-05-29,1,1,9.0,2353.6547075915305,0.896534987441666,0.8316552086126385,0.16834479138736147
372,2024-05-29 19:21:16.911764,4.0,1.0,0.0,225.0,0.0,5.0,0.0,0.0,2024-05-29,1,1,16.0,2353.6547075915305,0.7645261433329511,0.6580486166617547,0.34195138333824526
373,2024-05-29 19:23:20.248936,2.0,1.0,0.0,225.0,0.0,5.0,0.0,0.0,2024-05-29,1,1,4.0,2353.6547075915305,0.9585506930041441,0.926912189338107,0.07308781066189296
374,2024-05-29 19:27:03.093963,5.0,1.0,0.0,225.0,0.0,5.0,0.0,0.0,2024-05-29,1,1,25.0,2353.6547075915305,0.5488459253361457,0.4284486946252726,0.5715513053747274
375,2024-05-29 19:30:56.376215,6.0,0.0,0.0,225.0,0.0,5.0,0.0,0.0,2024-05-29,0,1,36.0,2353.6547075915305,0.31310590552383605,0.22601051750673395,-0.22601051750673395
376,2024-05-29 19:32:44.018841,6.0,0.0,0.0,225.0,0.0,5.0,0.0,0.0,2024-05-29,0,1,36.0,2353.6547075915305,0.31310590552383605,0.22601051750673395,-0.22601051750673395
377,2024-05-29 19:34:56.080648,6.0,0.0,0.0,225.0,0.0,5.0,0.0,0.0,2024-05-29,0,1,36.0,2353.6547075915305,0.31310590552383605,0.22601051750673395,-0.22601051750673395
378,2024-05-29 19:37:19.699631,4.0,0.0,0.0,225.0,0.0,5.0,0.0,0.0,2024-05-29,0,1,16.0,2353.6547075915305,0.7645261433329511,0.6580486166617547,-0.6580486166617547
379,2024-05-29 19:41:12.864732,6.0,1.0,0.0,225.0,0.0,5.0,0.0,0.0,2024-05-29,1,1,36.0,2353.6547075915305,0.31310590552383605,0.22601051750673395,0.773989482493266
380,2024-05-29 19:42:12.217671,5.0,1.0,0.0,225.0,0.0,5.0,0.0,0.0,2024-05-29,1,1,25.0,2353.6547075915305,0.5488459253361457,0.4284486946252726,0.5715513053747274
381,2024-05-29 19:48:44.884850,6.0,0.0,0.0,225.0,0.0,5.0,0.0,0.0,2024-05-29,0,1,36.0,2353.6547075915305,0.31310590552383605,0.22601051750673395,-0.22601051750673395
382,2024-05-29 19:51:37.359682,6.0,0.0,0.0,225.0,0.0,5.0,0.0,0.0,2024-05-29,0,1,36.0,2353.6547075915305,0.31310590552383605,0.22601051750673395,-0.22601051750673395
383,2024-05-29 20:00:33.276312,8.0,0.0,0.0,225.0,0.0,5.0,0.0,0.0,2024-05-29,0,1,64.0,2353.6547075915305,0.06014690500867207,0.042429164124164545,-0.042429164124164545
384,2024-05-29 20:01:46.773021,6.0,0.0,0.0,225.0,0.0,5.0,0.0,0.0,2024-05-29,0,1,36.0,2353.6547075915305,0.31310590552383605,0.22601051750673395,-0.22601051750673395
385,2024-05-29 20:05:17.174319,10.0,0.0,0.0,225.0,0.0,5.0,0.0,0.0,2024-05-29,0,1,100.0,2353.6547075915305,0.00890472570849989,0.0066785679105771075,-0.0066785679105771075
386,2024-05-29 20:08:59.883859,7.0,1.0,0.0,225.0,0.0,5.0,0.0,0.0,2024-05-29,1,1,49.0,2353.6547075915305,0.14588015186174058,0.10213078272976209,0.8978692172702379
387,2024-05-29 20:09:52.763054,4.0,1.0,0.0,225.0,0.0,5.0,0.0,0.0,2024-05-29,1,1,16.0,2353.6547075915305,0.7645261433329511,0.6580486166617547,0.34195138333824526
388,2024-05-29 20:11:16.199839,4.0,1.0,0.0,225.0,0.0,5.0,0.0,0.0,2024-05-29,1,1,16.0,2353.6547075915305,0.7645261433329511,0.6580486166617547,0.34195138333824526
389,2024-05-29 20:12:10.925657,5.0,1.0,0.0,225.0,0.0,5.0,0.0,0.0,2024-05-29,1,1,25.0,2353.6547075915305,0.5488459253361457,0.4284486946252726,0.5715513053747274
390,2024-05-29 20:13:13.001286,5.0,0.0,0.0,225.0,0.0,5.0,0.0,0.0,2024-05-29,0,1,25.0,2353.6547075915305,0.5488459253361457,0.4284486946252726,-0.4284486946252726
391,2024-05-29 20:14:47.617104,5.0,0.0,0.0,225.0,0.0,5.0,0.0,0.0,2024-05-29,0,1,25.0,2353.6547075915305,0.5488459253361457,0.4284486946252726,-0.4284486946252726
392,2024-05-29 20:15:36.593860,4.0,0.0,0.0,225.0,0.0,5.0,0.0,0.0,2024-05-29,0,1,16.0,2353.6547075915305,0.7645261433329511,0.6580486166617547,-0.6580486166617547
393,2024-05-29 20:18:56.721647,5.0,0.0,0.0,225.0,0.0,5.0,0.0,0.0,2024-05-29,0,1,25.0,2353.6547075915305,0.5488459253361457,0.4284486946252726,-0.4284486946252726
394,2024-05-29 20:20:03.541974,4.0,0.0,0.0,225.0,0.0,5.0,0.0,0.0,2024-05-29,0,1,16.0,2353.6547075915305,0.7645261433329511,0.6580486166617547,-0.6580486166617547
395,2024-05-29 20:30:53.482972,5.0,1.0,0.0,225.0,0.0,5.0,0.0,0.0,2024-05-29,1,1,25.0,2353.6547075915305,0.5488459253361457,0.4284486946252726,0.5715513053747274
396,2024-05-29 20:30:58.877232,4.0,1.0,0.0,225.0,0.0,5.0,0.0,0.0,2024-05-29,1,1,16.0,2353.6547075915305,0.7645261433329511,0.6580486166617547,0.34195138333824526
397,2024-05-29 20:33:47.462831,5.0,1.0,0.0,225.0,0.0,5.0,0.0,0.0,2024-05-29,1,1,25.0,2353.6547075915305,0.5488459253361457,0.4284486946252726,0.5715513053747274
398,2024-05-29 20:35:42.803123,3.0,1.0,0.0,225.0,0.0,5.0,0.0,0.0,2024-05-29,1,1,9.0,2353.6547075915305,0.896534987441666,0.8316552086126385,0.16834479138736147
399,2024-05-29 20:38:30.219864,5.0,1.0,0.0,225.0,0.0,5.0,0.0,0.0,2024-05-29,1,1,25.0,2353.6547075915305,0.5488459253361457,0.4284486946252726,0.5715513053747274
400,2024-05-29 20:39:43.801257,5.0,1.0,0.0,225.0,0.0,5.0,0.0,0.0,2024-05-29,1,1,25.0,2353.6547075915305,0.5488459253361457,0.4284486946252726,0.5715513053747274
401,2024-05-29 20:41:11.382934,5.0,0.0,0.0,225.0,0.0,5.0,0.0,0.0,2024-05-29,0,1,25.0,2353.6547075915305,0.5488459253361457,0.4284486946252726,-0.4284486946252726
402,2024-05-29 20:43:11.862340,4.0,1.0,0.0,225.0,0.0,5.0,0.0,0.0,2024-05-29,1,1,16.0,2353.6547075915305,0.7645261433329511,0.6580486166617547,0.34195138333824526
403,2024-05-29 20:47:05.531270,5.0,1.0,0.0,225.0,0.0,5.0,0.0,0.0,2024-05-29,1,1,25.0,2353.6547075915305,0.5488459253361457,0.4284486946252726,0.5715513053747274
404,2024-05-29 20:47:44.255448,4.0,0.0,0.0,225.0,0.0,5.0,0.0,0.0,2024-05-29,0,1,16.0,2353.6547075915305,0.7645261433329511,0.6580486166617547,-0.6580486166617547
405,2024-05-29 20:48:25.912689,4.0,0.0,0.0,225.0,0.0,5.0,0.0,0.0,2024-05-29,0,1,16.0,2353.6547075915305,0.7645261433329511,0.6580486166617547,-0.6580486166617547
406,2024-05-29 20:49:32.155131,4.0,1.0,0.0,225.0,0.0,5.0,0.0,0.0,2024-05-29,1,1,16.0,2353.6547075915305,0.7645261433329511,0.6580486166617547,0.34195138333824526
407,2024-05-29 20:50:18.115786,4.0,0.0,0.0,225.0,0.0,5.0,0.0,0.0,2024-05-29,0,1,16.0,2353.6547075915305,0.7645261433329511,0.6580486166617547,-0.6580486166617547
418,2024-06-02 11:40:50.977417,10.0,0.0,0.0,170.0,1.0,5.0,0.0,0.0,2024-06-02,0,1,100.0,1970.8189379939006,0.007583723397008586,0.0066785679105771075,-0.0066785679105771075
419,2024-06-02 12:03:23.957405,10.0,0.0,0.0,170.0,1.0,5.0,0.0,0.0,2024-06-02,0,1,100.0,1970.8189379939006,0.007583723397008586,0.0066785679105771075,-0.0066785679105771075
420,2024-06-02 12:10:43.510302,10.0,0.0,0.0,170.0,1.0,5.0,0.0,0.0,2024-06-02,0,1,100.0,1970.8189379939006,0.007583723397008586,0.0066785679105771075,-0.0066785679105771075
421,2024-06-02 12:15:55.251034,10.0,0.0,0.0,170.0,1.0,5.0,0.0,0.0,2024-06-02,0,1,100.0,1970.8189379939006,0.007583723397008586,0.0066785679105771075,-0.0066785679105771075
422,2024-06-02 12:32:22.788238,10.0,0.0,0.0,170.0,1.0,5.0,0.0,0.0,2024-06-02,0,1,100.0,1970.8189379939006,0.007583723397008586,0.0066785679105771075,-0.0066785679105771075
423,2024-06-02 12:52:58.155317,10.0,0.0,0.0,170.0,1.0,5.0,0.0,0.0,2024-06-02,0,1,100.0,1970.8189379939006,0.007583723397008586,0.0066785679105771075,-0.0066785679105771075
424,2024-06-02 12:53:02.785786,10.0,0.0,0.0,170.0,1.0,5.0,0.0,0.0,2024-06-02,0,1,100.0,1970.8189379939006,0.007583723397008586,0.0066785679105771075,-0.0066785679105771075
425,2024-06-02 13:04:00.947619,10.0,0.0,0.0,170.0,1.0,5.0,0.0,0.0,2024-06-02,0,1,100.0,1970.8189379939006,0.007583723397008586,0.0066785679105771075,-0.0066785679105771075
426,2024-06-02 13:33:36.171880,9.0,0.0,0.0,170.0,1.0,5.0,0.0,0.0,2024-06-02,0,1,81.0,1970.8189379939006,0.019986860817335358,0.016967253101591025,-0.016967253101591025
427,2024-06-02 13:44:24.281599,9.0,0.0,0.0,170.0,1.0,5.0,0.0,0.0,2024-06-02,0,1,81.0,1970.8189379939006,0.019986860817335358,0.016967253101591025,-0.016967253101591025
428,2024-06-02 13:53:33.432060,9.0,0.0,0.0,170.0,1.0,5.0,0.0,0.0,2024-06-02,0,1,81.0,1970.8189379939006,0.019986860817335358,0.016967253101591025,-0.016967253101591025
429,2024-06-02 14:06:01.975551,9.0,0.0,0.0,170.0,1.0,5.0,0.0,0.0,2024-06-02,0,1,81.0,1970.8189379939006,0.019986860817335358,0.016967253101591025,-0.016967253101591025
430,2024-06-02 14:20:33.188387,9.0,0.0,0.0,170.0,1.0,5.0,0.0,0.0,2024-06-02,0,1,81.0,1970.8189379939006,0.019986860817335358,0.016967253101591025,-0.016967253101591025
431,2024-06-02 14:20:59.449758,10.0,0.0,0.0,170.0,1.0,5.0,0.0,0.0,2024-06-02,0,1,100.0,1970.8189379939006,0.007583723397008586,0.0066785679105771075,-0.0066785679105771075
432,2024-06-02 14:29:57.977891,9.0,0.0,0.0,170.0,1.0,5.0,0.0,0.0,2024-06-02,0,1,81.0,1970.8189379939006,0.019986860817335358,0.016967253101591025,-0.016967253101591025
436,2024-06-04 18:08:50.665888,2.0,1.0,0.0,230.0,1.0,5.0,0.0,0.0,2024-06-04,1,1,4.0,2682.518449718918,0.9637375108320781,0.926912189338107,0.07308781066189296
437,2024-06-04 18:14:55.748360,8.0,0.0,0.0,230.0,1.0,5.0,0.0,0.0,2024-06-04,0,1,64.0,2682.518449718918,0.06850719012946598,0.042429164124164545,-0.042429164124164545
438,2024-06-04 18:20:07.635226,8.0,0.0,0.0,230.0,1.0,5.0,0.0,0.0,2024-06-04,0,1,64.0,2682.518449718918,0.06850719012946598,0.042429164124164545,-0.042429164124164545
439,2024-06-04 18:48:54.002779,8.0,0.0,0.0,230.0,1.0,5.0,0.0,0.0,2024-06-04,0,1,64.0,2682.518449718918,0.06850719012946598,0.042429164124164545,-0.042429164124164545
440,2024-06-04 18:55:08.237966,8.0,0.0,0.0,230.0,1.0,5.0,0.0,0.0,2024-06-04,0,1,64.0,2682.518449718918,0.06850719012946598,0.042429164124164545,-0.042429164124164545
441,2024-06-04 19:03:34.607510,8.0,0.0,0.0,230.0,1.0,5.0,0.0,0.0,2024-06-04,0,1,64.0,2682.518449718918,0.06850719012946598,0.042429164124164545,-0.042429164124164545
442,2024-06-04 19:14:38.489502,8.0,0.0,0.0,230.0,1.0,5.0,0.0,0.0,2024-06-04,0,1,64.0,2682.518449718918,0.06850719012946598,0.042429164124164545,-0.042429164124164545
443,2024-06-04 19:24:30.548475,8.0,0.0,0.0,230.0,1.0,5.0,0.0,0.0,2024-06-04,0,1,64.0,2682.518449718918,0.06850719012946598,0.042429164124164545,-0.042429164124164545
444,2024-06-04 19:40:01.459686,8.0,0.0,0.0,230.0,1.0,5.0,0.0,0.0,2024-06-04,0,1,64.0,2682.518449718918,0.06850719012946598,0.042429164124164545,-0.042429164124164545
445,2024-06-05 18:48:44.740457,6.0,1.0,0.0,230.0,0.0,5.0,0.0,0.0,2024-06-05,1,1,36.0,2841.4159597334487,0.3590813677143423,0.22601051750673395,0.773989482493266
446,2024-06-05 19:03:04.435494,7.0,0.0,0.0,230.0,0.0,5.0,0.0,0.0,2024-06-05,0,1,49.0,2841.4159597334487,0.1735030603241121,0.10213078272976209,-0.10213078272976209
447,2024-06-05 19:03:10.357721,7.0,0.0,0.0,230.0,0.0,5.0,0.0,0.0,2024-06-05,0,1,49.0,2841.4159597334487,0.1735030603241121,0.10213078272976209,-0.10213078272976209
448,2024-06-05 19:03:13.118627,7.0,0.0,0.0,230.0,0.0,5.0,0.0,0.0,2024-06-05,0,1,49.0,2841.4159597334487,0.1735030603241121,0.10213078272976209,-0.10213078272976209
449,2024-06-05 19:10:17.742691,8.0,0.0,0.0,230.0,0.0,5.0,0.0,0.0,2024-06-05,0,1,64.0,2841.4159597334487,0.07292192367247458,0.042429164124164545,-0.042429164124164545
450,2024-06-05 19:15:24.078719,8.0,0.0,0.0,230.0,0.0,5.0,0.0,0.0,2024-06-05,0,1,64.0,2841.4159597334487,0.07292192367247458,0.042429164124164545,-0.042429164124164545
451,2024-06-05 19:17:02.057157,8.0,0.0,0.0,230.0,0.0,5.0,0.0,0.0,2024-06-05,0,1,64.0,2841.4159597334487,0.07292192367247458,0.042429164124164545,-0.042429164124164545
452,2024-06-05 19:23:35.063622,7.0,0.0,0.0,230.0,0.0,5.0,0.0,0.0,2024-06-05,0,1,49.0,2841.4159597334487,0.1735030603241121,0.10213078272976209,-0.10213078272976209
453,2024-06-05 19:26:39.195334,7.0,0.0,0.0,230.0,0.0,5.0,0.0,0.0,2024-06-05,0,1,49.0,2841.4159597334487,0.1735030603241121,0.10213078272976209,-0.10213078272976209
454,2024-06-05 19:28:11.293524,7.0,1.0,0.0,230.0,0.0,5.0,0.0,0.0,2024-06-05,1,1,49.0,2841.4159597334487,0.1735030603241121,0.10213078272976209,0.8978692172702379
455,2024-06-07 18:04:10.893187,3.0,0.0,0.0,230.0,0.0,5.0,0.0,0.0,2024-06-07,0,1,9.0,2587.769837591002,0.9053654744789913,0.8316552086126385,-0.8316552086126385
456,2024-06-07 18:05:53.303168,2.0,1.0,0.0,230.0,0.0,5.0,0.0,0.0,2024-06-07,1,1,4.0,2587.769837591002,0.9623107969071039,0.926912189338107,0.07308781066189296
457,2024-06-07 18:06:47.279224,3.0,1.0,0.0,230.0,0.0,5.0,0.0,0.0,2024-06-07,1,1,9.0,2587.769837591002,0.9053654744789913,0.8316552086126385,0.16834479138736147
458,2024-06-07 18:11:28.593462,4.0,1.0,0.0,230.0,0.0,5.0,0.0,0.0,2024-06-07,1,1,16.0,2587.769837591002,0.78188220724822,0.6580486166617547,0.34195138333824526
459,2024-06-07 18:11:32.546726,2.0,1.0,0.0,230.0,0.0,5.0,0.0,0.0,2024-06-07,1,1,4.0,2587.769837591002,0.9623107969071039,0.926912189338107,0.07308781066189296
460,2024-06-07 18:13:01.016226,5.0,1.0,0.0,230.0,0.0,5.0,0.0,0.0,2024-06-07,1,1,25.0,2587.769837591002,0.5732250001909803,0.4284486946252726,0.5715513053747274
461,2024-06-07 18:16:41.494595,7.0,0.0,0.0,230.0,0.0,5.0,0.0,0.0,2024-06-07,0,1,49.0,2587.769837591002,0.15865448959485795,0.10213078272976209,-0.10213078272976209
462,2024-06-07 18:17:20.421997,5.0,1.0,0.0,230.0,0.0,5.0,0.0,0.0,2024-06-07,1,1,25.0,2587.769837591002,0.5732250001909803,0.4284486946252726,0.5715513053747274
463,2024-06-07 18:18:28.908496,6.0,0.0,0.0,230.0,0.0,5.0,0.0,0.0,2024-06-07,0,1,36.0,2587.769837591002,0.3347840312503693,0.22601051750673395,-0.22601051750673395
464,2024-06-07 18:19:31.852002,5.0,1.0,0.0,230.0,0.0,5.0,0.0,0.0,2024-06-07,1,1,25.0,2587.769837591002,0.5732250001909803,0.4284486946252726,0.5715513053747274
465,2024-06-07 18:21:10.929254,5.0,1.0,0.0,230.0,0.0,5.0,0.0,0.0,2024-06-07,1,1,25.0,2587.769837591002,0.5732250001909803,0.4284486946252726,0.5715513053747274
466,2024-06-07 18:22:35.260391,7.0,1.0,0.0,230.0,0.0,5.0,0.0,0.0,2024-06-07,1,1,49.0,2587.769837591002,0.15865448959485795,0.10213078272976209,0.8978692172702379
467,2024-06-07 18:28:45.137429,7.0,1.0,0.0,230.0,0.0,5.0,0.0,0.0,2024-06-07,1,1,49.0,2587.769837591002,0.15865448959485795,0.10213078272976209,0.8978692172702379
468,2024-06-07 18:30:01.658616,5.0,1.0,0.0,230.0,0.0,5.0,0.0,0.0,2024-06-07,1,1,25.0,2587.769837591002,0.5732250001909803,0.4284486946252726,0.5715513053747274
469,2024-06-07 18:31:06.855635,6.0,1.0,0.0,230.0,0.0,5.0,0.0,0.0,2024-06-07,1,1,36.0,2587.769837591002,0.3347840312503693,0.22601051750673395,0.773989482493266
470,2024-06-07 18:32:02.954675,5.0,1.0,0.0,230.0,0.0,5.0,0.0,0.0,2024-06-07,1,1,25.0,2587.769837591002,0.5732250001909803,0.4284486946252726,0.5715513053747274
471,2024-06-07 18:32:58.371900,5.0,1.0,0.0,230.0,0.0,5.0,0.0,0.0,2024-06-07,1,1,25.0,2587.769837591002,0.5732250001909803,0.4284486946252726,0.5715513053747274
472,2024-06-07 18:33:51.325547,7.0,0.0,0.0,230.0,0.0,5.0,0.0,0.0,2024-06-07,0,1,49.0,2587.769837591002,0.15865448959485795,0.10213078272976209,-0.10213078272976209
473,2024-06-07 18:39:24.317461,7.0,1.0,0.0,230.0,0.0,5.0,0.0,0.0,2024-06-07,1,1,49.0,2587.769837591002,0.15865448959485795,0.10213078272976209,0.8978692172702379
474,2024-06-07 18:40:49.994173,5.0,1.0,0.0,230.0,0.0,5.0,0.0,0.0,2024-06-07,1,1,25.0,2587.769837591002,0.5732250001909803,0.4284486946252726,0.5715513053747274
475,2024-06-07 18:42:28.690072,6.0,1.0,0.0,230.0,0.0,5.0,0.0,0.0,2024-06-07,1,1,36.0,2587.769837591002,0.3347840312503693,0.22601051750673395,0.773989482493266
476,2024-06-07 18:43:30.240651,5.0,1.0,0.0,230.0,0.0,5.0,0.0,0.0,2024-06-07,1,1,25.0,2587.769837591002,0.5732250001909803,0.4284486946252726,0.5715513053747274
477,2024-06-07 18:44:49.542050,5.0,1.0,0.0,230.0,0.0,5.0,0.0,0.0,2024-06-07,1,1,25.0,2587.769837591002,0.5732250001909803,0.4284486946252726,0.5715513053747274
478,2024-06-07 18:45:44.220715,7.0,1.0,0.0,230.0,0.0,5.0,0.0,0.0,2024-06-07,1,1,49.0,2587.769837591002,0.15865448959485795,0.10213078272976209,0.8978692172702379
479,2024-06-09 16:42:46.010204,8.0,0.0,0.0,230.0,1.0,5.0,0.0,0.0,2024-06-09,0,1,64.0,2546.263535081385,0.06492008067687777,0.042429164124164545,-0.042429164124164545
480,2024-06-09 16:45:01.439568,8.0,0.0,0.0,230.0,1.0,5.0,0.0,0.0,2024-06-09,0,1,64.0,2546.263535081385,0.06492008067687777,0.042429164124164545,-0.042429164124164545
481,2024-06-09 16:46:37.837480,8.0,0.0,0.0,230.0,1.0,5.0,0.0,0.0,2024-06-09,0,1,64.0,2546.263535081385,0.06492008067687777,0.042429164124164545,-0.042429164124164545
482,2024-06-09 16:50:49.573276,8.0,0.0,0.0,230.0,1.0,5.0,0.0,0.0,2024-06-09,0,1,64.0,2546.263535081385,0.06492008067687777,0.042429164124164545,-0.042429164124164545
483,2024-06-09 16:51:52.546784,5.0,1.0,0.0,230.0,1.0,5.0,0.0,0.0,2024-06-09,1,1,25.0,2546.263535081385,0.5689252204077995,0.4284486946252726,0.5715513053747274
484,2024-06-09 17:01:12.710165,8.0,0.0,0.0,230.0,1.0,5.0,0.0,0.0,2024-06-09,0,1,64.0,2546.263535081385,0.06492008067687777,0.042429164124164545,-0.042429164124164545
485,2024-06-09 18:03:51.341857,8.0,0.0,0.0,230.0,1.0,5.0,0.0,0.0,2024-06-09,0,1,64.0,2546.263535081385,0.06492008067687777,0.042429164124164545,-0.042429164124164545
486,2024-06-09 18:08:05.355920,8.0,0.0,0.0,230.0,1.0,5.0,0.0,0.0,2024-06-09,0,1,64.0,2546.263535081385,0.06492008067687777,0.042429164124164545,-0.042429164124164545
487,2024-06-09 18:20:01.252704,8.0,0.0,0.0,230.0,1.0,5.0,0.0,0.0,2024-06-09,0,1,64.0,2546.263535081385,0.06492008067687777,0.042429164124164545,-0.042429164124164545
488,2024-06-09 18:22:36.749666,8.0,0.0,0.0,230.0,1.0,5.0,0.0,0.0,2024-06-09,0,1,64.0,2546.263535081385,0.06492008067687777,0.042429164124164545,-0.042429164124164545
489,2024-06-09 18:36:51.256431,8.0,0.0,0.0,230.0,1.0,5.0,0.0,0.0,2024-06-09,0,1,64.0,2546.263535081385,0.06492008067687777,0.042429164124164545,-0.042429164124164545
490,2024-06-09 18:40:33.245637,8.0,0.0,0.0,230.0,1.0,5.0,0.0,0.0,2024-06-09,0,1,64.0,2546.263535081385,0.06492008067687777,0.042429164124164545,-0.042429164124164545
491,2024-06-09 18:45:09.964178,8.0,0.0,0.0,230.0,1.0,5.0,0.0,0.0,2024-06-09,0,1,64.0,2546.263535081385,0.06492008067687777,0.042429164124164545,-0.042429164124164545
492,2024-06-09 18:53:43.896386,8.0,0.0,0.0,230.0,1.0,5.0,0.0,0.0,2024-06-09,0,1,64.0,2546.263535081385,0.06492008067687777,0.042429164124164545,-0.042429164124164545
493,2024-06-09 19:10:20.999369,8.0,0.0,0.0,230.0,1.0,5.0,0.0,0.0,2024-06-09,0,1,64.0,2546.263535081385,0.06492008067687777,0.042429164124164545,-0.042429164124164545
494,2024-06-09 19:21:02.415076,8.0,0.0,0.0,230.0,1.0,5.0,0.0,0.0,2024-06-09,0,1,64.0,2546.263535081385,0.06492008067687777,0.042429164124164545,-0.042429164124164545
495,2024-06-09 19:23:36.633843,8.0,0.0,0.0,230.0,1.0,5.0,0.0,0.0,2024-06-09,0,1,64.0,2546.263535081385,0.06492008067687777,0.042429164124164545,-0.042429164124164545
496,2024-06-09 19:35:15.368367,8.0,0.0,0.0,230.0,1.0,5.0,0.0,0.0,2024-06-09,0,1,64.0,2546.263535081385,0.06492008067687777,0.042429164124164545,-0.042429164124164545
497,2024-06-09 19:37:37.172194,8.0,0.0,0.0,230.0,1.0,5.0,0.0,0.0,2024-06-09,0,1,64.0,2546.263535081385,0.06492008067687777,0.042429164124164545,-0.042429164124164545
498,2024-06-09 19:38:52.815476,8.0,0.0,0.0,230.0,1.0,5.0,0.0,0.0,2024-06-09,0,1,64.0,2546.263535081385,0.06492008067687777,0.042429164124164545,-0.042429164124164545
499,2024-06-09 19:51:37.326434,8.0,0.0,0.0,230.0,1.0,5.0,0.0,0.0,2024-06-09,0,1,64.0,2546.263535081385,0.06492008067687777,0.042429164124164545,-0.042429164124164545
511,2024-06-11 21:05:53.700785,3.0,1.0,0.0,230.0,0.0,5.0,0.0,0.0,2024-06-11,1,1,9.0,3044.7348879732544,0.920676702018377,0.8316552086126385,0.16834479138736147
512,2024-06-11 21:08:43.065804,5.0,1.0,0.0,230.0,0.0,5.0,0.0,0.0,2024-06-11,1,1,25.0,3044.7348879732544,0.6197016565261081,0.4284486946252726,0.5715513053747274
513,2024-06-11 21:12:43.851649,8.0,0.0,0.0,230.0,0.0,5.0,0.0,0.0,2024-06-11,0,1,64.0,3044.7348879732544,0.07895285391839792,0.042429164124164545,-0.042429164124164545
514,2024-06-13 19:37:38.464861,5.0,1.0,0.0,230.0,1.0,5.0,0.0,0.0,2024-06-13,1,1,25.0,2373.003165921543,0.5508713046129023,0.4284486946252726,0.5715513053747274
515,2024-06-13 19:48:11.833497,8.0,0.0,0.0,230.0,1.0,5.0,0.0,0.0,2024-06-13,0,1,64.0,2373.003165921543,0.06061114633848827,0.042429164124164545,-0.042429164124164545
516,2024-06-13 19:51:09.522820,8.0,0.0,0.0,230.0,1.0,5.0,0.0,0.0,2024-06-13,0,1,64.0,2373.003165921543,0.06061114633848827,0.042429164124164545,-0.042429164124164545
517,2024-06-13 19:58:59.171660,8.0,0.0,0.0,230.0,1.0,5.0,0.0,0.0,2024-06-13,0,1,64.0,2373.003165921543,0.06061114633848827,0.042429164124164545,-0.042429164124164545
518,2024-06-13 20:01:57.382554,8.0,0.0,0.0,230.0,1.0,5.0,0.0,0.0,2024-06-13,0,1,64.0,2373.003165921543,0.06061114633848827,0.042429164124164545,-0.042429164124164545
519,2024-06-13 20:08:30.856512,8.0,0.0,0.0,230.0,1.0,5.0,0.0,0.0,2024-06-13,0,1,64.0,2373.003165921543,0.06061114633848827,0.042429164124164545,-0.042429164124164545
520,2024-06-13 20:13:05.898089,8.0,0.0,0.0,230.0,1.0,5.0,0.0,0.0,2024-06-13,0,1,64.0,2373.003165921543,0.06061114633848827,0.042429164124164545,-0.042429164124164545
521,2024-06-13 20:23:53.091055,8.0,0.0,0.0,230.0,1.0,5.0,0.0,0.0,2024-06-13,0,1,64.0,2373.003165921543,0.06061114633848827,0.042429164124164545,-0.042429164124164545
522,2024-06-13 20:34:10.048482,8.0,0.0,0.0,230.0,1.0,5.0,0.0,0.0,2024-06-13,0,1,64.0,2373.003165921543,0.06061114633848827,0.042429164124164545,-0.042429164124164545
523,2024-06-13 20:36:25.074095,8.0,0.0,0.0,230.0,1.0,5.0,0.0,0.0,2024-06-13,0,1,64.0,2373.003165921543,0.06061114633848827,0.042429164124164545,-0.042429164124164545
524,2024-06-13 20:41:45.305757,8.0,0.0,0.0,230.0,1.0,5.0,0.0,0.0,2024-06-13,0,1,64.0,2373.003165921543,0.06061114633848827,0.042429164124164545,-0.042429164124164545
525,2024-06-13 20:46:01.240444,8.0,0.0,0.0,230.0,1.0,5.0,0.0,0.0,2024-06-13,0,1,64.0,2373.003165921543,0.06061114633848827,0.042429164124164545,-0.042429164124164545
526,2024-06-13 21:00:12.469945,8.0,0.0,0.0,230.0,1.0,5.0,0.0,0.0,2024-06-13,0,1,64.0,2373.003165921543,0.06061114633848827,0.042429164124164545,-0.042429164124164545
527,2024-06-13 21:01:55.446181,8.0,0.0,0.0,230.0,1.0,5.0,0.0,0.0,2024-06-13,0,1,64.0,2373.003165921543,0.06061114633848827,0.042429164124164545,-0.042429164124164545
528,2024-06-13 21:20:39.571672,8.0,0.0,0.0,230.0,1.0,5.0,0.0,0.0,2024-06-13,0,1,64.0,2373.003165921543,0.06061114633848827,0.042429164124164545,-0.042429164124164545
529,2024-06-13 21:21:47.987276,8.0,0.0,0.0,230.0,1.0,5.0,0.0,0.0,2024-06-13,0,1,64.0,2373.003165921543,0.06061114633848827,0.042429164124164545,-0.042429164124164545
530,2024-06-14 18:49:00.044255,0.0,1.0,0.0,230.0,0.0,5.0,0.0,0.0,2024-06-14,1,1,0.0,3042.1040005745986,0.9954831207499256,0.9881766398835915,0.011823360116408499
531,2024-06-14 18:49:10.813200,3.0,1.0,0.0,230.0,0.0,5.0,0.0,0.0,2024-06-14,1,1,9.0,3042.1040005745986,0.9205954050964658,0.8316552086126385,0.16834479138736147
532,2024-06-14 18:51:12.750599,4.0,1.0,0.0,230.0,0.0,5.0,0.0,0.0,2024-06-14,1,1,16.0,3042.1040005745986,0.8128774975644624,0.6580486166617547,0.34195138333824526
533,2024-06-14 18:53:46.308046,5.0,1.0,0.0,230.0,0.0,5.0,0.0,0.0,2024-06-14,1,1,25.0,3042.1040005745986,0.6194393990991766,0.4284486946252726,0.5715513053747274
534,2024-06-14 18:59:05.182826,7.0,0.0,0.0,230.0,0.0,5.0,0.0,0.0,2024-06-14,0,1,49.0,3042.1040005745986,0.18601335038861477,0.10213078272976209,-0.10213078272976209
535,2024-06-14 18:59:50.558869,6.0,0.0,0.0,230.0,0.0,5.0,0.0,0.0,2024-06-14,0,1,36.0,3042.1040005745986,0.37883922533783937,0.22601051750673395,-0.22601051750673395
536,2024-06-14 19:03:26.162659,6.0,0.0,0.0,230.0,0.0,5.0,0.0,0.0,2024-06-14,0,1,36.0,3042.1040005745986,0.37883922533783937,0.22601051750673395,-0.22601051750673395
537,2024-06-14 19:11:56.905195,7.0,1.0,0.0,230.0,0.0,5.0,0.0,0.0,2024-06-14,1,1,49.0,3042.1040005745986,0.18601335038861477,0.10213078272976209,0.8978692172702379
538,2024-06-14 19:12:52.563636,5.0,1.0,0.0,230.0,0.0,5.0,0.0,0.0,2024-06-14,1,1,25.0,3042.1040005745986,0.6194393990991766,0.4284486946252726,0.5715513053747274
539,2024-06-14 19:14:15.104979,6.0,1.0,0.0,230.0,0.0,5.0,0.0,0.0,2024-06-14,1,1,36.0,3042.1040005745986,0.37883922533783937,0.22601051750673395,0.773989482493266
540,2024-06-14 19:15:31.447260,5.0,1.0,0.0,230.0,0.0,5.0,0.0,0.0,2024-06-14,1,1,25.0,3042.1040005745986,0.6194393990991766,0.4284486946252726,0.5715513053747274
541,2024-06-14 19:16:40.379997,5.0,1.0,0.0,230.0,0.0,5.0,0.0,0.0,2024-06-14,1,1,25.0,3042.1040005745986,0.6194393990991766,0.4284486946252726,0.5715513053747274
542,2024-06-14 19:18:35.366377,7.0,0.0,0.0,230.0,0.0,5.0,0.0,0.0,2024-06-14,0,1,49.0,3042.1040005745986,0.18601335038861477,0.10213078272976209,-0.10213078272976209
543,2024-06-14 19:19:40.950227,5.0,1.0,0.0,230.0,0.0,5.0,0.0,0.0,2024-06-14,1,1,25.0,3042.1040005745986,0.6194393990991766,0.4284486946252726,0.5715513053747274
544,2024-06-14 19:26:40.753322,7.0,0.0,0.0,230.0,0.0,5.0,0.0,0.0,2024-06-14,0,1,49.0,3042.1040005745986,0.18601335038861477,0.10213078272976209,-0.10213078272976209
545,2024-06-14 19:27:35.662991,7.0,1.0,0.0,230.0,0.0,5.0,0.0,0.0,2024-06-14,1,1,49.0,3042.1040005745986,0.18601335038861477,0.10213078272976209,0.8978692172702379
546,2024-06-14 19:28:38.613696,5.0,1.0,0.0,230.0,0.0,5.0,0.0,0.0,2024-06-14,1,1,25.0,3042.1040005745986,0.6194393990991766,0.4284486946252726,0.5715513053747274
547,2024-06-14 19:29:39.264029,6.0,0.0,0.0,230.0,0.0,5.0,0.0,0.0,2024-06-14,0,1,36.0,3042.1040005745986,0.37883922533783937,0.22601051750673395,-0.22601051750673395
548,2024-06-14 19:30:25.241491,5.0,0.0,0.0,230.0,0.0,5.0,0.0,0.0,2024-06-14,0,1,25.0,3042.1040005745986,0.6194393990991766,0.4284486946252726,-0.4284486946252726
549,2024-06-14 19:31:16.207668,5.0,1.0,0.0,230.0,0.0,5.0,0.0,0.0,2024-06-14,1,1,25.0,3042.1040005745986,0.6194393990991766,0.4284486946252726,0.5715513053747274
550,2024-06-14 19:31:53.723055,7.0,0.0,0.0,230.0,0.0,5.0,0.0,0.0,2024-06-14,0,1,49.0,3042.1040005745986,0.18601335038861477,0.10213078272976209,-0.10213078272976209
551,2024-06-14 19:32:50.355680,5.0,1.0,0.0,230.0,0.0,5.0,0.0,0.0,2024-06-14,1,1,25.0,3042.1040005745986,0.6194393990991766,0.4284486946252726,0.5715513053747274
552,2024-06-14 19:40:23.513340,7.0,1.0,0.0,230.0,0.0,5.0,0.0,0.0,2024-06-14,1,1,49.0,3042.1040005745986,0.18601335038861477,0.10213078272976209,0.8978692172702379
553,2024-06-14 19:40:55.639945,5.0,1.0,0.0,230.0,0.0,5.0,0.0,0.0,2024-06-14,1,1,25.0,3042.1040005745986,0.6194393990991766,0.4284486946252726,0.5715513053747274
554,2024-06-14 19:41:40.164074,6.0,0.0,0.0,230.0,0.0,5.0,0.0,0.0,2024-06-14,0,1,36.0,3042.1040005745986,0.37883922533783937,0.22601051750673395,-0.22601051750673395
555,2024-06-14 19:42:27.653881,5.0,1.0,0.0,230.0,0.0,5.0,0.0,0.0,2024-06-14,1,1,25.0,3042.1040005745986,0.6194393990991766,0.4284486946252726,0.5715513053747274
556,2024-06-14 19:44:46.980281,5.0,1.0,0.0,230.0,0.0,5.0,0.0,0.0,2024-06-14,1,1,25.0,3042.1040005745986,0.6194393990991766,0.4284486946252726,0.5715513053747274
557,2024-06-14 19:45:46.754583,6.0,1.0,0.0,230.0,0.0,5.0,0.0,0.0,2024-06-14,1,1,36.0,3042.1040005745986,0.37883922533783937,0.22601051750673395,0.773989482493266
558,2024-06-14 19:47:09.691813,5.0,1.0,0.0,230.0,0.0,5.0,0.0,0.0,2024-06-14,1,1,25.0,3042.1040005745986,0.6194393990991766,0.4284486946252726,0.5715513053747274
559,2024-06-16 19:04:07.067557,5.0,1.0,0.0,230.0,1.0,5.0,0.0,0.0,2024-06-16,1,1,25.0,3074.064090478212,0.622620548858857,0.4284486946252726,0.5715513053747274
560,2024-06-16 19:13:49.021702,8.0,0.0,0.0,230.0,1.0,5.0,0.0,0.0,2024-06-16,0,1,64.0,3074.064090478212,0.07985958626549937,0.042429164124164545,-0.042429164124164545
561,2024-06-16 19:24:39.946321,8.0,0.0,0.0,230.0,1.0,5.0,0.0,0.0,2024-06-16,0,1,64.0,3074.064090478212,0.07985958626549937,0.042429164124164545,-0.042429164124164545
562,2024-06-16 19:43:28.924302,8.0,0.0,0.0,230.0,1.0,5.0,0.0,0.0,2024-06-16,0,1,64.0,3074.064090478212,0.07985958626549937,0.042429164124164545,-0.042429164124164545
563,2024-06-16 19:50:26.950447,8.0,0.0,0.0,230.0,1.0,5.0,0.0,0.0,2024-06-16,0,1,64.0,3074.064090478212,0.07985958626549937,0.042429164124164545,-0.042429164124164545
564,2024-06-16 20:02:11.390037,8.0,0.0,0.0,230.0,1.0,5.0,0.0,0.0,2024-06-16,0,1,64.0,3074.064090478212,0.07985958626549937,0.042429164124164545,-0.042429164124164545
565,2024-06-16 20:04:15.999052,8.0,0.0,0.0,230.0,1.0,5.0,0.0,0.0,2024-06-16,0,1,64.0,3074.064090478212,0.07985958626549937,0.042429164124164545,-0.042429164124164545
566,2024-06-16 20:24:07.213496,8.0,0.0,0.0,230.0,1.0,5.0,0.0,0.0,2024-06-16,0,1,64.0,3074.064090478212,0.07985958626549937,0.042429164124164545,-0.042429164124164545
567,2024-06-16 20:43:12.548185,8.0,0.0,0.0,230.0,1.0,5.0,0.0,0.0,2024-06-16,0,1,64.0,3074.064090478212,0.07985958626549937,0.042429164124164545,-0.042429164124164545
568,2024-06-16 20:46:50.421139,8.0,0.0,0.0,230.0,1.0,5.0,0.0,0.0,2024-06-16,0,1,64.0,3074.064090478212,0.07985958626549937,0.042429164124164545,-0.042429164124164545
569,2024-06-16 21:06:22.521822,8.0,0.0,0.0,230.0,1.0,5.0,0.0,0.0,2024-06-16,0,1,64.0,3074.064090478212,0.07985958626549937,0.042429164124164545,-0.042429164124164545
570,2024-06-16 21:20:20.238558,8.0,0.0,0.0,230.0,1.0,5.0,0.0,0.0,2024-06-16,0,1,64.0,3074.064090478212,0.07985958626549937,0.042429164124164545,-0.042429164124164545
571,2024-06-16 21:41:11.384286,8.0,0.0,0.0,230.0,1.0,5.0,0.0,0.0,2024-06-16,0,1,64.0,3074.064090478212,0.07985958626549937,0.042429164124164545,-0.042429164124164545
572,2024-06-16 22:12:55.384138,8.0,0.0,0.0,230.0,1.0,5.0,0.0,0.0,2024-06-16,0,1,64.0,3074.064090478212,0.07985958626549937,0.042429164124164545,-0.042429164124164545
573,2024-06-16 22:47:59.315948,8.0,0.0,0.0,230.0,1.0,5.0,0.0,0.0,2024-06-16,0,1,64.0,3074.064090478212,0.07985958626549937,0.042429164124164545,-0.042429164124164545
574,2024-06-16 22:53:09.013936,8.0,0.0,0.0,230.0,1.0,5.0,0.0,0.0,2024-06-16,0,1,64.0,3074.064090478212,0.07985958626549937,0.042429164124164545,-0.042429164124164545
575,2024-06-18 20:17:31.169661,5.0,0.0,0.0,230.0,1.0,5.0,0.0,0.0,2024-06-18,0,1,25.0,3163.9640927064365,0.6315115352453039,0.4284486946252726,-0.4284486946252726
576,2024-06-18 20:22:13.829874,5.0,1.0,0.0,230.0,1.0,5.0,0.0,0.0,2024-06-18,1,1,25.0,3163.9640927064365,0.6315115352453039,0.4284486946252726,0.5715513053747274
577,2024-06-18 20:26:41.278451,8.0,0.0,0.0,230.0,1.0,5.0,0.0,0.0,2024-06-18,0,1,64.0,3163.9640927064365,0.08269843197853162,0.042429164124164545,-0.042429164124164545
578,2024-06-18 20:41:04.382637,8.0,0.0,0.0,230.0,1.0,5.0,0.0,0.0,2024-06-18,0,1,64.0,3163.9640927064365,0.08269843197853162,0.042429164124164545,-0.042429164124164545
579,2024-06-18 20:42:47.255825,8.0,0.0,0.0,230.0,1.0,5.0,0.0,0.0,2024-06-18,0,1,64.0,3163.9640927064365,0.08269843197853162,0.042429164124164545,-0.042429164124164545
580,2024-06-18 20:55:41.519738,8.0,0.0,0.0,230.0,1.0,5.0,0.0,0.0,2024-06-18,0,1,64.0,3163.9640927064365,0.08269843197853162,0.042429164124164545,-0.042429164124164545
581,2024-06-18 20:58:32.458477,8.0,0.0,0.0,230.0,1.0,5.0,0.0,0.0,2024-06-18,0,1,64.0,3163.9640927064365,0.08269843197853162,0.042429164124164545,-0.042429164124164545
582,2024-06-18 21:16:40.629898,8.0,1.0,0.0,230.0,1.0,5.0,0.0,0.0,2024-06-18,1,1,64.0,3163.9640927064365,0.08269843197853162,0.042429164124164545,0.9575708358758355
583,2024-06-18 21:21:28.838510,9.0,0.0,0.0,230.0,1.0,5.0,0.0,0.0,2024-06-18,0,1,81.0,3163.9640927064365,0.03267630066362101,0.016967253101591025,-0.016967253101591025
584,2024-06-18 21:32:16.371460,9.0,0.0,0.0,230.0,1.0,5.0,0.0,0.0,2024-06-18,0,1,81.0,3163.9640927064365,0.03267630066362101,0.016967253101591025,-0.016967253101591025
585,2024-06-18 21:41:19.588307,9.0,0.0,0.0,230.0,1.0,5.0,0.0,0.0,2024-06-18,0,1,81.0,3163.9640927064365,0.03267630066362101,0.016967253101591025,-0.016967253101591025
586,2024-06-18 21:45:55.010675,9.0,0.0,0.0,230.0,1.0,5.0,0.0,0.0,2024-06-18,0,1,81.0,3163.9640927064365,0.03267630066362101,0.016967253101591025,-0.016967253101591025
587,2024-06-18 21:48:49.723492,9.0,0.0,0.0,230.0,1.0,5.0,0.0,0.0,2024-06-18,0,1,81.0,3163.9640927064365,0.03267630066362101,0.016967253101591025,-0.016967253101591025
588,2024-06-18 21:59:39.010830,9.0,0.0,0.0,230.0,1.0,5.0,0.0,0.0,2024-06-18,0,1,81.0,3163.9640927064365,0.03267630066362101,0.016967253101591025,-0.016967253101591025
589,2024-06-19 17:16:57.192257,1.0,1.0,0.0,230.0,1.0,5.0,0.0,0.0,2024-06-19,1,1,1.0,3662.7705475703447,0.9907721007994801,0.9701999099173347,0.029800090082665265
590,2024-06-19 17:18:30.867757,1.0,1.0,0.0,230.0,1.0,5.0,0.0,0.0,2024-06-19,1,1,1.0,3662.7705475703447,0.9907721007994801,0.9701999099173347,0.029800090082665265
591,2024-06-19 17:33:18.860124,1.0,1.0,0.0,230.0,1.0,5.0,0.0,0.0,2024-06-19,1,1,1.0,3662.7705475703447,0.9907721007994801,0.9701999099173347,0.029800090082665265
592,2024-06-19 17:39:25.614277,1.0,1.0,0.0,230.0,1.0,5.0,0.0,0.0,2024-06-19,1,1,1.0,3662.7705475703447,0.9907721007994801,0.9701999099173347,0.029800090082665265
593,2024-06-19 18:03:15.505424,6.0,0.0,0.0,230.0,1.0,5.0,0.0,0.0,2024-06-19,0,1,36.0,3662.7705475703447,0.4422626345296287,0.22601051750673395,-0.22601051750673395
594,2024-06-19 18:39:06.965945,6.0,1.0,0.0,230.0,1.0,5.0,0.0,0.0,2024-06-19,1,1,36.0,3662.7705475703447,0.4422626345296287,0.22601051750673395,0.773989482493266
595,2024-06-19 19:04:14.919286,7.0,0.0,0.0,230.0,1.0,5.0,0.0,0.0,2024-06-19,0,1,49.0,3662.7705475703447,0.22905908390961308,0.10213078272976209,-0.10213078272976209
596,2024-06-19 19:04:20.567234,4.0,1.0,0.0,230.0,1.0,5.0,0.0,0.0,2024-06-19,1,1,16.0,3662.7705475703447,0.8495799940001132,0.6580486166617547,0.34195138333824526
597,2024-06-19 19:10:27.574622,7.0,0.0,0.0,230.0,1.0,5.0,0.0,0.0,2024-06-19,0,1,49.0,3662.7705475703447,0.22905908390961308,0.10213078272976209,-0.10213078272976209
598,2024-06-19 19:28:13.445346,7.0,1.0,0.0,230.0,1.0,5.0,0.0,0.0,2024-06-19,1,1,49.0,3662.7705475703447,0.22905908390961308,0.10213078272976209,0.8978692172702379
599,2024-06-19 20:24:59.056301,10.0,0.0,0.0,230.0,1.0,5.0,0.0,0.0,2024-06-19,0,1,100.0,3662.7705475703447,0.01538929503216225,0.0066785679105771075,-0.0066785679105771075
600,2024-06-19 20:26:41.908373,10.0,0.0,0.0,230.0,1.0,5.0,0.0,0.0,2024-06-19,0,1,100.0,3662.7705475703447,0.01538929503216225,0.0066785679105771075,-0.0066785679105771075
601,2024-06-19 20:28:51.692078,10.0,0.0,0.0,230.0,1.0,5.0,0.0,0.0,2024-06-19,0,1,100.0,3662.7705475703447,0.01538929503216225,0.0066785679105771075,-0.0066785679105771075
602,2024-06-19 20:30:17.131205,10.0,0.0,0.0,230.0,1.0,5.0,0.0,0.0,2024-06-19,0,1,100.0,3662.7705475703447,0.01538929503216225,0.0066785679105771075,-0.0066785679105771075
603,2024-06-19 20:42:26.969335,10.0,0.0,0.0,230.0,1.0,5.0,0.0,0.0,2024-06-19,0,1,100.0,3662.7705475703447,0.01538929503216225,0.0066785679105771075,-0.0066785679105771075
604,2024-06-19 20:47:01.927414,10.0,0.0,0.0,230.0,1.0,5.0,0.0,0.0,2024-06-19,0,1,100.0,3662.7705475703447,0.01538929503216225,0.0066785679105771075,-0.0066785679105771075
605,2024-06-26 12:06:11.031268,0.0,0.0,0.0,230.0,1.0,5.0,0.0,0.0,2024-06-26,0,1,0.0,1703.5067997023566,0.9920711290742502,0.9881766398835915,-0.9881766398835915
606,2024-06-30 17:05:29.416269,1.0,1.0,0.0,230.0,0.0,5.0,0.0,0.0,2024-06-30,1,1,1.0,962.0011607553627,0.9716408736752034,0.9701999099173347,0.029800090082665265
607,2024-06-30 17:07:07.511515,2.0,1.0,0.0,230.0,0.0,5.0,0.0,0.0,2024-06-30,1,1,4.0,962.0011607553627,0.927733905594668,0.926912189338107,0.07308781066189296
608,2024-06-30 17:10:47.922194,2.0,1.0,0.0,230.0,0.0,5.0,0.0,0.0,2024-06-30,1,1,4.0,962.0011607553627,0.927733905594668,0.926912189338107,0.07308781066189296
609,2024-06-30 17:14:32.926653,4.0,1.0,0.0,230.0,0.0,5.0,0.0,0.0,2024-06-30,1,1,16.0,962.0011607553627,0.6431574535631424,0.6580486166617547,0.34195138333824526
610,2024-06-30 17:17:34.796444,5.0,1.0,0.0,230.0,0.0,5.0,0.0,0.0,2024-06-30,1,1,25.0,962.0011607553627,0.40310297740805384,0.4284486946252726,0.5715513053747274
611,2024-06-30 17:33:20.814779,6.0,0.0,0.0,230.0,0.0,5.0,0.0,0.0,2024-06-30,0,1,36.0,962.0011607553627,0.2019421157456353,0.22601051750673395,-0.22601051750673395
612,2024-06-30 17:34:44.884132,7.0,0.0,0.0,230.0,0.0,5.0,0.0,0.0,2024-06-30,0,1,49.0,962.0011607553627,0.08660210204920446,0.10213078272976209,-0.10213078272976209
613,2024-06-30 17:40:44.649884,8.0,0.0,0.0,230.0,0.0,5.0,0.0,0.0,2024-06-30,0,1,64.0,962.0011607553627,0.03430705208397998,0.042429164124164545,-0.042429164124164545
614,2024-06-30 17:45:49.039092,9.0,0.0,0.0,230.0,0.0,5.0,0.0,0.0,2024-06-30,0,1,81.0,962.0011607553627,0.013136430581677716,0.016967253101591025,-0.016967253101591025
615,2024-06-30 17:49:07.206497,6.0,0.0,0.0,230.0,0.0,5.0,0.0,0.0,2024-06-30,0,1,36.0,962.0011607553627,0.2019421157456353,0.22601051750673395,-0.22601051750673395
616,2024-06-30 17:53:07.064139,6.0,1.0,0.0,230.0,0.0,5.0,0.0,0.0,2024-06-30,1,1,36.0,962.0011607553627,0.2019421157456353,0.22601051750673395,0.773989482493266
617,2024-07-01 20:27:05.766139,1.0,1.0,0.0,230.0,1.0,5.0,0.0,0.0,2024-07-01,1,1,1.0,1185.9375457928456,0.9741371637276429,0.9701999099173347,0.029800090082665265
618,2024-07-01 20:27:13.845446,1.0,1.0,0.0,230.0,1.0,5.0,0.0,0.0,2024-07-01,1,1,1.0,1185.9375457928456,0.9741371637276429,0.9701999099173347,0.029800090082665265
619,2024-07-01 20:27:16.646664,1.0,1.0,0.0,230.0,1.0,5.0,0.0,0.0,2024-07-01,1,1,1.0,1185.9375457928456,0.9741371637276429,0.9701999099173347,0.029800090082665265
620,2024-07-01 20:27:21.437437,1.0,1.0,0.0,230.0,1.0,5.0,0.0,0.0,2024-07-01,1,1,1.0,1185.9375457928456,0.9741371637276429,0.9701999099173347,0.029800090082665265
621,2024-07-01 20:27:24.742331,1.0,1.0,0.0,230.0,1.0,5.0,0.0,0.0,2024-07-01,1,1,1.0,1185.9375457928456,0.9741371637276429,0.9701999099173347,0.029800090082665265
630,2024-07-05 15:50:16.195792,1.0,1.0,0.0,236.0,1.0,5.0,0.0,0.0,2024-07-05,1,1,1.0,672.977618966282,0.9680713742783059,0.9701999099173347,0.029800090082665265
631,2024-07-05 15:55:21.579539,1.0,1.0,0.0,236.0,1.0,5.0,0.0,0.0,2024-07-05,1,1,1.0,672.977618966282,0.9680713742783059,0.9701999099173347,0.029800090082665265
632,2024-07-05 15:55:24.670944,5.0,0.0,0.0,236.0,1.0,5.0,0.0,0.0,2024-07-05,0,1,25.0,672.977618966282,0.3740719972782895,0.4284486946252726,-0.4284486946252726
633,2024-07-05 16:01:41.420793,5.0,0.0,0.0,236.0,1.0,5.0,0.0,0.0,2024-07-05,0,1,25.0,672.977618966282,0.3740719972782895,0.4284486946252726,-0.4284486946252726
634,2024-07-05 16:05:11.957464,5.0,0.0,0.0,236.0,1.0,5.0,0.0,0.0,2024-07-05,0,1,25.0,672.977618966282,0.3740719972782895,0.4284486946252726,-0.4284486946252726
635,2024-07-05 16:08:12.609200,5.0,0.0,0.0,236.0,1.0,5.0,0.0,0.0,2024-07-05,0,1,25.0,672.977618966282,0.3740719972782895,0.4284486946252726,-0.4284486946252726
636,2024-07-05 16:15:56.352215,6.0,0.0,0.0,236.0,1.0,5.0,0.0,0.0,2024-07-05,0,1,36.0,672.977618966282,0.18295790055672753,0.22601051750673395,-0.22601051750673395
637,2024-07-05 16:21:34.395187,6.0,1.0,0.0,236.0,1.0,5.0,0.0,0.0,2024-07-05,1,1,36.0,672.977618966282,0.18295790055672753,0.22601051750673395,0.773989482493266
638,2024-07-05 17:14:19.116551,3.0,1.0,0.0,236.0,1.0,5.0,0.0,0.0,2024-07-05,1,1,9.0,672.977618966282,0.8097686909652839,0.8316552086126385,0.16834479138736147
639,2024-07-05 17:22:38.281369,6.0,0.0,0.0,236.0,1.0,5.0,0.0,0.0,2024-07-05,0,1,36.0,672.977618966282,0.18295790055672753,0.22601051750673395,-0.22601051750673395
640,2024-07-05 17:40:48.689107,6.0,0.0,0.0,236.0,1.0,5.0,0.0,0.0,2024-07-05,0,1,36.0,672.977618966282,0.18295790055672753,0.22601051750673395,-0.22601051750673395
641,2024-07-05 17:45:36.277405,8.0,0.0,0.0,236.0,1.0,5.0,0.0,0.0,2024-07-05,0,1,64.0,672.977618966282,0.030480025543983123,0.042429164124164545,-0.042429164124164545
642,2024-07-05 17:49:35.595354,8.0,0.0,0.0,236.0,1.0,5.0,0.0,0.0,2024-07-05,0,1,64.0,672.977618966282,0.030480025543983123,0.042429164124164545,-0.042429164124164545
643,2024-07-05 17:54:30.586508,8.0,0.0,0.0,236.0,1.0,5.0,0.0,0.0,2024-07-05,0,1,64.0,672.977618966282,0.030480025543983123,0.042429164124164545,-0.042429164124164545
644,2024-07-05 18:02:00.821767,8.0,0.0,0.0,236.0,1.0,5.0,0.0,0.0,2024-07-05,0,1,64.0,672.977618966282,0.030480025543983123,0.042429164124164545,-0.042429164124164545
645,2024-07-05 18:12:44.106904,8.0,0.0,0.0,236.0,1.0,5.0,0.0,0.0,2024-07-05,0,1,64.0,672.977618966282,0.030480025543983123,0.042429164124164545,-0.042429164124164545
646,2024-07-05 18:19:26.987456,8.0,0.0,0.0,236.0,1.0,5.0,0.0,0.0,2024-07-05,0,1,64.0,672.977618966282,0.030480025543983123,0.042429164124164545,-0.042429164124164545
647,2024-07-05 18:24:29.481138,8.0,0.0,0.0,236.0,1.0,5.0,0.0,0.0,2024-07-05,0,1,64.0,672.977618966282,0.030480025543983123,0.042429164124164545,-0.042429164124164545
648,2024-07-05 18:30:13.839300,8.0,0.0,0.0,236.0,1.0,5.0,0.0,0.0,2024-07-05,0,1,64.0,672.977618966282,0.030480025543983123,0.042429164124164545,-0.042429164124164545
649,2024-07-05 18:49:50.580353,9.0,0.0,0.0,236.0,1.0,5.0,0.0,0.0,2024-07-05,0,1,81.0,672.977618966282,0.011642560870849541,0.016967253101591025,-0.016967253101591025
650,2024-07-05 18:53:42.376980,9.0,0.0,0.0,236.0,1.0,5.0,0.0,0.0,2024-07-05,0,1,81.0,672.977618966282,0.011642560870849541,0.016967253101591025,-0.016967253101591025
651,2024-07-05 18:57:20.494033,9.0,0.0,0.0,236.0,1.0,5.0,0.0,0.0,2024-07-05,0,1,81.0,672.977618966282,0.011642560870849541,0.016967253101591025,-0.016967253101591025
652,2024-07-05 19:05:19.046044,9.0,0.0,0.0,236.0,1.0,5.0,0.0,0.0,2024-07-05,0,1,81.0,672.977618966282,0.011642560870849541,0.016967253101591025,-0.016967253101591025
653,2024-07-05 19:17:38.517876,7.0,0.0,0.0,236.0,1.0,5.0,0.0,0.0,2024-07-05,0,1,49.0,672.977618966282,0.07740906676610823,0.10213078272976209,-0.10213078272976209
654,2024-07-05 19:20:14.435809,7.0,0.0,0.0,236.0,1.0,5.0,0.0,0.0,2024-07-05,0,1,49.0,672.977618966282,0.07740906676610823,0.10213078272976209,-0.10213078272976209
655,2024-07-05 19:24:43.376526,7.0,0.0,0.0,236.0,1.0,5.0,0.0,0.0,2024-07-05,0,1,49.0,672.977618966282,0.07740906676610823,0.10213078272976209,-0.10213078272976209
656,2024-07-05 19:39:48.308349,7.0,0.0,0.0,236.0,1.0,5.0,0.0,0.0,2024-07-05,0,1,49.0,672.977618966282,0.07740906676610823,0.10213078272976209,-0.10213078272976209
657,2024-07-05 19:50:39.149679,4.0,1.0,0.0,236.0,1.0,5.0,0.0,0.0,2024-07-05,1,1,16.0,672.977618966282,0.6146403894102381,0.6580486166617547,0.34195138333824526
658,2024-07-05 19:52:50.777650,4.0,1.0,0.0,236.0,1.0,5.0,0.0,0.0,2024-07-05,1,1,16.0,672.977618966282,0.6146403894102381,0.6580486166617547,0.34195138333824526
659,2024-07-05 19:59:36.014012,6.0,0.0,0.0,236.0,1.0,5.0,0.0,0.0,2024-07-05,0,1,36.0,672.977618966282,0.18295790055672753,0.22601051750673395,-0.22601051750673395
660,2024-07-05 20:02:40.275192,6.0,0.0,0.0,236.0,1.0,5.0,0.0,0.0,2024-07-05,0,1,36.0,672.977618966282,0.18295790055672753,0.22601051750673395,-0.22601051750673395
661,2024-07-05 20:19:53.335112,4.0,1.0,0.0,236.0,1.0,5.0,0.0,0.0,2024-07-05,1,1,16.0,672.977618966282,0.6146403894102381,0.6580486166617547,0.34195138333824526
662,2024-07-07 17:07:46.089752,1.0,1.0,0.0,236.0,0.0,5.0,0.0,0.0,2024-07-07,1,1,1.0,1725.4246043495382,0.979304092035611,0.9701999099173347,0.029800090082665265
663,2024-07-07 17:08:56.238852,2.0,1.0,0.0,236.0,0.0,5.0,0.0,0.0,2024-07-07,1,1,4.0,1725.4246043495382,0.9466097479177216,0.926912189338107,0.07308781066189296
664,2024-07-07 17:10:27.807622,3.0,1.0,0.0,236.0,0.0,5.0,0.0,0.0,2024-07-07,1,1,9.0,1725.4246043495382,0.8691667350525897,0.8316552086126385,0.16834479138736147
665,2024-07-07 17:14:17.710311,4.0,1.0,0.0,236.0,0.0,5.0,0.0,0.0,2024-07-07,1,1,16.0,1725.4246043495382,0.7134018428619205,0.6580486166617547,0.34195138333824526
666,2024-07-07 17:19:38.576688,6.0,0.0,0.0,236.0,0.0,5.0,0.0,0.0,2024-07-07,0,1,36.0,1725.4246043495382,0.25896955783317965,0.22601051750673395,-0.22601051750673395
667,2024-07-07 17:24:07.077730,6.0,0.0,0.0,236.0,0.0,5.0,0.0,0.0,2024-07-07,0,1,36.0,1725.4246043495382,0.25896955783317965,0.22601051750673395,-0.22601051750673395
668,2024-07-07 17:25:57.645261,6.0,0.0,0.0,236.0,0.0,5.0,0.0,0.0,2024-07-07,0,1,36.0,1725.4246043495382,0.25896955783317965,0.22601051750673395,-0.22601051750673395
669,2024-07-07 17:27:32.404959,8.0,0.0,0.0,236.0,0.0,5.0,0.0,0.0,2024-07-07,0,1,64.0,1725.4246043495382,0.04676946929296761,0.042429164124164545,-0.042429164124164545
670,2024-07-07 17:31:38.067034,8.0,0.0,0.0,236.0,0.0,5.0,0.0,0.0,2024-07-07,0,1,64.0,1725.4246043495382,0.04676946929296761,0.042429164124164545,-0.042429164124164545
671,2024-07-07 17:34:13.015237,9.0,0.0,0.0,236.0,0.0,5.0,0.0,0.0,2024-07-07,0,1,81.0,1725.4246043495382,0.018052146094732133,0.016967253101591025,-0.016967253101591025
672,2024-07-07 17:38:47.583280,6.0,0.0,0.0,236.0,0.0,5.0,0.0,0.0,2024-07-07,0,1,36.0,1725.4246043495382,0.25896955783317965,0.22601051750673395,-0.22601051750673395
673,2024-07-07 17:44:55.337060,3.0,1.0,0.0,236.0,0.0,5.0,0.0,0.0,2024-07-07,1,1,9.0,1725.4246043495382,0.8691667350525897,0.8316552086126385,0.16834479138736147
674,2024-07-07 17:48:32.673863,5.0,1.0,0.0,236.0,0.0,5.0,0.0,0.0,2024-07-07,1,1,25.0,1725.4246043495382,0.48258611864878975,0.4284486946252726,0.5715513053747274
675,2024-07-07 17:54:12.204240,5.0,1.0,0.0,236.0,0.0,5.0,0.0,0.0,2024-07-07,1,1,25.0,1725.4246043495382,0.48258611864878975,0.4284486946252726,0.5715513053747274
676,2024-07-07 17:55:54.586363,5.0,1.0,0.0,236.0,0.0,5.0,0.0,0.0,2024-07-07,1,1,25.0,1725.4246043495382,0.48258611864878975,0.4284486946252726,0.5715513053747274
677,2024-07-09 19:51:15.911136,1.0,1.0,0.0,236.0,0.0,5.0,0.0,0.0,2024-07-09,1,1,1.0,1701.449390265422,0.9790975838560594,0.9701999099173347,0.029800090082665265
678,2024-07-09 19:51:23.681378,1.0,1.0,0.0,236.0,0.0,5.0,0.0,0.0,2024-07-09,1,1,1.0,1701.449390265422,0.9790975838560594,0.9701999099173347,0.029800090082665265
679,2024-07-09 19:51:26.871016,1.0,1.0,0.0,236.0,0.0,5.0,0.0,0.0,2024-07-09,1,1,1.0,1701.449390265422,0.9790975838560594,0.9701999099173347,0.029800090082665265
680,2024-07-09 19:51:30.749967,1.0,1.0,0.0,236.0,0.0,5.0,0.0,0.0,2024-07-09,1,1,1.0,1701.449390265422,0.9790975838560594,0.9701999099173347,0.029800090082665265
681,2024-07-09 19:51:34.034756,1.0,1.0,0.0,236.0,0.0,5.0,0.0,0.0,2024-07-09,1,1,1.0,1701.449390265422,0.9790975838560594,0.9701999099173347,0.029800090082665265
682,2024-07-09 19:51:36.785484,1.0,1.0,0.0,236.0,0.0,5.0,0.0,0.0,2024-07-09,1,1,1.0,1701.449390265422,0.9790975838560594,0.9701999099173347,0.029800090082665265
683,2024-07-09 19:51:39.841446,1.0,1.0,0.0,236.0,0.0,5.0,0.0,0.0,2024-07-09,1,1,1.0,1701.449390265422,0.9790975838560594,0.9701999099173347,0.029800090082665265
684,2024-07-09 19:51:42.279648,1.0,1.0,0.0,236.0,0.0,5.0,0.0,0.0,2024-07-09,1,1,1.0,1701.449390265422,0.9790975838560594,0.9701999099173347,0.029800090082665265
685,2024-07-09 19:51:44.520177,1.0,1.0,0.0,236.0,0.0,5.0,0.0,0.0,2024-07-09,1,1,1.0,1701.449390265422,0.9790975838560594,0.9701999099173347,0.029800090082665265
686,2024-07-09 19:51:53.010368,2.0,1.0,0.0,236.0,0.0,5.0,0.0,0.0,2024-07-09,1,1,4.0,1701.449390265422,0.946094965745714,0.926912189338107,0.07308781066189296
687,2024-07-09 19:51:59.620261,2.0,1.0,0.0,236.0,0.0,5.0,0.0,0.0,2024-07-09,1,1,4.0,1701.449390265422,0.946094965745714,0.926912189338107,0.07308781066189296
688,2024-07-09 19:52:02.894406,2.0,1.0,0.0,236.0,0.0,5.0,0.0,0.0,2024-07-09,1,1,4.0,1701.449390265422,0.946094965745714,0.926912189338107,0.07308781066189296
689,2024-07-09 19:52:05.206600,2.0,1.0,0.0,236.0,0.0,5.0,0.0,0.0,2024-07-09,1,1,4.0,1701.449390265422,0.946094965745714,0.926912189338107,0.07308781066189296
690,2024-07-09 19:52:07.588114,2.0,1.0,0.0,236.0,0.0,5.0,0.0,0.0,2024-07-09,1,1,4.0,1701.449390265422,0.946094965745714,0.926912189338107,0.07308781066189296
691,2024-07-09 19:52:10.024081,3.0,1.0,0.0,236.0,0.0,5.0,0.0,0.0,2024-07-09,1,1,9.0,1701.449390265422,0.8680093725994306,0.8316552086126385,0.16834479138736147
692,2024-07-09 19:52:15.916456,3.0,1.0,0.0,236.0,0.0,5.0,0.0,0.0,2024-07-09,1,1,9.0,1701.449390265422,0.8680093725994306,0.8316552086126385,0.16834479138736147
700,2024-07-10 21:51:12.337822,3.0,1.0,0.0,250.0,0.0,5.0,0.0,0.0,2024-07-10,1,1,9.0,1521.948873964516,0.8590663340225431,0.8316552086126385,0.16834479138736147
701,2024-07-10 21:53:29.758907,4.0,1.0,0.0,0.0,0.0,5.0,0.0,0.0,2024-07-10,1,1,16.0,1521.948873964516,0.6954892862448592,0.6580486166617547,0.34195138333824526
702,2024-07-10 21:55:06.538911,5.0,1.0,0.0,0.0,0.0,5.0,0.0,0.0,2024-07-10,1,1,25.0,1521.948873964516,0.46114396783243716,0.4284486946252726,0.5715513053747274
703,2024-07-10 21:56:55.258795,4.0,1.0,0.0,0.0,0.0,5.0,0.0,0.0,2024-07-10,1,1,16.0,1521.948873964516,0.6954892862448592,0.6580486166617547,0.34195138333824526
704,2024-07-10 21:59:37.502172,6.0,0.0,0.0,0.0,0.0,5.0,0.0,0.0,2024-07-10,0,1,36.0,1521.948873964516,0.24280068673842561,0.22601051750673395,-0.22601051750673395
705,2024-07-10 22:02:17.972268,6.0,0.0,0.0,0.0,0.0,5.0,0.0,0.0,2024-07-10,0,1,36.0,1521.948873964516,0.24280068673842561,0.22601051750673395,-0.22601051750673395
706,2024-07-10 22:04:55.519889,5.0,0.0,0.0,0.0,0.0,5.0,0.0,0.0,2024-07-10,0,1,25.0,1521.948873964516,0.46114396783243716,0.4284486946252726,-0.4284486946252726
707,2024-07-10 22:08:56.236483,6.0,0.0,0.0,0.0,0.0,5.0,0.0,0.0,2024-07-10,0,1,36.0,1521.948873964516,0.24280068673842561,0.22601051750673395,-0.22601051750673395
708,2024-07-10 22:14:00.298294,5.0,0.0,0.0,0.0,0.0,5.0,0.0,0.0,2024-07-10,0,1,25.0,1521.948873964516,0.46114396783243716,0.4284486946252726,-0.4284486946252726
709,2024-07-10 22:17:31.946904,4.0,1.0,0.0,0.0,0.0,5.0,0.0,0.0,2024-07-10,1,1,16.0,1521.948873964516,0.6954892862448592,0.6580486166617547,0.34195138333824526
710,2024-07-10 22:22:22.225428,6.0,0.0,0.0,0.0,0.0,5.0,0.0,0.0,2024-07-10,0,1,36.0,1521.948873964516,0.24280068673842561,0.22601051750673395,-0.22601051750673395
711,2024-07-12 19:46:19.299577,3.0,0.0,0.0,0.0,1.0,5.0,0.0,0.0,2024-07-12,0,1,9.0,1382.968320336884,0.8517987108614568,0.8316552086126385,-0.8316552086126385
712,2024-07-12 19:46:25.116939,3.0,0.0,0.0,0.0,1.0,5.0,0.0,0.0,2024-07-12,0,1,9.0,1382.968320336884,0.8517987108614568,0.8316552086126385,-0.8316552086126385
713,2024-07-12 19:46:28.280727,3.0,1.0,0.0,0.0,1.0,5.0,0.0,0.0,2024-07-12,1,1,9.0,1382.968320336884,0.8517987108614568,0.8316552086126385,0.16834479138736147
714,2024-07-12 19:50:53.922459,6.0,0.0,0.0,0.0,1.0,5.0,0.0,0.0,2024-07-12,0,1,36.0,1382.968320336884,0.23215839226316354,0.22601051750673395,-0.22601051750673395
715,2024-07-12 19:57:02.847015,6.0,1.0,0.0,0.0,1.0,5.0,0.0,0.0,2024-07-12,1,1,36.0,1382.968320336884,0.23215839226316354,0.22601051750673395,0.773989482493266
716,2024-07-12 21:15:28.582661,8.0,0.0,0.0,0.0,1.0,5.0,0.0,0.0,2024-07-12,0,1,64.0,1382.968320336884,0.040720197750970855,0.042429164124164545,-0.042429164124164545
717,2024-07-12 21:23:11.109681,8.0,0.0,0.0,0.0,1.0,5.0,0.0,0.0,2024-07-12,0,1,64.0,1382.968320336884,0.040720197750970855,0.042429164124164545,-0.042429164124164545
718,2024-07-12 21:37:20.720190,8.0,0.0,0.0,0.0,1.0,5.0,0.0,0.0,2024-07-12,0,1,64.0,1382.968320336884,0.040720197750970855,0.042429164124164545,-0.042429164124164545
719,2024-07-12 21:38:35.063004,8.0,0.0,0.0,0.0,1.0,5.0,0.0,0.0,2024-07-12,0,1,64.0,1382.968320336884,0.040720197750970855,0.042429164124164545,-0.042429164124164545
720,2024-07-12 21:47:31.788779,8.0,0.0,0.0,0.0,1.0,5.0,0.0,0.0,2024-07-12,0,1,64.0,1382.968320336884,0.040720197750970855,0.042429164124164545,-0.042429164124164545
721,2024-07-12 21:50:31.653881,9.0,0.0,0.0,0.0,1.0,5.0,0.0,0.0,2024-07-12,0,1,81.0,1382.968320336884,0.01565623348962349,0.016967253101591025,-0.016967253101591025
722,2024-07-12 21:58:14.825066,9.0,0.0,0.0,0.0,1.0,5.0,0.0,0.0,2024-07-12,0,1,81.0,1382.968320336884,0.01565623348962349,0.016967253101591025,-0.016967253101591025
723,2024-07-12 22:09:35.792918,9.0,0.0,0.0,0.0,1.0,5.0,0.0,0.0,2024-07-12,0,1,81.0,1382.968320336884,0.01565623348962349,0.016967253101591025,-0.016967253101591025
724,2024-07-12 22:17:43.974781,9.0,0.0,0.0,0.0,1.0,5.0,0.0,0.0,2024-07-12,0,1,81.0,1382.968320336884,0.01565623348962349,0.016967253101591025,-0.016967253101591025
725,2024-07-12 22:29:14.977438,9.0,0.0,0.0,0.0,1.0,5.0,0.0,0.0,2024-07-12,0,1,81.0,1382.968320336884,0.01565623348962349,0.016967253101591025,-0.016967253101591025
726,2024-07-12 22:37:57.132753,7.0,0.0,0.0,0.0,1.0,5.0,0.0,0.0,2024-07-12,0,1,49.0,1382.968320336884,0.10176083228414658,0.10213078272976209,-0.10213078272976209
732,2024-07-14 17:18:41.513148,0.0,1.0,0.0,0.0,0.0,5.0,0.0,0.0,2024-07-14,1,1,0.0,1796.053696257545,0.992373150255206,0.9881766398835915,0.011823360116408499
733,2024-07-14 17:20:07.901688,1.0,1.0,0.0,0.0,0.0,5.0,0.0,0.0,2024-07-14,1,1,1.0,1796.053696257545,0.979900908413484,0.9701999099173347,0.029800090082665265
734,2024-07-14 17:21:01.867333,1.0,1.0,0.0,0.0,0.0,5.0,0.0,0.0,2024-07-14,1,1,1.0,1796.053696257545,0.979900908413484,0.9701999099173347,0.029800090082665265
735,2024-07-14 17:22:52.736402,3.0,1.0,0.0,0.0,0.0,5.0,0.0,0.0,2024-07-14,1,1,9.0,1796.053696257545,0.872526204891725,0.8316552086126385,0.16834479138736147
736,2024-07-14 17:27:19.978245,5.0,1.0,0.0,0.0,0.0,5.0,0.0,0.0,2024-07-14,1,1,25.0,1796.053696257545,0.49004804267124247,0.4284486946252726,0.5715513053747274
737,2024-07-14 17:31:47.473402,7.0,1.0,0.0,0.0,0.0,5.0,0.0,0.0,2024-07-14,1,1,49.0,1796.053696257545,0.11887698296588611,0.10213078272976209,0.8978692172702379
738,2024-07-14 17:35:41.102018,5.0,0.0,0.0,0.0,0.0,5.0,0.0,0.0,2024-07-14,0,1,25.0,1796.053696257545,0.49004804267124247,0.4284486946252726,-0.4284486946252726
739,2024-07-14 17:38:20.866816,6.0,1.0,0.0,0.0,0.0,5.0,0.0,0.0,2024-07-14,1,1,36.0,1796.053696257545,0.2647429973295568,0.22601051750673395,0.773989482493266
740,2024-07-14 17:47:03.204471,7.0,1.0,0.0,0.0,0.0,5.0,0.0,0.0,2024-07-14,1,1,49.0,1796.053696257545,0.11887698296588611,0.10213078272976209,0.8978692172702379
741,2024-07-17 20:54:52.903154,2.0,1.0,0.0,0.0,0.0,5.0,0.0,0.0,2024-07-17,1,1,4.0,1316.5575993148643,0.9371645652142169,0.926912189338107,0.07308781066189296
742,2024-07-17 20:56:26.896186,3.0,1.0,0.0,0.0,0.0,5.0,0.0,0.0,2024-07-17,1,1,9.0,1316.5575993148643,0.8482179815422002,0.8316552086126385,0.16834479138736147
743,2024-07-17 20:58:05.180635,4.0,1.0,0.0,0.0,0.0,5.0,0.0,0.0,2024-07-17,1,1,16.0,1316.5575993148643,0.6767869392664558,0.6580486166617547,0.34195138333824526
744,2024-07-17 20:59:32.169260,1.0,1.0,0.0,0.0,0.0,5.0,0.0,0.0,2024-07-17,1,1,1.0,1316.5575993148643,0.9754930722252527,0.9701999099173347,0.029800090082665265
745,2024-07-17 21:01:06.374451,3.0,1.0,0.0,0.0,0.0,5.0,0.0,0.0,2024-07-17,1,1,9.0,1316.5575993148643,0.8482179815422002,0.8316552086126385,0.16834479138736147
746,2024-07-17 21:02:52.339902,5.0,1.0,0.0,0.0,0.0,5.0,0.0,0.0,2024-07-17,1,1,25.0,1316.5575993148643,0.4396450546925376,0.4284486946252726,0.5715513053747274
747,2024-07-17 21:04:39.742976,5.0,1.0,0.0,0.0,0.0,5.0,0.0,0.0,2024-07-17,1,1,25.0,1316.5575993148643,0.4396450546925376,0.4284486946252726,0.5715513053747274
748,2024-07-17 21:11:03.531620,5.0,1.0,0.0,0.0,0.0,5.0,0.0,0.0,2024-07-17,1,1,25.0,1316.5575993148643,0.4396450546925376,0.4284486946252726,0.5715513053747274
749,2024-07-17 21:13:45.079186,6.0,1.0,0.0,0.0,0.0,5.0,0.0,0.0,2024-07-17,1,1,36.0,1316.5575993148643,0.2271893616852786,0.22601051750673395,0.773989482493266
750,2024-07-17 21:17:45.995261,6.0,0.0,0.0,0.0,0.0,5.0,0.0,0.0,2024-07-17,0,1,36.0,1316.5575993148643,0.2271893616852786,0.22601051750673395,-0.22601051750673395
751,2024-07-17 21:21:37.396446,6.0,1.0,0.0,0.0,0.0,5.0,0.0,0.0,2024-07-17,1,1,36.0,1316.5575993148643,0.2271893616852786,0.22601051750673395,0.773989482493266
752,2024-07-17 21:25:34.963576,7.0,0.0,0.0,0.0,0.0,5.0,0.0,0.0,2024-07-17,0,1,49.0,1316.5575993148643,0.09922212545975165,0.10213078272976209,-0.10213078272976209
753,2024-07-17 21:29:31.516954,7.0,0.0,0.0,0.0,0.0,5.0,0.0,0.0,2024-07-17,0,1,49.0,1316.5575993148643,0.09922212545975165,0.10213078272976209,-0.10213078272976209
754,2024-07-17 21:35:22.199801,7.0,0.0,0.0,0.0,0.0,5.0,0.0,0.0,2024-07-17,0,1,49.0,1316.5575993148643,0.09922212545975165,0.10213078272976209,-0.10213078272976209
755,2024-07-17 21:40:20.879723,7.0,0.0,0.0,0.0,0.0,5.0,0.0,0.0,2024-07-17,0,1,49.0,1316.5575993148643,0.09922212545975165,0.10213078272976209,-0.10213078272976209
756,2024-07-17 21:49:04.099404,7.0,0.0,0.0,0.0,0.0,5.0,0.0,0.0,2024-07-17,0,1,49.0,1316.5575993148643,0.09922212545975165,0.10213078272976209,-0.10213078272976209
757,2024-07-17 21:55:47.291477,7.0,0.0,0.0,0.0,0.0,5.0,0.0,0.0,2024-07-17,0,1,49.0,1316.5575993148643,0.09922212545975165,0.10213078272976209,-0.10213078272976209
758,2024-07-17 21:57:21.481626,7.0,0.0,0.0,0.0,0.0,5.0,0.0,0.0,2024-07-17,0,1,49.0,1316.5575993148643,0.09922212545975165,0.10213078272976209,-0.10213078272976209
759,2024-07-17 22:09:07.713902,7.0,0.0,0.0,0.0,0.0,5.0,0.0,0.0,2024-07-17,0,1,49.0,1316.5575993148643,0.09922212545975165,0.10213078272976209,-0.10213078272976209
760,2024-07-17 22:14:52.584462,7.0,0.0,0.0,0.0,0.0,5.0,0.0,0.0,2024-07-17,0,1,49.0,1316.5575993148643,0.09922212545975165,0.10213078272976209,-0.10213078272976209
761,2024-07-18 19:03:37.627730,1.0,1.0,0.0,0.0,0.0,5.0,0.0,0.0,2024-07-18,1,1,1.0,1804.2946865942106,0.9799694370995415,0.9701999099173347,0.029800090082665265
762,2024-07-18 19:05:51.396889,3.0,1.0,0.0,0.0,0.0,5.0,0.0,0.0,2024-07-18,1,1,9.0,1804.2946865942106,0.8729133515334419,0.8316552086126385,0.16834479138736147
763,2024-07-18 19:06:56.083336,5.0,0.0,0.0,0.0,0.0,5.0,0.0,0.0,2024-07-18,0,1,25.0,1804.2946865942106,0.4909190515739405,0.4284486946252726,-0.4284486946252726
764,2024-07-18 19:08:18.083104,5.0,1.0,0.0,0.0,0.0,5.0,0.0,0.0,2024-07-18,1,1,25.0,1804.2946865942106,0.4909190515739405,0.4284486946252726,0.5715513053747274
765,2024-07-18 19:09:33.950311,7.0,0.0,0.0,0.0,0.0,5.0,0.0,0.0,2024-07-18,0,1,49.0,1804.2946865942106,0.11924253667676041,0.10213078272976209,-0.10213078272976209
766,2024-07-18 19:16:21.970980,7.0,0.0,0.0,0.0,0.0,5.0,0.0,0.0,2024-07-18,0,1,49.0,1804.2946865942106,0.11924253667676041,0.10213078272976209,-0.10213078272976209
767,2024-07-18 19:20:09.521547,6.0,0.0,0.0,0.0,0.0,5.0,0.0,0.0,2024-07-18,0,1,36.0,1804.2946865942106,0.26542198126728594,0.22601051750673395,-0.22601051750673395
768,2024-07-18 19:22:18.605129,6.0,1.0,0.0,0.0,0.0,5.0,0.0,0.0,2024-07-18,1,1,36.0,1804.2946865942106,0.26542198126728594,0.22601051750673395,0.773989482493266
769,2024-07-18 19:26:03.484134,7.0,0.0,0.0,0.0,0.0,5.0,0.0,0.0,2024-07-18,0,1,49.0,1804.2946865942106,0.11924253667676041,0.10213078272976209,-0.10213078272976209
770,2024-07-18 19:27:05.391555,7.0,0.0,0.0,0.0,0.0,5.0,0.0,0.0,2024-07-18,0,1,49.0,1804.2946865942106,0.11924253667676041,0.10213078272976209,-0.10213078272976209
771,2024-07-18 19:30:03.884878,7.0,0.0,0.0,0.0,0.0,5.0,0.0,0.0,2024-07-18,0,1,49.0,1804.2946865942106,0.11924253667676041,0.10213078272976209,-0.10213078272976209
772,2024-07-18 19:32:02.980604,8.0,0.0,0.0,0.0,0.0,5.0,0.0,0.0,2024-07-18,0,1,64.0,1804.2946865942106,0.048279230301727906,0.042429164124164545,-0.042429164124164545
773,2024-07-18 19:46:06.551239,8.0,0.0,0.0,0.0,0.0,5.0,0.0,0.0,2024-07-18,0,1,64.0,1804.2946865942106,0.048279230301727906,0.042429164124164545,-0.042429164124164545
774,2024-07-18 19:52:42.718720,7.0,0.0,0.0,0.0,0.0,5.0,0.0,0.0,2024-07-18,0,1,49.0,1804.2946865942106,0.11924253667676041,0.10213078272976209,-0.10213078272976209
775,2024-07-18 19:58:57.056441,8.0,0.0,0.0,0.0,0.0,5.0,0.0,0.0,2024-07-18,0,1,64.0,1804.2946865942106,0.048279230301727906,0.042429164124164545,-0.042429164124164545
789,2024-07-25 19:43:25.063729,0.0,1.0,0.0,250.0,0.0,5.0,0.0,0.0,2024-07-25,1,1,0.0,926.0253396412357,0.989018161925229,0.9881766398835915,0.011823360116408499
790,2024-07-25 19:44:24.187313,1.0,1.0,0.0,250.0,0.0,5.0,0.0,0.0,2024-07-25,1,1,1.0,926.0253396412357,0.9712186045991923,0.9701999099173347,0.029800090082665265
791,2024-07-25 19:45:30.594201,1.0,1.0,0.0,250.0,0.0,5.0,0.0,0.0,2024-07-25,1,1,1.0,926.0253396412357,0.9712186045991923,0.9701999099173347,0.029800090082665265
792,2024-07-25 19:47:03.682791,2.0,1.0,0.0,250.0,0.0,5.0,0.0,0.0,2024-07-25,1,1,4.0,926.0253396412357,0.9267071748963879,0.926912189338107,0.07308781066189296
793,2024-07-25 19:51:15.681001,3.0,1.0,0.0,250.0,0.0,5.0,0.0,0.0,2024-07-25,1,1,9.0,926.0253396412357,0.8257106313348634,0.8316552086126385,0.16834479138736147
794,2024-07-25 19:52:01.536808,4.0,1.0,0.0,250.0,0.0,5.0,0.0,0.0,2024-07-25,1,1,16.0,926.0253396412357,0.6396579706013258,0.6580486166617547,0.34195138333824526
795,2024-07-25 19:56:05.517681,4.0,1.0,0.0,250.0,0.0,5.0,0.0,0.0,2024-07-25,1,1,16.0,926.0253396412357,0.6396579706013258,0.6580486166617547,0.34195138333824526
796,2024-07-25 19:59:31.784345,7.0,0.0,0.0,250.0,0.0,5.0,0.0,0.0,2024-07-25,0,1,49.0,926.0253396412357,0.08540610974364146,0.10213078272976209,-0.10213078272976209
797,2024-07-28 12:46:38.414243,1.0,1.0,0.0,250.0,1.0,5.0,0.0,0.0,2024-07-28,1,1,1.0,675.3908946409897,0.9681029060025677,0.9701999099173347,0.029800090082665265
798,2024-07-28 13:15:20.655836,2.0,1.0,0.0,250.0,1.0,5.0,0.0,0.0,2024-07-28,1,1,4.0,675.3908946409897,0.9191739447398211,0.926912189338107,0.07308781066189296
799,2024-07-28 13:15:26.301805,4.0,1.0,0.0,250.0,1.0,5.0,0.0,0.0,2024-07-28,1,1,16.0,675.3908946409897,0.614882104641994,0.6580486166617547,0.34195138333824526
800,2024-07-28 13:39:24.605717,5.0,0.0,0.0,250.0,1.0,5.0,0.0,0.0,2024-07-28,0,1,25.0,675.3908946409897,0.3743110000524389,0.4284486946252726,-0.4284486946252726
801,2024-07-28 13:39:32.076549,5.0,0.0,0.0,250.0,1.0,5.0,0.0,0.0,2024-07-28,0,1,25.0,675.3908946409897,0.3743110000524389,0.4284486946252726,-0.4284486946252726
802,2024-07-28 13:48:34.243279,5.0,0.0,0.0,250.0,1.0,5.0,0.0,0.0,2024-07-28,0,1,25.0,675.3908946409897,0.3743110000524389,0.4284486946252726,-0.4284486946252726
803,2024-07-28 14:07:46.883666,5.0,0.0,0.0,250.0,1.0,5.0,0.0,0.0,2024-07-28,0,1,25.0,675.3908946409897,0.3743110000524389,0.4284486946252726,-0.4284486946252726
804,2024-07-28 14:15:55.652870,5.0,0.0,0.0,250.0,1.0,5.0,0.0,0.0,2024-07-28,0,1,25.0,675.3908946409897,0.3743110000524389,0.4284486946252726,-0.4284486946252726
805,2024-07-28 14:19:55.078830,5.0,0.0,0.0,250.0,1.0,5.0,0.0,0.0,2024-07-28,0,1,25.0,675.3908946409897,0.3743110000524389,0.4284486946252726,-0.4284486946252726
806,2024-07-28 14:38:51.121218,2.0,1.0,0.0,250.0,1.0,5.0,0.0,0.0,2024-07-28,1,1,4.0,675.3908946409897,0.9191739447398211,0.926912189338107,0.07308781066189296
807,2024-07-28 14:55:20.891280,3.0,1.0,0.0,250.0,1.0,5.0,0.0,0.0,2024-07-28,1,1,9.0,675.3908946409897,0.8099258622610795,0.8316552086126385,0.16834479138736147
808,2024-07-28 15:06:44.098542,4.0,1.0,0.0,250.0,1.0,5.0,0.0,0.0,2024-07-28,1,1,16.0,675.3908946409897,0.614882104641994,0.6580486166617547,0.34195138333824526
809,2024-07-28 15:18:23.523264,5.0,0.0,0.0,250.0,1.0,5.0,0.0,0.0,2024-07-28,0,1,25.0,675.3908946409897,0.3743110000524389,0.4284486946252726,-0.4284486946252726
810,2024-07-28 16:47:13.445218,11.0,0.0,0.0,250.0,1.0,5.0,0.0,0.0,2024-07-28,0,1,121.0,675.3908946409897,0.0016527653018306235,0.002612206925651033,-0.002612206925651033
811,2024-07-28 16:58:12.712336,11.0,0.0,0.0,250.0,1.0,5.0,0.0,0.0,2024-07-28,0,1,121.0,675.3908946409897,0.0016527653018306235,0.002612206925651033,-0.002612206925651033
812,2024-07-28 17:06:42.868290,11.0,0.0,0.0,250.0,1.0,5.0,0.0,0.0,2024-07-28,0,1,121.0,675.3908946409897,0.0016527653018306235,0.002612206925651033,-0.002612206925651033
813,2024-07-28 17:17:48.938276,11.0,0.0,0.0,250.0,1.0,5.0,0.0,0.0,2024-07-28,0,1,121.0,675.3908946409897,0.0016527653018306235,0.002612206925651033,-0.002612206925651033
814,2024-07-28 17:26:33.776794,11.0,0.0,0.0,250.0,1.0,5.0,0.0,0.0,2024-07-28,0,1,121.0,675.3908946409897,0.0016527653018306235,0.002612206925651033,-0.002612206925651033
815,2024-07-28 17:45:51.138339,11.0,0.0,0.0,250.0,1.0,5.0,0.0,0.0,2024-07-28,0,1,121.0,675.3908946409897,0.0016527653018306235,0.002612206925651033,-0.002612206925651033
816,2024-07-28 17:47:29.702919,11.0,0.0,0.0,250.0,1.0,5.0,0.0,0.0,2024-07-28,0,1,121.0,675.3908946409897,0.0016527653018306235,0.002612206925651033,-0.002612206925651033
817,2024-07-28 18:00:27.378438,11.0,0.0,0.0,250.0,1.0,5.0,0.0,0.0,2024-07-28,0,1,121.0,675.3908946409897,0.0016527653018306235,0.002612206925651033,-0.002612206925651033
818,2024-07-28 18:07:32.301508,11.0,0.0,0.0,250.0,1.0,5.0,0.0,0.0,2024-07-28,0,1,121.0,675.3908946409897,0.0016527653018306235,0.002612206925651033,-0.002612206925651033
819,2024-07-28 18:18:39.377857,11.0,0.0,0.0,250.0,1.0,5.0,0.0,0.0,2024-07-28,0,1,121.0,675.3908946409897,0.0016527653018306235,0.002612206925651033,-0.002612206925651033
820,2024-07-28 18:19:21.015501,11.0,0.0,0.0,250.0,1.0,5.0,0.0,0.0,2024-07-28,0,1,121.0,675.3908946409897,0.0016527653018306235,0.002612206925651033,-0.002612206925651033
821,2024-07-28 18:23:44.929566,11.0,0.0,0.0,250.0,1.0,5.0,0.0,0.0,2024-07-28,0,1,121.0,675.3908946409897,0.0016527653018306235,0.002612206925651033,-0.002612206925651033
822,2024-07-28 18:40:35.209287,11.0,0.0,0.0,250.0,1.0,5.0,0.0,0.0,2024-07-28,0,1,121.0,675.3908946409897,0.0016527653018306235,0.002612206925651033,-0.002612206925651033
823,2024-07-30 18:08:51.567822,2.0,1.0,0.0,250.0,0.0,5.0,0.0,0.0,2024-07-30,1,1,4.0,2066.187385023333,0.9534417861150422,0.926912189338107,0.07308781066189296
824,2024-07-30 18:11:22.023469,3.0,1.0,0.0,250.0,0.0,5.0,0.0,0.0,2024-07-30,1,1,9.0,2066.187385023333,0.884701659811845,0.8316552086126385,0.16834479138736147
825,2024-07-30 18:12:49.809469,4.0,1.0,0.0,250.0,0.0,5.0,0.0,0.0,2024-07-30,1,1,16.0,2066.187385023333,0.741940709858294,0.6580486166617547,0.34195138333824526
826,2024-07-30 18:15:25.119544,5.0,1.0,0.0,250.0,0.0,5.0,0.0,0.0,2024-07-30,1,1,25.0,2066.187385023333,0.5185995358708704,0.4284486946252726,0.5715513053747274
827,2024-07-30 18:18:57.592837,7.0,1.0,0.0,250.0,0.0,5.0,0.0,0.0,2024-07-30,1,1,49.0,2066.187385023333,0.13137422409930619,0.10213078272976209,0.8978692172702379
828,2024-07-30 18:28:45.314249,6.0,1.0,0.0,250.0,0.0,5.0,0.0,0.0,2024-07-30,1,1,36.0,2066.187385023333,0.2875700740250036,0.22601051750673395,0.773989482493266
829,2024-07-30 18:36:01.394251,7.0,0.0,0.0,250.0,0.0,5.0,0.0,0.0,2024-07-30,0,1,49.0,2066.187385023333,0.13137422409930619,0.10213078272976209,-0.10213078272976209
830,2024-07-30 18:40:39.690645,7.0,0.0,0.0,250.0,0.0,5.0,0.0,0.0,2024-07-30,0,1,49.0,2066.187385023333,0.13137422409930619,0.10213078272976209,-0.10213078272976209
831,2024-07-30 18:46:12.893535,7.0,0.0,0.0,250.0,0.0,5.0,0.0,0.0,2024-07-30,0,1,49.0,2066.187385023333,0.13137422409930619,0.10213078272976209,-0.10213078272976209
832,2024-07-30 18:53:16.837563,8.0,0.0,0.0,250.0,0.0,5.0,0.0,0.0,2024-07-30,0,1,64.0,2066.187385023333,0.05363076375907003,0.042429164124164545,-0.042429164124164545
833,2024-07-30 18:57:17.363556,8.0,0.0,0.0,250.0,0.0,5.0,0.0,0.0,2024-07-30,0,1,64.0,2066.187385023333,0.05363076375907003,0.042429164124164545,-0.042429164124164545
834,2024-07-30 19:01:35.762637,8.0,0.0,0.0,250.0,0.0,5.0,0.0,0.0,2024-07-30,0,1,64.0,2066.187385023333,0.05363076375907003,0.042429164124164545,-0.042429164124164545
835,2024-07-30 19:09:46.283710,7.0,0.0,0.0,250.0,0.0,5.0,0.0,0.0,2024-07-30,0,1,49.0,2066.187385023333,0.13137422409930619,0.10213078272976209,-0.10213078272976209
836,2024-07-30 19:17:32.307699,7.0,0.0,0.0,250.0,0.0,5.0,0.0,0.0,2024-07-30,0,1,49.0,2066.187385023333,0.13137422409930619,0.10213078272976209,-0.10213078272976209
837,2024-07-30 19:25:55.921068,7.0,0.0,0.0,250.0,0.0,5.0,0.0,0.0,2024-07-30,0,1,49.0,2066.187385023333,0.13137422409930619,0.10213078272976209,-0.10213078272976209
838,2024-08-01 18:55:34.195323,1.0,1.0,0.0,250.0,0.0,5.0,0.0,0.0,2024-08-01,1,1,1.0,2094.4915904275013,0.9822418481682726,0.9701999099173347,0.029800090082665265
839,2024-08-01 18:56:19.393956,2.0,1.0,0.0,250.0,0.0,5.0,0.0,0.0,2024-08-01,1,1,4.0,2094.4915904275013,0.9539702873487019,0.926912189338107,0.07308781066189296
840,2024-08-01 18:57:17.526928,3.0,1.0,0.0,250.0,0.0,5.0,0.0,0.0,2024-08-01,1,1,9.0,2094.4915904275013,0.8859170926962819,0.8316552086126385,0.16834479138736147
841,2024-08-01 19:00:24.858199,4.0,1.0,0.0,250.0,0.0,5.0,0.0,0.0,2024-08-01,1,1,16.0,2094.4915904275013,0.7442259885803587,0.6580486166617547,0.34195138333824526
842,2024-08-01 19:05:15.367036,5.0,1.0,0.0,250.0,0.0,5.0,0.0,0.0,2024-08-01,1,1,25.0,2094.4915904275013,0.5215873141856612,0.4284486946252726,0.5715513053747274
843,2024-08-01 19:08:02.239386,6.0,0.0,0.0,250.0,0.0,5.0,0.0,0.0,2024-08-01,0,1,36.0,2094.4915904275013,0.2900287314622149,0.22601051750673395,-0.22601051750673395
844,2024-08-01 19:12:08.180812,6.0,1.0,0.0,250.0,0.0,5.0,0.0,0.0,2024-08-01,1,1,36.0,2094.4915904275013,0.2900287314622149,0.22601051750673395,0.773989482493266
845,2024-08-01 19:21:25.797462,8.0,1.0,0.0,250.0,0.0,5.0,0.0,0.0,2024-08-01,1,1,64.0,2094.4915904275013,0.05424157603965234,0.042429164124164545,0.9575708358758355
846,2024-08-01 19:33:05.870687,9.0,0.0,0.0,250.0,1.0,5.0,0.0,0.0,2024-08-01,0,1,81.0,2094.4915904275013,0.021037496437941314,0.016967253101591025,-0.016967253101591025
847,2024-08-01 19:39:09.943142,9.0,0.0,0.0,250.0,1.0,5.0,0.0,0.0,2024-08-01,0,1,81.0,2094.4915904275013,0.021037496437941314,0.016967253101591025,-0.016967253101591025
848,2024-08-01 19:43:57.895467,9.0,0.0,0.0,250.0,0.0,5.0,0.0,0.0,2024-08-01,0,1,81.0,2094.4915904275013,0.021037496437941314,0.016967253101591025,-0.016967253101591025
849,2024-08-01 19:58:49.725882,9.0,0.0,0.0,250.0,1.0,5.0,0.0,0.0,2024-08-01,0,1,81.0,2094.4915904275013,0.021037496437941314,0.016967253101591025,-0.016967253101591025
850,2024-08-01 20:04:03.680103,9.0,0.0,0.0,250.0,1.0,5.0,0.0,0.0,2024-08-01,0,1,81.0,2094.4915904275013,0.021037496437941314,0.016967253101591025,-0.016967253101591025
851,2024-08-01 20:09:11.073310,9.0,0.0,0.0,250.0,1.0,5.0,0.0,0.0,2024-08-01,0,1,81.0,2094.4915904275013,0.021037496437941314,0.016967253101591025,-0.016967253101591025
852,2024-08-03 14:14:53.663501,9.0,0.0,0.0,250.0,0.0,5.0,0.0,0.0,2024-08-03,0,1,81.0,2160.8392088742817,0.021623221151552702,0.016967253101591025,-0.016967253101591025
853,2024-08-03 14:22:53.239144,9.0,0.0,0.0,250.0,1.0,5.0,0.0,0.0,2024-08-03,0,1,81.0,2160.8392088742817,0.021623221151552702,0.016967253101591025,-0.016967253101591025
854,2024-08-03 14:26:48.976217,9.0,0.0,0.0,250.0,1.0,5.0,0.0,0.0,2024-08-03,0,1,81.0,2160.8392088742817,0.021623221151552702,0.016967253101591025,-0.016967253101591025
855,2024-08-03 14:31:47.543181,9.0,0.0,0.0,250.0,1.0,5.0,0.0,0.0,2024-08-03,0,1,81.0,2160.8392088742817,0.021623221151552702,0.016967253101591025,-0.016967253101591025
856,2024-08-03 14:36:50.983397,9.0,0.0,0.0,250.0,0.0,5.0,0.0,0.0,2024-08-03,0,1,81.0,2160.8392088742817,0.021623221151552702,0.016967253101591025,-0.016967253101591025
857,2024-08-03 14:41:38.785119,9.0,0.0,0.0,250.0,1.0,5.0,0.0,0.0,2024-08-03,0,1,81.0,2160.8392088742817,0.021623221151552702,0.016967253101591025,-0.016967253101591025
858,2024-08-03 14:52:41.572241,9.0,0.0,0.0,250.0,0.0,5.0,0.0,0.0,2024-08-03,0,1,81.0,2160.8392088742817,0.021623221151552702,0.016967253101591025,-0.016967253101591025
859,2024-08-03 15:02:53.489504,9.0,0.0,0.0,250.0,1.0,5.0,0.0,0.0,2024-08-03,0,1,81.0,2160.8392088742817,0.021623221151552702,0.016967253101591025,-0.016967253101591025
860,2024-08-03 16:03:04.021183,7.0,0.0,0.0,250.0,1.0,5.0,0.0,0.0,2024-08-03,0,1,49.0,2160.8392088742817,0.13601008024230696,0.10213078272976209,-0.10213078272976209
861,2024-08-03 16:06:52.991395,7.0,0.0,0.0,250.0,1.0,5.0,0.0,0.0,2024-08-03,0,1,49.0,2160.8392088742817,0.13601008024230696,0.10213078272976209,-0.10213078272976209
862,2024-08-03 16:07:56.365159,7.0,0.0,0.0,250.0,1.0,5.0,0.0,0.0,2024-08-03,0,1,49.0,2160.8392088742817,0.13601008024230696,0.10213078272976209,-0.10213078272976209
863,2024-08-03 16:16:54.999086,7.0,0.0,0.0,250.0,1.0,5.0,0.0,0.0,2024-08-03,0,1,49.0,2160.8392088742817,0.13601008024230696,0.10213078272976209,-0.10213078272976209
864,2024-08-03 16:19:35.321509,7.0,0.0,0.0,250.0,1.0,5.0,0.0,0.0,2024-08-03,0,1,49.0,2160.8392088742817,0.13601008024230696,0.10213078272976209,-0.10213078272976209
865,2024-08-03 16:29:53.058778,7.0,0.0,0.0,250.0,1.0,5.0,0.0,0.0,2024-08-03,0,1,49.0,2160.8392088742817,0.13601008024230696,0.10213078272976209,-0.10213078272976209
866,2024-08-03 16:31:32.889253,7.0,0.0,0.0,250.0,1.0,5.0,0.0,0.0,2024-08-03,0,1,49.0,2160.8392088742817,0.13601008024230696,0.10213078272976209,-0.10213078272976209
867,2024-08-03 16:43:55.109999,7.0,0.0,0.0,250.0,1.0,5.0,0.0,0.0,2024-08-03,0,1,49.0,2160.8392088742817,0.13601008024230696,0.10213078272976209,-0.10213078272976209
868,2024-08-03 16:56:47.486717,7.0,1.0,0.0,250.0,1.0,5.0,0.0,0.0,2024-08-03,1,1,49.0,2160.8392088742817,0.13601008024230696,0.10213078272976209,0.8978692172702379
869,2024-08-03 17:00:11.555760,9.0,0.0,0.0,250.0,1.0,5.0,0.0,0.0,2024-08-03,0,1,81.0,2160.8392088742817,0.021623221151552702,0.016967253101591025,-0.016967253101591025
870,2024-08-03 17:37:02.326258,12.0,0.0,0.0,250.0,1.0,5.0,0.0,0.0,2024-08-03,0,1,144.0,2160.8392088742817,0.0011612811353767887,0.0010191794673629008,-0.0010191794673629008
871,2024-08-03 17:54:03.490031,12.0,0.0,0.0,250.0,1.0,5.0,0.0,0.0,2024-08-03,0,1,144.0,2160.8392088742817,0.0011612811353767887,0.0010191794673629008,-0.0010191794673629008
872,2024-08-03 18:02:15.888648,12.0,0.0,0.0,250.0,1.0,5.0,0.0,0.0,2024-08-03,0,1,144.0,2160.8392088742817,0.0011612811353767887,0.0010191794673629008,-0.0010191794673629008
873,2024-08-03 18:10:49.294198,12.0,0.0,0.0,250.0,1.0,5.0,0.0,0.0,2024-08-03,0,1,144.0,2160.8392088742817,0.0011612811353767887,0.0010191794673629008,-0.0010191794673629008
874,2024-08-03 18:31:16.669479,12.0,0.0,0.0,250.0,1.0,5.0,0.0,0.0,2024-08-03,0,1,144.0,2160.8392088742817,0.0011612811353767887,0.0010191794673629008,-0.0010191794673629008
875,2024-08-08 18:41:46.414623,1.0,1.0,0.0,250.0,0.0,5.0,0.0,0.0,2024-08-08,1,1,1.0,2125.138062942714,0.9824665182469347,0.9701999099173347,0.029800090082665265
876,2024-08-08 18:43:14.234640,2.0,1.0,0.0,250.0,0.0,5.0,0.0,0.0,2024-08-08,1,1,4.0,2125.138062942714,0.9545360839415593,0.926912189338107,0.07308781066189296
877,2024-08-08 18:44:23.783135,3.0,1.0,0.0,250.0,0.0,5.0,0.0,0.0,2024-08-08,1,1,9.0,2125.138062942714,0.88722050514457,0.8316552086126385,0.16834479138736147
878,2024-08-08 18:45:44.180620,4.0,1.0,0.0,250.0,0.0,5.0,0.0,0.0,2024-08-08,1,1,16.0,2125.138062942714,0.746685357971433,0.6580486166617547,0.34195138333824526
879,2024-08-08 18:49:02.617624,5.0,1.0,0.0,250.0,0.0,5.0,0.0,0.0,2024-08-08,1,1,25.0,2125.138062942714,0.5248205938370086,0.4284486946252726,0.5715513053747274
880,2024-08-08 18:51:42.268658,5.0,1.0,0.0,250.0,0.0,5.0,0.0,0.0,2024-08-08,1,1,25.0,2125.138062942714,0.5248205938370086,0.4284486946252726,0.5715513053747274
881,2024-08-08 19:06:31.143138,6.0,0.0,0.0,250.0,0.0,5.0,0.0,0.0,2024-08-08,0,1,36.0,2125.138062942714,0.2927048192765222,0.22601051750673395,-0.22601051750673395
882,2024-08-08 19:10:00.517384,7.0,0.0,0.0,250.0,0.0,5.0,0.0,0.0,2024-08-08,0,1,49.0,2125.138062942714,0.13424552971643508,0.10213078272976209,-0.10213078272976209
883,2024-08-08 19:11:06.507228,7.0,0.0,0.0,250.0,0.0,5.0,0.0,0.0,2024-08-08,0,1,49.0,2125.138062942714,0.13424552971643508,0.10213078272976209,-0.10213078272976209
884,2024-08-08 19:13:52.579110,6.0,0.0,0.0,250.0,0.0,5.0,0.0,0.0,2024-08-08,0,1,36.0,2125.138062942714,0.2927048192765222,0.22601051750673395,-0.22601051750673395
885,2024-08-08 19:26:24.057047,9.0,0.0,0.0,250.0,0.0,5.0,0.0,0.0,2024-08-08,0,1,81.0,2125.138062942714,0.021306092461404497,0.016967253101591025,-0.016967253101591025
886,2024-08-12 13:53:40.795008,1.0,1.0,0.0,250.0,1.0,5.0,0.0,0.0,2024-08-12,1,1,1.0,1415.7303039549959,0.976476013148812,0.9701999099173347,0.029800090082665265
887,2024-08-12 13:53:52.193455,1.0,1.0,0.0,250.0,1.0,5.0,0.0,0.0,2024-08-12,1,1,1.0,1415.7303039549959,0.976476013148812,0.9701999099173347,0.029800090082665265
888,2024-08-12 14:15:31.062557,3.0,1.0,0.0,250.0,1.0,5.0,0.0,0.0,2024-08-12,1,1,9.0,1415.7303039549959,0.8535393192647348,0.8316552086126385,0.16834479138736147
889,2024-08-12 14:44:35.462616,8.0,0.0,0.0,250.0,1.0,5.0,0.0,0.0,2024-08-12,0,1,64.0,1415.7303039549959,0.04126489045649973,0.042429164124164545,-0.042429164124164545
890,2024-08-12 15:56:47.221129,5.0,1.0,0.0,250.0,1.0,5.0,0.0,0.0,2024-08-12,1,1,25.0,1415.7303039549959,0.45000255988908067,0.4284486946252726,0.5715513053747274
891,2024-08-12 16:10:44.675957,8.0,0.0,0.0,250.0,1.0,5.0,0.0,0.0,2024-08-12,0,1,64.0,1415.7303039549959,0.04126489045649973,0.042429164124164545,-0.042429164124164545
892,2024-08-12 17:35:09.369133,9.0,0.0,0.0,250.0,1.0,5.0,0.0,0.0,2024-08-12,0,1,81.0,1415.7303039549959,0.015871205677983828,0.016967253101591025,-0.016967253101591025
893,2024-08-12 18:06:15.571245,8.0,0.0,0.0,250.0,1.0,5.0,0.0,0.0,2024-08-12,0,1,64.0,1415.7303039549959,0.04126489045649973,0.042429164124164545,-0.042429164124164545
894,2024-08-12 18:09:00.035450,8.0,0.0,0.0,250.0,1.0,5.0,0.0,0.0,2024-08-12,0,1,64.0,1415.7303039549959,0.04126489045649973,0.042429164124164545,-0.042429164124164545
895,2024-08-12 20:49:22.725526,8.0,0.0,0.0,250.0,1.0,5.0,0.0,0.0,2024-08-12,0,1,64.0,1415.7303039549959,0.04126489045649973,0.042429164124164545,-0.042429164124164545
896,2024-08-13 13:29:02.269808,1.0,1.0,0.0,250.0,1.0,5.0,0.0,0.0,2024-08-13,1,1,1.0,1664.265312505193,0.9787733072701592,0.9701999099173347,0.029800090082665265
897,2024-08-13 13:29:08.575718,4.0,1.0,0.0,250.0,1.0,5.0,0.0,0.0,2024-08-13,1,1,16.0,1664.265312505193,0.7080843096328343,0.6580486166617547,0.34195138333824526
898,2024-08-13 13:38:13.246676,5.0,1.0,0.0,250.0,1.0,5.0,0.0,0.0,2024-08-13,1,1,25.0,1664.265312505193,0.4761308217761144,0.4284486946252726,0.5715513053747274
899,2024-08-13 13:59:12.496897,7.0,0.0,0.0,250.0,1.0,5.0,0.0,0.0,2024-08-13,0,1,49.0,1664.265312505193,0.11316175971162386,0.10213078272976209,-0.10213078272976209
900,2024-08-13 13:59:26.644145,7.0,0.0,0.0,250.0,1.0,5.0,0.0,0.0,2024-08-13,0,1,49.0,1664.265312505193,0.11316175971162386,0.10213078272976209,-0.10213078272976209
901,2024-08-13 14:06:13.435812,7.0,0.0,0.0,250.0,1.0,5.0,0.0,0.0,2024-08-13,0,1,49.0,1664.265312505193,0.11316175971162386,0.10213078272976209,-0.10213078272976209
902,2024-08-13 14:17:17.761817,7.0,0.0,0.0,250.0,1.0,5.0,0.0,0.0,2024-08-13,0,1,49.0,1664.265312505193,0.11316175971162386,0.10213078272976209,-0.10213078272976209
903,2024-08-13 14:39:23.058551,7.0,0.0,0.0,250.0,1.0,5.0,0.0,0.0,2024-08-13,0,1,49.0,1664.265312505193,0.11316175971162386,0.10213078272976209,-0.10213078272976209
904,2024-08-13 14:45:07.163418,7.0,0.0,0.0,250.0,1.0,5.0,0.0,0.0,2024-08-13,0,1,49.0,1664.265312505193,0.11316175971162386,0.10213078272976209,-0.10213078272976209
905,2024-08-13 14:50:34.247028,7.0,0.0,0.0,250.0,1.0,5.0,0.0,0.0,2024-08-13,0,1,49.0,1664.265312505193,0.11316175971162386,0.10213078272976209,-0.10213078272976209
906,2024-08-13 15:06:23.948268,7.0,0.0,0.0,250.0,1.0,5.0,0.0,0.0,2024-08-13,0,1,49.0,1664.265312505193,0.11316175971162386,0.10213078272976209,-0.10213078272976209
907,2024-08-13 15:08:23.167725,7.0,0.0,0.0,250.0,1.0,5.0,0.0,0.0,2024-08-13,0,1,49.0,1664.265312505193,0.11316175971162386,0.10213078272976209,-0.10213078272976209
908,2024-08-13 15:26:49.129343,7.0,0.0,0.0,250.0,1.0,5.0,0.0,0.0,2024-08-13,0,1,49.0,1664.265312505193,0.11316175971162386,0.10213078272976209,-0.10213078272976209
909,2024-08-13 15:47:54.729589,7.0,0.0,0.0,250.0,1.0,5.0,0.0,0.0,2024-08-13,0,1,49.0,1664.265312505193,0.11316175971162386,0.10213078272976209,-0.10213078272976209
910,2024-08-13 16:18:44.393983,7.0,0.0,0.0,250.0,1.0,5.0,0.0,0.0,2024-08-13,0,1,49.0,1664.265312505193,0.11316175971162386,0.10213078272976209,-0.10213078272976209
911,2024-08-13 16:20:53.511570,7.0,0.0,0.0,250.0,1.0,5.0,0.0,0.0,2024-08-13,0,1,49.0,1664.265312505193,0.11316175971162386,0.10213078272976209,-0.10213078272976209
912,2024-08-13 16:39:30.847675,7.0,0.0,0.0,250.0,1.0,5.0,0.0,0.0,2024-08-13,0,1,49.0,1664.265312505193,0.11316175971162386,0.10213078272976209,-0.10213078272976209
913,2024-08-14 16:16:46.038590,1.0,1.0,0.0,250.0,1.0,5.0,0.0,0.0,2024-08-14,1,1,1.0,2170.7148187315815,0.982795488393291,0.9701999099173347,0.029800090082665265
914,2024-08-14 16:16:53.472012,1.0,1.0,0.0,250.0,1.0,5.0,0.0,0.0,2024-08-14,1,1,1.0,2170.7148187315815,0.982795488393291,0.9701999099173347,0.029800090082665265
915,2024-08-14 16:34:59.520499,8.0,0.0,0.0,250.0,1.0,5.0,0.0,0.0,2024-08-14,0,1,64.0,2170.7148187315815,0.05591925282718777,0.042429164124164545,-0.042429164124164545
916,2024-08-14 16:46:21.183232,8.0,0.0,0.0,250.0,1.0,5.0,0.0,0.0,2024-08-14,0,1,64.0,2170.7148187315815,0.05591925282718777,0.042429164124164545,-0.042429164124164545
917,2024-08-14 17:01:54.491919,8.0,0.0,0.0,250.0,1.0,5.0,0.0,0.0,2024-08-14,0,1,64.0,2170.7148187315815,0.05591925282718777,0.042429164124164545,-0.042429164124164545
918,2024-08-14 17:16:22.869419,8.0,0.0,0.0,250.0,1.0,5.0,0.0,0.0,2024-08-14,0,1,64.0,2170.7148187315815,0.05591925282718777,0.042429164124164545,-0.042429164124164545
919,2024-08-14 17:27:48.295687,8.0,0.0,0.0,250.0,1.0,5.0,0.0,0.0,2024-08-14,0,1,64.0,2170.7148187315815,0.05591925282718777,0.042429164124164545,-0.042429164124164545
920,2024-08-14 17:40:39.504074,8.0,0.0,0.0,250.0,1.0,5.0,0.0,0.0,2024-08-14,0,1,64.0,2170.7148187315815,0.05591925282718777,0.042429164124164545,-0.042429164124164545
921,2024-08-14 18:26:54.416482,8.0,0.0,0.0,250.0,1.0,5.0,0.0,0.0,2024-08-14,0,1,64.0,2170.7148187315815,0.05591925282718777,0.042429164124164545,-0.042429164124164545
922,2024-08-14 19:00:40.186440,8.0,0.0,0.0,250.0,1.0,5.0,0.0,0.0,2024-08-14,0,1,64.0,2170.7148187315815,0.05591925282718777,0.042429164124164545,-0.042429164124164545
923,2024-08-15 16:29:04.185730,6.0,0.0,0.0,250.0,1.0,5.0,0.0,0.0,2024-08-15,0,1,36.0,2395.7447030186295,0.31694701163322175,0.22601051750673395,-0.22601051750673395
924,2024-08-15 16:29:08.751258,6.0,0.0,0.0,250.0,1.0,5.0,0.0,0.0,2024-08-15,0,1,36.0,2395.7447030186295,0.31694701163322175,0.22601051750673395,-0.22601051750673395
925,2024-08-15 16:29:12.349466,6.0,0.0,0.0,250.0,1.0,5.0,0.0,0.0,2024-08-15,0,1,36.0,2395.7447030186295,0.31694701163322175,0.22601051750673395,-0.22601051750673395
926,2024-08-15 17:11:46.383077,6.0,0.0,0.0,250.0,1.0,5.0,0.0,0.0,2024-08-15,0,1,36.0,2395.7447030186295,0.31694701163322175,0.22601051750673395,-0.22601051750673395
927,2024-08-15 17:25:36.522004,6.0,0.0,0.0,250.0,1.0,5.0,0.0,0.0,2024-08-15,0,1,36.0,2395.7447030186295,0.31694701163322175,0.22601051750673395,-0.22601051750673395
928,2024-08-15 17:51:47.782147,6.0,0.0,0.0,250.0,1.0,5.0,0.0,0.0,2024-08-15,0,1,36.0,2395.7447030186295,0.31694701163322175,0.22601051750673395,-0.22601051750673395
929,2024-08-16 13:31:37.742908,1.0,1.0,0.0,250.0,1.0,5.0,0.0,0.0,2024-08-16,1,1,1.0,2292.818136490412,0.9836472235018655,0.9701999099173347,0.029800090082665265
930,2024-08-16 13:39:46.062498,1.0,1.0,0.0,250.0,1.0,5.0,0.0,0.0,2024-08-16,1,1,1.0,2292.818136490412,0.9836472235018655,0.9701999099173347,0.029800090082665265
931,2024-08-16 14:51:25.562380,4.0,0.0,0.0,250.0,1.0,5.0,0.0,0.0,2024-08-16,0,1,16.0,2292.818136490412,0.7598627482124017,0.6580486166617547,-0.6580486166617547
932,2024-08-16 14:57:05.813585,4.0,0.0,0.0,250.0,1.0,5.0,0.0,0.0,2024-08-16,0,1,16.0,2292.818136490412,0.7598627482124017,0.6580486166617547,-0.6580486166617547
933,2024-08-16 15:08:15.240265,4.0,1.0,0.0,250.0,1.0,5.0,0.0,0.0,2024-08-16,1,1,16.0,2292.818136490412,0.7598627482124017,0.6580486166617547,0.34195138333824526
934,2024-08-16 17:54:16.671505,5.0,0.0,0.0,250.0,1.0,5.0,0.0,0.0,2024-08-16,0,1,25.0,2292.818136490412,0.5424673621660104,0.4284486946252726,-0.4284486946252726
935,2024-08-16 17:54:22.134541,5.0,0.0,0.0,250.0,1.0,5.0,0.0,0.0,2024-08-16,0,1,25.0,2292.818136490412,0.5424673621660104,0.4284486946252726,-0.4284486946252726
936,2024-08-16 17:54:25.291958,5.0,0.0,0.0,250.0,1.0,5.0,0.0,0.0,2024-08-16,0,1,25.0,2292.818136490412,0.5424673621660104,0.4284486946252726,-0.4284486946252726
937,2024-08-16 17:54:30.637569,5.0,1.0,0.0,250.0,1.0,5.0,0.0,0.0,2024-08-16,1,1,25.0,2292.818136490412,0.5424673621660104,0.4284486946252726,0.5715513053747274
938,2024-08-16 18:05:52.289314,8.0,0.0,0.0,250.0,1.0,5.0,0.0,0.0,2024-08-16,0,1,64.0,2292.818136490412,0.05870880987861011,0.042429164124164545,-0.042429164124164545
939,2024-08-16 18:22:48.031464,8.0,0.0,0.0,250.0,1.0,5.0,0.0,0.0,2024-08-16,0,1,64.0,2292.818136490412,0.05870880987861011,0.042429164124164545,-0.042429164124164545
940,2024-08-16 18:39:41.055985,8.0,0.0,0.0,250.0,1.0,5.0,0.0,0.0,2024-08-16,0,1,64.0,2292.818136490412,0.05870880987861011,0.042429164124164545,-0.042429164124164545
941,2024-08-16 18:45:35.863129,8.0,0.0,0.0,250.0,1.0,5.0,0.0,0.0,2024-08-16,0,1,64.0,2292.818136490412,0.05870880987861011,0.042429164124164545,-0.042429164124164545
942,2024-08-16 18:49:41.945943,8.0,0.0,0.0,250.0,1.0,5.0,0.0,0.0,2024-08-16,0,1,64.0,2292.818136490412,0.05870880987861011,0.042429164124164545,-0.042429164124164545
943,2024-08-17 13:00:28.457142,3.0,1.0,0.0,250.0,1.0,5.0,0.0,0.0,2024-08-17,1,1,9.0,2457.5933706699334,0.9005420385870803,0.8316552086126385,0.16834479138736147
944,2024-08-17 13:35:51.948756,4.0,1.0,0.0,250.0,1.0,5.0,0.0,0.0,2024-08-17,1,1,16.0,2457.5933706699334,0.7723475132981434,0.6580486166617547,0.34195138333824526
945,2024-08-18 12:11:21.182572,4.0,0.0,0.0,250.0,1.0,5.0,0.0,0.0,2024-08-18,0,1,16.0,2155.4333796063215,0.7491011394507971,0.6580486166617547,-0.6580486166617547
946,2024-08-18 12:14:25.582621,4.0,0.0,0.0,250.0,1.0,5.0,0.0,0.0,2024-08-18,0,1,16.0,2155.4333796063215,0.7491011394507971,0.6580486166617547,-0.6580486166617547
947,2024-08-18 12:19:55.280947,4.0,1.0,0.0,250.0,1.0,5.0,0.0,0.0,2024-08-18,1,1,16.0,2155.4333796063215,0.7491011394507971,0.6580486166617547,0.34195138333824526
948,2024-08-18 12:23:33.626047,3.0,1.0,0.0,250.0,1.0,5.0,0.0,0.0,2024-08-18,1,1,9.0,2155.4333796063215,0.8884961876801758,0.8316552086126385,0.16834479138736147
949,2024-08-18 12:59:31.695547,5.0,0.0,0.0,250.0,1.0,5.0,0.0,0.0,2024-08-18,0,1,25.0,2155.4333796063215,0.5280147826787653,0.4284486946252726,-0.4284486946252726
950,2024-08-18 13:05:50.547475,5.0,0.0,0.0,250.0,1.0,5.0,0.0,0.0,2024-08-18,0,1,25.0,2155.4333796063215,0.5280147826787653,0.4284486946252726,-0.4284486946252726
951,2024-08-18 13:26:57.704590,8.0,0.0,0.0,250.0,1.0,5.0,0.0,0.0,2024-08-18,0,1,64.0,2155.4333796063215,0.055579041132687024,0.042429164124164545,-0.042429164124164545
952,2024-08-18 13:29:24.732911,8.0,0.0,0.0,250.0,1.0,5.0,0.0,0.0,2024-08-18,0,1,64.0,2155.4333796063215,0.055579041132687024,0.042429164124164545,-0.042429164124164545
953,2024-08-18 13:31:33.132322,8.0,0.0,0.0,250.0,1.0,5.0,0.0,0.0,2024-08-18,0,1,64.0,2155.4333796063215,0.055579041132687024,0.042429164124164545,-0.042429164124164545
954,2024-08-18 13:36:51.872283,8.0,0.0,0.0,250.0,1.0,5.0,0.0,0.0,2024-08-18,0,1,64.0,2155.4333796063215,0.055579041132687024,0.042429164124164545,-0.042429164124164545
955,2024-08-18 13:48:34.690207,8.0,0.0,0.0,250.0,1.0,5.0,0.0,0.0,2024-08-18,0,1,64.0,2155.4333796063215,0.055579041132687024,0.042429164124164545,-0.042429164124164545
956,2024-08-18 14:11:08.328010,8.0,0.0,0.0,250.0,1.0,5.0,0.0,0.0,2024-08-18,0,1,64.0,2155.4333796063215,0.055579041132687024,0.042429164124164545,-0.042429164124164545
957,2024-08-18 14:24:21.834775,8.0,0.0,0.0,250.0,1.0,5.0,0.0,0.0,2024-08-18,0,1,64.0,2155.4333796063215,0.055579041132687024,0.042429164124164545,-0.042429164124164545
958,2024-08-18 14:25:28.778579,8.0,0.0,0.0,250.0,1.0,5.0,0.0,0.0,2024-08-18,0,1,64.0,2155.4333796063215,0.055579041132687024,0.042429164124164545,-0.042429164124164545
959,2024-08-18 14:42:41.216122,8.0,0.0,0.0,250.0,1.0,5.0,0.0,0.0,2024-08-18,0,1,64.0,2155.4333796063215,0.055579041132687024,0.042429164124164545,-0.042429164124164545
960,2024-08-18 14:53:34.076458,8.0,0.0,0.0,250.0,1.0,5.0,0.0,0.0,2024-08-18,0,1,64.0,2155.4333796063215,0.055579041132687024,0.042429164124164545,-0.042429164124164545
961,2024-08-18 15:34:50.080410,8.0,0.0,0.0,250.0,1.0,5.0,0.0,0.0,2024-08-18,0,1,64.0,2155.4333796063215,0.055579041132687024,0.042429164124164545,-0.042429164124164545
962,2024-08-18 16:24:08.701094,1.0,1.0,0.0,250.0,1.0,5.0,0.0,0.0,2024-08-18,1,1,1.0,2155.4333796063215,0.9826858693249257,0.9701999099173347,0.029800090082665265
963,2024-08-18 16:24:14.204856,3.0,1.0,0.0,250.0,1.0,5.0,0.0,0.0,2024-08-18,1,1,9.0,2155.4333796063215,0.8884961876801758,0.8316552086126385,0.16834479138736147
964,2024-08-18 17:22:52.554850,7.0,0.0,0.0,250.0,1.0,5.0,0.0,0.0,2024-08-18,0,1,49.0,2155.4333796063215,0.13574164391101637,0.10213078272976209,-0.10213078272976209
965,2024-08-18 17:22:58.775203,7.0,0.0,0.0,250.0,1.0,5.0,0.0,0.0,2024-08-18,0,1,49.0,2155.4333796063215,0.13574164391101637,0.10213078272976209,-0.10213078272976209
966,2024-08-18 17:31:22.108669,7.0,1.0,0.0,250.0,1.0,5.0,0.0,0.0,2024-08-18,1,1,49.0,2155.4333796063215,0.13574164391101637,0.10213078272976209,0.8978692172702379
967,2024-08-18 17:36:01.670413,8.0,0.0,0.0,250.0,1.0,5.0,0.0,0.0,2024-08-18,0,1,64.0,2155.4333796063215,0.055579041132687024,0.042429164124164545,-0.042429164124164545
968,2024-08-18 17:39:06.488150,8.0,0.0,0.0,250.0,1.0,5.0,0.0,0.0,2024-08-18,0,1,64.0,2155.4333796063215,0.055579041132687024,0.042429164124164545,-0.042429164124164545
969,2024-08-18 17:45:29.676584,8.0,0.0,0.0,250.0,1.0,5.0,0.0,0.0,2024-08-18,0,1,64.0,2155.4333796063215,0.055579041132687024,0.042429164124164545,-0.042429164124164545
970,2024-08-18 17:52:49.553218,8.0,0.0,0.0,250.0,1.0,5.0,0.0,0.0,2024-08-18,0,1,64.0,2155.4333796063215,0.055579041132687024,0.042429164124164545,-0.042429164124164545
971,2024-08-18 18:43:45.526484,8.0,0.0,0.0,250.0,1.0,5.0,0.0,0.0,2024-08-18,0,1,64.0,2155.4333796063215,0.055579041132687024,0.042429164124164545,-0.042429164124164545
972,2024-08-27 20:27:11.620156,1.0,1.0,0.0,250.0,0.0,5.0,0.0,0.0,2024-08-27,1,1,1.0,1006.6277704324996,0.9721563296644465,0.9701999099173347,0.029800090082665265
973,2024-08-27 20:28:57.427648,2.0,1.0,0.0,250.0,0.0,5.0,0.0,0.0,2024-08-27,1,1,4.0,1006.6277704324996,0.9289890908616928,0.926912189338107,0.07308781066189296
974,2024-08-27 20:30:12.228661,2.0,1.0,0.0,250.0,0.0,5.0,0.0,0.0,2024-08-27,1,1,4.0,1006.6277704324996,0.9289890908616928,0.926912189338107,0.07308781066189296
975,2024-08-27 20:32:15.415033,3.0,1.0,0.0,250.0,0.0,5.0,0.0,0.0,2024-08-27,1,1,9.0,1006.6277704324996,0.8305620701824651,0.8316552086126385,0.16834479138736147
976,2024-08-27 20:35:21.790781,3.0,1.0,0.0,250.0,0.0,5.0,0.0,0.0,2024-08-27,1,1,9.0,1006.6277704324996,0.8305620701824651,0.8316552086126385,0.16834479138736147
977,2024-08-27 20:38:17.082831,4.0,1.0,0.0,250.0,0.0,5.0,0.0,0.0,2024-08-27,1,1,16.0,1006.6277704324996,0.6474772549693947,0.6580486166617547,0.34195138333824526
978,2024-08-27 20:40:33.123530,5.0,0.0,0.0,250.0,0.0,5.0,0.0,0.0,2024-08-27,0,1,25.0,1006.6277704324996,0.40765235519947207,0.4284486946252726,-0.4284486946252726
979,2024-08-27 20:42:02.673878,5.0,0.0,0.0,250.0,0.0,5.0,0.0,0.0,2024-08-27,0,1,25.0,1006.6277704324996,0.40765235519947207,0.4284486946252726,-0.4284486946252726
980,2024-08-27 20:43:41.254844,5.0,0.0,0.0,250.0,0.0,5.0,0.0,0.0,2024-08-27,0,1,25.0,1006.6277704324996,0.40765235519947207,0.4284486946252726,-0.4284486946252726
981,2024-08-27 20:45:09.536712,5.0,1.0,0.0,250.0,0.0,5.0,0.0,0.0,2024-08-27,1,1,25.0,1006.6277704324996,0.40765235519947207,0.4284486946252726,0.5715513053747274
982,2024-08-27 20:48:04.528467,5.0,1.0,0.0,250.0,0.0,5.0,0.0,0.0,2024-08-27,1,1,25.0,1006.6277704324996,0.40765235519947207,0.4284486946252726,0.5715513053747274
983,2024-08-27 20:51:52.300258,7.0,0.0,0.0,250.0,0.0,5.0,0.0,0.0,2024-08-27,0,1,49.0,1006.6277704324996,0.088106739166061,0.10213078272976209,-0.10213078272976209
984,2024-08-28 19:14:53.352065,1.0,1.0,0.0,250.0,1.0,5.0,0.0,0.0,2024-08-28,1,1,1.0,1089.6233674627333,0.9730908652665454,0.9701999099173347,0.029800090082665265
985,2024-08-28 19:15:00.314828,4.0,0.0,0.0,250.0,1.0,5.0,0.0,0.0,2024-08-28,0,1,16.0,1089.6233674627333,0.655446930666486,0.6580486166617547,-0.6580486166617547
986,2024-08-28 19:17:02.404618,4.0,0.0,0.0,250.0,1.0,5.0,0.0,0.0,2024-08-28,0,1,16.0,1089.6233674627333,0.655446930666486,0.6580486166617547,-0.6580486166617547
987,2024-08-28 19:24:21.987537,4.0,1.0,0.0,250.0,1.0,5.0,0.0,0.0,2024-08-28,1,1,16.0,1089.6233674627333,0.655446930666486,0.6580486166617547,0.34195138333824526
988,2024-08-28 19:28:39.343291,6.0,0.0,0.0,250.0,1.0,5.0,0.0,0.0,2024-08-28,0,1,36.0,1089.6233674627333,0.21078073758996826,0.22601051750673395,-0.22601051750673395
989,2024-08-28 19:30:52.142550,6.0,0.0,0.0,250.0,1.0,5.0,0.0,0.0,2024-08-28,0,1,36.0,1089.6233674627333,0.21078073758996826,0.22601051750673395,-0.22601051750673395
990,2024-08-28 19:32:44.225523,6.0,0.0,0.0,250.0,1.0,5.0,0.0,0.0,2024-08-28,0,1,36.0,1089.6233674627333,0.21078073758996826,0.22601051750673395,-0.22601051750673395
991,2024-08-28 19:36:31.787963,6.0,0.0,0.0,250.0,1.0,5.0,0.0,0.0,2024-08-28,0,1,36.0,1089.6233674627333,0.21078073758996826,0.22601051750673395,-0.22601051750673395
992,2024-08-28 19:39:44.995414,6.0,0.0,0.0,250.0,1.0,5.0,0.0,0.0,2024-08-28,0,1,36.0,1089.6233674627333,0.21078073758996826,0.22601051750673395,-0.22601051750673395
993,2024-08-28 19:54:56.407531,8.0,0.0,0.0,250.0,1.0,5.0,0.0,0.0,2024-08-28,0,1,64.0,1089.6233674627333,0.036140873079461455,0.042429164124164545,-0.042429164124164545
994,2024-08-28 20:01:42.660693,8.0,0.0,0.0,250.0,1.0,5.0,0.0,0.0,2024-08-28,0,1,64.0,1089.6233674627333,0.036140873079461455,0.042429164124164545,-0.042429164124164545
995,2024-08-28 20:05:50.195676,8.0,0.0,0.0,250.0,1.0,5.0,0.0,0.0,2024-08-28,0,1,64.0,1089.6233674627333,0.036140873079461455,0.042429164124164545,-0.042429164124164545
996,2024-08-28 20:13:03.674248,8.0,0.0,0.0,250.0,1.0,5.0,0.0,0.0,2024-08-28,0,1,64.0,1089.6233674627333,0.036140873079461455,0.042429164124164545,-0.042429164124164545
997,2024-08-28 20:20:32.360196,8.0,0.0,0.0,250.0,1.0,5.0,0.0,0.0,2024-08-28,0,1,64.0,1089.6233674627333,0.036140873079461455,0.042429164124164545,-0.042429164124164545
998,2024-08-28 20:23:41.290812,8.0,0.0,0.0,250.0,1.0,5.0,0.0,0.0,2024-08-28,0,1,64.0,1089.6233674627333,0.036140873079461455,0.042429164124164545,-0.042429164124164545
999,2024-08-28 20:31:49.145391,8.0,0.0,0.0,250.0,1.0,5.0,0.0,0.0,2024-08-28,0,1,64.0,1089.6233674627333,0.036140873079461455,0.042429164124164545,-0.042429164124164545
1000,2024-08-28 20:42:59.547015,8.0,0.0,0.0,250.0,1.0,5.0,0.0,0.0,2024-08-28,0,1,64.0,1089.6233674627333,0.036140873079461455,0.042429164124164545,-0.042429164124164545
1001,2024-08-28 20:50:57.068147,8.0,0.0,0.0,250.0,1.0,5.0,0.0,0.0,2024-08-28,0,1,64.0,1089.6233674627333,0.036140873079461455,0.042429164124164545,-0.042429164124164545
1002,2024-08-28 21:08:20.618385,8.0,0.0,0.0,250.0,1.0,5.0,0.0,0.0,2024-08-28,0,1,64.0,1089.6233674627333,0.036140873079461455,0.042429164124164545,-0.042429164124164545
1003,2024-08-28 21:09:36.909855,8.0,0.0,0.0,250.0,1.0,5.0,0.0,0.0,2024-08-28,0,1,64.0,1089.6233674627333,0.036140873079461455,0.042429164124164545,-0.042429164124164545
1014,2024-08-30 20:01:52.914965,2.0,1.0,0.0,255.0,0.0,5.0,0.0,0.0,2024-08-30,1,1,4.0,1627.6242991193917,0.9444802936715831,0.926912189338107,0.07308781066189296
1015,2024-08-30 20:02:03.105556,1.0,1.0,0.0,255.0,0.0,5.0,0.0,0.0,2024-08-30,1,1,1.0,1627.6242991193917,0.9784489542464019,0.9701999099173347,0.029800090082665265
1016,2024-08-30 20:05:55.091020,2.0,1.0,0.0,255.0,0.0,5.0,0.0,0.0,2024-08-30,1,1,4.0,1627.6242991193917,0.9444802936715831,0.926912189338107,0.07308781066189296
1017,2024-08-30 20:07:16.762086,4.0,1.0,0.0,255.0,0.0,5.0,0.0,0.0,2024-08-30,1,1,16.0,1627.6242991193917,0.7048709119814728,0.6580486166617547,0.34195138333824526
1018,2024-08-30 20:22:36.760883,5.0,1.0,0.0,255.0,0.0,5.0,0.0,0.0,2024-08-30,1,1,25.0,1627.6242991193917,0.47226708113208443,0.4284486946252726,0.5715513053747274
1019,2024-08-30 20:24:24.718905,4.0,1.0,0.0,255.0,0.0,5.0,0.0,0.0,2024-08-30,1,1,16.0,1627.6242991193917,0.7048709119814728,0.6580486166617547,0.34195138333824526
1020,2024-08-30 20:27:44.456838,3.0,1.0,0.0,255.0,0.0,5.0,0.0,0.0,2024-08-30,1,1,9.0,1627.6242991193917,0.8643909821572698,0.8316552086126385,0.16834479138736147
1021,2024-08-30 20:28:00.444264,3.0,0.0,0.0,255.0,0.0,5.0,0.0,0.0,2024-08-30,0,1,9.0,1627.6242991193917,0.8643909821572698,0.8316552086126385,-0.8316552086126385
1022,2024-08-30 20:30:15.763300,4.0,1.0,0.0,255.0,0.0,5.0,0.0,0.0,2024-08-30,1,1,16.0,1627.6242991193917,0.7048709119814728,0.6580486166617547,0.34195138333824526
1023,2024-08-30 20:36:39.293115,5.0,1.0,0.0,255.0,0.0,5.0,0.0,0.0,2024-08-30,1,1,25.0,1627.6242991193917,0.47226708113208443,0.4284486946252726,0.5715513053747274
1024,2024-08-30 20:38:35.014545,4.0,1.0,0.0,255.0,0.0,5.0,0.0,0.0,2024-08-30,1,1,16.0,1627.6242991193917,0.7048709119814728,0.6580486166617547,0.34195138333824526
1025,2024-08-30 20:42:39.106882,5.0,0.0,0.0,255.0,0.0,5.0,0.0,0.0,2024-08-30,0,1,25.0,1627.6242991193917,0.47226708113208443,0.4284486946252726,-0.4284486946252726
1026,2024-08-30 20:45:00.736778,4.0,1.0,0.0,255.0,0.0,5.0,0.0,0.0,2024-08-30,1,1,16.0,1627.6242991193917,0.7048709119814728,0.6580486166617547,0.34195138333824526
1027,2024-08-30 20:49:23.640000,5.0,0.0,0.0,255.0,0.0,5.0,0.0,0.0,2024-08-30,0,1,25.0,1627.6242991193917,0.47226708113208443,0.4284486946252726,-0.4284486946252726
1028,2024-08-30 20:49:43.721763,6.0,0.0,0.0,255.0,0.0,5.0,0.0,0.0,2024-08-30,0,1,36.0,1627.6242991193917,0.2511114847022823,0.22601051750673395,-0.22601051750673395
1029,2024-08-30 20:50:52.553060,6.0,0.0,0.0,255.0,0.0,5.0,0.0,0.0,2024-08-30,0,1,36.0,1627.6242991193917,0.2511114847022823,0.22601051750673395,-0.22601051750673395
1030,2024-08-30 21:05:34.342397,8.0,0.0,0.0,255.0,0.0,5.0,0.0,0.0,2024-08-30,0,1,64.0,1627.6242991193917,0.04495965363427183,0.042429164124164545,-0.042429164124164545
1031,2024-08-30 21:05:46.462283,8.0,0.0,0.0,255.0,0.0,5.0,0.0,0.0,2024-08-30,0,1,64.0,1627.6242991193917,0.04495965363427183,0.042429164124164545,-0.042429164124164545
1032,2024-08-30 21:12:21.698863,7.0,1.0,0.0,255.0,0.0,5.0,0.0,0.0,2024-08-30,1,1,49.0,1627.6242991193917,0.11161590757421178,0.10213078272976209,0.8978692172702379
1033,2024-08-30 21:13:15.556213,7.0,0.0,0.0,255.0,0.0,5.0,0.0,0.0,2024-08-30,0,1,49.0,1627.6242991193917,0.11161590757421178,0.10213078272976209,-0.10213078272976209
1034,2024-08-30 21:17:00.675444,5.0,1.0,0.0,255.0,0.0,5.0,0.0,0.0,2024-08-30,1,1,25.0,1627.6242991193917,0.47226708113208443,0.4284486946252726,0.5715513053747274
1035,2024-08-30 21:17:06.162288,5.0,0.0,0.0,255.0,0.0,5.0,0.0,0.0,2024-08-30,0,1,25.0,1627.6242991193917,0.47226708113208443,0.4284486946252726,-0.4284486946252726
1036,2024-09-01 14:29:00.807833,4.0,0.0,0.0,255.0,1.0,5.0,0.0,0.0,2024-09-01,0,1,16.0,1704.2399368071506,0.7115664959854696,0.6580486166617547,-0.6580486166617547
1037,2024-09-01 14:32:08.349093,4.0,0.0,0.0,255.0,1.0,5.0,0.0,0.0,2024-09-01,0,1,16.0,1704.2399368071506,0.7115664959854696,0.6580486166617547,-0.6580486166617547
1038,2024-09-01 14:38:28.210254,4.0,0.0,0.0,255.0,1.0,5.0,0.0,0.0,2024-09-01,0,1,16.0,1704.2399368071506,0.7115664959854696,0.6580486166617547,-0.6580486166617547
1039,2024-09-01 14:45:50.645129,4.0,0.0,0.0,255.0,1.0,5.0,0.0,0.0,2024-09-01,0,1,16.0,1704.2399368071506,0.7115664959854696,0.6580486166617547,-0.6580486166617547
1040,2024-09-01 14:52:46.018934,4.0,0.0,0.0,255.0,1.0,5.0,0.0,0.0,2024-09-01,0,1,16.0,1704.2399368071506,0.7115664959854696,0.6580486166617547,-0.6580486166617547
1041,2024-09-01 15:06:23.005675,4.0,0.0,0.0,255.0,1.0,5.0,0.0,0.0,2024-09-01,0,1,16.0,1704.2399368071506,0.7115664959854696,0.6580486166617547,-0.6580486166617547
1042,2024-09-01 15:13:11.268714,4.0,0.0,0.0,255.0,1.0,5.0,0.0,0.0,2024-09-01,0,1,16.0,1704.2399368071506,0.7115664959854696,0.6580486166617547,-0.6580486166617547
1043,2024-09-01 15:24:12.501752,4.0,1.0,0.0,255.0,1.0,5.0,0.0,0.0,2024-09-01,1,1,16.0,1704.2399368071506,0.7115664959854696,0.6580486166617547,0.34195138333824526
1044,2024-09-01 15:42:36.130971,8.0,0.0,0.0,255.0,1.0,5.0,0.0,0.0,2024-09-01,0,1,64.0,1704.2399368071506,0.04637165551814877,0.042429164124164545,-0.042429164124164545
1045,2024-09-01 15:55:29.273986,8.0,0.0,0.0,255.0,1.0,5.0,0.0,0.0,2024-09-01,0,1,64.0,1704.2399368071506,0.04637165551814877,0.042429164124164545,-0.042429164124164545
1046,2024-09-01 16:42:50.739869,8.0,0.0,0.0,255.0,1.0,5.0,0.0,0.0,2024-09-01,0,1,64.0,1704.2399368071506,0.04637165551814877,0.042429164124164545,-0.042429164124164545
1047,2024-09-01 17:10:16.778330,8.0,0.0,0.0,255.0,1.0,5.0,0.0,0.0,2024-09-01,0,1,64.0,1704.2399368071506,0.04637165551814877,0.042429164124164545,-0.042429164124164545
1048,2024-09-03 19:05:02.119778,0.0,1.0,0.0,255.0,0.0,5.0,0.0,0.0,2024-09-03,1,1,0.0,1613.5787279667036,0.991766296436237,0.9881766398835915,0.011823360116408499
1049,2024-09-03 19:05:10.599302,2.0,1.0,0.0,255.0,0.0,5.0,0.0,0.0,2024-09-03,1,1,4.0,1613.5787279667036,0.9441679828664192,0.926912189338107,0.07308781066189296
1050,2024-09-03 19:07:44.590349,3.0,1.0,0.0,255.0,0.0,5.0,0.0,0.0,2024-09-03,1,1,9.0,1613.5787279667036,0.8636931698316338,0.8316552086126385,0.16834479138736147
1051,2024-09-03 19:09:51.110374,2.0,1.0,0.0,255.0,0.0,5.0,0.0,0.0,2024-09-03,1,1,4.0,1613.5787279667036,0.9441679828664192,0.926912189338107,0.07308781066189296
1052,2024-09-03 19:11:12.091379,2.0,1.0,0.0,255.0,0.0,5.0,0.0,0.0,2024-09-03,1,1,4.0,1613.5787279667036,0.9441679828664192,0.926912189338107,0.07308781066189296
1053,2024-09-03 19:16:48.366245,7.0,1.0,0.0,255.0,0.0,5.0,0.0,0.0,2024-09-03,1,1,49.0,1613.5787279667036,0.1110282493129462,0.10213078272976209,0.8978692172702379
1054,2024-09-03 19:22:55.275296,9.0,0.0,0.0,255.0,0.0,5.0,0.0,0.0,2024-09-03,0,1,81.0,1613.5787279667036,0.017232494646868914,0.016967253101591025,-0.016967253101591025
1055,2024-09-03 19:36:15.017728,9.0,0.0,0.0,255.0,0.0,5.0,0.0,0.0,2024-09-03,0,1,81.0,1613.5787279667036,0.017232494646868914,0.016967253101591025,-0.016967253101591025
1056,2024-09-03 19:43:33.194837,9.0,0.0,0.0,255.0,0.0,5.0,0.0,0.0,2024-09-03,0,1,81.0,1613.5787279667036,0.017232494646868914,0.016967253101591025,-0.016967253101591025
1057,2024-09-03 19:45:52.680238,9.0,0.0,0.0,255.0,0.0,5.0,0.0,0.0,2024-09-03,0,1,81.0,1613.5787279667036,0.017232494646868914,0.016967253101591025,-0.016967253101591025
1058,2024-09-03 19:49:27.525207,9.0,0.0,0.0,255.0,0.0,5.0,0.0,0.0,2024-09-03,0,1,81.0,1613.5787279667036,0.017232494646868914,0.016967253101591025,-0.016967253101591025
1059,2024-09-03 19:56:01.634492,9.0,0.0,0.0,255.0,0.0,5.0,0.0,0.0,2024-09-03,0,1,81.0,1613.5787279667036,0.017232494646868914,0.016967253101591025,-0.016967253101591025
1060,2024-09-03 19:58:50.689147,9.0,0.0,0.0,255.0,0.0,5.0,0.0,0.0,2024-09-03,0,1,81.0,1613.5787279667036,0.017232494646868914,0.016967253101591025,-0.016967253101591025
1061,2024-09-03 20:04:28.235364,8.0,0.0,0.0,255.0,0.0,5.0,0.0,0.0,2024-09-03,0,1,64.0,1613.5787279667036,0.04470528056842018,0.042429164124164545,-0.042429164124164545
1062,2024-09-03 20:10:14.397799,7.0,0.0,0.0,255.0,0.0,5.0,0.0,0.0,2024-09-03,0,1,49.0,1613.5787279667036,0.1110282493129462,0.10213078272976209,-0.10213078272976209
1063,2024-09-03 20:10:20.312620,6.0,0.0,0.0,255.0,0.0,5.0,0.0,0.0,2024-09-03,0,1,36.0,1613.5787279667036,0.24999605832035782,0.22601051750673395,-0.22601051750673395
1064,2024-09-03 20:11:56.199674,5.0,1.0,0.0,255.0,0.0,5.0,0.0,0.0,2024-09-03,1,1,25.0,1613.5787279667036,0.4707868515101869,0.4284486946252726,0.5715513053747274
1065,2024-09-03 20:13:25.303865,5.0,0.0,0.0,255.0,0.0,5.0,0.0,0.0,2024-09-03,0,1,25.0,1613.5787279667036,0.4707868515101869,0.4284486946252726,-0.4284486946252726
1066,2024-09-03 20:17:01.526636,5.0,0.0,0.0,255.0,0.0,5.0,0.0,0.0,2024-09-03,0,1,25.0,1613.5787279667036,0.4707868515101869,0.4284486946252726,-0.4284486946252726
1067,2024-09-03 20:31:22.589232,8.0,0.0,0.0,255.0,0.0,5.0,0.0,0.0,2024-09-03,0,1,64.0,1613.5787279667036,0.04470528056842018,0.042429164124164545,-0.042429164124164545
1068,2024-09-04 18:33:30.389669,2.0,1.0,0.0,255.0,0.0,5.0,0.0,0.0,2024-09-04,1,1,4.0,2323.7757387813454,0.9580457101655062,0.926912189338107,0.07308781066189296
1069,2024-09-04 18:33:35.967732,2.0,1.0,0.0,255.0,0.0,5.0,0.0,0.0,2024-09-04,1,1,4.0,2323.7757387813454,0.9580457101655062,0.926912189338107,0.07308781066189296
1070,2024-09-04 18:33:38.700764,3.0,1.0,0.0,255.0,0.0,5.0,0.0,0.0,2024-09-04,1,1,9.0,2323.7757387813454,0.8953569398552934,0.8316552086126385,0.16834479138736147
1071,2024-09-04 18:33:43.205845,3.0,1.0,0.0,255.0,0.0,5.0,0.0,0.0,2024-09-04,1,1,9.0,2323.7757387813454,0.8953569398552934,0.8316552086126385,0.16834479138736147
1072,2024-09-04 18:33:45.516109,3.0,1.0,0.0,255.0,0.0,5.0,0.0,0.0,2024-09-04,1,1,9.0,2323.7757387813454,0.8953569398552934,0.8316552086126385,0.16834479138736147
1073,2024-09-04 18:33:48.189393,3.0,1.0,0.0,255.0,0.0,5.0,0.0,0.0,2024-09-04,1,1,9.0,2323.7757387813454,0.8953569398552934,0.8316552086126385,0.16834479138736147
1074,2024-09-04 19:18:29.416841,3.0,1.0,0.0,255.0,0.0,5.0,0.0,0.0,2024-09-04,1,1,9.0,2323.7757387813454,0.8953569398552934,0.8316552086126385,0.16834479138736147
1075,2024-09-04 19:25:46.556299,3.0,1.0,0.0,255.0,0.0,5.0,0.0,0.0,2024-09-04,1,1,9.0,2323.7757387813454,0.8953569398552934,0.8316552086126385,0.16834479138736147
1076,2024-09-04 19:25:48.951207,2.0,1.0,0.0,255.0,0.0,5.0,0.0,0.0,2024-09-04,1,1,4.0,2323.7757387813454,0.9580457101655062,0.926912189338107,0.07308781066189296
1077,2024-09-04 19:25:53.003624,2.0,1.0,0.0,255.0,0.0,5.0,0.0,0.0,2024-09-04,1,1,4.0,2323.7757387813454,0.9580457101655062,0.926912189338107,0.07308781066189296
1078,2024-09-04 19:25:55.529977,1.0,1.0,0.0,255.0,0.0,5.0,0.0,0.0,2024-09-04,1,1,1.0,2323.7757387813454,0.9838564955786365,0.9701999099173347,0.029800090082665265
1079,2024-09-04 19:26:03.044275,1.0,1.0,0.0,255.0,0.0,5.0,0.0,0.0,2024-09-04,1,1,1.0,2323.7757387813454,0.9838564955786365,0.9701999099173347,0.029800090082665265
1080,2024-09-06 19:26:51.438296,10.0,0.0,0.0,255.0,1.0,5.0,0.0,0.0,2024-09-06,0,1,100.0,1808.679910675441,0.007084680683822937,0.0066785679105771075,-0.0066785679105771075
1081,2024-09-06 19:33:17.571215,10.0,0.0,0.0,255.0,1.0,5.0,0.0,0.0,2024-09-06,0,1,100.0,1808.679910675441,0.007084680683822937,0.0066785679105771075,-0.0066785679105771075
1082,2024-09-06 19:41:05.791292,10.0,0.0,0.0,255.0,1.0,5.0,0.0,0.0,2024-09-06,0,1,100.0,1808.679910675441,0.007084680683822937,0.0066785679105771075,-0.0066785679105771075
1083,2024-09-06 19:51:39.154720,10.0,0.0,0.0,255.0,1.0,5.0,0.0,0.0,2024-09-06,0,1,100.0,1808.679910675441,0.007084680683822937,0.0066785679105771075,-0.0066785679105771075
1084,2024-09-06 20:05:15.589621,10.0,0.0,0.0,255.0,1.0,5.0,0.0,0.0,2024-09-06,0,1,100.0,1808.679910675441,0.007084680683822937,0.0066785679105771075,-0.0066785679105771075
1085,2024-09-06 20:06:25.636820,10.0,0.0,0.0,255.0,1.0,5.0,0.0,0.0,2024-09-06,0,1,100.0,1808.679910675441,0.007084680683822937,0.0066785679105771075,-0.0066785679105771075
1086,2024-09-06 20:10:49.877380,10.0,0.0,0.0,255.0,1.0,5.0,0.0,0.0,2024-09-06,0,1,100.0,1808.679910675441,0.007084680683822937,0.0066785679105771075,-0.0066785679105771075
1087,2024-09-06 20:23:25.678215,10.0,0.0,0.0,255.0,1.0,5.0,0.0,0.0,2024-09-06,0,1,100.0,1808.679910675441,0.007084680683822937,0.0066785679105771075,-0.0066785679105771075
1088,2024-09-06 20:35:21.177889,10.0,0.0,0.0,255.0,1.0,5.0,0.0,0.0,2024-09-06,0,1,100.0,1808.679910675441,0.007084680683822937,0.0066785679105771075,-0.0066785679105771075
1089,2024-09-06 20:43:24.654148,10.0,0.0,0.0,255.0,1.0,5.0,0.0,0.0,2024-09-06,0,1,100.0,1808.679910675441,0.007084680683822937,0.0066785679105771075,-0.0066785679105771075
1090,2024-09-06 20:48:22.647194,10.0,0.0,0.0,255.0,1.0,5.0,0.0,0.0,2024-09-06,0,1,100.0,1808.679910675441,0.007084680683822937,0.0066785679105771075,-0.0066785679105771075
1091,2024-09-06 21:02:10.930129,10.0,0.0,0.0,255.0,1.0,5.0,0.0,0.0,2024-09-06,0,1,100.0,1808.679910675441,0.007084680683822937,0.0066785679105771075,-0.0066785679105771075
1092,2024-09-06 21:15:30.372806,10.0,0.0,0.0,255.0,1.0,5.0,0.0,0.0,2024-09-06,0,1,100.0,1808.679910675441,0.007084680683822937,0.0066785679105771075,-0.0066785679105771075
1093,2024-09-06 21:17:17.538993,10.0,0.0,0.0,255.0,1.0,5.0,0.0,0.0,2024-09-06,0,1,100.0,1808.679910675441,0.007084680683822937,0.0066785679105771075,-0.0066785679105771075
1094,2024-09-08 10:59:20.532546,2.0,2.0,0.0,255.0,1.0,5.0,0.0,0.0,2024-09-08,1,1,4.0,2572.8109429642845,0.9620806722861882,0.926912189338107,0.07308781066189296
1095,2024-09-08 11:06:22.330880,2.0,2.0,0.0,255.0,1.0,5.0,0.0,0.0,2024-09-08,1,1,4.0,2572.8109429642845,0.9620806722861882,0.926912189338107,0.07308781066189296
1096,2024-09-08 11:06:24.664009,2.0,2.0,0.0,255.0,1.0,5.0,0.0,0.0,2024-09-08,1,1,4.0,2572.8109429642845,0.9620806722861882,0.926912189338107,0.07308781066189296
1097,2024-09-08 12:01:11.822813,9.0,0.0,0.0,255.0,1.0,5.0,0.0,0.0,2024-09-08,0,1,81.0,2572.8109429642845,0.02563331075605761,0.016967253101591025,-0.016967253101591025
1098,2024-09-08 12:01:16.831497,9.0,0.0,0.0,255.0,1.0,5.0,0.0,0.0,2024-09-08,0,1,81.0,2572.8109429642845,0.02563331075605761,0.016967253101591025,-0.016967253101591025
1099,2024-09-08 12:08:03.505495,9.0,0.0,0.0,255.0,1.0,5.0,0.0,0.0,2024-09-08,0,1,81.0,2572.8109429642845,0.02563331075605761,0.016967253101591025,-0.016967253101591025
1100,2024-09-08 12:14:45.589656,9.0,0.0,0.0,255.0,1.0,5.0,0.0,0.0,2024-09-08,0,1,81.0,2572.8109429642845,0.02563331075605761,0.016967253101591025,-0.016967253101591025
1110,2024-09-09 19:35:59.453147,1.0,1.0,0.0,255.0,0.0,5.0,0.0,0.0,2024-09-09,1,1,1.0,2566.3129466911632,0.9854073436516335,0.9701999099173347,0.029800090082665265
1111,2024-09-09 19:42:13.083433,3.0,1.0,0.0,255.0,0.0,5.0,0.0,0.0,2024-09-09,1,1,9.0,2566.3129466911632,0.9045851082028614,0.8316552086126385,0.16834479138736147
1112,2024-09-09 19:47:45.558859,3.0,1.0,0.0,255.0,0.0,5.0,0.0,0.0,2024-09-09,1,1,9.0,2566.3129466911632,0.9045851082028614,0.8316552086126385,0.16834479138736147
1113,2024-09-09 19:50:25.440896,2.0,1.0,0.0,255.0,0.0,5.0,0.0,0.0,2024-09-09,1,1,4.0,2566.3129466911632,0.9619802884490869,0.926912189338107,0.07308781066189296
1114,2024-09-09 19:52:37.658548,5.0,1.0,0.0,255.0,0.0,5.0,0.0,0.0,2024-09-09,1,1,25.0,2566.3129466911632,0.5710035466922904,0.4284486946252726,0.5715513053747274
1115,2024-09-09 19:56:05.583691,3.0,1.0,0.0,255.0,0.0,5.0,0.0,0.0,2024-09-09,1,1,9.0,2566.3129466911632,0.9045851082028614,0.8316552086126385,0.16834479138736147
1116,2024-09-09 19:59:25.903711,6.0,1.0,0.0,255.0,0.0,5.0,0.0,0.0,2024-09-09,1,1,36.0,2566.3129466911632,0.33276612389146004,0.22601051750673395,0.773989482493266
1117,2024-09-09 20:03:56.510440,2.0,1.0,0.0,255.0,0.0,5.0,0.0,0.0,2024-09-09,1,1,4.0,2566.3129466911632,0.9619802884490869,0.926912189338107,0.07308781066189296
1118,2024-09-09 20:04:00.192579,2.0,1.0,0.0,255.0,0.0,5.0,0.0,0.0,2024-09-09,1,1,4.0,2566.3129466911632,0.9619802884490869,0.926912189338107,0.07308781066189296
1119,2024-09-09 20:04:01.929959,2.0,1.0,0.0,255.0,0.0,5.0,0.0,0.0,2024-09-09,1,1,4.0,2566.3129466911632,0.9619802884490869,0.926912189338107,0.07308781066189296
1120,2024-09-09 20:16:18.490461,6.0,0.0,0.0,255.0,0.0,5.0,0.0,0.0,2024-09-09,0,1,36.0,2566.3129466911632,0.33276612389146004,0.22601051750673395,-0.22601051750673395
1121,2024-09-09 20:18:02.074643,4.0,1.0,0.0,255.0,0.0,5.0,0.0,0.0,2024-09-09,1,1,16.0,2566.3129466911632,0.7803306449894195,0.6580486166617547,0.34195138333824526
1122,2024-09-09 20:19:20.359155,3.0,1.0,0.0,255.0,0.0,5.0,0.0,0.0,2024-09-09,1,1,9.0,2566.3129466911632,0.9045851082028614,0.8316552086126385,0.16834479138736147
1123,2024-09-09 20:22:16.425828,3.0,1.0,0.0,255.0,0.0,5.0,0.0,0.0,2024-09-09,1,1,9.0,2566.3129466911632,0.9045851082028614,0.8316552086126385,0.16834479138736147
1124,2024-09-09 20:23:22.896340,4.0,0.0,0.0,255.0,0.0,5.0,0.0,0.0,2024-09-09,0,1,16.0,2566.3129466911632,0.7803306449894195,0.6580486166617547,-0.6580486166617547
1125,2024-09-09 20:24:37.945019,5.0,0.0,0.0,255.0,0.0,5.0,0.0,0.0,2024-09-09,0,1,25.0,2566.3129466911632,0.5710035466922904,0.4284486946252726,-0.4284486946252726
1126,2024-09-09 20:26:05.579949,2.0,1.0,0.0,255.0,0.0,5.0,0.0,0.0,2024-09-09,1,1,4.0,2566.3129466911632,0.9619802884490869,0.926912189338107,0.07308781066189296
1127,2024-09-12 18:58:10.821846,10.0,0.0,0.0,255.0,1.0,5.0,0.0,0.0,2024-09-12,0,1,100.0,1837.1214917988,0.007169799236471785,0.0066785679105771075,-0.0066785679105771075
1128,2024-09-12 19:02:19.640792,10.0,0.0,0.0,255.0,1.0,5.0,0.0,0.0,2024-09-12,0,1,100.0,1837.1214917988,0.007169799236471785,0.0066785679105771075,-0.0066785679105771075
1129,2024-09-12 19:06:45.248105,10.0,0.0,0.0,255.0,1.0,5.0,0.0,0.0,2024-09-12,0,1,100.0,1837.1214917988,0.007169799236471785,0.0066785679105771075,-0.0066785679105771075
1130,2024-09-12 19:20:55.254177,10.0,0.0,0.0,255.0,1.0,5.0,0.0,0.0,2024-09-12,0,1,100.0,1837.1214917988,0.007169799236471785,0.0066785679105771075,-0.0066785679105771075
1131,2024-09-12 19:32:43.805882,10.0,0.0,0.0,255.0,1.0,5.0,0.0,0.0,2024-09-12,0,1,100.0,1837.1214917988,0.007169799236471785,0.0066785679105771075,-0.0066785679105771075
1132,2024-09-12 19:42:03.739305,10.0,0.0,0.0,255.0,1.0,5.0,0.0,0.0,2024-09-12,0,1,100.0,1837.1214917988,0.007169799236471785,0.0066785679105771075,-0.0066785679105771075
1133,2024-09-12 19:54:32.374953,10.0,0.0,0.0,255.0,1.0,5.0,0.0,0.0,2024-09-12,0,1,100.0,1837.1214917988,0.007169799236471785,0.0066785679105771075,-0.0066785679105771075
1134,2024-09-12 20:19:37.526562,10.0,0.0,0.0,255.0,1.0,5.0,0.0,0.0,2024-09-12,0,1,100.0,1837.1214917988,0.007169799236471785,0.0066785679105771075,-0.0066785679105771075
1135,2024-09-12 20:32:56.960095,10.0,0.0,0.0,255.0,1.0,5.0,0.0,0.0,2024-09-12,0,1,100.0,1837.1214917988,0.007169799236471785,0.0066785679105771075,-0.0066785679105771075
1136,2024-09-12 20:51:08.699448,10.0,0.0,0.0,255.0,1.0,5.0,0.0,0.0,2024-09-12,0,1,100.0,1837.1214917988,0.007169799236471785,0.0066785679105771075,-0.0066785679105771075
1137,2024-09-12 20:59:43.034076,10.0,0.0,0.0,255.0,1.0,5.0,0.0,0.0,2024-09-12,0,1,100.0,1837.1214917988,0.007169799236471785,0.0066785679105771075,-0.0066785679105771075
1138,2024-09-12 21:07:56.820500,10.0,0.0,0.0,255.0,1.0,5.0,0.0,0.0,2024-09-12,0,1,100.0,1837.1214917988,0.007169799236471785,0.0066785679105771075,-0.0066785679105771075
1139,2024-09-12 21:18:56.449806,10.0,0.0,0.0,255.0,1.0,5.0,0.0,0.0,2024-09-12,0,1,100.0,1837.1214917988,0.007169799236471785,0.0066785679105771075,-0.0066785679105771075
1140,2024-09-12 21:32:02.795416,10.0,0.0,0.0,255.0,1.0,5.0,0.0,0.0,2024-09-12,0,1,100.0,1837.1214917988,0.007169799236471785,0.0066785679105771075,-0.0066785679105771075
1141,2024-09-12 21:42:04.934315,10.0,0.0,0.0,255.0,1.0,5.0,0.0,0.0,2024-09-12,0,1,100.0,1837.1214917988,0.007169799236471785,0.0066785679105771075,-0.0066785679105771075
1142,2024-09-12 22:06:11.339573,10.0,0.0,0.0,255.0,1.0,5.0,0.0,0.0,2024-09-12,0,1,100.0,1837.1214917988,0.007169799236471785,0.0066785679105771075,-0.0066785679105771075
1143,2024-09-12 22:06:13.681765,10.0,0.0,0.0,255.0,1.0,5.0,0.0,0.0,2024-09-12,0,1,100.0,1837.1214917988,0.007169799236471785,0.0066785679105771075,-0.0066785679105771075
1144,2024-09-12 22:16:11.373534,10.0,0.0,0.0,255.0,1.0,5.0,0.0,0.0,2024-09-12,0,1,100.0,1837.1214917988,0.007169799236471785,0.0066785679105771075,-0.0066785679105771075
1145,2024-09-12 22:19:14.908567,10.0,0.0,0.0,255.0,1.0,5.0,0.0,0.0,2024-09-12,0,1,100.0,1837.1214917988,0.007169799236471785,0.0066785679105771075,-0.0066785679105771075
1146,2024-09-12 22:40:51.297539,10.0,0.0,0.0,255.0,1.0,5.0,0.0,0.0,2024-09-12,0,1,100.0,1837.1214917988,0.007169799236471785,0.0066785679105771075,-0.0066785679105771075
1147,2024-09-13 19:34:05.818512,2.0,1.0,0.0,255.0,0.0,5.0,0.0,0.0,2024-09-13,1,1,4.0,3592.560020396464,0.9750328947501247,0.926912189338107,0.07308781066189296
1148,2024-09-13 19:35:33.807386,4.0,1.0,0.0,255.0,0.0,5.0,0.0,0.0,2024-09-13,1,1,16.0,3592.560020396464,0.8457458168434613,0.6580486166617547,0.34195138333824526
1149,2024-09-13 19:38:25.421253,2.0,1.0,0.0,255.0,0.0,5.0,0.0,0.0,2024-09-13,1,1,4.0,3592.560020396464,0.9750328947501247,0.926912189338107,0.07308781066189296
1150,2024-09-13 19:41:55.895546,3.0,1.0,0.0,255.0,0.0,5.0,0.0,0.0,2024-09-13,1,1,9.0,3592.560020396464,0.9360318715289582,0.8316552086126385,0.16834479138736147
1151,2024-09-13 19:46:49.407653,3.0,1.0,0.0,255.0,0.0,5.0,0.0,0.0,2024-09-13,1,1,9.0,3592.560020396464,0.9360318715289582,0.8316552086126385,0.16834479138736147
1152,2024-09-13 19:48:58.174002,2.0,1.0,0.0,255.0,0.0,5.0,0.0,0.0,2024-09-13,1,1,4.0,3592.560020396464,0.9750328947501247,0.926912189338107,0.07308781066189296
1153,2024-09-13 19:49:03.349621,2.0,1.0,0.0,255.0,0.0,5.0,0.0,0.0,2024-09-13,1,1,4.0,3592.560020396464,0.9750328947501247,0.926912189338107,0.07308781066189296
1154,2024-09-13 19:49:05.600313,2.0,1.0,0.0,255.0,0.0,5.0,0.0,0.0,2024-09-13,1,1,4.0,3592.560020396464,0.9750328947501247,0.926912189338107,0.07308781066189296
1155,2024-09-13 19:50:34.798170,5.0,1.0,0.0,255.0,0.0,5.0,0.0,0.0,2024-09-13,1,1,25.0,3592.560020396464,0.672600322662672,0.4284486946252726,0.5715513053747274
1156,2024-09-13 19:53:08.837284,2.0,1.0,0.0,255.0,0.0,5.0,0.0,0.0,2024-09-13,1,1,4.0,3592.560020396464,0.9750328947501247,0.926912189338107,0.07308781066189296
1157,2024-09-13 19:53:12.390116,2.0,1.0,0.0,255.0,0.0,5.0,0.0,0.0,2024-09-13,1,1,4.0,3592.560020396464,0.9750328947501247,0.926912189338107,0.07308781066189296
1158,2024-09-13 19:53:14.855559,2.0,1.0,0.0,255.0,0.0,5.0,0.0,0.0,2024-09-13,1,1,4.0,3592.560020396464,0.9750328947501247,0.926912189338107,0.07308781066189296
1159,2024-09-13 19:57:04.207650,5.0,0.0,0.0,255.0,0.0,5.0,0.0,0.0,2024-09-13,0,1,25.0,3592.560020396464,0.672600322662672,0.4284486946252726,-0.4284486946252726
1160,2024-09-13 19:58:36.648250,6.0,0.0,0.0,255.0,0.0,5.0,0.0,0.0,2024-09-13,0,1,36.0,3592.560020396464,0.43495129281425726,0.22601051750673395,-0.22601051750673395
1161,2024-09-13 20:02:26.736069,7.0,1.0,0.0,255.0,0.0,5.0,0.0,0.0,2024-09-13,1,1,49.0,3592.560020396464,0.22385768901634914,0.10213078272976209,0.8978692172702379
1162,2024-09-13 20:09:04.115618,1.0,1.0,0.0,255.0,0.0,5.0,0.0,0.0,2024-09-13,1,1,1.0,3592.560020396464,0.9904966255674115,0.9701999099173347,0.029800090082665265
1163,2024-09-13 20:09:09.536463,1.0,1.0,0.0,255.0,0.0,5.0,0.0,0.0,2024-09-13,1,1,1.0,3592.560020396464,0.9904966255674115,0.9701999099173347,0.029800090082665265
1164,2024-09-13 20:20:34.560574,3.0,1.0,0.0,255.0,0.0,5.0,0.0,0.0,2024-09-13,1,1,9.0,3592.560020396464,0.9360318715289582,0.8316552086126385,0.16834479138736147
1165,2024-09-15 10:42:50.663337,5.0,0.0,0.0,255.0,1.0,5.0,0.0,0.0,2024-09-15,0,1,25.0,2883.505394085067,0.6035058738123127,0.4284486946252726,-0.4284486946252726
1166,2024-09-15 10:48:08.020762,7.0,0.0,0.0,255.0,1.0,5.0,0.0,0.0,2024-09-15,0,1,49.0,2883.505394085067,0.17607051032928853,0.10213078272976209,-0.10213078272976209
1167,2024-09-15 10:57:47.573848,8.0,0.0,0.0,255.0,1.0,5.0,0.0,0.0,2024-09-15,0,1,64.0,2883.505394085067,0.07413450485654792,0.042429164124164545,-0.042429164124164545
1168,2024-09-15 11:02:31.027775,8.0,0.0,0.0,255.0,1.0,5.0,0.0,0.0,2024-09-15,0,1,64.0,2883.505394085067,0.07413450485654792,0.042429164124164545,-0.042429164124164545
1169,2024-09-15 11:12:30.364336,8.0,0.0,0.0,255.0,1.0,5.0,0.0,0.0,2024-09-15,0,1,64.0,2883.505394085067,0.07413450485654792,0.042429164124164545,-0.042429164124164545
1170,2024-09-15 11:30:17.243052,8.0,0.0,0.0,255.0,1.0,5.0,0.0,0.0,2024-09-15,0,1,64.0,2883.505394085067,0.07413450485654792,0.042429164124164545,-0.042429164124164545
1171,2024-09-15 11:33:35.727773,8.0,0.0,0.0,255.0,1.0,5.0,0.0,0.0,2024-09-15,0,1,64.0,2883.505394085067,0.07413450485654792,0.042429164124164545,-0.042429164124164545
1172,2024-09-15 11:56:08.346520,10.0,0.0,0.0,255.0,1.0,5.0,0.0,0.0,2024-09-15,0,1,100.0,2883.505394085067,0.011116534996190511,0.0066785679105771075,-0.0066785679105771075
1173,2024-09-15 11:56:14.256991,10.0,0.0,0.0,255.0,1.0,5.0,0.0,0.0,2024-09-15,0,1,100.0,2883.505394085067,0.011116534996190511,0.0066785679105771075,-0.0066785679105771075
1174,2024-09-15 12:23:45.265013,10.0,0.0,0.0,255.0,1.0,5.0,0.0,0.0,2024-09-15,0,1,100.0,2883.505394085067,0.011116534996190511,0.0066785679105771075,-0.0066785679105771075
1175,2024-09-17 18:31:56.137365,2.0,1.0,0.0,255.0,0.0,5.0,0.0,0.0,2024-09-17,1,1,4.0,2768.5020905416577,0.9649871456365806,0.926912189338107,0.07308781066189296
1176,2024-09-17 18:32:51.609357,1.0,1.0,0.0,255.0,0.0,5.0,0.0,0.0,2024-09-17,1,1,1.0,2768.5020905416577,0.9865872629791606,0.9701999099173347,0.029800090082665265
1177,2024-09-17 18:33:52.799880,1.0,1.0,0.0,255.0,0.0,5.0,0.0,0.0,2024-09-17,1,1,1.0,2768.5020905416577,0.9865872629791606,0.9701999099173347,0.029800090082665265
1178,2024-09-17 18:38:21.425956,3.0,1.0,0.0,255.0,0.0,5.0,0.0,0.0,2024-09-17,1,1,9.0,2768.5020905416577,0.9117145826874968,0.8316552086126385,0.16834479138736147
1179,2024-09-17 18:40:30.414833,5.0,1.0,0.0,255.0,0.0,5.0,0.0,0.0,2024-09-17,1,1,25.0,2768.5020905416577,0.5918110129971834,0.4284486946252726,0.5715513053747274
1180,2024-09-17 18:44:36.027442,5.0,0.0,0.0,255.0,0.0,5.0,0.0,0.0,2024-09-17,0,1,25.0,2768.5020905416577,0.5918110129971834,0.4284486946252726,-0.4284486946252726
1181,2024-09-17 18:49:28.880653,5.0,1.0,0.0,255.0,0.0,5.0,0.0,0.0,2024-09-17,1,1,25.0,2768.5020905416577,0.5918110129971834,0.4284486946252726,0.5715513053747274
1182,2024-09-17 19:00:40.864395,5.0,1.0,0.0,255.0,0.0,5.0,0.0,0.0,2024-09-17,1,1,25.0,2768.5020905416577,0.5918110129971834,0.4284486946252726,0.5715513053747274
1183,2024-09-17 19:12:56.141320,7.0,1.0,0.0,255.0,0.0,5.0,0.0,0.0,2024-09-17,1,1,49.0,2768.5020905416577,0.16912547693376875,0.10213078272976209,0.8978692172702379
1184,2024-09-17 19:37:27.659823,6.0,1.0,0.0,255.0,0.0,5.0,0.0,0.0,2024-09-17,1,1,36.0,2768.5020905416577,0.3520157659485359,0.22601051750673395,0.773989482493266
1185,2024-09-17 19:44:05.880575,9.0,0.0,0.0,255.0,0.0,5.0,0.0,0.0,2024-09-17,0,1,81.0,2768.5020905416577,0.027783590617166593,0.016967253101591025,-0.016967253101591025
1198,2024-09-20 17:21:01.121964,1.0,1.0,0.0,317.0,0.0,5.0,0.0,0.0,2024-09-20,1,1,1.0,2014.6755119893696,0.9816433633051291,0.9701999099173347,0.029800090082665265
1199,2024-09-20 17:23:33.938071,2.0,1.0,0.0,317.0,0.0,5.0,0.0,0.0,2024-09-20,1,1,4.0,2014.6755119893696,0.952465105374611,0.926912189338107,0.07308781066189296
1200,2024-09-20 17:24:11.341840,3.0,1.0,0.0,317.0,0.0,5.0,0.0,0.0,2024-09-20,1,1,9.0,2014.6755119893696,0.8824607432369271,0.8316552086126385,0.16834479138736147
1201,2024-09-20 17:27:08.788634,4.0,1.0,0.0,317.0,0.0,5.0,0.0,0.0,2024-09-20,1,1,16.0,2014.6755119893696,0.7377476163053018,0.6580486166617547,0.34195138333824526
1202,2024-09-20 17:30:00.796732,5.0,1.0,0.0,317.0,0.0,5.0,0.0,0.0,2024-09-20,1,1,25.0,2014.6755119893696,0.513158702297132,0.4284486946252726,0.5715513053747274
1203,2024-09-20 17:35:56.810843,5.0,1.0,0.0,317.0,0.0,5.0,0.0,0.0,2024-09-20,1,1,25.0,2014.6755119893696,0.513158702297132,0.4284486946252726,0.5715513053747274
1204,2024-09-20 17:39:22.151554,6.0,1.0,0.0,317.0,0.0,5.0,0.0,0.0,2024-09-20,1,1,36.0,2014.6755119893696,0.28312753249045997,0.22601051750673395,0.773989482493266
1205,2024-09-20 17:44:12.875786,7.0,1.0,0.0,317.0,0.0,5.0,0.0,0.0,2024-09-20,1,1,49.0,2014.6755119893696,0.12890807084993983,0.10213078272976209,0.8978692172702379
1206,2024-09-20 17:56:47.537614,8.0,0.0,0.0,317.0,0.0,5.0,0.0,0.0,2024-09-20,0,1,64.0,2014.6755119893696,0.052535742063036815,0.042429164124164545,-0.042429164124164545
1207,2024-09-20 18:02:10.118254,8.0,0.0,0.0,317.0,0.0,5.0,0.0,0.0,2024-09-20,0,1,64.0,2014.6755119893696,0.052535742063036815,0.042429164124164545,-0.042429164124164545
1208,2024-09-20 18:02:12.618698,8.0,0.0,0.0,317.0,0.0,5.0,0.0,0.0,2024-09-20,0,1,64.0,2014.6755119893696,0.052535742063036815,0.042429164124164545,-0.042429164124164545
1209,2024-09-20 18:02:14.316846,8.0,0.0,0.0,317.0,0.0,5.0,0.0,0.0,2024-09-20,0,1,64.0,2014.6755119893696,0.052535742063036815,0.042429164124164545,-0.042429164124164545
1210,2024-09-20 18:07:02.954131,9.0,0.0,0.0,317.0,0.0,5.0,0.0,0.0,2024-09-20,0,1,81.0,2014.6755119893696,0.02035341925133964,0.016967253101591025,-0.016967253101591025
1211,2024-09-22 13:55:40.607794,1.0,1.0,0.0,317.0,1.0,5.0,0.0,0.0,2024-09-22,1,1,1.0,1949.1556058494284,0.9811373198344655,0.9701999099173347,0.029800090082665265
1212,2024-09-22 13:55:47.094512,2.0,1.0,0.0,317.0,1.0,5.0,0.0,0.0,2024-09-22,1,1,4.0,1949.1556058494284,0.9511946867009459,0.926912189338107,0.07308781066189296
1213,2024-09-22 14:01:20.566195,4.0,1.0,0.0,317.0,1.0,5.0,0.0,0.0,2024-09-22,1,1,16.0,1949.1556058494284,0.73235122080198,0.6580486166617547,0.34195138333824526
1214,2024-09-22 14:18:28.989091,4.0,1.0,0.0,317.0,1.0,5.0,0.0,0.0,2024-09-22,1,1,16.0,1949.1556058494284,0.73235122080198,0.6580486166617547,0.34195138333824526
1215,2024-09-22 14:28:42.742943,5.0,0.0,0.0,317.0,1.0,5.0,0.0,0.0,2024-09-22,0,1,25.0,1949.1556058494284,0.5062339601741238,0.4284486946252726,-0.4284486946252726
1216,2024-09-22 14:35:33.522614,5.0,1.0,0.0,317.0,1.0,5.0,0.0,0.0,2024-09-22,1,1,25.0,1949.1556058494284,0.5062339601741238,0.4284486946252726,0.5715513053747274
1217,2024-09-22 14:49:33.535083,5.0,0.0,0.0,317.0,1.0,5.0,0.0,0.0,2024-09-22,0,1,25.0,1949.1556058494284,0.5062339601741238,0.4284486946252726,-0.4284486946252726
1218,2024-09-22 14:54:43.308960,5.0,0.0,0.0,317.0,1.0,5.0,0.0,0.0,2024-09-22,0,1,25.0,1949.1556058494284,0.5062339601741238,0.4284486946252726,-0.4284486946252726
1219,2024-09-22 14:54:46.970654,5.0,0.0,0.0,317.0,1.0,5.0,0.0,0.0,2024-09-22,0,1,25.0,1949.1556058494284,0.5062339601741238,0.4284486946252726,-0.4284486946252726
1220,2024-09-22 15:10:41.509342,5.0,0.0,0.0,317.0,1.0,5.0,0.0,0.0,2024-09-22,0,1,25.0,1949.1556058494284,0.5062339601741238,0.4284486946252726,-0.4284486946252726
1221,2024-09-22 15:10:43.538284,5.0,0.0,0.0,317.0,1.0,5.0,0.0,0.0,2024-09-22,0,1,25.0,1949.1556058494284,0.5062339601741238,0.4284486946252726,-0.4284486946252726
1222,2024-09-22 15:20:21.560809,5.0,1.0,0.0,317.0,1.0,5.0,0.0,0.0,2024-09-22,1,1,25.0,1949.1556058494284,0.5062339601741238,0.4284486946252726,0.5715513053747274
1223,2024-09-22 16:44:16.029459,8.0,0.0,0.0,317.0,1.0,5.0,0.0,0.0,2024-09-22,0,1,64.0,1949.1556058494284,0.051173443204670974,0.042429164124164545,-0.042429164124164545
1224,2024-09-22 16:46:34.142206,8.0,0.0,0.0,317.0,1.0,5.0,0.0,0.0,2024-09-22,0,1,64.0,1949.1556058494284,0.051173443204670974,0.042429164124164545,-0.042429164124164545
1225,2024-09-22 16:55:55.521033,8.0,0.0,0.0,317.0,1.0,5.0,0.0,0.0,2024-09-22,0,1,64.0,1949.1556058494284,0.051173443204670974,0.042429164124164545,-0.042429164124164545
1226,2024-09-22 17:06:34.120984,8.0,0.0,0.0,317.0,1.0,5.0,0.0,0.0,2024-09-22,0,1,64.0,1949.1556058494284,0.051173443204670974,0.042429164124164545,-0.042429164124164545
1227,2024-09-22 17:10:59.208043,8.0,0.0,0.0,317.0,1.0,5.0,0.0,0.0,2024-09-22,0,1,64.0,1949.1556058494284,0.051173443204670974,0.042429164124164545,-0.042429164124164545
1228,2024-09-22 17:13:20.797328,8.0,0.0,0.0,317.0,1.0,5.0,0.0,0.0,2024-09-22,0,1,64.0,1949.1556058494284,0.051173443204670974,0.042429164124164545,-0.042429164124164545
1229,2024-09-22 17:21:49.421203,8.0,0.0,0.0,317.0,1.0,5.0,0.0,0.0,2024-09-22,0,1,64.0,1949.1556058494284,0.051173443204670974,0.042429164124164545,-0.042429164124164545
1230,2024-09-22 17:29:52.781826,7.0,0.0,0.0,317.0,1.0,5.0,0.0,0.0,2024-09-22,0,1,49.0,1949.1556058494284,0.12582837730032534,0.10213078272976209,-0.10213078272976209
1231,2024-09-22 17:38:23.841705,8.0,0.0,0.0,317.0,1.0,5.0,0.0,0.0,2024-09-22,0,1,64.0,1949.1556058494284,0.051173443204670974,0.042429164124164545,-0.042429164124164545
1232,2024-09-22 18:03:17.164793,8.0,0.0,0.0,317.0,1.0,5.0,0.0,0.0,2024-09-22,0,1,64.0,1949.1556058494284,0.051173443204670974,0.042429164124164545,-0.042429164124164545
1233,2024-09-23 20:59:47.668313,1.0,1.0,0.0,317.0,0.0,5.0,0.0,0.0,2024-09-23,1,1,1.0,2551.679917885045,0.9853180850214428,0.9701999099173347,0.029800090082665265
1234,2024-09-23 21:00:05.685864,2.0,1.0,0.0,317.0,0.0,5.0,0.0,0.0,2024-09-23,1,1,4.0,2551.679917885045,0.9617532957393726,0.926912189338107,0.07308781066189296
1235,2024-09-23 21:01:34.201223,3.0,1.0,0.0,317.0,0.0,5.0,0.0,0.0,2024-09-23,1,1,9.0,2551.679917885045,0.9040496225495487,0.8316552086126385,0.16834479138736147
1236,2024-09-23 21:02:17.027823,2.0,1.0,0.0,317.0,0.0,5.0,0.0,0.0,2024-09-23,1,1,4.0,2551.679917885045,0.9617532957393726,0.926912189338107,0.07308781066189296
1237,2024-09-23 21:02:49.484415,1.0,1.0,0.0,317.0,0.0,5.0,0.0,0.0,2024-09-23,1,1,1.0,2551.679917885045,0.9853180850214428,0.9701999099173347,0.029800090082665265
1238,2024-09-23 21:03:34.686439,3.0,1.0,0.0,317.0,0.0,5.0,0.0,0.0,2024-09-23,1,1,9.0,2551.679917885045,0.9040496225495487,0.8316552086126385,0.16834479138736147
1239,2024-09-23 21:04:10.332304,1.0,1.0,0.0,317.0,0.0,5.0,0.0,0.0,2024-09-23,1,1,1.0,2551.679917885045,0.9853180850214428,0.9701999099173347,0.029800090082665265
1240,2024-09-23 21:05:06.251107,1.0,1.0,0.0,317.0,0.0,5.0,0.0,0.0,2024-09-23,1,1,1.0,2551.679917885045,0.9853180850214428,0.9701999099173347,0.029800090082665265
1241,2024-09-23 21:06:04.648204,3.0,1.0,0.0,317.0,0.0,5.0,0.0,0.0,2024-09-23,1,1,9.0,2551.679917885045,0.9040496225495487,0.8316552086126385,0.16834479138736147
1242,2024-09-23 21:07:03.481092,4.0,1.0,0.0,317.0,0.0,5.0,0.0,0.0,2024-09-23,1,1,16.0,2551.679917885045,0.7792679816072529,0.6580486166617547,0.34195138333824526
1243,2024-09-23 21:07:54.387666,3.0,1.0,0.0,317.0,0.0,5.0,0.0,0.0,2024-09-23,1,1,9.0,2551.679917885045,0.9040496225495487,0.8316552086126385,0.16834479138736147
1244,2024-09-23 21:08:43.073233,2.0,1.0,0.0,317.0,0.0,5.0,0.0,0.0,2024-09-23,1,1,4.0,2551.679917885045,0.9617532957393726,0.926912189338107,0.07308781066189296
1245,2024-09-23 21:19:47.444358,2.0,1.0,0.0,317.0,0.0,5.0,0.0,0.0,2024-09-23,1,1,4.0,2551.679917885045,0.9617532957393726,0.926912189338107,0.07308781066189296
1246,2024-09-23 21:20:17.787706,2.0,1.0,0.0,317.0,0.0,5.0,0.0,0.0,2024-09-23,1,1,4.0,2551.679917885045,0.9617532957393726,0.926912189338107,0.07308781066189296
1247,2024-09-23 21:20:57.422851,4.0,1.0,0.0,317.0,0.0,5.0,0.0,0.0,2024-09-23,1,1,16.0,2551.679917885045,0.7792679816072529,0.6580486166617547,0.34195138333824526
1248,2024-09-23 21:21:53.902695,3.0,1.0,0.0,317.0,0.0,5.0,0.0,0.0,2024-09-23,1,1,9.0,2551.679917885045,0.9040496225495487,0.8316552086126385,0.16834479138736147
1249,2024-09-23 21:22:50.156733,5.0,0.0,0.0,317.0,0.0,5.0,0.0,0.0,2024-09-23,0,1,25.0,2551.679917885045,0.5694869263787282,0.4284486946252726,-0.4284486946252726
1250,2024-09-23 21:23:36.207634,1.0,1.0,0.0,317.0,0.0,5.0,0.0,0.0,2024-09-23,1,1,1.0,2551.679917885045,0.9853180850214428,0.9701999099173347,0.029800090082665265
1251,2024-09-23 21:24:37.242517,2.0,1.0,0.0,317.0,0.0,5.0,0.0,0.0,2024-09-23,1,1,4.0,2551.679917885045,0.9617532957393726,0.926912189338107,0.07308781066189296
1252,2024-09-23 21:25:24.869313,4.0,1.0,0.0,317.0,0.0,5.0,0.0,0.0,2024-09-23,1,1,16.0,2551.679917885045,0.7792679816072529,0.6580486166617547,0.34195138333824526
1253,2024-09-23 21:26:18.722507,1.0,1.0,0.0,317.0,0.0,5.0,0.0,0.0,2024-09-23,1,1,1.0,2551.679917885045,0.9853180850214428,0.9701999099173347,0.029800090082665265
1254,2024-09-25 21:50:38.712282,8.0,0.0,0.0,317.0,0.0,5.0,0.0,0.0,2024-09-25,0,1,64.0,2045.8274466498483,0.053195409300522564,0.042429164124164545,-0.042429164124164545
1255,2024-09-25 21:50:47.038068,8.0,0.0,0.0,317.0,0.0,5.0,0.0,0.0,2024-09-25,0,1,64.0,2045.8274466498483,0.053195409300522564,0.042429164124164545,-0.042429164124164545
1256,2024-09-25 21:50:49.430729,8.0,0.0,0.0,317.0,0.0,5.0,0.0,0.0,2024-09-25,0,1,64.0,2045.8274466498483,0.053195409300522564,0.042429164124164545,-0.042429164124164545
1257,2024-09-25 21:50:51.750191,8.0,1.0,0.0,317.0,0.0,5.0,0.0,0.0,2024-09-25,1,1,64.0,2045.8274466498483,0.053195409300522564,0.042429164124164545,0.9575708358758355
1269,2024-09-30 19:04:27.998619,2.0,1.0,0.0,274.0,0.0,5.0,0.0,0.0,2024-09-30,1,1,4.0,1146.0856026341169,0.9327828066821838,0.926912189338107,0.07308781066189296
1270,2024-09-30 19:06:08.232545,1.0,1.0,0.0,274.0,0.0,5.0,0.0,0.0,2024-09-30,1,1,1.0,1146.0856026341169,0.9737091274912144,0.9701999099173347,0.029800090082665265
1271,2024-09-30 19:08:13.784669,3.0,1.0,0.0,274.0,0.0,5.0,0.0,0.0,2024-09-30,1,1,9.0,1146.0856026341169,0.8387011832687357,0.8316552086126385,0.16834479138736147
1272,2024-09-30 19:12:47.328020,4.0,1.0,0.0,274.0,0.0,5.0,0.0,0.0,2024-09-30,1,1,16.0,1146.0856026341169,0.6608195085088892,0.6580486166617547,0.34195138333824526
1273,2024-09-30 19:14:50.235480,4.0,1.0,0.0,274.0,0.0,5.0,0.0,0.0,2024-09-30,1,1,16.0,1146.0856026341169,0.6608195085088892,0.6580486166617547,0.34195138333824526
1274,2024-09-30 19:20:35.947460,4.0,1.0,0.0,274.0,0.0,5.0,0.0,0.0,2024-09-30,1,1,16.0,1146.0856026341169,0.6608195085088892,0.6580486166617547,0.34195138333824526
1275,2024-09-30 19:24:03.076752,5.0,1.0,0.0,274.0,0.0,5.0,0.0,0.0,2024-09-30,1,1,25.0,1146.0856026341169,0.42196815216645017,0.4284486946252726,0.5715513053747274
1276,2024-09-30 19:48:55.623436,6.0,0.0,0.0,274.0,0.0,5.0,0.0,0.0,2024-09-30,0,1,36.0,1146.0856026341169,0.21478051941663542,0.22601051750673395,-0.22601051750673395
1277,2024-09-30 19:49:02.005530,7.0,0.0,0.0,274.0,0.0,5.0,0.0,0.0,2024-09-30,0,1,49.0,1146.0856026341169,0.09296195386856108,0.10213078272976209,-0.10213078272976209
1278,2024-09-30 19:49:07.626595,7.0,0.0,0.0,274.0,0.0,5.0,0.0,0.0,2024-09-30,0,1,49.0,1146.0856026341169,0.09296195386856108,0.10213078272976209,-0.10213078272976209
1279,2024-10-01 19:17:03.401444,5.0,0.0,0.0,274.0,1.0,5.0,0.0,0.0,2024-10-01,0,1,25.0,1214.5162801453844,0.42904263055860714,0.4284486946252726,-0.4284486946252726
1280,2024-10-01 19:21:31.830308,5.0,0.0,0.0,274.0,1.0,5.0,0.0,0.0,2024-10-01,0,1,25.0,1214.5162801453844,0.42904263055860714,0.4284486946252726,-0.4284486946252726
1281,2024-10-01 19:29:13.455268,3.0,1.0,0.0,274.0,1.0,5.0,0.0,0.0,2024-10-01,1,1,9.0,1214.5162801453844,0.8425780738612632,0.8316552086126385,0.16834479138736147
1282,2024-10-01 19:44:26.090532,8.0,0.0,0.0,274.0,1.0,5.0,0.0,0.0,2024-10-01,0,1,64.0,1214.5162801453844,0.03802660668264116,0.042429164124164545,-0.042429164124164545
1283,2024-10-01 19:56:31.259591,8.0,0.0,0.0,274.0,1.0,5.0,0.0,0.0,2024-10-01,0,1,64.0,1214.5162801453844,0.03802660668264116,0.042429164124164545,-0.042429164124164545
1284,2024-10-01 20:12:51.418115,8.0,0.0,0.0,274.0,1.0,5.0,0.0,0.0,2024-10-01,0,1,64.0,1214.5162801453844,0.03802660668264116,0.042429164124164545,-0.042429164124164545
1286,2024-10-01 20:24:44.033901,8.0,0.0,0.0,274.0,1.0,5.0,0.0,0.0,2024-10-01,0,1,64.0,1214.5162801453844,0.03802660668264116,0.042429164124164545,-0.042429164124164545
1287,2024-10-01 21:23:41.854631,8.0,1.0,0.0,274.0,1.0,5.0,0.0,0.0,2024-10-01,1,1,64.0,1214.5162801453844,0.03802660668264116,0.042429164124164545,0.9575708358758355
1288,2024-10-01 21:23:48.780614,10.0,0.0,0.0,274.0,1.0,5.0,0.0,0.0,2024-10-01,0,1,100.0,1214.5162801453844,0.005519157227905204,0.0066785679105771075,-0.0066785679105771075
1289,2024-10-01 21:29:10.857880,10.0,0.0,0.0,274.0,1.0,5.0,0.0,0.0,2024-10-01,0,1,100.0,1214.5162801453844,0.005519157227905204,0.0066785679105771075,-0.0066785679105771075
1291,2024-10-01 21:34:10.805748,10.0,0.0,0.0,274.0,1.0,5.0,0.0,0.0,2024-10-01,0,1,100.0,1214.5162801453844,0.005519157227905204,0.0066785679105771075,-0.0066785679105771075
1292,2024-10-01 21:38:38.973160,10.0,0.0,0.0,274.0,1.0,5.0,0.0,0.0,2024-10-01,0,1,100.0,1214.5162801453844,0.005519157227905204,0.0066785679105771075,-0.0066785679105771075
1293,2024-10-04 19:09:46.265305,3.0,1.0,0.0,274.0,1.0,5.0,0.0,0.0,2024-10-04,1,1,9.0,1376.5841521996804,0.8514575443697721,0.8316552086126385,0.16834479138736147
1294,2024-10-04 19:11:44.999397,3.0,1.0,0.0,274.0,1.0,5.0,0.0,0.0,2024-10-04,1,1,9.0,1376.5841521996804,0.8514575443697721,0.8316552086126385,0.16834479138736147
1295,2024-10-04 19:17:43.748590,3.0,1.0,0.0,274.0,1.0,5.0,0.0,0.0,2024-10-04,1,1,9.0,1376.5841521996804,0.8514575443697721,0.8316552086126385,0.16834479138736147
1296,2024-10-04 19:18:06.585817,6.0,0.0,0.0,274.0,1.0,5.0,0.0,0.0,2024-10-04,0,1,36.0,1376.5841521996804,0.2316774346896458,0.22601051750673395,-0.22601051750673395
1297,2024-10-04 20:05:39.644059,7.0,0.0,0.0,274.0,1.0,5.0,0.0,0.0,2024-10-04,0,1,49.0,1376.5841521996804,0.10151430181012155,0.10213078272976209,-0.10213078272976209
1298,2024-10-04 20:13:11.305354,7.0,0.0,0.0,274.0,1.0,5.0,0.0,0.0,2024-10-04,0,1,49.0,1376.5841521996804,0.10151430181012155,0.10213078272976209,-0.10213078272976209
1299,2024-10-04 20:39:09.529273,7.0,0.0,0.0,274.0,1.0,5.0,0.0,0.0,2024-10-04,0,1,49.0,1376.5841521996804,0.10151430181012155,0.10213078272976209,-0.10213078272976209
1300,2024-10-04 20:53:29.646657,6.0,0.0,0.0,274.0,1.0,5.0,0.0,0.0,2024-10-04,0,1,36.0,1376.5841521996804,0.2316774346896458,0.22601051750673395,-0.22601051750673395
1301,2024-10-04 21:04:42.199349,8.0,0.0,0.0,274.0,1.0,5.0,0.0,0.0,2024-10-04,0,1,64.0,1376.5841521996804,0.04061486057829728,0.042429164124164545,-0.042429164124164545
1302,2024-10-04 21:09:08.089640,8.0,0.0,0.0,274.0,1.0,5.0,0.0,0.0,2024-10-04,0,1,64.0,1376.5841521996804,0.04061486057829728,0.042429164124164545,-0.042429164124164545
1303,2024-10-04 21:15:12.107467,8.0,0.0,0.0,274.0,1.0,5.0,0.0,0.0,2024-10-04,0,1,64.0,1376.5841521996804,0.04061486057829728,0.042429164124164545,-0.042429164124164545
1304,2024-10-04 21:26:46.587507,8.0,0.0,0.0,274.0,1.0,5.0,0.0,0.0,2024-10-04,0,1,64.0,1376.5841521996804,0.04061486057829728,0.042429164124164545,-0.042429164124164545
1305,2024-10-04 21:32:36.227219,2.0,1.0,0.0,274.0,1.0,5.0,0.0,0.0,2024-10-04,1,1,4.0,1376.5841521996804,0.9386430203994942,0.926912189338107,0.07308781066189296
1306,2024-10-04 21:39:00.792450,8.0,0.0,0.0,274.0,1.0,5.0,0.0,0.0,2024-10-04,0,1,64.0,1376.5841521996804,0.04061486057829728,0.042429164124164545,-0.042429164124164545
1307,2024-10-04 21:55:18.755163,4.0,0.0,0.0,274.0,1.0,5.0,0.0,0.0,2024-10-04,0,1,16.0,1376.5841521996804,0.6823150526172608,0.6580486166617547,-0.6580486166617547
1308,2024-10-04 21:57:37.487654,4.0,1.0,0.0,274.0,1.0,5.0,0.0,0.0,2024-10-04,1,1,16.0,1376.5841521996804,0.6823150526172608,0.6580486166617547,0.34195138333824526
1309,2024-10-05 12:40:49.193403,2.0,1.0,0.0,274.0,1.0,5.0,0.0,0.0,2024-10-05,1,1,4.0,1795.3303786882432,0.9480843626517147,0.926912189338107,0.07308781066189296
1310,2024-10-05 12:42:42.013511,2.0,1.0,0.0,274.0,1.0,5.0,0.0,0.0,2024-10-05,1,1,4.0,1795.3303786882432,0.9480843626517147,0.926912189338107,0.07308781066189296
1311,2024-10-05 13:08:11.319751,2.0,1.0,0.0,274.0,1.0,5.0,0.0,0.0,2024-10-05,1,1,4.0,1795.3303786882432,0.9480843626517147,0.926912189338107,0.07308781066189296
1312,2024-10-05 13:53:08.340530,5.0,0.0,0.0,274.0,1.0,5.0,0.0,0.0,2024-10-05,0,1,25.0,1795.3303786882432,0.4899715964094397,0.4284486946252726,-0.4284486946252726
1313,2024-10-05 13:55:14.129412,5.0,0.0,0.0,274.0,1.0,5.0,0.0,0.0,2024-10-05,0,1,25.0,1795.3303786882432,0.4899715964094397,0.4284486946252726,-0.4284486946252726
1314,2024-10-05 14:05:06.858100,5.0,1.0,0.0,274.0,1.0,5.0,0.0,0.0,2024-10-05,1,1,25.0,1795.3303786882432,0.4899715964094397,0.4284486946252726,0.5715513053747274
1315,2024-10-05 14:38:33.506846,9.0,0.0,0.0,274.0,1.0,5.0,0.0,0.0,2024-10-05,0,1,81.0,1795.3303786882432,0.018583754071509865,0.016967253101591025,-0.016967253101591025
1316,2024-10-05 15:19:00.967897,11.0,0.0,0.0,274.0,1.0,5.0,0.0,0.0,2024-10-05,0,1,121.0,1795.3303786882432,0.002651422952511354,0.002612206925651033,-0.002612206925651033
1317,2024-10-05 15:23:55.584525,1.0,1.0,0.0,274.0,1.0,5.0,0.0,0.0,2024-10-05,1,1,1.0,1795.3303786882432,0.9798948826510666,0.9701999099173347,0.029800090082665265
1318,2024-10-05 15:27:58.904064,3.0,1.0,0.0,274.0,1.0,5.0,0.0,0.0,2024-10-05,1,1,9.0,1795.3303786882432,0.8724921767257242,0.8316552086126385,0.16834479138736147
1319,2024-10-05 15:32:34.189843,2.0,1.0,0.0,274.0,1.0,5.0,0.0,0.0,2024-10-05,1,1,4.0,1795.3303786882432,0.9480843626517147,0.926912189338107,0.07308781066189296
1320,2024-10-05 15:42:39.227178,4.0,1.0,0.0,274.0,1.0,5.0,0.0,0.0,2024-10-05,1,1,16.0,1795.3303786882432,0.7194083009664931,0.6580486166617547,0.34195138333824526
1321,2024-10-05 15:57:13.983920,4.0,1.0,0.0,274.0,1.0,5.0,0.0,0.0,2024-10-05,1,1,16.0,1795.3303786882432,0.7194083009664931,0.6580486166617547,0.34195138333824526
1322,2024-10-05 16:07:12.103356,9.0,0.0,0.0,274.0,1.0,5.0,0.0,0.0,2024-10-05,0,1,81.0,1795.3303786882432,0.018583754071509865,0.016967253101591025,-0.016967253101591025
1323,2024-10-05 16:26:45.515599,9.0,0.0,0.0,274.0,1.0,5.0,0.0,0.0,2024-10-05,0,1,81.0,1795.3303786882432,0.018583754071509865,0.016967253101591025,-0.016967253101591025
1333,2024-10-07 19:12:30.302165,1.0,1.0,0.0,274.0,0.0,5.0,0.0,0.0,2024-10-07,1,1,1.0,1779.988329328309,0.9797666546104348,0.9701999099173347,0.029800090082665265
1334,2024-10-07 19:12:36.354946,1.0,1.0,0.0,274.0,0.0,5.0,0.0,0.0,2024-10-07,1,1,1.0,1779.988329328309,0.9797666546104348,0.9701999099173347,0.029800090082665265
1335,2024-10-07 19:13:24.455896,2.0,1.0,0.0,274.0,0.0,5.0,0.0,0.0,2024-10-07,1,1,4.0,1779.988329328309,0.947764066170158,0.926912189338107,0.07308781066189296
1336,2024-10-07 19:14:09.078266,3.0,1.0,0.0,274.0,0.0,5.0,0.0,0.0,2024-10-07,1,1,9.0,1779.988329328309,0.8717685880069136,0.8316552086126385,0.16834479138736147
1337,2024-10-07 19:15:08.428581,2.0,1.0,0.0,274.0,0.0,5.0,0.0,0.0,2024-10-07,1,1,4.0,1779.988329328309,0.947764066170158,0.926912189338107,0.07308781066189296
1338,2024-10-07 19:15:57.188763,1.0,1.0,0.0,274.0,0.0,5.0,0.0,0.0,2024-10-07,1,1,1.0,1779.988329328309,0.9797666546104348,0.9701999099173347,0.029800090082665265
1339,2024-10-07 19:17:00.606446,2.0,1.0,0.0,274.0,0.0,5.0,0.0,0.0,2024-10-07,1,1,4.0,1779.988329328309,0.947764066170158,0.926912189338107,0.07308781066189296
1340,2024-10-07 19:18:02.465207,3.0,1.0,0.0,274.0,0.0,5.0,0.0,0.0,2024-10-07,1,1,9.0,1779.988329328309,0.8717685880069136,0.8316552086126385,0.16834479138736147
1341,2024-10-07 19:18:57.615410,2.0,1.0,0.0,274.0,0.0,5.0,0.0,0.0,2024-10-07,1,1,4.0,1779.988329328309,0.947764066170158,0.926912189338107,0.07308781066189296
1342,2024-10-07 19:19:45.494190,4.0,1.0,0.0,274.0,0.0,5.0,0.0,0.0,2024-10-07,1,1,16.0,1779.988329328309,0.7180966705745967,0.6580486166617547,0.34195138333824526
1343,2024-10-07 19:20:45.353104,1.0,1.0,0.0,274.0,0.0,5.0,0.0,0.0,2024-10-07,1,1,1.0,1779.988329328309,0.9797666546104348,0.9701999099173347,0.029800090082665265
1344,2024-10-07 19:21:35.525053,2.0,1.0,0.0,274.0,0.0,5.0,0.0,0.0,2024-10-07,1,1,4.0,1779.988329328309,0.947764066170158,0.926912189338107,0.07308781066189296
1345,2024-10-07 19:22:39.051817,3.0,1.0,0.0,274.0,0.0,5.0,0.0,0.0,2024-10-07,1,1,9.0,1779.988329328309,0.8717685880069136,0.8316552086126385,0.16834479138736147
1346,2024-10-07 19:23:43.882769,2.0,1.0,0.0,274.0,0.0,5.0,0.0,0.0,2024-10-07,1,1,4.0,1779.988329328309,0.947764066170158,0.926912189338107,0.07308781066189296
1347,2024-10-07 19:25:50.092067,3.0,1.0,0.0,274.0,0.0,5.0,0.0,0.0,2024-10-07,1,1,9.0,1779.988329328309,0.8717685880069136,0.8316552086126385,0.16834479138736147
1348,2024-10-10 16:35:40.697371,8.0,0.0,0.0,274.0,1.0,5.0,0.0,0.0,2024-10-10,0,1,64.0,1219.6721031199345,0.03810645151312815,0.042429164124164545,-0.042429164124164545
1349,2024-10-10 16:42:36.447363,8.0,0.0,0.0,274.0,1.0,5.0,0.0,0.0,2024-10-10,0,1,64.0,1219.6721031199345,0.03810645151312815,0.042429164124164545,-0.042429164124164545
1350,2024-10-10 16:51:41.957055,8.0,0.0,0.0,274.0,1.0,5.0,0.0,0.0,2024-10-10,0,1,64.0,1219.6721031199345,0.03810645151312815,0.042429164124164545,-0.042429164124164545
1351,2024-10-10 17:06:57.690263,8.0,0.0,0.0,274.0,1.0,5.0,0.0,0.0,2024-10-10,0,1,64.0,1219.6721031199345,0.03810645151312815,0.042429164124164545,-0.042429164124164545
1352,2024-10-10 17:18:41.544949,8.0,0.0,0.0,274.0,1.0,5.0,0.0,0.0,2024-10-10,0,1,64.0,1219.6721031199345,0.03810645151312815,0.042429164124164545,-0.042429164124164545
1353,2024-10-10 17:33:09.274094,8.0,0.0,0.0,274.0,1.0,5.0,0.0,0.0,2024-10-10,0,1,64.0,1219.6721031199345,0.03810645151312815,0.042429164124164545,-0.042429164124164545
1354,2024-10-10 17:45:37.605977,8.0,0.0,0.0,274.0,1.0,5.0,0.0,0.0,2024-10-10,0,1,64.0,1219.6721031199345,0.03810645151312815,0.042429164124164545,-0.042429164124164545
1355,2024-10-10 18:04:12.246890,8.0,0.0,0.0,274.0,1.0,5.0,0.0,0.0,2024-10-10,0,1,64.0,1219.6721031199345,0.03810645151312815,0.042429164124164545,-0.042429164124164545
1356,2024-10-10 18:28:35.063037,8.0,0.0,0.0,274.0,1.0,5.0,0.0,0.0,2024-10-10,0,1,64.0,1219.6721031199345,0.03810645151312815,0.042429164124164545,-0.042429164124164545
1357,2024-10-13 15:17:42.154107,1.0,1.0,0.0,274.0,1.0,5.0,0.0,0.0,2024-10-13,1,1,1.0,1227.3929661647353,0.9745752220413316,0.9701999099173347,0.029800090082665265
1358,2024-10-13 15:17:48.147073,1.0,1.0,0.0,274.0,1.0,5.0,0.0,0.0,2024-10-13,1,1,1.0,1227.3929661647353,0.9745752220413316,0.9701999099173347,0.029800090082665265
1359,2024-10-13 15:17:51.511984,4.0,1.0,0.0,274.0,1.0,5.0,0.0,0.0,2024-10-13,1,1,16.0,1227.3929661647353,0.6684837050209027,0.6580486166617547,0.34195138333824526
1360,2024-10-13 16:25:03.827902,3.0,1.0,0.0,274.0,1.0,5.0,0.0,0.0,2024-10-13,1,1,9.0,1227.3929661647353,0.8432990644191878,0.8316552086126385,0.16834479138736147
1361,2024-10-13 16:25:08.087765,1.0,1.0,0.0,274.0,1.0,5.0,0.0,0.0,2024-10-13,1,1,1.0,1227.3929661647353,0.9745752220413316,0.9701999099173347,0.029800090082665265
1362,2024-10-13 16:25:11.734119,2.0,1.0,0.0,274.0,1.0,5.0,0.0,0.0,2024-10-13,1,1,4.0,1227.3929661647353,0.9349069984738485,0.926912189338107,0.07308781066189296
1363,2024-10-13 17:07:09.895214,2.0,1.0,0.0,274.0,1.0,5.0,0.0,0.0,2024-10-13,1,1,4.0,1227.3929661647353,0.9349069984738485,0.926912189338107,0.07308781066189296
1364,2024-10-13 17:47:04.953789,8.0,0.0,0.0,274.0,1.0,5.0,0.0,0.0,2024-10-13,0,1,64.0,1227.3929661647353,0.0382263205836397,0.042429164124164545,-0.042429164124164545
1365,2024-10-13 17:52:15.924593,8.0,0.0,0.0,274.0,1.0,5.0,0.0,0.0,2024-10-13,0,1,64.0,1227.3929661647353,0.0382263205836397,0.042429164124164545,-0.042429164124164545
1366,2024-10-13 17:55:02.629741,8.0,0.0,0.0,274.0,1.0,5.0,0.0,0.0,2024-10-13,0,1,64.0,1227.3929661647353,0.0382263205836397,0.042429164124164545,-0.042429164124164545
1367,2024-10-13 18:03:53.798711,8.0,0.0,0.0,274.0,1.0,5.0,0.0,0.0,2024-10-13,0,1,64.0,1227.3929661647353,0.0382263205836397,0.042429164124164545,-0.042429164124164545
1368,2024-10-13 18:06:38.638580,8.0,0.0,0.0,274.0,1.0,5.0,0.0,0.0,2024-10-13,0,1,64.0,1227.3929661647353,0.0382263205836397,0.042429164124164545,-0.042429164124164545
1369,2024-10-13 18:11:46.461657,8.0,0.0,0.0,274.0,1.0,5.0,0.0,0.0,2024-10-13,0,1,64.0,1227.3929661647353,0.0382263205836397,0.042429164124164545,-0.042429164124164545
1370,2024-10-13 18:21:44.280763,8.0,0.0,0.0,274.0,1.0,5.0,0.0,0.0,2024-10-13,0,1,64.0,1227.3929661647353,0.0382263205836397,0.042429164124164545,-0.042429164124164545
1371,2024-10-13 18:28:13.276034,8.0,0.0,0.0,274.0,1.0,5.0,0.0,0.0,2024-10-13,0,1,64.0,1227.3929661647353,0.0382263205836397,0.042429164124164545,-0.042429164124164545
1372,2024-10-13 18:34:22.102662,8.0,0.0,0.0,274.0,1.0,5.0,0.0,0.0,2024-10-13,0,1,64.0,1227.3929661647353,0.0382263205836397,0.042429164124164545,-0.042429164124164545
1373,2024-10-13 18:35:26.914156,8.0,0.0,0.0,274.0,1.0,5.0,0.0,0.0,2024-10-13,0,1,64.0,1227.3929661647353,0.0382263205836397,0.042429164124164545,-0.042429164124164545
1374,2024-10-13 18:47:10.099177,8.0,0.0,0.0,274.0,1.0,5.0,0.0,0.0,2024-10-13,0,1,64.0,1227.3929661647353,0.0382263205836397,0.042429164124164545,-0.042429164124164545
1375,2024-10-13 18:51:38.138194,8.0,0.0,0.0,274.0,1.0,5.0,0.0,0.0,2024-10-13,0,1,64.0,1227.3929661647353,0.0382263205836397,0.042429164124164545,-0.042429164124164545
1376,2024-10-13 18:53:35.794157,9.0,0.0,0.0,274.0,1.0,5.0,0.0,0.0,2024-10-13,0,1,81.0,1227.3929661647353,0.014673898598195335,0.016967253101591025,-0.016967253101591025
1377,2024-10-13 19:01:26.178700,9.0,0.0,0.0,274.0,1.0,5.0,0.0,0.0,2024-10-13,0,1,81.0,1227.3929661647353,0.014673898598195335,0.016967253101591025,-0.016967253101591025
1378,2024-10-13 19:19:02.861086,10.0,0.0,0.0,274.0,1.0,5.0,0.0,0.0,2024-10-13,0,1,100.0,1227.3929661647353,0.005549128414215688,0.0066785679105771075,-0.0066785679105771075
1379,2024-10-13 19:21:07.539957,10.0,0.0,0.0,274.0,1.0,5.0,0.0,0.0,2024-10-13,0,1,100.0,1227.3929661647353,0.005549128414215688,0.0066785679105771075,-0.0066785679105771075
1380,2024-10-13 19:24:36.916914,10.0,0.0,0.0,274.0,1.0,5.0,0.0,0.0,2024-10-13,0,1,100.0,1227.3929661647353,0.005549128414215688,0.0066785679105771075,-0.0066785679105771075
1381,2024-10-14 17:05:29.315918,3.0,1.0,0.0,274.0,1.0,5.0,0.0,0.0,2024-10-14,1,1,9.0,2329.9998366770315,0.8956033120581609,0.8316552086126385,0.16834479138736147
1382,2024-10-14 17:11:17.819938,5.0,1.0,0.0,274.0,1.0,5.0,0.0,0.0,2024-10-14,1,1,25.0,2329.9998366770315,0.5463675606894095,0.4284486946252726,0.5715513053747274
1383,2024-10-14 17:53:23.493700,8.0,0.0,0.0,274.0,1.0,5.0,0.0,0.0,2024-10-14,0,1,64.0,2329.9998366770315,0.05958385882788873,0.042429164124164545,-0.042429164124164545
1384,2024-10-14 18:10:05.070743,8.0,1.0,0.0,274.0,1.0,5.0,0.0,0.0,2024-10-14,1,1,64.0,2329.9998366770315,0.05958385882788873,0.042429164124164545,0.9575708358758355
1385,2024-10-14 18:28:54.350526,10.0,0.0,0.0,274.0,1.0,5.0,0.0,0.0,2024-10-14,0,1,100.0,2329.9998366770315,0.008816866940898905,0.0066785679105771075,-0.0066785679105771075
1386,2024-10-14 18:34:46.042977,10.0,0.0,0.0,274.0,1.0,5.0,0.0,0.0,2024-10-14,0,1,100.0,2329.9998366770315,0.008816866940898905,0.0066785679105771075,-0.0066785679105771075
1387,2024-10-14 18:49:07.108018,10.0,0.0,0.0,274.0,1.0,5.0,0.0,0.0,2024-10-14,0,1,100.0,2329.9998366770315,0.008816866940898905,0.0066785679105771075,-0.0066785679105771075
1388,2024-10-14 18:52:51.868768,10.0,0.0,0.0,274.0,1.0,5.0,0.0,0.0,2024-10-14,0,1,100.0,2329.9998366770315,0.008816866940898905,0.0066785679105771075,-0.0066785679105771075
1389,2024-10-14 19:13:12.246280,7.0,0.0,0.0,274.0,1.0,5.0,0.0,0.0,2024-10-14,0,1,49.0,2329.9998366770315,0.14463805120654682,0.10213078272976209,-0.10213078272976209
1390,2024-10-14 19:16:30.999615,7.0,0.0,0.0,274.0,1.0,5.0,0.0,0.0,2024-10-14,0,1,49.0,2329.9998366770315,0.14463805120654682,0.10213078272976209,-0.10213078272976209
1391,2024-10-14 19:22:49.211079,7.0,0.0,0.0,274.0,1.0,5.0,0.0,0.0,2024-10-14,0,1,49.0,2329.9998366770315,0.14463805120654682,0.10213078272976209,-0.10213078272976209
1392,2024-10-14 19:51:42.849627,7.0,0.0,0.0,274.0,1.0,5.0,0.0,0.0,2024-10-14,0,1,49.0,2329.9998366770315,0.14463805120654682,0.10213078272976209,-0.10213078272976209
1393,2024-10-14 20:47:16.890679,7.0,0.0,0.0,274.0,1.0,5.0,0.0,0.0,2024-10-14,0,1,49.0,2329.9998366770315,0.14463805120654682,0.10213078272976209,-0.10213078272976209
1404,2024-10-18 17:48:49.373832,3.0,1.0,0.0,277.0,0.0,5.0,0.0,0.0,2024-10-18,1,1,9.0,1841.5044514742,0.8746489070993808,0.8316552086126385,0.16834479138736147
1405,2024-10-18 17:50:49.855324,3.0,1.0,0.0,277.0,0.0,5.0,0.0,0.0,2024-10-18,1,1,9.0,1841.5044514742,0.8746489070993808,0.8316552086126385,0.16834479138736147
1406,2024-10-18 17:55:21.671510,4.0,1.0,0.0,277.0,0.0,5.0,0.0,0.0,2024-10-18,1,1,16.0,1841.5044514742,0.7233332908109367,0.6580486166617547,0.34195138333824526
1407,2024-10-18 18:03:02.685740,6.0,1.0,0.0,277.0,0.0,5.0,0.0,0.0,2024-10-18,1,1,36.0,1841.5044514742,0.26850154757823,0.22601051750673395,0.773989482493266
1408,2024-10-18 18:10:41.750119,6.0,0.0,0.0,277.0,0.0,5.0,0.0,0.0,2024-10-18,0,1,36.0,1841.5044514742,0.26850154757823,0.22601051750673395,-0.22601051750673395
1409,2024-10-18 18:19:32.011521,8.0,0.0,0.0,277.0,0.0,5.0,0.0,0.0,2024-10-18,0,1,64.0,1841.5044514742,0.049007473946177445,0.042429164124164545,-0.042429164124164545
1410,2024-10-18 18:47:53.021934,2.0,1.0,0.0,277.0,0.0,5.0,0.0,0.0,2024-10-18,1,1,4.0,1841.5044514742,0.9490371734687849,0.926912189338107,0.07308781066189296
1411,2024-10-18 18:47:58.112087,1.0,1.0,0.0,277.0,0.0,5.0,0.0,0.0,2024-10-18,1,1,1.0,1841.5044514742,0.9802760189002098,0.9701999099173347,0.029800090082665265
1412,2024-10-18 18:48:01.986853,1.0,1.0,0.0,277.0,0.0,5.0,0.0,0.0,2024-10-18,1,1,1.0,1841.5044514742,0.9802760189002098,0.9701999099173347,0.029800090082665265
1413,2024-10-18 18:48:04.141161,1.0,1.0,0.0,277.0,0.0,5.0,0.0,0.0,2024-10-18,1,1,1.0,1841.5044514742,0.9802760189002098,0.9701999099173347,0.029800090082665265
1414,2024-10-18 18:48:06.023520,1.0,1.0,0.0,277.0,0.0,5.0,0.0,0.0,2024-10-18,1,1,1.0,1841.5044514742,0.9802760189002098,0.9701999099173347,0.029800090082665265
1415,2024-10-18 18:50:27.043247,2.0,1.0,0.0,277.0,0.0,5.0,0.0,0.0,2024-10-18,1,1,4.0,1841.5044514742,0.9490371734687849,0.926912189338107,0.07308781066189296
1416,2024-10-18 18:50:30.843746,3.0,1.0,0.0,277.0,0.0,5.0,0.0,0.0,2024-10-18,1,1,9.0,1841.5044514742,0.8746489070993808,0.8316552086126385,0.16834479138736147
1417,2024-10-18 18:50:34.200821,2.0,1.0,0.0,277.0,0.0,5.0,0.0,0.0,2024-10-18,1,1,4.0,1841.5044514742,0.9490371734687849,0.926912189338107,0.07308781066189296
1418,2024-10-18 18:52:05.548214,2.0,1.0,0.0,277.0,0.0,5.0,0.0,0.0,2024-10-18,1,1,4.0,1841.5044514742,0.9490371734687849,0.926912189338107,0.07308781066189296
1419,2024-10-18 18:52:08.635938,3.0,1.0,0.0,277.0,0.0,5.0,0.0,0.0,2024-10-18,1,1,9.0,1841.5044514742,0.8746489070993808,0.8316552086126385,0.16834479138736147
1420,2024-10-18 18:53:12.785945,3.0,1.0,0.0,277.0,0.0,5.0,0.0,0.0,2024-10-18,1,1,9.0,1841.5044514742,0.8746489070993808,0.8316552086126385,0.16834479138736147
1421,2024-10-19 15:10:57.664618,3.0,0.0,0.0,277.0,1.0,5.0,0.0,0.0,2024-10-19,0,1,9.0,1813.3595112745647,0.8733380396806605,0.8316552086126385,-0.8316552086126385
1422,2024-10-19 15:11:00.917699,3.0,0.0,0.0,277.0,1.0,5.0,0.0,0.0,2024-10-19,0,1,9.0,1813.3595112745647,0.8733380396806605,0.8316552086126385,-0.8316552086126385
1423,2024-10-19 15:25:06.733784,3.0,0.0,0.0,277.0,1.0,5.0,0.0,0.0,2024-10-19,0,1,9.0,1813.3595112745647,0.8733380396806605,0.8316552086126385,-0.8316552086126385
1424,2024-10-19 15:25:10.713043,3.0,1.0,0.0,277.0,1.0,5.0,0.0,0.0,2024-10-19,1,1,9.0,1813.3595112745647,0.8733380396806605,0.8316552086126385,0.16834479138736147
1425,2024-10-19 15:31:53.966994,2.0,1.0,0.0,277.0,1.0,5.0,0.0,0.0,2024-10-19,1,1,4.0,1813.3595112745647,0.9484583847537401,0.926912189338107,0.07308781066189296
1426,2024-10-19 16:47:50.317634,10.0,0.0,0.0,277.0,1.0,5.0,0.0,0.0,2024-10-19,0,1,100.0,1813.3595112745647,0.007098616283309424,0.0066785679105771075,-0.0066785679105771075
1427,2024-10-19 17:31:46.942624,5.0,0.0,0.0,277.0,1.0,5.0,0.0,0.0,2024-10-19,0,1,25.0,1813.3595112745647,0.49187719686733344,0.4284486946252726,-0.4284486946252726
1428,2024-10-19 17:31:51.015635,5.0,0.0,0.0,277.0,1.0,5.0,0.0,0.0,2024-10-19,0,1,25.0,1813.3595112745647,0.49187719686733344,0.4284486946252726,-0.4284486946252726
1429,2024-10-19 17:32:03.656900,5.0,0.0,0.0,277.0,1.0,5.0,0.0,0.0,2024-10-19,0,1,25.0,1813.3595112745647,0.49187719686733344,0.4284486946252726,-0.4284486946252726
1430,2024-10-19 17:32:22.664470,5.0,1.0,0.0,277.0,1.0,5.0,0.0,0.0,2024-10-19,1,1,25.0,1813.3595112745647,0.49187719686733344,0.4284486946252726,0.5715513053747274
1431,2024-10-19 18:06:30.349463,6.0,0.0,0.0,277.0,1.0,5.0,0.0,0.0,2024-10-19,0,1,36.0,1813.3595112745647,0.2661701250545712,0.22601051750673395,-0.22601051750673395
1432,2024-10-19 18:06:34.781354,6.0,0.0,0.0,277.0,1.0,5.0,0.0,0.0,2024-10-19,0,1,36.0,1813.3595112745647,0.2661701250545712,0.22601051750673395,-0.22601051750673395
1433,2024-10-19 18:06:36.916214,6.0,0.0,0.0,277.0,1.0,5.0,0.0,0.0,2024-10-19,0,1,36.0,1813.3595112745647,0.2661701250545712,0.22601051750673395,-0.22601051750673395
1434,2024-10-22 18:50:28.233332,2.0,1.0,0.0,277.0,1.0,5.0,0.0,0.0,2024-10-22,1,1,4.0,1442.8073089798775,0.9402363441339467,0.926912189338107,0.07308781066189296
1435,2024-10-22 19:45:46.550269,4.0,0.0,0.0,277.0,1.0,5.0,0.0,0.0,2024-10-22,0,1,16.0,1442.8073089798775,0.6883547049714042,0.6580486166617547,-0.6580486166617547
1436,2024-10-22 19:54:08.567277,4.0,1.0,0.0,277.0,1.0,5.0,0.0,0.0,2024-10-22,1,1,16.0,1442.8073089798775,0.6883547049714042,0.6580486166617547,0.34195138333824526
1437,2024-10-22 20:39:56.412380,6.0,0.0,0.0,277.0,1.0,5.0,0.0,0.0,2024-10-22,0,1,36.0,1442.8073089798775,0.23670022771565952,0.22601051750673395,-0.22601051750673395
1438,2024-10-22 20:44:13.908039,6.0,0.0,0.0,277.0,1.0,5.0,0.0,0.0,2024-10-22,0,1,36.0,1442.8073089798775,0.23670022771565952,0.22601051750673395,-0.22601051750673395
1439,2024-10-22 20:57:38.680522,6.0,0.0,0.0,277.0,1.0,5.0,0.0,0.0,2024-10-22,0,1,36.0,1442.8073089798775,0.23670022771565952,0.22601051750673395,-0.22601051750673395
1440,2024-10-22 21:05:06.194673,6.0,0.0,0.0,277.0,1.0,5.0,0.0,0.0,2024-10-22,0,1,36.0,1442.8073089798775,0.23670022771565952,0.22601051750673395,-0.22601051750673395
1441,2024-10-24 17:34:00.261617,3.0,1.0,0.0,277.0,0.0,5.0,0.0,0.0,2024-10-24,1,1,9.0,1240.2749529364685,0.8440176592950552,0.8316552086126385,0.16834479138736147
1442,2024-10-24 17:35:07.578048,2.0,1.0,0.0,277.0,0.0,5.0,0.0,0.0,2024-10-24,1,1,4.0,1240.2749529364685,0.9352377617805187,0.926912189338107,0.07308781066189296
1443,2024-10-24 17:36:29.462861,4.0,0.0,0.0,277.0,0.0,5.0,0.0,0.0,2024-10-24,0,1,16.0,1240.2749529364685,0.6696899615089583,0.6580486166617547,-0.6580486166617547
1444,2024-10-24 17:37:38.798833,4.0,1.0,0.0,277.0,0.0,5.0,0.0,0.0,2024-10-24,1,1,16.0,1240.2749529364685,0.6696899615089583,0.6580486166617547,0.34195138333824526
1445,2024-10-24 17:40:37.716816,6.0,0.0,0.0,277.0,0.0,5.0,0.0,0.0,2024-10-24,0,1,36.0,1240.2749529364685,0.22157494684471365,0.22601051750673395,-0.22601051750673395
1446,2024-10-24 17:44:15.748244,8.0,1.0,0.0,277.0,0.0,5.0,0.0,0.0,2024-10-24,1,1,64.0,1240.2749529364685,0.038427124309217804,0.042429164124164545,0.9575708358758355
1447,2024-10-24 17:54:04.138776,7.0,0.0,0.0,277.0,0.0,5.0,0.0,0.0,2024-10-24,0,1,49.0,1240.2749529364685,0.09637572423179569,0.10213078272976209,-0.10213078272976209
1448,2024-10-24 17:56:47.973436,7.0,1.0,0.0,277.0,0.0,5.0,0.0,0.0,2024-10-24,1,1,49.0,1240.2749529364685,0.09637572423179569,0.10213078272976209,0.8978692172702379
1449,2024-10-24 18:13:26.617287,5.0,1.0,0.0,277.0,0.0,5.0,0.0,0.0,2024-10-24,1,1,25.0,1240.2749529364685,0.43171329791126467,0.4284486946252726,0.5715513053747274
1450,2024-10-24 18:13:41.348835,9.0,0.0,0.0,277.0,0.0,5.0,0.0,0.0,2024-10-24,0,1,81.0,1240.2749529364685,0.01475287871152549,0.016967253101591025,-0.016967253101591025
1451,2024-10-24 18:17:26.259042,7.0,0.0,0.0,277.0,0.0,5.0,0.0,0.0,2024-10-24,0,1,49.0,1240.2749529364685,0.09637572423179569,0.10213078272976209,-0.10213078272976209
1452,2024-10-24 18:23:59.542852,7.0,0.0,0.0,277.0,0.0,5.0,0.0,0.0,2024-10-24,0,1,49.0,1240.2749529364685,0.09637572423179569,0.10213078272976209,-0.10213078272976209
1453,2024-10-24 18:55:30.873243,7.0,0.0,0.0,277.0,0.0,5.0,0.0,0.0,2024-10-24,0,1,49.0,1240.2749529364685,0.09637572423179569,0.10213078272976209,-0.10213078272976209
1454,2024-10-26 16:39:22.061432,4.0,0.0,0.0,277.0,1.0,5.0,0.0,0.0,2024-10-26,0,1,16.0,1362.009902577865,0.6809774861505605,0.6580486166617547,-0.6580486166617547
1455,2024-10-26 16:42:21.114896,4.0,1.0,0.0,277.0,1.0,5.0,0.0,0.0,2024-10-26,1,1,16.0,1362.009902577865,0.6809774861505605,0.6580486166617547,0.34195138333824526
1456,2024-10-26 16:46:54.420177,4.0,0.0,0.0,277.0,1.0,5.0,0.0,0.0,2024-10-26,0,1,16.0,1362.009902577865,0.6809774861505605,0.6580486166617547,-0.6580486166617547
1457,2024-10-26 16:51:08.527889,4.0,0.0,0.0,277.0,1.0,5.0,0.0,0.0,2024-10-26,0,1,16.0,1362.009902577865,0.6809774861505605,0.6580486166617547,-0.6580486166617547
1458,2024-10-26 16:53:30.153468,4.0,0.0,0.0,277.0,1.0,5.0,0.0,0.0,2024-10-26,0,1,16.0,1362.009902577865,0.6809774861505605,0.6580486166617547,-0.6580486166617547
1459,2024-10-26 16:54:19.758734,4.0,0.0,0.0,277.0,1.0,5.0,0.0,0.0,2024-10-26,0,1,16.0,1362.009902577865,0.6809774861505605,0.6580486166617547,-0.6580486166617547
1460,2024-10-26 16:56:22.422548,4.0,0.0,0.0,277.0,1.0,5.0,0.0,0.0,2024-10-26,0,1,16.0,1362.009902577865,0.6809774861505605,0.6580486166617547,-0.6580486166617547
1461,2024-10-26 16:59:56.598686,4.0,0.0,0.0,277.0,1.0,5.0,0.0,0.0,2024-10-26,0,1,16.0,1362.009902577865,0.6809774861505605,0.6580486166617547,-0.6580486166617547
1462,2024-10-26 17:03:04.991447,4.0,0.0,0.0,277.0,1.0,5.0,0.0,0.0,2024-10-26,0,1,16.0,1362.009902577865,0.6809774861505605,0.6580486166617547,-0.6580486166617547
1463,2024-10-26 17:11:00.607276,4.0,0.0,0.0,277.0,1.0,5.0,0.0,0.0,2024-10-26,0,1,16.0,1362.009902577865,0.6809774861505605,0.6580486166617547,-0.6580486166617547
1464,2024-10-26 17:14:28.049346,4.0,1.0,0.0,277.0,1.0,5.0,0.0,0.0,2024-10-26,1,1,16.0,1362.009902577865,0.6809774861505605,0.6580486166617547,0.34195138333824526
1465,2024-10-26 17:18:49.043617,12.0,0.0,0.0,277.0,1.0,5.0,0.0,0.0,2024-10-26,0,1,144.0,1362.009902577865,0.0008286263382877214,0.0010191794673629008,-0.0010191794673629008
1466,2024-10-26 17:21:38.182143,12.0,0.0,0.0,277.0,1.0,5.0,0.0,0.0,2024-10-26,0,1,144.0,1362.009902577865,0.0008286263382877214,0.0010191794673629008,-0.0010191794673629008
1467,2024-10-26 17:26:28.753489,12.0,0.0,0.0,277.0,1.0,5.0,0.0,0.0,2024-10-26,0,1,144.0,1362.009902577865,0.0008286263382877214,0.0010191794673629008,-0.0010191794673629008
1468,2024-10-27 15:13:40.372458,2.0,0.0,0.0,277.0,1.0,5.0,0.0,0.0,2024-10-27,0,1,4.0,1788.696283785649,0.9479460908739067,0.926912189338107,-0.926912189338107
1469,2024-10-27 15:13:44.465477,2.0,0.0,0.0,277.0,1.0,5.0,0.0,0.0,2024-10-27,0,1,4.0,1788.696283785649,0.9479460908739067,0.926912189338107,-0.926912189338107
1470,2024-10-27 15:13:47.839543,2.0,0.0,0.0,277.0,1.0,5.0,0.0,0.0,2024-10-27,0,1,4.0,1788.696283785649,0.9479460908739067,0.926912189338107,-0.926912189338107
1471,2024-10-27 15:13:49.905436,2.0,0.0,0.0,277.0,1.0,5.0,0.0,0.0,2024-10-27,0,1,4.0,1788.696283785649,0.9479460908739067,0.926912189338107,-0.926912189338107
1472,2024-10-27 16:00:24.024513,2.0,1.0,0.0,277.0,1.0,5.0,0.0,0.0,2024-10-27,1,1,4.0,1788.696283785649,0.9479460908739067,0.926912189338107,0.07308781066189296
1473,2024-10-27 16:00:32.323163,10.0,0.0,0.0,277.0,1.0,5.0,0.0,0.0,2024-10-27,0,1,100.0,1788.696283785649,0.007025475544114458,0.0066785679105771075,-0.0066785679105771075
1474,2024-10-27 16:47:41.491879,10.0,0.0,0.0,277.0,1.0,5.0,0.0,0.0,2024-10-27,0,1,100.0,1788.696283785649,0.007025475544114458,0.0066785679105771075,-0.0066785679105771075
1475,2024-10-27 16:50:33.686149,10.0,0.0,0.0,277.0,1.0,5.0,0.0,0.0,2024-10-27,0,1,100.0,1788.696283785649,0.007025475544114458,0.0066785679105771075,-0.0066785679105771075
1476,2024-10-27 16:56:24.854371,10.0,0.0,0.0,277.0,1.0,5.0,0.0,0.0,2024-10-27,0,1,100.0,1788.696283785649,0.007025475544114458,0.0066785679105771075,-0.0066785679105771075
1477,2024-10-27 17:01:28.990306,10.0,0.0,0.0,277.0,1.0,5.0,0.0,0.0,2024-10-27,0,1,100.0,1788.696283785649,0.007025475544114458,0.0066785679105771075,-0.0066785679105771075
1478,2024-10-27 17:07:20.142517,10.0,0.0,0.0,277.0,1.0,5.0,0.0,0.0,2024-10-27,0,1,100.0,1788.696283785649,0.007025475544114458,0.0066785679105771075,-0.0066785679105771075
1479,2024-10-27 17:16:54.756939,10.0,0.0,0.0,277.0,1.0,5.0,0.0,0.0,2024-10-27,0,1,100.0,1788.696283785649,0.007025475544114458,0.0066785679105771075,-0.0066785679105771075
1480,2024-10-27 17:29:59.884205,10.0,0.0,0.0,277.0,1.0,5.0,0.0,0.0,2024-10-27,0,1,100.0,1788.696283785649,0.007025475544114458,0.0066785679105771075,-0.0066785679105771075
1481,2024-10-27 17:40:03.836704,10.0,0.0,0.0,277.0,1.0,5.0,0.0,0.0,2024-10-27,0,1,100.0,1788.696283785649,0.007025475544114458,0.0066785679105771075,-0.0066785679105771075
1482,2024-10-27 17:48:59.871778,10.0,0.0,0.0,277.0,1.0,5.0,0.0,0.0,2024-10-27,0,1,100.0,1788.696283785649,0.007025475544114458,0.0066785679105771075,-0.0066785679105771075
1483,2024-10-27 18:14:42.313159,10.0,0.0,0.0,277.0,1.0,5.0,0.0,0.0,2024-10-27,0,1,100.0,1788.696283785649,0.007025475544114458,0.0066785679105771075,-0.0066785679105771075
1494,2024-10-30 20:14:02.330079,2.0,1.0,0.0,294.0,0.0,5.0,0.0,0.0,2024-10-30,1,1,4.0,2006.8811895629447,0.9523156372930023,0.926912189338107,0.07308781066189296
1495,2024-10-30 20:15:05.716797,3.0,1.0,0.0,294.0,0.0,5.0,0.0,0.0,2024-10-30,1,1,9.0,2006.8811895629447,0.8821183975746849,0.8316552086126385,0.16834479138736147
1496,2024-10-30 20:16:23.924343,2.0,1.0,0.0,294.0,0.0,5.0,0.0,0.0,2024-10-30,1,1,4.0,2006.8811895629447,0.9523156372930023,0.926912189338107,0.07308781066189296
1497,2024-10-30 20:17:07.580066,2.0,1.0,0.0,294.0,0.0,5.0,0.0,0.0,2024-10-30,1,1,4.0,2006.8811895629447,0.9523156372930023,0.926912189338107,0.07308781066189296
1498,2024-10-30 20:17:53.076273,2.0,1.0,0.0,294.0,0.0,5.0,0.0,0.0,2024-10-30,1,1,4.0,2006.8811895629447,0.9523156372930023,0.926912189338107,0.07308781066189296
1499,2024-10-30 20:18:51.022716,2.0,1.0,0.0,294.0,0.0,5.0,0.0,0.0,2024-10-30,1,1,4.0,2006.8811895629447,0.9523156372930023,0.926912189338107,0.07308781066189296
1500,2024-10-30 20:19:32.100125,1.0,1.0,0.0,294.0,0.0,5.0,0.0,0.0,2024-10-30,1,1,1.0,2006.8811895629447,0.9815838689810621,0.9701999099173347,0.029800090082665265
1501,2024-10-30 20:20:32.695952,3.0,1.0,0.0,294.0,0.0,5.0,0.0,0.0,2024-10-30,1,1,9.0,2006.8811895629447,0.8821183975746849,0.8316552086126385,0.16834479138736147
1502,2024-10-30 20:21:15.494320,1.0,1.0,0.0,294.0,0.0,5.0,0.0,0.0,2024-10-30,1,1,1.0,2006.8811895629447,0.9815838689810621,0.9701999099173347,0.029800090082665265
1503,2024-10-30 20:22:21.279951,3.0,1.0,0.0,294.0,0.0,5.0,0.0,0.0,2024-10-30,1,1,9.0,2006.8811895629447,0.8821183975746849,0.8316552086126385,0.16834479138736147
1504,2024-10-30 20:24:06.699716,2.0,1.0,0.0,294.0,0.0,5.0,0.0,0.0,2024-10-30,1,1,4.0,2006.8811895629447,0.9523156372930023,0.926912189338107,0.07308781066189296
1505,2024-10-30 20:26:24.392758,2.0,1.0,0.0,294.0,0.0,5.0,0.0,0.0,2024-10-30,1,1,4.0,2006.8811895629447,0.9523156372930023,0.926912189338107,0.07308781066189296
1507,2024-10-30 20:38:29.333482,3.0,1.0,0.0,1.0,0.0,5.0,0.0,0.0,2024-10-30,1,1,9.0,2006.8811895629447,0.8821183975746849,0.8316552086126385,0.16834479138736147
1508,2024-10-30 20:39:21.146011,1.0,1.0,0.0,1.0,0.0,5.0,0.0,0.0,2024-10-30,1,1,1.0,2006.8811895629447,0.9815838689810621,0.9701999099173347,0.029800090082665265
1509,2024-10-30 20:40:11.667275,2.0,1.0,0.0,1.0,0.0,5.0,0.0,0.0,2024-10-30,1,1,4.0,2006.8811895629447,0.9523156372930023,0.926912189338107,0.07308781066189296
1510,2024-10-30 20:41:20.396258,3.0,1.0,0.0,1.0,0.0,5.0,0.0,0.0,2024-10-30,1,1,9.0,2006.8811895629447,0.8821183975746849,0.8316552086126385,0.16834479138736147
1511,2024-10-30 20:42:06.253800,1.0,1.0,0.0,1.0,0.0,5.0,0.0,0.0,2024-10-30,1,1,1.0,2006.8811895629447,0.9815838689810621,0.9701999099173347,0.029800090082665265
1512,2024-10-30 20:43:05.373801,4.0,1.0,0.0,1.0,0.0,5.0,0.0,0.0,2024-10-30,1,1,16.0,2006.8811895629447,0.7371093434574316,0.6580486166617547,0.34195138333824526
1513,2024-10-30 20:44:22.283394,2.0,1.0,0.0,1.0,0.0,5.0,0.0,0.0,2024-10-30,1,1,4.0,2006.8811895629447,0.9523156372930023,0.926912189338107,0.07308781066189296
1514,2024-10-30 20:45:09.251662,3.0,1.0,0.0,1.0,0.0,5.0,0.0,0.0,2024-10-30,1,1,9.0,2006.8811895629447,0.8821183975746849,0.8316552086126385,0.16834479138736147
1515,2024-10-30 20:45:51.095512,2.0,1.0,0.0,1.0,0.0,5.0,0.0,0.0,2024-10-30,1,1,4.0,2006.8811895629447,0.9523156372930023,0.926912189338107,0.07308781066189296
1516,2024-10-30 20:46:34.208522,2.0,1.0,0.0,1.0,0.0,5.0,0.0,0.0,2024-10-30,1,1,4.0,2006.8811895629447,0.9523156372930023,0.926912189338107,0.07308781066189296
1517,2024-10-30 20:47:13.117940,1.0,1.0,0.0,1.0,0.0,5.0,0.0,0.0,2024-10-30,1,1,1.0,2006.8811895629447,0.9815838689810621,0.9701999099173347,0.029800090082665265
1518,2024-10-30 20:48:08.173148,3.0,1.0,0.0,1.0,0.0,5.0,0.0,0.0,2024-10-30,1,1,9.0,2006.8811895629447,0.8821183975746849,0.8316552086126385,0.16834479138736147
1519,2024-10-30 20:59:01.229846,2.0,1.0,0.0,1.0,0.0,5.0,0.0,0.0,2024-10-30,1,1,4.0,2006.8811895629447,0.9523156372930023,0.926912189338107,0.07308781066189296
1520,2024-10-30 20:59:46.639959,4.0,1.0,0.0,1.0,0.0,5.0,0.0,0.0,2024-10-30,1,1,16.0,2006.8811895629447,0.7371093434574316,0.6580486166617547,0.34195138333824526
1521,2024-10-30 21:00:38.615769,1.0,1.0,0.0,1.0,0.0,5.0,0.0,0.0,2024-10-30,1,1,1.0,2006.8811895629447,0.9815838689810621,0.9701999099173347,0.029800090082665265
1522,2024-10-30 21:01:41.889391,2.0,1.0,0.0,1.0,0.0,5.0,0.0,0.0,2024-10-30,1,1,4.0,2006.8811895629447,0.9523156372930023,0.926912189338107,0.07308781066189296
1523,2024-10-30 21:02:43.888043,3.0,1.0,0.0,1.0,0.0,5.0,0.0,0.0,2024-10-30,1,1,9.0,2006.8811895629447,0.8821183975746849,0.8316552086126385,0.16834479138736147
1524,2024-10-30 21:03:36.633415,3.0,1.0,0.0,1.0,0.0,5.0,0.0,0.0,2024-10-30,1,1,9.0,2006.8811895629447,0.8821183975746849,0.8316552086126385,0.16834479138736147
1525,2024-11-02 14:58:16.660931,10.0,0.0,0.0,1.0,1.0,5.0,0.0,0.0,2024-11-02,0,1,100.0,1435.863407821562,0.0060574950057428,0.0066785679105771075,-0.0066785679105771075
1526,2024-11-02 15:06:45.315668,10.0,0.0,0.0,1.0,1.0,5.0,0.0,0.0,2024-11-02,0,1,100.0,1435.863407821562,0.0060574950057428,0.0066785679105771075,-0.0066785679105771075
1527,2024-11-02 15:09:14.770382,10.0,0.0,0.0,1.0,1.0,5.0,0.0,0.0,2024-11-02,0,1,100.0,1435.863407821562,0.0060574950057428,0.0066785679105771075,-0.0066785679105771075
1528,2024-11-02 15:16:32.302853,10.0,0.0,0.0,1.0,1.0,5.0,0.0,0.0,2024-11-02,0,1,100.0,1435.863407821562,0.0060574950057428,0.0066785679105771075,-0.0066785679105771075
1529,2024-11-02 15:21:27.292327,10.0,0.0,0.0,1.0,1.0,5.0,0.0,0.0,2024-11-02,0,1,100.0,1435.863407821562,0.0060574950057428,0.0066785679105771075,-0.0066785679105771075
1530,2024-11-02 15:25:29.790784,10.0,0.0,0.0,1.0,1.0,5.0,0.0,0.0,2024-11-02,0,1,100.0,1435.863407821562,0.0060574950057428,0.0066785679105771075,-0.0066785679105771075
1531,2024-11-02 15:30:07.212470,10.0,0.0,0.0,1.0,1.0,5.0,0.0,0.0,2024-11-02,0,1,100.0,1435.863407821562,0.0060574950057428,0.0066785679105771075,-0.0066785679105771075
1532,2024-11-02 15:44:48.037909,10.0,0.0,0.0,1.0,1.0,5.0,0.0,0.0,2024-11-02,0,1,100.0,1435.863407821562,0.0060574950057428,0.0066785679105771075,-0.0066785679105771075
1533,2024-11-02 15:58:06.253626,10.0,0.0,0.0,1.0,1.0,5.0,0.0,0.0,2024-11-02,0,1,100.0,1435.863407821562,0.0060574950057428,0.0066785679105771075,-0.0066785679105771075
1534,2024-11-02 16:09:07.107380,10.0,0.0,0.0,1.0,1.0,5.0,0.0,0.0,2024-11-02,0,1,100.0,1435.863407821562,0.0060574950057428,0.0066785679105771075,-0.0066785679105771075
1535,2024-11-02 16:22:00.293951,10.0,0.0,0.0,1.0,1.0,5.0,0.0,0.0,2024-11-02,0,1,100.0,1435.863407821562,0.0060574950057428,0.0066785679105771075,-0.0066785679105771075
1536,2024-11-02 16:35:12.645704,10.0,0.0,0.0,1.0,1.0,5.0,0.0,0.0,2024-11-02,0,1,100.0,1435.863407821562,0.0060574950057428,0.0066785679105771075,-0.0066785679105771075
1537,2024-11-02 16:52:19.483363,10.0,0.0,0.0,1.0,1.0,5.0,0.0,0.0,2024-11-02,0,1,100.0,1435.863407821562,0.0060574950057428,0.0066785679105771075,-0.0066785679105771075
1538,2024-11-02 17:12:34.180822,9.0,0.0,0.0,1.0,1.0,5.0,0.0,0.0,2024-11-02,0,1,81.0,1435.863407821562,0.016004749734122786,0.016967253101591025,-0.016967253101591025
1539,2024-11-02 17:16:38.162258,9.0,0.0,0.0,1.0,1.0,5.0,0.0,0.0,2024-11-02,0,1,81.0,1435.863407821562,0.016004749734122786,0.016967253101591025,-0.016967253101591025
1540,2024-11-02 17:21:26.148892,9.0,0.0,0.0,1.0,1.0,5.0,0.0,0.0,2024-11-02,0,1,81.0,1435.863407821562,0.016004749734122786,0.016967253101591025,-0.016967253101591025
1541,2024-11-04 17:49:03.449614,1.0,1.0,0.0,1.0,0.0,5.0,0.0,0.0,2024-11-04,1,1,1.0,2416.611346250133,0.9844683907472406,0.9701999099173347,0.029800090082665265
1542,2024-11-04 17:49:12.360687,2.0,1.0,0.0,1.0,0.0,5.0,0.0,0.0,2024-11-04,1,1,4.0,2416.611346250133,0.9595957473597623,0.926912189338107,0.07308781066189296
1543,2024-11-04 17:51:11.072022,3.0,1.0,0.0,1.0,0.0,5.0,0.0,0.0,2024-11-04,1,1,9.0,2416.611346250133,0.898978847193318,0.8316552086126385,0.16834479138736147
1544,2024-11-04 17:55:56.029754,4.0,1.0,0.0,1.0,0.0,5.0,0.0,0.0,2024-11-04,1,1,16.0,2416.611346250133,0.7692856685247494,0.6580486166617547,0.34195138333824526
1545,2024-11-04 18:00:14.939085,5.0,1.0,0.0,1.0,0.0,5.0,0.0,0.0,2024-11-04,1,1,25.0,2416.611346250133,0.5554298889443463,0.4284486946252726,0.5715513053747274
1546,2024-11-04 18:14:34.697857,7.0,0.0,0.0,1.0,0.0,5.0,0.0,0.0,2024-11-04,0,1,49.0,2416.611346250133,0.14922907793665333,0.10213078272976209,-0.10213078272976209
1547,2024-11-04 18:26:24.720135,6.0,1.0,0.0,1.0,0.0,5.0,0.0,0.0,2024-11-04,1,1,36.0,2416.611346250133,0.31886062241918767,0.22601051750673395,0.773989482493266
1548,2024-11-04 18:32:17.930146,8.0,0.0,0.0,1.0,0.0,5.0,0.0,0.0,2024-11-04,0,1,64.0,2416.611346250133,0.06166978507479416,0.042429164124164545,-0.042429164124164545
1549,2024-11-04 18:36:47.054494,8.0,0.0,0.0,1.0,0.0,5.0,0.0,0.0,2024-11-04,0,1,64.0,2416.611346250133,0.06166978507479416,0.042429164124164545,-0.042429164124164545
1550,2024-11-04 18:44:02.732719,8.0,0.0,0.0,1.0,0.0,5.0,0.0,0.0,2024-11-04,0,1,64.0,2416.611346250133,0.06166978507479416,0.042429164124164545,-0.042429164124164545
1551,2024-11-04 18:51:35.442570,8.0,0.0,0.0,1.0,0.0,5.0,0.0,0.0,2024-11-04,0,1,64.0,2416.611346250133,0.06166978507479416,0.042429164124164545,-0.042429164124164545
1552,2024-11-04 18:55:01.519349,7.0,1.0,0.0,1.0,0.0,5.0,0.0,0.0,2024-11-04,1,1,49.0,2416.611346250133,0.14922907793665333,0.10213078272976209,0.8978692172702379
1553,2024-11-04 18:59:40.273265,6.0,0.0,0.0,1.0,0.0,5.0,0.0,0.0,2024-11-04,0,1,36.0,2416.611346250133,0.31886062241918767,0.22601051750673395,-0.22601051750673395
1554,2024-11-04 19:13:25.355939,6.0,0.0,0.0,1.0,0.0,5.0,0.0,0.0,2024-11-04,0,1,36.0,2416.611346250133,0.31886062241918767,0.22601051750673395,-0.22601051750673395
1555,2024-11-04 19:13:28.213756,3.0,1.0,0.0,1.0,0.0,5.0,0.0,0.0,2024-11-04,1,1,9.0,2416.611346250133,0.898978847193318,0.8316552086126385,0.16834479138736147
1556,2024-11-04 19:20:32.660570,6.0,1.0,0.0,1.0,0.0,5.0,0.0,0.0,2024-11-04,1,1,36.0,2416.611346250133,0.31886062241918767,0.22601051750673395,0.773989482493266
1566,2024-11-06 19:26:05.464789,2.0,1.0,0.0,294.0,0.0,5.0,0.0,0.0,2024-11-06,1,1,4.0,2303.2139325546746,0.957694784532102,0.926912189338107,0.07308781066189296
1567,2024-11-06 19:26:11.466215,2.0,1.0,0.0,294.0,0.0,5.0,0.0,0.0,2024-11-06,1,1,4.0,2303.2139325546746,0.957694784532102,0.926912189338107,0.07308781066189296
1568,2024-11-06 21:01:15.149248,3.0,1.0,0.0,294.0,0.0,5.0,0.0,0.0,2024-11-06,1,1,9.0,2303.2139325546746,0.8945393763634321,0.8316552086126385,0.16834479138736147
1569,2024-11-06 21:01:20.056440,3.0,1.0,0.0,294.0,0.0,5.0,0.0,0.0,2024-11-06,1,1,9.0,2303.2139325546746,0.8945393763634321,0.8316552086126385,0.16834479138736147
1570,2024-11-06 21:01:24.493059,3.0,1.0,0.0,294.0,0.0,5.0,0.0,0.0,2024-11-06,1,1,9.0,2303.2139325546746,0.8945393763634321,0.8316552086126385,0.16834479138736147
1571,2024-11-06 21:01:26.960688,3.0,1.0,0.0,294.0,0.0,5.0,0.0,0.0,2024-11-06,1,1,9.0,2303.2139325546746,0.8945393763634321,0.8316552086126385,0.16834479138736147
1572,2024-11-06 21:01:38.406669,3.0,1.0,0.0,294.0,0.0,5.0,0.0,0.0,2024-11-06,1,1,9.0,2303.2139325546746,0.8945393763634321,0.8316552086126385,0.16834479138736147
1573,2024-11-06 21:01:44.346808,2.0,1.0,0.0,294.0,0.0,5.0,0.0,0.0,2024-11-06,1,1,4.0,2303.2139325546746,0.957694784532102,0.926912189338107,0.07308781066189296
1574,2024-11-06 21:01:48.968100,2.0,1.0,0.0,294.0,0.0,5.0,0.0,0.0,2024-11-06,1,1,4.0,2303.2139325546746,0.957694784532102,0.926912189338107,0.07308781066189296
1575,2024-11-06 21:15:20.495704,4.0,0.0,0.0,294.0,0.0,5.0,0.0,0.0,2024-11-06,0,1,16.0,2303.2139325546746,0.760664087582195,0.6580486166617547,-0.6580486166617547
1576,2024-11-06 21:15:28.079707,4.0,0.0,0.0,294.0,0.0,5.0,0.0,0.0,2024-11-06,0,1,16.0,2303.2139325546746,0.760664087582195,0.6580486166617547,-0.6580486166617547
1577,2024-11-08 18:17:45.154097,3.0,1.0,0.0,294.0,0.0,5.0,0.0,0.0,2024-11-08,1,1,9.0,1811.4326160862377,0.8732478660731556,0.8316552086126385,0.16834479138736147
1578,2024-11-08 18:20:06.154229,3.0,1.0,0.0,294.0,0.0,5.0,0.0,0.0,2024-11-08,1,1,9.0,1811.4326160862377,0.8732478660731556,0.8316552086126385,0.16834479138736147
1579,2024-11-08 18:22:25.085748,4.0,1.0,0.0,294.0,0.0,5.0,0.0,0.0,2024-11-08,1,1,16.0,1811.4326160862377,0.7207809105609738,0.6580486166617547,0.34195138333824526
1580,2024-11-08 18:24:35.166130,5.0,0.0,0.0,294.0,0.0,5.0,0.0,0.0,2024-11-08,0,1,25.0,1811.4326160862377,0.491673520232509,0.4284486946252726,-0.4284486946252726
1581,2024-11-08 18:27:03.255787,5.0,1.0,0.0,294.0,0.0,5.0,0.0,0.0,2024-11-08,1,1,25.0,1811.4326160862377,0.491673520232509,0.4284486946252726,0.5715513053747274
1582,2024-11-08 18:29:48.182489,5.0,1.0,0.0,294.0,0.0,5.0,0.0,0.0,2024-11-08,1,1,25.0,1811.4326160862377,0.491673520232509,0.4284486946252726,0.5715513053747274
1583,2024-11-08 18:32:52.766307,6.0,0.0,0.0,294.0,0.0,5.0,0.0,0.0,2024-11-08,0,1,36.0,1811.4326160862377,0.2660109809118058,0.22601051750673395,-0.22601051750673395
1584,2024-11-08 18:37:40.144934,6.0,0.0,0.0,294.0,0.0,5.0,0.0,0.0,2024-11-08,0,1,36.0,1811.4326160862377,0.2660109809118058,0.22601051750673395,-0.22601051750673395
1585,2024-11-08 18:39:23.139875,7.0,0.0,0.0,294.0,0.0,5.0,0.0,0.0,2024-11-08,0,1,49.0,1811.4326160862377,0.11955994592862353,0.10213078272976209,-0.10213078272976209
1586,2024-11-08 18:42:13.468515,7.0,0.0,0.0,294.0,0.0,5.0,0.0,0.0,2024-11-08,0,1,49.0,1811.4326160862377,0.11955994592862353,0.10213078272976209,-0.10213078272976209
1587,2024-11-08 18:43:48.205981,7.0,0.0,0.0,294.0,0.0,5.0,0.0,0.0,2024-11-08,0,1,49.0,1811.4326160862377,0.11955994592862353,0.10213078272976209,-0.10213078272976209
1588,2024-11-08 18:49:24.384714,6.0,0.0,0.0,294.0,0.0,5.0,0.0,0.0,2024-11-08,0,1,36.0,1811.4326160862377,0.2660109809118058,0.22601051750673395,-0.22601051750673395
1589,2024-11-08 18:51:59.445380,6.0,0.0,0.0,294.0,0.0,5.0,0.0,0.0,2024-11-08,0,1,36.0,1811.4326160862377,0.2660109809118058,0.22601051750673395,-0.22601051750673395
1590,2024-11-08 18:54:53.357886,6.0,0.0,0.0,294.0,0.0,5.0,0.0,0.0,2024-11-08,0,1,36.0,1811.4326160862377,0.2660109809118058,0.22601051750673395,-0.22601051750673395
1591,2024-11-08 19:02:20.921993,6.0,0.0,0.0,294.0,0.0,5.0,0.0,0.0,2024-11-08,0,1,36.0,1811.4326160862377,0.2660109809118058,0.22601051750673395,-0.22601051750673395
1592,2024-11-08 19:08:23.128823,6.0,0.0,0.0,294.0,0.0,5.0,0.0,0.0,2024-11-08,0,1,36.0,1811.4326160862377,0.2660109809118058,0.22601051750673395,-0.22601051750673395
1593,2024-11-08 19:13:54.623530,6.0,0.0,0.0,294.0,0.0,5.0,0.0,0.0,2024-11-08,0,1,36.0,1811.4326160862377,0.2660109809118058,0.22601051750673395,-0.22601051750673395
1594,2024-11-08 19:18:12.367913,6.0,0.0,0.0,294.0,0.0,5.0,0.0,0.0,2024-11-08,0,1,36.0,1811.4326160862377,0.2660109809118058,0.22601051750673395,-0.22601051750673395
1595,2024-11-08 19:23:19.634598,6.0,0.0,0.0,294.0,0.0,5.0,0.0,0.0,2024-11-08,0,1,36.0,1811.4326160862377,0.2660109809118058,0.22601051750673395,-0.22601051750673395
1596,2024-11-08 19:27:40.275759,5.0,0.0,0.0,294.0,0.0,5.0,0.0,0.0,2024-11-08,0,1,25.0,1811.4326160862377,0.491673520232509,0.4284486946252726,-0.4284486946252726
1597,2024-11-08 19:33:16.682756,6.0,1.0,0.0,294.0,0.0,5.0,0.0,0.0,2024-11-08,1,1,36.0,1811.4326160862377,0.2660109809118058,0.22601051750673395,0.773989482493266
1598,2024-11-08 19:44:20.675669,2.0,1.0,0.0,294.0,0.0,5.0,0.0,0.0,2024-11-08,1,1,4.0,1811.4326160862377,0.9484185324196412,0.926912189338107,0.07308781066189296
1599,2024-11-08 19:45:24.021264,3.0,1.0,0.0,294.0,0.0,5.0,0.0,0.0,2024-11-08,1,1,9.0,1811.4326160862377,0.8732478660731556,0.8316552086126385,0.16834479138736147
1600,2024-11-08 19:48:41.339084,2.0,1.0,0.0,294.0,0.0,5.0,0.0,0.0,2024-11-08,1,1,4.0,1811.4326160862377,0.9484185324196412,0.926912189338107,0.07308781066189296
1601,2024-11-08 19:48:46.804628,1.0,1.0,0.0,294.0,0.0,5.0,0.0,0.0,2024-11-08,1,1,1.0,1811.4326160862377,0.9800286081728427,0.9701999099173347,0.029800090082665265
1602,2024-11-11 14:39:50.543132,10.0,0.0,0.0,294.0,1.0,5.0,0.0,0.0,2024-11-11,0,1,100.0,1702.3146748915567,0.006775155051174203,0.0066785679105771075,-0.0066785679105771075
1603,2024-11-11 14:44:48.684965,10.0,0.0,0.0,294.0,1.0,5.0,0.0,0.0,2024-11-11,0,1,100.0,1702.3146748915567,0.006775155051174203,0.0066785679105771075,-0.0066785679105771075
1604,2024-11-11 14:50:17.626531,10.0,0.0,0.0,294.0,1.0,5.0,0.0,0.0,2024-11-11,0,1,100.0,1702.3146748915567,0.006775155051174203,0.0066785679105771075,-0.0066785679105771075
1617,2024-11-24 18:26:09.363807,6.0,1.0,0.0,294.0,0.0,5.0,0.0,0.0,2024-11-24,1,1,36.0,319.78973320114807,0.16167664071723406,0.22601051750673395,0.773989482493266
1618,2024-11-24 18:26:23.179728,6.0,1.0,0.0,294.0,0.0,5.0,0.0,0.0,2024-11-24,1,1,36.0,319.78973320114807,0.16167664071723406,0.22601051750673395,0.773989482493266
1619,2024-11-24 18:26:25.942687,6.0,1.0,0.0,294.0,0.0,5.0,0.0,0.0,2024-11-24,1,1,36.0,319.78973320114807,0.16167664071723406,0.22601051750673395,0.773989482493266
1620,2024-11-24 18:26:29.236694,6.0,0.0,0.0,294.0,0.0,5.0,0.0,0.0,2024-11-24,0,1,36.0,319.78973320114807,0.16167664071723406,0.22601051750673395,-0.22601051750673395
1621,2024-11-24 18:26:34.978209,6.0,0.0,0.0,294.0,0.0,5.0,0.0,0.0,2024-11-24,0,1,36.0,319.78973320114807,0.16167664071723406,0.22601051750673395,-0.22601051750673395
1622,2024-11-24 18:26:37.423078,6.0,0.0,0.0,294.0,0.0,5.0,0.0,0.0,2024-11-24,0,1,36.0,319.78973320114807,0.16167664071723406,0.22601051750673395,-0.22601051750673395
1623,2024-11-24 18:26:39.775116,8.0,0.0,0.0,294.0,0.0,5.0,0.0,0.0,2024-11-24,0,1,64.0,319.78973320114807,0.02636239606740171,0.042429164124164545,-0.042429164124164545
1624,2024-11-24 18:26:43.938899,8.0,0.0,0.0,294.0,0.0,5.0,0.0,0.0,2024-11-24,0,1,64.0,319.78973320114807,0.02636239606740171,0.042429164124164545,-0.042429164124164545
1625,2024-11-24 18:26:46.550114,8.0,0.0,0.0,294.0,0.0,5.0,0.0,0.0,2024-11-24,0,1,64.0,319.78973320114807,0.02636239606740171,0.042429164124164545,-0.042429164124164545
1626,2024-11-24 18:26:48.929622,4.0,1.0,0.0,294.0,0.0,5.0,0.0,0.0,2024-11-24,1,1,16.0,319.78973320114807,0.578712268280684,0.6580486166617547,0.34195138333824526
1627,2024-11-24 18:26:55.726130,4.0,1.0,0.0,294.0,0.0,5.0,0.0,0.0,2024-11-24,1,1,16.0,319.78973320114807,0.578712268280684,0.6580486166617547,0.34195138333824526
1628,2024-12-02 19:39:34.131862,0.0,1.0,0.0,294.0,0.0,5.0,0.0,0.0,2024-12-02,1,1,0.0,263.84999699816365,0.9855202865682725,0.9881766398835915,0.011823360116408499
1629,2024-12-02 19:40:29.775501,2.0,1.0,0.0,294.0,0.0,5.0,0.0,0.0,2024-12-02,1,1,4.0,263.84999699816365,0.9052634525724544,0.926912189338107,0.07308781066189296
1630,2024-12-02 19:42:19.077417,3.0,1.0,0.0,294.0,0.0,5.0,0.0,0.0,2024-12-02,1,1,9.0,263.84999699816365,0.7816791640391159,0.8316552086126385,0.16834479138736147
1631,2024-12-02 19:44:23.485029,2.0,1.0,0.0,294.0,0.0,5.0,0.0,0.0,2024-12-02,1,1,4.0,263.84999699816365,0.9052634525724544,0.926912189338107,0.07308781066189296
1632,2024-12-02 19:46:33.476120,3.0,1.0,0.0,294.0,0.0,5.0,0.0,0.0,2024-12-02,1,1,9.0,263.84999699816365,0.7816791640391159,0.8316552086126385,0.16834479138736147
1633,2024-12-02 19:54:55.011879,3.0,1.0,0.0,294.0,0.0,5.0,0.0,0.0,2024-12-02,1,1,9.0,263.84999699816365,0.7816791640391159,0.8316552086126385,0.16834479138736147
1634,2024-12-02 19:57:46.015877,3.0,1.0,0.0,294.0,0.0,5.0,0.0,0.0,2024-12-02,1,1,9.0,263.84999699816365,0.7816791640391159,0.8316552086126385,0.16834479138736147
1635,2024-12-02 20:09:04.970920,5.0,1.0,0.0,294.0,0.0,5.0,0.0,0.0,2024-12-02,1,1,25.0,263.84999699816365,0.33451902731081906,0.4284486946252726,0.5715513053747274
1636,2024-12-02 20:09:12.835008,6.0,0.0,0.0,294.0,0.0,5.0,0.0,0.0,2024-12-02,0,1,36.0,263.84999699816365,0.15849568587691545,0.22601051750673395,-0.22601051750673395
1637,2024-12-02 20:14:30.409901,6.0,1.0,0.0,294.0,0.0,5.0,0.0,0.0,2024-12-02,1,1,36.0,263.84999699816365,0.15849568587691545,0.22601051750673395,0.773989482493266
1638,2024-12-02 20:19:46.962907,7.0,1.0,0.0,294.0,0.0,5.0,0.0,0.0,2024-12-02,1,1,49.0,263.84999699816365,0.06592055146751137,0.10213078272976209,0.8978692172702379
1639,2024-12-02 20:19:51.807264,7.0,0.0,0.0,294.0,0.0,5.0,0.0,0.0,2024-12-02,0,1,49.0,263.84999699816365,0.06592055146751137,0.10213078272976209,-0.10213078272976209
1640,2024-12-02 20:29:09.651087,8.0,0.0,0.0,294.0,0.0,5.0,0.0,0.0,2024-12-02,0,1,64.0,263.84999699816365,0.025761908712825694,0.042429164124164545,-0.042429164124164545
1641,2024-12-02 20:31:16.200089,8.0,0.0,0.0,294.0,0.0,5.0,0.0,0.0,2024-12-02,0,1,64.0,263.84999699816365,0.025761908712825694,0.042429164124164545,-0.042429164124164545
1642,2024-12-02 20:35:50.149011,9.0,0.0,0.0,294.0,0.0,5.0,0.0,0.0,2024-12-02,0,1,81.0,263.84999699816365,0.00981085838374815,0.016967253101591025,-0.016967253101591025
1643,2024-12-02 20:37:58.896493,10.0,0.0,0.0,294.0,0.0,5.0,0.0,0.0,2024-12-02,0,1,100.0,263.84999699816365,0.0036987539076377097,0.0066785679105771075,-0.0066785679105771075
1644,2024-12-02 20:44:33.850744,8.0,0.0,0.0,294.0,0.0,5.0,0.0,0.0,2024-12-02,0,1,64.0,263.84999699816365,0.025761908712825694,0.042429164124164545,-0.042429164124164545
1645,2024-12-03 20:02:21.675115,5.0,1.0,0.0,294.0,0.0,5.0,0.0,0.0,2024-12-03,1,1,25.0,840.7257312468598,0.3908257266838088,0.4284486946252726,0.5715513053747274
1646,2024-12-03 20:02:36.686575,5.0,0.0,0.0,294.0,0.0,5.0,0.0,0.0,2024-12-03,0,1,25.0,840.7257312468598,0.3908257266838088,0.4284486946252726,-0.4284486946252726
1647,2024-12-03 20:02:43.125547,4.0,1.0,0.0,294.0,0.0,5.0,0.0,0.0,2024-12-03,1,1,16.0,840.7257312468598,0.6313016197819276,0.6580486166617547,0.34195138333824526
1648,2024-12-03 20:46:46.659022,6.0,0.0,0.0,294.0,0.0,5.0,0.0,0.0,2024-12-03,0,1,36.0,840.7257312468598,0.19380234832250973,0.22601051750673395,-0.22601051750673395
1650,2024-12-03 20:46:55.066468,6.0,0.0,0.0,294.0,0.0,5.0,0.0,0.0,2024-12-03,0,1,36.0,840.7257312468598,0.19380234832250973,0.22601051750673395,-0.22601051750673395
1662,2024-12-05 21:21:35.921518,0.0,1.0,0.0,306.0,0.0,5.0,0.0,0.0,2024-12-05,1,1,0.0,751.4154469016555,0.9881864409791976,0.9881766398835915,0.011823360116408499
1663,2024-12-05 21:21:40.818008,0.0,1.0,0.0,306.0,0.0,5.0,0.0,0.0,2024-12-05,1,1,0.0,751.4154469016555,0.9881864409791976,0.9881766398835915,0.011823360116408499
1664,2024-12-05 21:21:44.406560,1.0,1.0,0.0,306.0,0.0,5.0,0.0,0.0,2024-12-05,1,1,1.0,751.4154469016555,0.9690809594237276,0.9701999099173347,0.029800090082665265
1665,2024-12-05 21:21:48.648563,1.0,1.0,0.0,306.0,0.0,5.0,0.0,0.0,2024-12-05,1,1,1.0,751.4154469016555,0.9690809594237276,0.9701999099173347,0.029800090082665265
1666,2024-12-05 21:21:50.639729,2.0,1.0,0.0,306.0,0.0,5.0,0.0,0.0,2024-12-05,1,1,4.0,751.4154469016555,0.9215306896849181,0.926912189338107,0.07308781066189296
1667,2024-12-05 21:21:54.053604,2.0,1.0,0.0,306.0,0.0,5.0,0.0,0.0,2024-12-05,1,1,4.0,751.4154469016555,0.9215306896849181,0.926912189338107,0.07308781066189296
1668,2024-12-05 21:23:55.001969,0.0,1.0,0.0,306.0,0.0,5.0,0.0,0.0,2024-12-05,1,1,0.0,751.4154469016555,0.9881864409791976,0.9881766398835915,0.011823360116408499
1669,2024-12-05 21:23:58.266002,0.0,1.0,0.0,306.0,0.0,5.0,0.0,0.0,2024-12-05,1,1,0.0,751.4154469016555,0.9881864409791976,0.9881766398835915,0.011823360116408499
1670,2024-12-05 21:24:01.536950,1.0,1.0,0.0,306.0,0.0,5.0,0.0,0.0,2024-12-05,1,1,1.0,751.4154469016555,0.9690809594237276,0.9701999099173347,0.029800090082665265
1671,2024-12-05 21:24:10.496938,1.0,1.0,0.0,306.0,0.0,5.0,0.0,0.0,2024-12-05,1,1,1.0,751.4154469016555,0.9690809594237276,0.9701999099173347,0.029800090082665265
1672,2024-12-05 21:24:12.738709,2.0,1.0,0.0,306.0,0.0,5.0,0.0,0.0,2024-12-05,1,1,4.0,751.4154469016555,0.9215306896849181,0.926912189338107,0.07308781066189296
1673,2024-12-05 21:25:12.918235,1.0,1.0,0.0,306.0,0.0,5.0,0.0,0.0,2024-12-05,1,1,1.0,751.4154469016555,0.9690809594237276,0.9701999099173347,0.029800090082665265
1674,2024-12-05 21:25:16.311758,1.0,1.0,0.0,306.0,0.0,5.0,0.0,0.0,2024-12-05,1,1,1.0,751.4154469016555,0.9690809594237276,0.9701999099173347,0.029800090082665265
1675,2024-12-05 21:26:06.900024,2.0,1.0,0.0,306.0,0.0,5.0,0.0,0.0,2024-12-05,1,1,4.0,751.4154469016555,0.9215306896849181,0.926912189338107,0.07308781066189296
1676,2024-12-05 21:26:12.938398,2.0,0.0,0.0,306.0,0.0,5.0,0.0,0.0,2024-12-05,0,1,4.0,751.4154469016555,0.9215306896849181,0.926912189338107,-0.926912189338107
1677,2024-12-05 21:27:01.667971,3.0,1.0,0.0,306.0,0.0,5.0,0.0,0.0,2024-12-05,1,1,9.0,751.4154469016555,0.8148263520962902,0.8316552086126385,0.16834479138736147
1678,2024-12-05 21:28:07.916411,3.0,1.0,0.0,306.0,0.0,5.0,0.0,0.0,2024-12-05,1,1,9.0,751.4154469016555,0.8148263520962902,0.8316552086126385,0.16834479138736147
1679,2024-12-05 21:29:33.527452,3.0,1.0,0.0,306.0,0.0,5.0,0.0,0.0,2024-12-05,1,1,9.0,751.4154469016555,0.8148263520962902,0.8316552086126385,0.16834479138736147
1680,2024-12-05 21:30:45.666669,3.0,0.0,0.0,306.0,0.0,5.0,0.0,0.0,2024-12-05,0,1,9.0,751.4154469016555,0.8148263520962902,0.8316552086126385,-0.8316552086126385
1681,2024-12-05 21:40:07.451577,1.0,1.0,0.0,306.0,0.0,5.0,0.0,0.0,2024-12-05,1,1,1.0,751.4154469016555,0.9690809594237276,0.9701999099173347,0.029800090082665265
1682,2024-12-05 21:40:11.826602,1.0,1.0,0.0,306.0,0.0,5.0,0.0,0.0,2024-12-05,1,1,1.0,751.4154469016555,0.9690809594237276,0.9701999099173347,0.029800090082665265
1683,2024-12-05 21:40:13.603205,2.0,1.0,0.0,306.0,0.0,5.0,0.0,0.0,2024-12-05,1,1,4.0,751.4154469016555,0.9215306896849181,0.926912189338107,0.07308781066189296
1684,2024-12-05 21:40:17.277305,2.0,1.0,0.0,306.0,0.0,5.0,0.0,0.0,2024-12-05,1,1,4.0,751.4154469016555,0.9215306896849181,0.926912189338107,0.07308781066189296
1685,2024-12-05 21:41:24.537202,3.0,1.0,0.0,306.0,0.0,5.0,0.0,0.0,2024-12-05,1,1,9.0,751.4154469016555,0.8148263520962902,0.8316552086126385,0.16834479138736147
1686,2024-12-05 21:42:30.380540,1.0,1.0,0.0,306.0,0.0,5.0,0.0,0.0,2024-12-05,1,1,1.0,751.4154469016555,0.9690809594237276,0.9701999099173347,0.029800090082665265
1687,2024-12-05 21:43:19.730467,2.0,1.0,0.0,306.0,0.0,5.0,0.0,0.0,2024-12-05,1,1,4.0,751.4154469016555,0.9215306896849181,0.926912189338107,0.07308781066189296
1688,2024-12-07 11:00:27.786588,3.0,1.0,0.0,306.0,0.0,5.0,0.0,0.0,2024-12-07,1,1,9.0,639.2231453911279,0.8075599117435647,0.8316552086126385,0.16834479138736147
1689,2024-12-07 11:06:48.318557,5.0,0.0,0.0,306.0,0.0,5.0,0.0,0.0,2024-12-07,0,1,25.0,639.2231453911279,0.3707355507051852,0.4284486946252726,-0.4284486946252726
1690,2024-12-07 11:10:43.046513,5.0,0.0,0.0,306.0,1.0,5.0,0.0,0.0,2024-12-07,0,1,25.0,639.2231453911279,0.3707355507051852,0.4284486946252726,-0.4284486946252726
1691,2024-12-07 11:33:40.495613,5.0,0.0,0.0,306.0,1.0,5.0,0.0,0.0,2024-12-07,0,1,25.0,639.2231453911279,0.3707355507051852,0.4284486946252726,-0.4284486946252726
1692,2024-12-07 11:39:21.065024,5.0,0.0,0.0,306.0,1.0,5.0,0.0,0.0,2024-12-07,0,1,25.0,639.2231453911279,0.3707355507051852,0.4284486946252726,-0.4284486946252726
1693,2024-12-07 11:57:40.569987,5.0,0.0,0.0,306.0,1.0,5.0,0.0,0.0,2024-12-07,0,1,25.0,639.2231453911279,0.3707355507051852,0.4284486946252726,-0.4284486946252726
1694,2024-12-07 12:02:54.790876,4.0,0.0,0.0,306.0,1.0,5.0,0.0,0.0,2024-12-07,0,1,16.0,639.2231453911279,0.6112536388458917,0.6580486166617547,-0.6580486166617547
1695,2024-12-07 12:06:48.419062,4.0,1.0,0.0,306.0,1.0,5.0,0.0,0.0,2024-12-07,1,1,16.0,639.2231453911279,0.6112536388458917,0.6580486166617547,0.34195138333824526
1696,2024-12-07 12:29:11.488026,7.0,0.0,0.0,306.0,1.0,5.0,0.0,0.0,2024-12-07,0,1,49.0,639.2231453911279,0.07639568388138424,0.10213078272976209,-0.10213078272976209
1697,2024-12-07 12:33:23.513022,7.0,0.0,0.0,306.0,1.0,5.0,0.0,0.0,2024-12-07,0,1,49.0,639.2231453911279,0.07639568388138424,0.10213078272976209,-0.10213078272976209
1698,2024-12-07 12:35:48.238081,7.0,0.0,0.0,306.0,1.0,5.0,0.0,0.0,2024-12-07,0,1,49.0,639.2231453911279,0.07639568388138424,0.10213078272976209,-0.10213078272976209
1699,2024-12-07 12:37:32.119545,4.0,1.0,0.0,306.0,1.0,5.0,0.0,0.0,2024-12-07,1,1,16.0,639.2231453911279,0.6112536388458917,0.6580486166617547,0.34195138333824526
1700,2024-12-08 10:37:17.226881,6.0,0.0,0.0,306.0,1.0,5.0,0.0,0.0,2024-12-08,0,1,36.0,883.1284177483659,0.19661965538232132,0.22601051750673395,-0.22601051750673395
1701,2024-12-08 10:46:49.735696,6.0,0.0,0.0,306.0,1.0,5.0,0.0,0.0,2024-12-08,0,1,36.0,883.1284177483659,0.19661965538232132,0.22601051750673395,-0.22601051750673395
1702,2024-12-08 10:53:22.967103,6.0,0.0,0.0,306.0,1.0,5.0,0.0,0.0,2024-12-08,0,1,36.0,883.1284177483659,0.19661965538232132,0.22601051750673395,-0.22601051750673395
1703,2024-12-08 10:57:45.920633,6.0,0.0,0.0,306.0,1.0,5.0,0.0,0.0,2024-12-08,0,1,36.0,883.1284177483659,0.19661965538232132,0.22601051750673395,-0.22601051750673395
1704,2024-12-08 11:09:28.845943,6.0,0.0,0.0,306.0,1.0,5.0,0.0,0.0,2024-12-08,0,1,36.0,883.1284177483659,0.19661965538232132,0.22601051750673395,-0.22601051750673395
1705,2024-12-08 11:26:49.806602,6.0,0.0,0.0,306.0,1.0,5.0,0.0,0.0,2024-12-08,0,1,36.0,883.1284177483659,0.19661965538232132,0.22601051750673395,-0.22601051750673395
1706,2024-12-08 11:26:52.756526,10.0,0.0,0.0,306.0,1.0,5.0,0.0,0.0,2024-12-08,0,1,100.0,883.1284177483659,0.00480086378122454,0.0066785679105771075,-0.0066785679105771075
1707,2024-12-08 11:45:06.469837,6.0,0.0,0.0,306.0,1.0,5.0,0.0,0.0,2024-12-08,0,1,36.0,883.1284177483659,0.19661965538232132,0.22601051750673395,-0.22601051750673395
1708,2024-12-08 11:52:58.979403,10.0,0.0,0.0,306.0,1.0,5.0,0.0,0.0,2024-12-08,0,1,100.0,883.1284177483659,0.00480086378122454,0.0066785679105771075,-0.0066785679105771075
1709,2024-12-08 12:21:51.368002,10.0,0.0,0.0,306.0,1.0,5.0,0.0,0.0,2024-12-08,0,1,100.0,883.1284177483659,0.00480086378122454,0.0066785679105771075,-0.0066785679105771075
1710,2024-12-08 12:30:46.644246,10.0,0.0,0.0,306.0,1.0,5.0,0.0,0.0,2024-12-08,0,1,100.0,883.1284177483659,0.00480086378122454,0.0066785679105771075,-0.0066785679105771075
1711,2024-12-08 12:37:16.185812,10.0,0.0,0.0,306.0,1.0,5.0,0.0,0.0,2024-12-08,0,1,100.0,883.1284177483659,0.00480086378122454,0.0066785679105771075,-0.0066785679105771075
1712,2024-12-08 12:45:03.828080,10.0,0.0,0.0,306.0,1.0,5.0,0.0,0.0,2024-12-08,0,1,100.0,883.1284177483659,0.00480086378122454,0.0066785679105771075,-0.0066785679105771075
1713,2024-12-08 14:48:43.608168,9.0,0.0,0.0,306.0,1.0,5.0,0.0,0.0,2024-12-08,0,1,81.0,883.1284177483659,0.012710943841928463,0.016967253101591025,-0.016967253101591025
1714,2024-12-10 20:09:49.164113,1.0,1.0,0.0,306.0,0.0,5.0,0.0,0.0,2024-12-10,1,1,1.0,1472.4480332743217,0.9770207614159552,0.9701999099173347,0.029800090082665265
1715,2024-12-10 20:09:58.705272,2.0,1.0,0.0,306.0,0.0,5.0,0.0,0.0,2024-12-10,1,1,4.0,1472.4480332743217,0.9409368759195726,0.926912189338107,0.07308781066189296
1716,2024-12-10 20:10:02.339236,3.0,1.0,0.0,306.0,0.0,5.0,0.0,0.0,2024-12-10,1,1,9.0,1472.4480332743217,0.8565126001688642,0.8316552086126385,0.16834479138736147
1717,2024-12-12 18:00:35.378911,3.0,1.0,0.0,306.0,0.0,5.0,0.0,0.0,2024-12-12,1,1,9.0,1118.6475528355181,0.8371251778097045,0.8316552086126385,0.16834479138736147
1718,2024-12-12 18:00:40.306696,3.0,1.0,0.0,306.0,1.0,5.0,0.0,0.0,2024-12-12,1,1,9.0,1118.6475528355181,0.8371251778097045,0.8316552086126385,0.16834479138736147
1719,2024-12-12 18:00:53.499308,4.0,1.0,0.0,306.0,1.0,5.0,0.0,0.0,2024-12-12,1,1,16.0,1118.6475528355181,0.6582137512980598,0.6580486166617547,0.34195138333824526
1720,2024-12-12 18:00:58.919840,6.0,0.0,0.0,306.0,1.0,5.0,0.0,0.0,2024-12-12,0,1,36.0,1118.6475528355181,0.2128299565432123,0.22601051750673395,-0.22601051750673395
1721,2024-12-12 18:22:34.693996,5.0,0.0,0.0,306.0,1.0,5.0,0.0,0.0,2024-12-12,0,1,25.0,1118.6475528355181,0.41914036068396904,0.4284486946252726,-0.4284486946252726
1722,2024-12-12 18:22:41.035904,5.0,0.0,0.0,306.0,1.0,5.0,0.0,0.0,2024-12-12,0,1,25.0,1118.6475528355181,0.41914036068396904,0.4284486946252726,-0.4284486946252726
1723,2024-12-12 18:22:42.719071,5.0,0.0,0.0,306.0,1.0,5.0,0.0,0.0,2024-12-12,0,1,25.0,1118.6475528355181,0.41914036068396904,0.4284486946252726,-0.4284486946252726
1724,2024-12-12 18:24:50.113460,5.0,0.0,0.0,306.0,1.0,5.0,0.0,0.0,2024-12-12,0,1,25.0,1118.6475528355181,0.41914036068396904,0.4284486946252726,-0.4284486946252726
1725,2024-12-12 18:46:30.377542,8.0,0.0,0.0,306.0,1.0,5.0,0.0,0.0,2024-12-12,0,1,64.0,1118.6475528355181,0.036570911522132654,0.042429164124164545,-0.042429164124164545
1726,2024-12-12 18:51:48.664524,8.0,0.0,0.0,306.0,1.0,5.0,0.0,0.0,2024-12-12,0,1,64.0,1118.6475528355181,0.036570911522132654,0.042429164124164545,-0.042429164124164545
1727,2024-12-12 18:57:31.524012,8.0,0.0,0.0,306.0,1.0,5.0,0.0,0.0,2024-12-12,0,1,64.0,1118.6475528355181,0.036570911522132654,0.042429164124164545,-0.042429164124164545
1728,2024-12-12 19:09:34.769278,8.0,0.0,0.0,306.0,1.0,5.0,0.0,0.0,2024-12-12,0,1,64.0,1118.6475528355181,0.036570911522132654,0.042429164124164545,-0.042429164124164545
1729,2024-12-12 19:17:13.556582,8.0,0.0,0.0,306.0,1.0,5.0,0.0,0.0,2024-12-12,0,1,64.0,1118.6475528355181,0.036570911522132654,0.042429164124164545,-0.042429164124164545
1730,2024-12-12 19:25:34.758807,8.0,0.0,0.0,306.0,1.0,5.0,0.0,0.0,2024-12-12,0,1,64.0,1118.6475528355181,0.036570911522132654,0.042429164124164545,-0.042429164124164545
1731,2024-12-12 19:35:21.390344,8.0,0.0,0.0,306.0,1.0,5.0,0.0,0.0,2024-12-12,0,1,64.0,1118.6475528355181,0.036570911522132654,0.042429164124164545,-0.042429164124164545
1732,2024-12-12 20:04:05.351507,8.0,0.0,0.0,306.0,1.0,5.0,0.0,0.0,2024-12-12,0,1,64.0,1118.6475528355181,0.036570911522132654,0.042429164124164545,-0.042429164124164545
1733,2024-12-12 22:37:47.475558,10.0,0.0,0.0,306.0,1.0,5.0,0.0,0.0,2024-12-12,0,1,100.0,1118.6475528355181,0.005301021125422681,0.0066785679105771075,-0.0066785679105771075
1734,2024-12-12 22:37:51.339708,10.0,0.0,0.0,306.0,1.0,5.0,0.0,0.0,2024-12-12,0,1,100.0,1118.6475528355181,0.005301021125422681,0.0066785679105771075,-0.0066785679105771075
1738,2024-12-16 18:42:16.575621,0.0,1.0,0.0,304.0,0.0,5.0,0.0,0.0,2024-12-16,1,1,0.0,1206.2897939682402,0.9902336679181454,0.9881766398835915,0.011823360116408499
1747,2024-12-17 19:34:08.368640,2.0,1.0,0.0,0.0,0.0,5.0,0.0,0.0,2024-12-17,1,1,4.0,1045.7059630852673,0.9300716527519858,0.926912189338107,0.07308781066189296
1748,2024-12-17 19:34:48.940474,3.0,1.0,0.0,0.0,0.0,5.0,0.0,0.0,2024-12-17,1,1,9.0,1045.7059630852673,0.8328752096881042,0.8316552086126385,0.16834479138736147
1749,2024-12-17 19:34:52.953322,7.0,1.0,0.0,0.0,0.0,5.0,0.0,0.0,2024-12-17,1,1,49.0,1045.7059630852673,0.08944365728340065,0.10213078272976209,0.8978692172702379
1750,2024-12-17 19:35:05.114934,7.0,0.0,0.0,0.0,0.0,5.0,0.0,0.0,2024-12-17,0,1,49.0,1045.7059630852673,0.08944365728340065,0.10213078272976209,-0.10213078272976209
1751,2024-12-17 19:47:04.221879,6.0,1.0,0.0,0.0,0.0,5.0,0.0,0.0,2024-12-17,1,1,36.0,1045.7059630852673,0.20770756634556628,0.22601051750673395,0.773989482493266
1752,2024-12-17 19:55:09.857679,6.0,0.0,0.0,0.0,0.0,5.0,0.0,0.0,2024-12-17,0,1,36.0,1045.7059630852673,0.20770756634556628,0.22601051750673395,-0.22601051750673395
1753,2024-12-17 19:58:19.250176,6.0,0.0,0.0,0.0,0.0,5.0,0.0,0.0,2024-12-17,0,1,36.0,1045.7059630852673,0.20770756634556628,0.22601051750673395,-0.22601051750673395
1754,2024-12-25 21:05:42.147170,2.0,1.0,0.0,0.0,0.0,5.0,0.0,0.0,2024-12-25,1,1,4.0,414.0480862772152,0.9105727445560788,0.926912189338107,0.07308781066189296
1755,2024-12-25 21:07:41.733085,3.0,1.0,0.0,0.0,0.0,5.0,0.0,0.0,2024-12-25,1,1,9.0,414.0480862772152,0.7923255760849103,0.8316552086126385,0.16834479138736147
1756,2024-12-25 21:11:01.289183,4.0,0.0,0.0,0.0,0.0,5.0,0.0,0.0,2024-12-25,0,1,16.0,414.0480862772152,0.5883995978649964,0.6580486166617547,-0.6580486166617547
1757,2024-12-25 21:13:38.423924,4.0,0.0,0.0,0.0,0.0,5.0,0.0,0.0,2024-12-25,0,1,16.0,414.0480862772152,0.5883995978649964,0.6580486166617547,-0.6580486166617547
1758,2024-12-25 21:13:41.127626,4.0,1.0,0.0,0.0,0.0,5.0,0.0,0.0,2024-12-25,1,1,16.0,414.0480862772152,0.5883995978649964,0.6580486166617547,0.34195138333824526
1759,2024-12-26 09:48:25.992169,1.0,1.0,0.0,0.0,0.0,5.0,0.0,0.0,2024-12-26,1,1,1.0,419.9291354275743,0.9645925314826445,0.9701999099173347,0.029800090082665265
1760,2024-12-26 09:49:10.024725,1.0,1.0,0.0,0.0,0.0,5.0,0.0,0.0,2024-12-26,1,1,1.0,419.9291354275743,0.9645925314826445,0.9701999099173347,0.029800090082665265
1761,2024-12-26 09:51:25.675339,1.0,1.0,0.0,0.0,0.0,5.0,0.0,0.0,2024-12-26,1,1,1.0,419.9291354275743,0.9645925314826445,0.9701999099173347,0.029800090082665265
1762,2024-12-26 09:53:15.282888,2.0,1.0,0.0,0.0,0.0,5.0,0.0,0.0,2024-12-26,1,1,4.0,419.9291354275743,0.9107750727977569,0.926912189338107,0.07308781066189296
1763,2024-12-26 09:56:51.794668,3.0,1.0,0.0,0.0,0.0,5.0,0.0,0.0,2024-12-26,1,1,9.0,419.9291354275743,0.7927345412012754,0.8316552086126385,0.16834479138736147
1764,2024-12-26 09:59:59.130557,3.0,1.0,0.0,0.0,0.0,5.0,0.0,0.0,2024-12-26,1,1,9.0,419.9291354275743,0.7927345412012754,0.8316552086126385,0.16834479138736147
1765,2024-12-26 11:37:25.956238,4.0,0.0,0.0,0.0,1.0,5.0,0.0,0.0,2024-12-26,0,1,16.0,419.9291354275743,0.5890018355220329,0.6580486166617547,-0.6580486166617547
1766,2024-12-26 11:56:11.512536,4.0,0.0,0.0,0.0,1.0,5.0,0.0,0.0,2024-12-26,0,1,16.0,419.9291354275743,0.5890018355220329,0.6580486166617547,-0.6580486166617547
1767,2024-12-26 12:00:20.236951,4.0,0.0,0.0,0.0,1.0,5.0,0.0,0.0,2024-12-26,0,1,16.0,419.9291354275743,0.5890018355220329,0.6580486166617547,-0.6580486166617547
1768,2024-12-26 12:17:19.424379,4.0,1.0,0.0,0.0,1.0,5.0,0.0,0.0,2024-12-26,1,1,16.0,419.9291354275743,0.5890018355220329,0.6580486166617547,0.34195138333824526
1769,2024-12-26 12:21:38.212271,7.0,0.0,0.0,0.0,1.0,5.0,0.0,0.0,2024-12-26,0,1,49.0,419.9291354275743,0.0701034138914399,0.10213078272976209,-0.10213078272976209
1770,2024-12-26 12:21:42.736973,7.0,0.0,0.0,0.0,1.0,5.0,0.0,0.0,2024-12-26,0,1,49.0,419.9291354275743,0.0701034138914399,0.10213078272976209,-0.10213078272976209
1771,2024-12-26 12:27:38.981808,7.0,0.0,0.0,0.0,1.0,5.0,0.0,0.0,2024-12-26,0,1,49.0,419.9291354275743,0.0701034138914399,0.10213078272976209,-0.10213078272976209
1772,2024-12-26 12:30:22.793182,7.0,0.0,0.0,0.0,1.0,5.0,0.0,0.0,2024-12-26,0,1,49.0,419.9291354275743,0.0701034138914399,0.10213078272976209,-0.10213078272976209
1773,2024-12-26 12:35:43.508263,7.0,0.0,0.0,0.0,1.0,5.0,0.0,0.0,2024-12-26,0,1,49.0,419.9291354275743,0.0701034138914399,0.10213078272976209,-0.10213078272976209
1774,2024-12-26 12:43:41.151825,10.0,0.0,0.0,0.0,1.0,5.0,0.0,0.0,2024-12-26,0,1,100.0,419.9291354275743,0.003950147733812902,0.0066785679105771075,-0.0066785679105771075
1775,2024-12-26 12:52:04.743720,10.0,0.0,0.0,0.0,1.0,5.0,0.0,0.0,2024-12-26,0,1,100.0,419.9291354275743,0.003950147733812902,0.0066785679105771075,-0.0066785679105771075
1776,2024-12-26 12:58:00.025060,10.0,0.0,0.0,0.0,1.0,5.0,0.0,0.0,2024-12-26,0,1,100.0,419.9291354275743,0.003950147733812902,0.0066785679105771075,-0.0066785679105771075
1777,2024-12-26 13:21:25.149578,10.0,0.0,0.0,0.0,1.0,5.0,0.0,0.0,2024-12-26,0,1,100.0,419.9291354275743,0.003950147733812902,0.0066785679105771075,-0.0066785679105771075
1778,2024-12-26 14:48:56.564954,7.0,0.0,0.0,0.0,1.0,5.0,0.0,0.0,2024-12-26,0,1,49.0,419.9291354275743,0.0701034138914399,0.10213078272976209,-0.10213078272976209
1779,2024-12-26 14:54:37.131503,7.0,0.0,0.0,0.0,1.0,5.0,0.0,0.0,2024-12-26,0,1,49.0,419.9291354275743,0.0701034138914399,0.10213078272976209,-0.10213078272976209
1780,2024-12-26 15:08:22.002332,7.0,0.0,0.0,0.0,1.0,5.0,0.0,0.0,2024-12-26,0,1,49.0,419.9291354275743,0.0701034138914399,0.10213078272976209,-0.10213078272976209
1781,2024-12-26 15:15:19.050679,7.0,0.0,0.0,0.0,1.0,5.0,0.0,0.0,2024-12-26,0,1,49.0,419.9291354275743,0.0701034138914399,0.10213078272976209,-0.10213078272976209
1782,2024-12-26 15:22:43.788151,7.0,0.0,0.0,0.0,1.0,5.0,0.0,0.0,2024-12-26,0,1,49.0,419.9291354275743,0.0701034138914399,0.10213078272976209,-0.10213078272976209
1783,2024-12-26 15:49:25.410854,7.0,0.0,0.0,0.0,1.0,5.0,0.0,0.0,2024-12-26,0,1,49.0,419.9291354275743,0.0701034138914399,0.10213078272976209,-0.10213078272976209
1784,2024-12-26 15:54:23.003473,7.0,0.0,0.0,0.0,1.0,5.0,0.0,0.0,2024-12-26,0,1,49.0,419.9291354275743,0.0701034138914399,0.10213078272976209,-0.10213078272976209
1785,2024-12-26 16:00:15.518218,7.0,0.0,0.0,0.0,1.0,5.0,0.0,0.0,2024-12-26,0,1,49.0,419.9291354275743,0.0701034138914399,0.10213078272976209,-0.10213078272976209
1786,2024-12-26 16:17:11.157730,7.0,0.0,0.0,0.0,1.0,5.0,0.0,0.0,2024-12-26,0,1,49.0,419.9291354275743,0.0701034138914399,0.10213078272976209,-0.10213078272976209
1787,2024-12-26 16:21:35.335171,7.0,0.0,0.0,0.0,1.0,5.0,0.0,0.0,2024-12-26,0,1,49.0,419.9291354275743,0.0701034138914399,0.10213078272976209,-0.10213078272976209
1788,2024-12-26 16:28:06.800381,7.0,0.0,0.0,0.0,1.0,5.0,0.0,0.0,2024-12-26,0,1,49.0,419.9291354275743,0.0701034138914399,0.10213078272976209,-0.10213078272976209
1789,2024-12-27 12:55:41.572737,2.0,1.0,0.0,0.0,1.0,5.0,0.0,0.0,2024-12-27,1,1,4.0,1637.0272869633652,0.9446884545130426,0.926912189338107,0.07308781066189296
1790,2024-12-27 12:55:46.682798,2.0,1.0,0.0,0.0,1.0,5.0,0.0,0.0,2024-12-27,1,1,4.0,1637.0272869633652,0.9446884545130426,0.926912189338107,0.07308781066189296
1791,2024-12-27 12:55:49.108893,2.0,1.0,0.0,0.0,1.0,5.0,0.0,0.0,2024-12-27,1,1,4.0,1637.0272869633652,0.9446884545130426,0.926912189338107,0.07308781066189296
1792,2024-12-27 13:07:00.145635,4.0,1.0,0.0,0.0,1.0,5.0,0.0,0.0,2024-12-27,1,1,16.0,1637.0272869633652,0.7056975090622184,0.6580486166617547,0.34195138333824526
1793,2024-12-27 13:20:45.178349,4.0,0.0,0.0,0.0,1.0,5.0,0.0,0.0,2024-12-27,0,1,16.0,1637.0272869633652,0.7056975090622184,0.6580486166617547,-0.6580486166617547
1794,2024-12-27 13:20:53.428224,4.0,0.0,0.0,0.0,1.0,5.0,0.0,0.0,2024-12-27,0,1,16.0,1637.0272869633652,0.7056975090622184,0.6580486166617547,-0.6580486166617547
1795,2024-12-27 13:31:15.421546,4.0,0.0,0.0,0.0,1.0,5.0,0.0,0.0,2024-12-27,0,1,16.0,1637.0272869633652,0.7056975090622184,0.6580486166617547,-0.6580486166617547
1796,2024-12-27 13:33:47.022170,4.0,0.0,0.0,0.0,1.0,5.0,0.0,0.0,2024-12-27,0,1,16.0,1637.0272869633652,0.7056975090622184,0.6580486166617547,-0.6580486166617547
1797,2024-12-27 13:48:14.115326,4.0,0.0,0.0,0.0,1.0,5.0,0.0,0.0,2024-12-27,0,1,16.0,1637.0272869633652,0.7056975090622184,0.6580486166617547,-0.6580486166617547
1798,2024-12-27 13:48:17.593302,4.0,0.0,0.0,0.0,1.0,5.0,0.0,0.0,2024-12-27,0,1,16.0,1637.0272869633652,0.7056975090622184,0.6580486166617547,-0.6580486166617547
1799,2024-12-27 14:03:43.343254,4.0,0.0,0.0,0.0,1.0,5.0,0.0,0.0,2024-12-27,0,1,16.0,1637.0272869633652,0.7056975090622184,0.6580486166617547,-0.6580486166617547
1800,2024-12-27 14:24:05.951588,4.0,0.0,0.0,0.0,1.0,5.0,0.0,0.0,2024-12-27,0,1,16.0,1637.0272869633652,0.7056975090622184,0.6580486166617547,-0.6580486166617547
1801,2024-12-27 14:24:07.886468,4.0,1.0,0.0,0.0,1.0,5.0,0.0,0.0,2024-12-27,1,1,16.0,1637.0272869633652,0.7056975090622184,0.6580486166617547,0.34195138333824526
1802,2024-12-27 14:45:50.514741,3.0,0.0,0.0,0.0,1.0,5.0,0.0,0.0,2024-12-27,0,1,9.0,1637.0272869633652,0.864856456630859,0.8316552086126385,-0.8316552086126385
1803,2024-12-27 14:45:55.111174,3.0,1.0,0.0,0.0,1.0,5.0,0.0,0.0,2024-12-27,1,1,9.0,1637.0272869633652,0.864856456630859,0.8316552086126385,0.16834479138736147
1804,2024-12-27 15:04:29.891052,4.0,0.0,0.0,0.0,1.0,5.0,0.0,0.0,2024-12-27,0,1,16.0,1637.0272869633652,0.7056975090622184,0.6580486166617547,-0.6580486166617547
1805,2024-12-27 15:27:52.483322,8.0,0.0,0.0,0.0,1.0,5.0,0.0,0.0,2024-12-27,0,1,64.0,1637.0272869633652,0.0451307170816681,0.042429164124164545,-0.042429164124164545
1806,2024-12-27 15:36:57.180098,8.0,0.0,0.0,0.0,1.0,5.0,0.0,0.0,2024-12-27,0,1,64.0,1637.0272869633652,0.0451307170816681,0.042429164124164545,-0.042429164124164545
1807,2024-12-27 15:43:07.052384,8.0,0.0,0.0,0.0,1.0,5.0,0.0,0.0,2024-12-27,0,1,64.0,1637.0272869633652,0.0451307170816681,0.042429164124164545,-0.042429164124164545
1808,2024-12-27 15:55:41.801864,8.0,0.0,0.0,0.0,1.0,5.0,0.0,0.0,2024-12-27,0,1,64.0,1637.0272869633652,0.0451307170816681,0.042429164124164545,-0.042429164124164545
1809,2024-12-27 16:09:45.571200,8.0,0.0,0.0,0.0,1.0,5.0,0.0,0.0,2024-12-27,0,1,64.0,1637.0272869633652,0.0451307170816681,0.042429164124164545,-0.042429164124164545
1820,2024-12-30 11:32:20.646131,4.0,1.0,0.0,0.0,0.0,5.0,0.0,0.0,2024-12-30,1,1,16.0,1461.7005691296358,0.690066236748768,0.6580486166617547,0.34195138333824526
1821,2024-12-30 11:33:38.223616,2.0,1.0,0.0,0.0,0.0,5.0,0.0,0.0,2024-12-30,1,1,4.0,1461.7005691296358,0.9406837631284665,0.926912189338107,0.07308781066189296
1822,2024-12-30 11:35:32.796217,3.0,1.0,0.0,0.0,0.0,5.0,0.0,0.0,2024-12-30,1,1,9.0,1461.7005691296358,0.8559530774135101,0.8316552086126385,0.16834479138736147
1823,2024-12-30 11:38:09.710273,4.0,1.0,0.0,0.0,0.0,5.0,0.0,0.0,2024-12-30,1,1,16.0,1461.7005691296358,0.690066236748768,0.6580486166617547,0.34195138333824526
1824,2024-12-30 11:41:43.512966,4.0,1.0,0.0,0.0,0.0,5.0,0.0,0.0,2024-12-30,1,1,16.0,1461.7005691296358,0.690066236748768,0.6580486166617547,0.34195138333824526
1825,2024-12-30 11:45:36.108847,5.0,1.0,0.0,0.0,0.0,5.0,0.0,0.0,2024-12-30,1,1,25.0,1461.7005691296358,0.45481895347754897,0.4284486946252726,0.5715513053747274
1826,2024-12-30 11:49:17.963398,5.0,0.0,0.0,0.0,0.0,5.0,0.0,0.0,2024-12-30,0,1,25.0,1461.7005691296358,0.45481895347754897,0.4284486946252726,-0.4284486946252726
1827,2024-12-30 11:55:06.312903,5.0,1.0,0.0,0.0,0.0,5.0,0.0,0.0,2024-12-30,1,1,25.0,1461.7005691296358,0.45481895347754897,0.4284486946252726,0.5715513053747274
1828,2024-12-30 12:06:44.643290,5.0,0.0,0.0,0.0,0.0,5.0,0.0,0.0,2024-12-30,0,1,25.0,1461.7005691296358,0.45481895347754897,0.4284486946252726,-0.4284486946252726
1829,2024-12-30 12:11:19.579850,5.0,0.0,0.0,0.0,0.0,5.0,0.0,0.0,2024-12-30,0,1,25.0,1461.7005691296358,0.45481895347754897,0.4284486946252726,-0.4284486946252726
1830,2024-12-30 12:13:18.883961,5.0,0.0,0.0,0.0,0.0,5.0,0.0,0.0,2024-12-30,0,1,25.0,1461.7005691296358,0.45481895347754897,0.4284486946252726,-0.4284486946252726
1831,2024-12-30 14:45:07.125486,7.0,0.0,0.0,0.0,1.0,5.0,0.0,0.0,2024-12-30,0,1,49.0,1461.7005691296358,0.104845033655086,0.10213078272976209,-0.10213078272976209
1832,2024-12-30 14:45:16.785555,7.0,1.0,0.0,0.0,1.0,5.0,0.0,0.0,2024-12-30,1,1,49.0,1461.7005691296358,0.104845033655086,0.10213078272976209,0.8978692172702379
1833,2024-12-30 15:05:48.632688,9.0,0.0,0.0,0.0,1.0,5.0,0.0,0.0,2024-12-30,0,1,81.0,1461.7005691296358,0.016177749661359406,0.016967253101591025,-0.016967253101591025
1834,2024-12-30 15:19:05.755081,9.0,0.0,0.0,0.0,1.0,5.0,0.0,0.0,2024-12-30,0,1,81.0,1461.7005691296358,0.016177749661359406,0.016967253101591025,-0.016967253101591025
1835,2024-12-30 15:31:06.640677,9.0,0.0,0.0,0.0,1.0,5.0,0.0,0.0,2024-12-30,0,1,81.0,1461.7005691296358,0.016177749661359406,0.016967253101591025,-0.016967253101591025
1836,2024-12-30 15:53:10.687671,9.0,0.0,0.0,0.0,1.0,5.0,0.0,0.0,2024-12-30,0,1,81.0,1461.7005691296358,0.016177749661359406,0.016967253101591025,-0.016967253101591025
1837,2024-12-30 16:00:15.815145,9.0,0.0,0.0,0.0,1.0,5.0,0.0,0.0,2024-12-30,0,1,81.0,1461.7005691296358,0.016177749661359406,0.016967253101591025,-0.016967253101591025
1838,2024-12-30 18:14:55.277205,5.0,1.0,0.0,0.0,1.0,5.0,0.0,0.0,2024-12-30,1,1,25.0,1461.7005691296358,0.45481895347754897,0.4284486946252726,0.5715513053747274
1839,2024-12-30 19:09:49.124262,7.0,0.0,0.0,0.0,1.0,5.0,0.0,0.0,2024-12-30,0,1,49.0,1461.7005691296358,0.104845033655086,0.10213078272976209,-0.10213078272976209
1840,2024-12-30 19:20:41.932705,7.0,0.0,0.0,0.0,1.0,5.0,0.0,0.0,2024-12-30,0,1,49.0,1461.7005691296358,0.104845033655086,0.10213078272976209,-0.10213078272976209
1841,2024-12-30 19:37:45.769801,7.0,0.0,0.0,0.0,1.0,5.0,0.0,0.0,2024-12-30,0,1,49.0,1461.7005691296358,0.104845033655086,0.10213078272976209,-0.10213078272976209
1842,2024-12-30 19:49:25.476609,7.0,0.0,0.0,0.0,1.0,5.0,0.0,0.0,2024-12-30,0,1,49.0,1461.7005691296358,0.104845033655086,0.10213078272976209,-0.10213078272976209
1843,2024-12-30 20:12:50.647525,7.0,0.0,0.0,0.0,1.0,5.0,0.0,0.0,2024-12-30,0,1,49.0,1461.7005691296358,0.104845033655086,0.10213078272976209,-0.10213078272976209
1844,2025-01-02 10:22:52.216638,7.0,0.0,0.0,0.0,1.0,5.0,0.0,0.0,2025-01-02,0,1,49.0,1691.6624975324987,0.11432979725010867,0.10213078272976209,-0.10213078272976209
1845,2025-01-02 10:33:58.074273,7.0,0.0,0.0,0.0,1.0,5.0,0.0,0.0,2025-01-02,0,1,49.0,1691.6624975324987,0.11432979725010867,0.10213078272976209,-0.10213078272976209
1846,2025-01-02 10:39:22.668294,7.0,0.0,0.0,0.0,1.0,5.0,0.0,0.0,2025-01-02,0,1,49.0,1691.6624975324987,0.11432979725010867,0.10213078272976209,-0.10213078272976209
1847,2025-01-02 10:47:19.414810,7.0,0.0,0.0,0.0,1.0,5.0,0.0,0.0,2025-01-02,0,1,49.0,1691.6624975324987,0.11432979725010867,0.10213078272976209,-0.10213078272976209
1848,2025-01-02 10:52:56.890811,7.0,0.0,0.0,0.0,1.0,5.0,0.0,0.0,2025-01-02,0,1,49.0,1691.6624975324987,0.11432979725010867,0.10213078272976209,-0.10213078272976209
1849,2025-01-02 11:05:40.167490,7.0,0.0,0.0,306.0,1.0,5.0,0.0,0.0,2025-01-02,0,1,49.0,1691.6624975324987,0.11432979725010867,0.10213078272976209,-0.10213078272976209
1850,2025-01-02 11:20:27.064866,7.0,0.0,0.0,0.0,1.0,5.0,0.0,0.0,2025-01-02,0,1,49.0,1691.6624975324987,0.11432979725010867,0.10213078272976209,-0.10213078272976209
1867,2025-01-06 19:48:34.340214,5.0,1.0,0.0,306.0,0.0,5.0,0.0,0.0,2025-01-06,1,1,25.0,1178.7560654106603,0.4253418715034013,0.4284486946252726,0.5715513053747274
1868,2025-01-06 19:56:07.793534,6.0,1.0,0.0,306.0,0.0,5.0,0.0,0.0,2025-01-06,1,1,36.0,1178.7560654106603,0.2171199482465769,0.22601051750673395,0.773989482493266
1869,2025-01-06 20:07:11.755187,7.0,0.0,0.0,306.0,0.0,5.0,0.0,0.0,2025-01-06,0,1,49.0,1178.7560654106603,0.09413358020678547,0.10213078272976209,-0.10213078272976209
1870,2025-01-06 20:12:17.663010,7.0,1.0,0.0,306.0,0.0,5.0,0.0,0.0,2025-01-06,1,1,49.0,1178.7560654106603,0.09413358020678547,0.10213078272976209,0.8978692172702379
1871,2025-01-06 20:22:48.679922,7.0,0.0,0.0,306.0,0.0,5.0,0.0,0.0,2025-01-06,0,1,49.0,1178.7560654106603,0.09413358020678547,0.10213078272976209,-0.10213078272976209
1872,2025-01-06 20:32:26.466239,4.0,1.0,0.0,306.0,0.0,5.0,0.0,0.0,2025-01-06,1,1,16.0,1178.7560654106603,0.6639095107942735,0.6580486166617547,0.34195138333824526
1873,2025-01-06 20:32:40.465077,7.0,0.0,0.0,306.0,0.0,5.0,0.0,0.0,2025-01-06,0,1,49.0,1178.7560654106603,0.09413358020678547,0.10213078272976209,-0.10213078272976209
1874,2025-01-06 20:44:54.159049,7.0,1.0,0.0,306.0,0.0,5.0,0.0,0.0,2025-01-06,1,1,49.0,1178.7560654106603,0.09413358020678547,0.10213078272976209,0.8978692172702379
1875,2025-01-06 20:51:25.686372,1.0,1.0,0.0,306.0,0.0,5.0,0.0,0.0,2025-01-06,1,1,1.0,1178.7560654106603,0.9740605341542872,0.9701999099173347,0.029800090082665265
1876,2025-01-06 20:51:29.815250,1.0,1.0,0.0,306.0,0.0,5.0,0.0,0.0,2025-01-06,1,1,1.0,1178.7560654106603,0.9740605341542872,0.9701999099173347,0.029800090082665265
1877,2025-01-06 20:51:32.178932,2.0,1.0,0.0,306.0,0.0,5.0,0.0,0.0,2025-01-06,1,1,4.0,1178.7560654106603,0.9336439604614633,0.926912189338107,0.07308781066189296
1878,2025-01-07 18:02:22.940686,3.0,1.0,0.0,306.0,0.0,5.0,0.0,0.0,2025-01-07,1,1,9.0,1349.837582300981,0.8500211698160671,0.8316552086126385,0.16834479138736147
1879,2025-01-07 18:05:50.041677,3.0,1.0,0.0,306.0,0.0,5.0,0.0,0.0,2025-01-07,1,1,9.0,1349.837582300981,0.8500211698160671,0.8316552086126385,0.16834479138736147
1880,2025-01-07 18:08:53.232773,3.0,1.0,0.0,306.0,0.0,5.0,0.0,0.0,2025-01-07,1,1,9.0,1349.837582300981,0.8500211698160671,0.8316552086126385,0.16834479138736147
1881,2025-01-07 18:12:27.345819,3.0,1.0,0.0,306.0,0.0,5.0,0.0,0.0,2025-01-07,1,1,9.0,1349.837582300981,0.8500211698160671,0.8316552086126385,0.16834479138736147
1882,2025-01-07 18:18:13.614308,3.0,1.0,0.0,306.0,0.0,5.0,0.0,0.0,2025-01-07,1,1,9.0,1349.837582300981,0.8500211698160671,0.8316552086126385,0.16834479138736147
1883,2025-01-07 18:20:27.885125,3.0,1.0,0.0,306.0,0.0,5.0,0.0,0.0,2025-01-07,1,1,9.0,1349.837582300981,0.8500211698160671,0.8316552086126385,0.16834479138736147
1884,2025-01-07 18:26:44.133863,3.0,1.0,0.0,306.0,0.0,5.0,0.0,0.0,2025-01-07,1,1,9.0,1349.837582300981,0.8500211698160671,0.8316552086126385,0.16834479138736147
1885,2025-01-07 18:29:28.416052,3.0,1.0,0.0,306.0,0.0,5.0,0.0,0.0,2025-01-07,1,1,9.0,1349.837582300981,0.8500211698160671,0.8316552086126385,0.16834479138736147
1886,2025-01-07 18:31:50.230189,3.0,1.0,0.0,306.0,0.0,5.0,0.0,0.0,2025-01-07,1,1,9.0,1349.837582300981,0.8500211698160671,0.8316552086126385,0.16834479138736147
1887,2025-01-07 18:35:08.502364,3.0,1.0,0.0,306.0,0.0,5.0,0.0,0.0,2025-01-07,1,1,9.0,1349.837582300981,0.8500211698160671,0.8316552086126385,0.16834479138736147
1888,2025-01-09 20:09:13.564254,5.0,1.0,0.0,306.0,0.0,5.0,0.0,0.0,2025-01-09,1,1,25.0,1092.391303416346,0.4164393283595355,0.4284486946252726,0.5715513053747274
1889,2025-01-09 20:13:32.633508,5.0,1.0,0.0,306.0,0.0,5.0,0.0,0.0,2025-01-09,1,1,25.0,1092.391303416346,0.4164393283595355,0.4284486946252726,0.5715513053747274
1890,2025-01-09 20:17:48.246791,5.0,1.0,0.0,306.0,0.0,5.0,0.0,0.0,2025-01-09,1,1,25.0,1092.391303416346,0.4164393283595355,0.4284486946252726,0.5715513053747274
1891,2025-01-09 20:22:58.201619,6.0,0.0,0.0,306.0,0.0,5.0,0.0,0.0,2025-01-09,0,1,36.0,1092.391303416346,0.2109755390864928,0.22601051750673395,-0.22601051750673395
1892,2025-01-09 20:23:06.889981,6.0,1.0,0.0,306.0,0.0,5.0,0.0,0.0,2025-01-09,1,1,36.0,1092.391303416346,0.2109755390864928,0.22601051750673395,0.773989482493266
1893,2025-01-09 20:25:01.643528,6.0,1.0,0.0,306.0,0.0,5.0,0.0,0.0,2025-01-09,1,1,36.0,1092.391303416346,0.2109755390864928,0.22601051750673395,0.773989482493266
1894,2025-01-09 20:40:22.068321,6.0,1.0,0.0,306.0,0.0,5.0,0.0,0.0,2025-01-09,1,1,36.0,1092.391303416346,0.2109755390864928,0.22601051750673395,0.773989482493266
1895,2025-01-09 20:40:25.208769,6.0,1.0,0.0,306.0,0.0,5.0,0.0,0.0,2025-01-09,1,1,36.0,1092.391303416346,0.2109755390864928,0.22601051750673395,0.773989482493266
1896,2025-01-09 20:50:48.426022,7.0,0.0,0.0,306.0,0.0,5.0,0.0,0.0,2025-01-09,0,1,49.0,1092.391303416346,0.09106478831030203,0.10213078272976209,-0.10213078272976209
1897,2025-01-09 20:50:53.141243,7.0,1.0,0.0,306.0,0.0,5.0,0.0,0.0,2025-01-09,1,1,49.0,1092.391303416346,0.09106478831030203,0.10213078272976209,0.8978692172702379
1898,2025-01-09 20:55:36.387675,7.0,0.0,0.0,306.0,0.0,5.0,0.0,0.0,2025-01-09,0,1,49.0,1092.391303416346,0.09106478831030203,0.10213078272976209,-0.10213078272976209
1899,2025-01-09 20:58:50.562975,7.0,0.0,0.0,306.0,0.0,5.0,0.0,0.0,2025-01-09,0,1,49.0,1092.391303416346,0.09106478831030203,0.10213078272976209,-0.10213078272976209
1900,2025-01-09 21:04:40.334566,5.0,0.0,0.0,306.0,0.0,5.0,0.0,0.0,2025-01-09,0,1,25.0,1092.391303416346,0.4164393283595355,0.4284486946252726,-0.4284486946252726
1901,2025-01-09 21:08:01.677959,4.0,1.0,0.0,306.0,0.0,5.0,0.0,0.0,2025-01-09,1,1,16.0,1092.391303416346,0.6557112514214163,0.6580486166617547,0.34195138333824526
1902,2025-01-09 21:26:36.407659,4.0,1.0,0.0,306.0,0.0,5.0,0.0,0.0,2025-01-09,1,1,16.0,1092.391303416346,0.6557112514214163,0.6580486166617547,0.34195138333824526
1903,2025-01-09 21:38:30.110283,4.0,0.0,0.0,306.0,0.0,5.0,0.0,0.0,2025-01-09,0,1,16.0,1092.391303416346,0.6557112514214163,0.6580486166617547,-0.6580486166617547
1904,2025-01-12 11:39:31.567148,10.0,0.0,0.0,306.0,1.0,5.0,0.0,0.0,2025-01-12,0,1,100.0,1105.4004627241154,0.0052715613653686565,0.0066785679105771075,-0.0066785679105771075
1905,2025-01-12 11:45:32.807659,10.0,0.0,0.0,306.0,1.0,5.0,0.0,0.0,2025-01-12,0,1,100.0,1105.4004627241154,0.0052715613653686565,0.0066785679105771075,-0.0066785679105771075
1906,2025-01-12 12:05:49.707229,10.0,0.0,0.0,306.0,1.0,5.0,0.0,0.0,2025-01-12,0,1,100.0,1105.4004627241154,0.0052715613653686565,0.0066785679105771075,-0.0066785679105771075
1907,2025-01-12 12:18:23.023153,10.0,0.0,0.0,306.0,1.0,5.0,0.0,0.0,2025-01-12,0,1,100.0,1105.4004627241154,0.0052715613653686565,0.0066785679105771075,-0.0066785679105771075
1908,2025-01-12 12:31:34.725841,10.0,0.0,0.0,306.0,1.0,5.0,0.0,0.0,2025-01-12,0,1,100.0,1105.4004627241154,0.0052715613653686565,0.0066785679105771075,-0.0066785679105771075
1909,2025-01-12 13:28:49.287288,10.0,0.0,0.0,306.0,1.0,5.0,0.0,0.0,2025-01-12,0,1,100.0,1105.4004627241154,0.0052715613653686565,0.0066785679105771075,-0.0066785679105771075
1910,2025-01-12 13:34:51.592394,10.0,0.0,0.0,306.0,1.0,5.0,0.0,0.0,2025-01-12,0,1,100.0,1105.4004627241154,0.0052715613653686565,0.0066785679105771075,-0.0066785679105771075
1911,2025-01-12 13:45:49.506020,6.0,0.0,0.0,306.0,1.0,5.0,0.0,0.0,2025-01-12,0,1,36.0,1105.4004627241154,0.21189286255224135,0.22601051750673395,-0.22601051750673395
1912,2025-01-12 14:08:34.941195,8.0,0.0,0.0,306.0,1.0,5.0,0.0,0.0,2025-01-12,0,1,64.0,1105.4004627241154,0.036374027978304795,0.042429164124164545,-0.042429164124164545
1913,2025-01-12 14:18:24.112583,8.0,0.0,0.0,306.0,1.0,5.0,0.0,0.0,2025-01-12,0,1,64.0,1105.4004627241154,0.036374027978304795,0.042429164124164545,-0.042429164124164545
1914,2025-01-12 14:33:45.183225,8.0,0.0,0.0,306.0,1.0,5.0,0.0,0.0,2025-01-12,0,1,64.0,1105.4004627241154,0.036374027978304795,0.042429164124164545,-0.042429164124164545
1915,2025-01-12 14:39:50.636163,8.0,0.0,0.0,306.0,1.0,5.0,0.0,0.0,2025-01-12,0,1,64.0,1105.4004627241154,0.036374027978304795,0.042429164124164545,-0.042429164124164545
1916,2025-01-12 14:51:06.175072,8.0,0.0,0.0,306.0,1.0,5.0,0.0,0.0,2025-01-12,0,1,64.0,1105.4004627241154,0.036374027978304795,0.042429164124164545,-0.042429164124164545
1917,2025-01-12 15:01:48.081081,8.0,0.0,0.0,306.0,1.0,5.0,0.0,0.0,2025-01-12,0,1,64.0,1105.4004627241154,0.036374027978304795,0.042429164124164545,-0.042429164124164545
1924,2025-01-15 21:11:11.457627,4.0,1.0,0.0,276.0,0.0,5.0,0.0,0.0,2025-01-15,1,1,16.0,1561.7556038757104,0.6990429226168444,0.6580486166617547,0.34195138333824526
1925,2025-01-15 21:15:09.391144,5.0,0.0,0.0,276.0,0.0,5.0,0.0,0.0,2025-01-15,0,1,25.0,1561.7556038757104,0.46532997866125064,0.4284486946252726,-0.4284486946252726
1926,2025-01-15 21:19:03.024316,7.0,1.0,0.0,276.0,0.0,5.0,0.0,0.0,2025-01-15,1,1,49.0,1561.7556038757104,0.10888337566777825,0.10213078272976209,0.8978692172702379
1927,2025-01-15 21:21:34.461317,7.0,1.0,0.0,276.0,0.0,5.0,0.0,0.0,2025-01-15,1,1,49.0,1561.7556038757104,0.10888337566777825,0.10213078272976209,0.8978692172702379
1928,2025-01-15 21:23:48.809391,7.0,0.0,0.0,276.0,0.0,5.0,0.0,0.0,2025-01-15,0,1,49.0,1561.7556038757104,0.10888337566777825,0.10213078272976209,-0.10213078272976209
1929,2025-01-15 21:25:37.684068,8.0,0.0,0.0,276.0,0.0,5.0,0.0,0.0,2025-01-15,0,1,64.0,1561.7556038757104,0.043778555354661505,0.042429164124164545,-0.042429164124164545
1930,2025-01-18 15:25:41.531311,3.0,1.0,0.0,276.0,0.0,5.0,0.0,0.0,2025-01-18,1,1,9.0,1206.7608765376092,0.8421425336125029,0.8316552086126385,0.16834479138736147
1931,2025-01-18 15:27:37.855824,3.0,1.0,0.0,276.0,0.0,5.0,0.0,0.0,2025-01-18,1,1,9.0,1206.7608765376092,0.8421425336125029,0.8316552086126385,0.16834479138736147
1932,2025-01-18 15:30:11.512892,3.0,1.0,0.0,276.0,0.0,5.0,0.0,0.0,2025-01-18,1,1,9.0,1206.7608765376092,0.8421425336125029,0.8316552086126385,0.16834479138736147
1933,2025-01-18 15:32:58.384657,3.0,1.0,0.0,276.0,0.0,5.0,0.0,0.0,2025-01-18,1,1,9.0,1206.7608765376092,0.8421425336125029,0.8316552086126385,0.16834479138736147
1934,2025-01-18 15:34:58.378178,3.0,1.0,0.0,276.0,0.0,5.0,0.0,0.0,2025-01-18,1,1,9.0,1206.7608765376092,0.8421425336125029,0.8316552086126385,0.16834479138736147
1935,2025-01-18 15:37:38.828531,3.0,1.0,0.0,276.0,0.0,5.0,0.0,0.0,2025-01-18,1,1,9.0,1206.7608765376092,0.8421425336125029,0.8316552086126385,0.16834479138736147
1936,2025-01-18 15:40:17.971036,3.0,1.0,0.0,276.0,0.0,5.0,0.0,0.0,2025-01-18,1,1,9.0,1206.7608765376092,0.8421425336125029,0.8316552086126385,0.16834479138736147
1937,2025-01-18 15:43:31.670379,3.0,1.0,0.0,276.0,0.0,5.0,0.0,0.0,2025-01-18,1,1,9.0,1206.7608765376092,0.8421425336125029,0.8316552086126385,0.16834479138736147
1938,2025-01-18 15:46:59.356615,3.0,1.0,0.0,276.0,0.0,5.0,0.0,0.0,2025-01-18,1,1,9.0,1206.7608765376092,0.8421425336125029,0.8316552086126385,0.16834479138736147
1939,2025-01-18 15:49:43.429988,3.0,0.0,0.0,276.0,0.0,5.0,0.0,0.0,2025-01-18,0,1,9.0,1206.7608765376092,0.8421425336125029,0.8316552086126385,-0.8316552086126385
1940,2025-01-18 15:56:21.820644,3.0,0.0,0.0,276.0,0.0,5.0,0.0,0.0,2025-01-18,0,1,9.0,1206.7608765376092,0.8421425336125029,0.8316552086126385,-0.8316552086126385
1941,2025-01-18 15:59:55.938891,3.0,0.0,0.0,276.0,0.0,5.0,0.0,0.0,2025-01-18,0,1,9.0,1206.7608765376092,0.8421425336125029,0.8316552086126385,-0.8316552086126385
1942,2025-01-18 16:03:17.547973,3.0,0.0,0.0,276.0,0.0,5.0,0.0,0.0,2025-01-18,0,1,9.0,1206.7608765376092,0.8421425336125029,0.8316552086126385,-0.8316552086126385
1943,2025-01-18 16:08:44.826707,3.0,0.0,0.0,276.0,0.0,5.0,0.0,0.0,2025-01-18,0,1,9.0,1206.7608765376092,0.8421425336125029,0.8316552086126385,-0.8316552086126385
1944,2025-01-18 16:13:17.421220,3.0,0.0,0.0,276.0,0.0,5.0,0.0,0.0,2025-01-18,0,1,9.0,1206.7608765376092,0.8421425336125029,0.8316552086126385,-0.8316552086126385
1945,2025-01-18 16:20:37.056600,3.0,1.0,0.0,276.0,0.0,5.0,0.0,0.0,2025-01-18,1,1,9.0,1206.7608765376092,0.8421425336125029,0.8316552086126385,0.16834479138736147
1946,2025-01-18 16:24:23.802960,3.0,1.0,0.0,276.0,0.0,5.0,0.0,0.0,2025-01-18,1,1,9.0,1206.7608765376092,0.8421425336125029,0.8316552086126385,0.16834479138736147
1947,2025-01-18 16:28:01.839927,3.0,1.0,0.0,276.0,0.0,5.0,0.0,0.0,2025-01-18,1,1,9.0,1206.7608765376092,0.8421425336125029,0.8316552086126385,0.16834479138736147
1948,2025-01-18 16:28:35.627400,3.0,1.0,0.0,276.0,0.0,5.0,0.0,0.0,2025-01-18,1,1,9.0,1206.7608765376092,0.8421425336125029,0.8316552086126385,0.16834479138736147
1949,2025-01-18 16:36:18.210036,3.0,1.0,0.0,276.0,0.0,5.0,0.0,0.0,2025-01-18,1,1,9.0,1206.7608765376092,0.8421425336125029,0.8316552086126385,0.16834479138736147
1950,2025-01-20 13:56:52.530634,0.0,1.0,0.0,276.0,0.0,5.0,0.0,0.0,2025-01-20,1,1,0.0,1062.8914188446745,0.9896293789203479,0.9881766398835915,0.011823360116408499
1951,2025-01-20 13:59:16.517347,2.0,1.0,0.0,276.0,0.0,5.0,0.0,0.0,2025-01-20,1,1,4.0,1062.8914188446745,0.9305428839748763,0.926912189338107,0.07308781066189296
1952,2025-01-20 14:03:30.429325,0.0,1.0,0.0,276.0,0.0,5.0,0.0,0.0,2025-01-20,1,1,0.0,1062.8914188446745,0.9896293789203479,0.9881766398835915,0.011823360116408499
1953,2025-01-20 14:06:21.077320,3.0,1.0,0.0,276.0,0.0,5.0,0.0,0.0,2025-01-20,1,1,9.0,1062.8914188446745,0.8338844420047475,0.8316552086126385,0.16834479138736147
1954,2025-01-20 14:09:40.104625,4.0,1.0,0.0,276.0,0.0,5.0,0.0,0.0,2025-01-20,1,1,16.0,1062.8914188446745,0.6528892625527971,0.6580486166617547,0.34195138333824526
1955,2025-01-20 14:14:50.248297,5.0,0.0,0.0,276.0,0.0,5.0,0.0,0.0,2025-01-20,0,1,25.0,1062.8914188446745,0.413410598343525,0.4284486946252726,-0.4284486946252726
1956,2025-01-20 14:17:29.901735,6.0,0.0,0.0,276.0,0.0,5.0,0.0,0.0,2025-01-20,0,1,36.0,1062.8914188446745,0.20890618548919035,0.22601051750673395,-0.22601051750673395
1957,2025-01-20 14:22:23.881431,6.0,0.0,0.0,276.0,0.0,5.0,0.0,0.0,2025-01-20,0,1,36.0,1062.8914188446745,0.20890618548919035,0.22601051750673395,-0.22601051750673395
1958,2025-01-20 14:28:49.059625,6.0,0.0,0.0,276.0,0.0,5.0,0.0,0.0,2025-01-20,0,1,36.0,1062.8914188446745,0.20890618548919035,0.22601051750673395,-0.22601051750673395
1959,2025-01-20 14:36:29.464849,7.0,0.0,0.0,276.0,0.0,5.0,0.0,0.0,2025-01-20,0,1,49.0,1062.8914188446745,0.09003736680133992,0.10213078272976209,-0.10213078272976209
1960,2025-01-20 15:14:02.542184,7.0,0.0,0.0,276.0,0.0,5.0,0.0,0.0,2025-01-20,0,1,49.0,1062.8914188446745,0.09003736680133992,0.10213078272976209,-0.10213078272976209
1961,2025-01-22 20:09:51.161516,3.0,1.0,0.0,276.0,0.0,5.0,0.0,0.0,2025-01-22,1,1,9.0,1024.1270202013932,0.8316010321540819,0.8316552086126385,0.16834479138736147
1962,2025-01-22 20:12:32.296568,3.0,1.0,0.0,276.0,0.0,5.0,0.0,0.0,2025-01-22,1,1,9.0,1024.1270202013932,0.8316010321540819,0.8316552086126385,0.16834479138736147
1963,2025-01-22 20:15:51.698170,3.0,1.0,0.0,276.0,0.0,5.0,0.0,0.0,2025-01-22,1,1,9.0,1024.1270202013932,0.8316010321540819,0.8316552086126385,0.16834479138736147
1964,2025-01-22 20:17:44.971372,3.0,1.0,0.0,276.0,0.0,5.0,0.0,0.0,2025-01-22,1,1,9.0,1024.1270202013932,0.8316010321540819,0.8316552086126385,0.16834479138736147
1965,2025-01-22 20:20:33.644954,3.0,1.0,0.0,276.0,0.0,5.0,0.0,0.0,2025-01-22,1,1,9.0,1024.1270202013932,0.8316010321540819,0.8316552086126385,0.16834479138736147
1966,2025-01-22 20:25:33.027575,3.0,1.0,0.0,276.0,0.0,5.0,0.0,0.0,2025-01-22,1,1,9.0,1024.1270202013932,0.8316010321540819,0.8316552086126385,0.16834479138736147
1967,2025-01-22 20:29:32.826361,3.0,1.0,0.0,276.0,0.0,5.0,0.0,0.0,2025-01-22,1,1,9.0,1024.1270202013932,0.8316010321540819,0.8316552086126385,0.16834479138736147
1968,2025-01-22 20:31:33.451151,3.0,1.0,0.0,276.0,0.0,5.0,0.0,0.0,2025-01-22,1,1,9.0,1024.1270202013932,0.8316010321540819,0.8316552086126385,0.16834479138736147
1971,2025-01-22 20:39:38.147218,3.0,1.0,0.0,276.0,0.0,5.0,0.0,0.0,2025-01-22,1,1,9.0,1024.1270202013932,0.8316010321540819,0.8316552086126385,0.16834479138736147
1972,2025-01-22 20:39:40.428500,3.0,1.0,0.0,276.0,0.0,5.0,0.0,0.0,2025-01-22,1,1,9.0,1024.1270202013932,0.8316010321540819,0.8316552086126385,0.16834479138736147
1973,2025-01-22 20:41:15.762327,3.0,0.0,0.0,276.0,0.0,5.0,0.0,0.0,2025-01-22,0,1,9.0,1024.1270202013932,0.8316010321540819,0.8316552086126385,-0.8316552086126385
1974,2025-01-22 20:45:49.599612,3.0,1.0,0.0,276.0,0.0,5.0,0.0,0.0,2025-01-22,1,1,9.0,1024.1270202013932,0.8316010321540819,0.8316552086126385,0.16834479138736147
1975,2025-01-22 20:49:59.327248,3.0,1.0,0.0,276.0,0.0,5.0,0.0,0.0,2025-01-22,1,1,9.0,1024.1270202013932,0.8316010321540819,0.8316552086126385,0.16834479138736147
1976,2025-01-22 20:53:03.577527,3.0,1.0,0.0,276.0,0.0,5.0,0.0,0.0,2025-01-22,1,1,9.0,1024.1270202013932,0.8316010321540819,0.8316552086126385,0.16834479138736147
1977,2025-01-22 20:59:14.079603,3.0,1.0,0.0,276.0,0.0,5.0,0.0,0.0,2025-01-22,1,1,9.0,1024.1270202013932,0.8316010321540819,0.8316552086126385,0.16834479138736147
1978,2025-01-22 21:01:17.168427,3.0,1.0,0.0,276.0,0.0,5.0,0.0,0.0,2025-01-22,1,1,9.0,1024.1270202013932,0.8316010321540819,0.8316552086126385,0.16834479138736147
1979,2025-01-22 21:02:52.045204,3.0,0.0,0.0,276.0,0.0,5.0,0.0,0.0,2025-01-22,0,1,9.0,1024.1270202013932,0.8316010321540819,0.8316552086126385,-0.8316552086126385
1980,2025-01-22 21:07:04.999283,3.0,1.0,0.0,276.0,0.0,5.0,0.0,0.0,2025-01-22,1,1,9.0,1024.1270202013932,0.8316010321540819,0.8316552086126385,0.16834479138736147
1981,2025-01-22 21:09:58.278039,3.0,1.0,0.0,276.0,0.0,5.0,0.0,0.0,2025-01-22,1,1,9.0,1024.1270202013932,0.8316010321540819,0.8316552086126385,0.16834479138736147
1982,2025-01-22 21:13:14.828917,3.0,1.0,0.0,276.0,0.0,5.0,0.0,0.0,2025-01-22,1,1,9.0,1024.1270202013932,0.8316010321540819,0.8316552086126385,0.16834479138736147
1983,2025-01-26 13:13:31.274346,5.0,1.0,0.0,276.0,0.0,5.0,0.0,0.0,2025-01-26,1,1,25.0,695.6021179011232,0.37631505001797166,0.4284486946252726,0.5715513053747274
1984,2025-01-26 13:16:19.625174,5.0,1.0,0.0,276.0,0.0,5.0,0.0,0.0,2025-01-26,1,1,25.0,695.6021179011232,0.37631505001797166,0.4284486946252726,0.5715513053747274
1985,2025-01-26 13:18:44.896105,5.0,1.0,0.0,276.0,0.0,5.0,0.0,0.0,2025-01-26,1,1,25.0,695.6021179011232,0.37631505001797166,0.4284486946252726,0.5715513053747274
1986,2025-01-26 13:22:54.942390,6.0,1.0,0.0,276.0,0.0,5.0,0.0,0.0,2025-01-26,1,1,36.0,695.6021179011232,0.1843925684017281,0.22601051750673395,0.773989482493266
1987,2025-01-26 13:26:32.470817,6.0,1.0,0.0,276.0,0.0,5.0,0.0,0.0,2025-01-26,1,1,36.0,695.6021179011232,0.1843925684017281,0.22601051750673395,0.773989482493266
1988,2025-01-26 13:31:47.912168,6.0,1.0,0.0,276.0,0.0,5.0,0.0,0.0,2025-01-26,1,1,36.0,695.6021179011232,0.1843925684017281,0.22601051750673395,0.773989482493266
1989,2025-01-26 13:37:57.073757,7.0,0.0,0.0,276.0,0.0,5.0,0.0,0.0,2025-01-26,0,1,49.0,695.6021179011232,0.07809518180499397,0.10213078272976209,-0.10213078272976209
1990,2025-01-26 13:40:42.554465,7.0,0.0,0.0,276.0,0.0,5.0,0.0,0.0,2025-01-26,0,1,49.0,695.6021179011232,0.07809518180499397,0.10213078272976209,-0.10213078272976209
1991,2025-01-26 13:44:48.222089,6.0,0.0,0.0,276.0,0.0,5.0,0.0,0.0,2025-01-26,0,1,36.0,695.6021179011232,0.1843925684017281,0.22601051750673395,-0.22601051750673395
1992,2025-01-26 13:47:01.696619,4.0,1.0,0.0,276.0,0.0,5.0,0.0,0.0,2025-01-26,1,1,16.0,695.6021179011232,0.616904238456541,0.6580486166617547,0.34195138333824526
1993,2025-01-26 13:48:56.481315,4.0,1.0,0.0,276.0,0.0,5.0,0.0,0.0,2025-01-26,1,1,16.0,695.6021179011232,0.616904238456541,0.6580486166617547,0.34195138333824526
1994,2025-01-26 13:51:37.317679,5.0,1.0,0.0,276.0,0.0,5.0,0.0,0.0,2025-01-26,1,1,25.0,695.6021179011232,0.37631505001797166,0.4284486946252726,0.5715513053747274
1995,2025-01-26 13:55:29.925554,5.0,1.0,0.0,276.0,0.0,5.0,0.0,0.0,2025-01-26,1,1,25.0,695.6021179011232,0.37631505001797166,0.4284486946252726,0.5715513053747274
1996,2025-01-26 14:01:26.925901,4.0,1.0,0.0,276.0,0.0,5.0,0.0,0.0,2025-01-26,1,1,16.0,695.6021179011232,0.616904238456541,0.6580486166617547,0.34195138333824526
1997,2025-01-26 14:03:51.187689,4.0,1.0,0.0,276.0,0.0,5.0,0.0,0.0,2025-01-26,1,1,16.0,695.6021179011232,0.616904238456541,0.6580486166617547,0.34195138333824526
2006,2025-01-29 18:29:39.607033,2.0,1.0,0.0,278.0,0.0,5.0,0.0,0.0,2025-01-29,1,1,4.0,777.0291014175621,0.9223104461966305,0.926912189338107,0.07308781066189296
2007,2025-01-29 18:50:10.856848,7.0,0.0,0.0,278.0,0.0,5.0,0.0,0.0,2025-01-29,0,1,49.0,777.0291014175621,0.08061084230216542,0.10213078272976209,-0.10213078272976209
2008,2025-01-30 17:19:59.343415,1.0,1.0,0.0,278.0,0.0,5.0,0.0,0.0,2025-01-30,1,1,1.0,726.5893554816271,0.9687648078918281,0.9701999099173347,0.029800090082665265
2009,2025-01-30 17:21:28.030087,2.0,1.0,0.0,278.0,0.0,5.0,0.0,0.0,2025-01-30,1,1,4.0,726.5893554816271,0.9207680822776375,0.926912189338107,0.07308781066189296
2010,2025-01-30 17:23:32.497904,3.0,1.0,0.0,278.0,0.0,5.0,0.0,0.0,2025-01-30,1,1,9.0,726.5893554816271,0.8132369009411557,0.8316552086126385,0.16834479138736147
2011,2025-01-30 17:25:39.504429,3.0,1.0,0.0,278.0,0.0,5.0,0.0,0.0,2025-01-30,1,1,9.0,726.5893554816271,0.8132369009411557,0.8316552086126385,0.16834479138736147
2012,2025-01-30 17:28:23.727896,5.0,0.0,0.0,278.0,0.0,5.0,0.0,0.0,2025-01-30,0,1,25.0,726.5893554816271,0.3793958156197502,0.4284486946252726,-0.4284486946252726
2013,2025-01-30 17:34:22.123207,5.0,1.0,0.0,278.0,0.0,5.0,0.0,0.0,2025-01-30,1,1,25.0,726.5893554816271,0.3793958156197502,0.4284486946252726,0.5715513053747274
2014,2025-01-30 17:37:46.337807,8.0,0.0,0.0,278.0,0.0,5.0,0.0,0.0,2025-01-30,0,1,64.0,726.5893554816271,0.03115723335391644,0.042429164124164545,-0.042429164124164545
2015,2025-01-30 17:40:43.510752,7.0,0.0,0.0,278.0,0.0,5.0,0.0,0.0,2025-01-30,0,1,49.0,726.5893554816271,0.07904393995558254,0.10213078272976209,-0.10213078272976209
2016,2025-01-30 17:44:33.288417,7.0,0.0,0.0,278.0,0.0,5.0,0.0,0.0,2025-01-30,0,1,49.0,726.5893554816271,0.07904393995558254,0.10213078272976209,-0.10213078272976209
2017,2025-01-30 17:48:53.423653,7.0,0.0,0.0,278.0,0.0,5.0,0.0,0.0,2025-01-30,0,1,49.0,726.5893554816271,0.07904393995558254,0.10213078272976209,-0.10213078272976209
2018,2025-01-30 17:50:54.706751,5.0,1.0,0.0,278.0,0.0,5.0,0.0,0.0,2025-01-30,1,1,25.0,726.5893554816271,0.3793958156197502,0.4284486946252726,0.5715513053747274
2019,2025-01-30 17:57:44.475403,6.0,0.0,0.0,278.0,0.0,5.0,0.0,0.0,2025-01-30,0,1,36.0,726.5893554816271,0.18637164161391354,0.22601051750673395,-0.22601051750673395
2020,2025-01-30 18:00:12.356649,6.0,0.0,0.0,278.0,0.0,5.0,0.0,0.0,2025-01-30,0,1,36.0,726.5893554816271,0.18637164161391354,0.22601051750673395,-0.22601051750673395
2021,2025-01-30 18:03:46.399567,6.0,0.0,0.0,278.0,0.0,5.0,0.0,0.0,2025-01-30,0,1,36.0,726.5893554816271,0.18637164161391354,0.22601051750673395,-0.22601051750673395
2022,2025-01-30 18:06:15.984018,4.0,1.0,0.0,278.0,0.0,5.0,0.0,0.0,2025-01-30,1,1,16.0,726.5893554816271,0.6199966518589792,0.6580486166617547,0.34195138333824526
2023,2025-01-30 18:10:41.883372,6.0,1.0,0.0,278.0,0.0,5.0,0.0,0.0,2025-01-30,1,1,36.0,726.5893554816271,0.18637164161391354,0.22601051750673395,0.773989482493266
2024,2025-01-30 18:14:27.644021,6.0,0.0,0.0,278.0,0.0,5.0,0.0,0.0,2025-01-30,0,1,36.0,726.5893554816271,0.18637164161391354,0.22601051750673395,-0.22601051750673395
2025,2025-01-30 18:20:54.025406,6.0,0.0,0.0,278.0,0.0,5.0,0.0,0.0,2025-01-30,0,1,36.0,726.5893554816271,0.18637164161391354,0.22601051750673395,-0.22601051750673395
2026,2025-01-30 18:26:57.722143,6.0,0.0,0.0,278.0,0.0,5.0,0.0,0.0,2025-01-30,0,1,36.0,726.5893554816271,0.18637164161391354,0.22601051750673395,-0.22601051750673395
2027,2025-01-30 18:32:21.784636,6.0,1.0,0.0,278.0,0.0,5.0,0.0,0.0,2025-01-30,1,1,36.0,726.5893554816271,0.18637164161391354,0.22601051750673395,0.773989482493266
2028,2025-01-30 18:37:59.192899,8.0,0.0,0.0,278.0,0.0,5.0,0.0,0.0,2025-01-30,0,1,64.0,726.5893554816271,0.03115723335391644,0.042429164124164545,-0.042429164124164545
2029,2025-01-30 18:39:32.287067,8.0,0.0,0.0,278.0,0.0,5.0,0.0,0.0,2025-01-30,0,1,64.0,726.5893554816271,0.03115723335391644,0.042429164124164545,-0.042429164124164545
2030,2025-01-30 18:53:29.676117,5.0,1.0,0.0,278.0,0.0,5.0,0.0,0.0,2025-01-30,1,1,25.0,726.5893554816271,0.3793958156197502,0.4284486946252726,0.5715513053747274
2031,2025-01-30 18:55:50.797125,3.0,1.0,0.0,278.0,0.0,5.0,0.0,0.0,2025-01-30,1,1,9.0,726.5893554816271,0.8132369009411557,0.8316552086126385,0.16834479138736147
2032,2025-01-30 18:58:06.850515,3.0,1.0,0.0,278.0,0.0,5.0,0.0,0.0,2025-01-30,1,1,9.0,726.5893554816271,0.8132369009411557,0.8316552086126385,0.16834479138736147
2033,2025-01-30 19:05:12.532742,5.0,1.0,0.0,278.0,0.0,5.0,0.0,0.0,2025-01-30,1,1,25.0,726.5893554816271,0.3793958156197502,0.4284486946252726,0.5715513053747274
2035,2025-01-30 19:13:39.894548,5.0,0.0,0.0,278.0,0.0,5.0,0.0,0.0,2025-01-30,0,1,25.0,726.5893554816271,0.3793958156197502,0.4284486946252726,-0.4284486946252726
2036,2025-01-30 19:26:53.399120,6.0,0.0,0.0,278.0,0.0,5.0,0.0,0.0,2025-01-30,0,1,36.0,726.5893554816271,0.18637164161391354,0.22601051750673395,-0.22601051750673395
2037,2025-01-31 19:46:50.961457,0.0,1.0,0.0,278.0,0.0,5.0,0.0,0.0,2025-01-31,1,1,0.0,1499.864254460751,0.9913641448325039,0.9881766398835915,0.011823360116408499
2038,2025-01-31 19:50:26.546305,2.0,1.0,0.0,278.0,0.0,5.0,0.0,0.0,2025-01-31,1,1,4.0,1499.864254460751,0.941577975613175,0.926912189338107,0.07308781066189296
2039,2025-01-31 19:50:30.789753,1.0,1.0,0.0,278.0,0.0,5.0,0.0,0.0,2025-01-31,1,1,1.0,1499.864254460751,0.9772796466923352,0.9701999099173347,0.029800090082665265
2040,2025-01-31 19:56:03.403879,4.0,1.0,0.0,278.0,0.0,5.0,0.0,0.0,2025-01-31,1,1,16.0,1499.864254460751,0.6935076035390823,0.6580486166617547,0.34195138333824526
2041,2025-01-31 20:00:32.024302,3.0,1.0,0.0,278.0,1.0,5.0,0.0,0.0,2025-01-31,1,1,9.0,1499.864254460751,0.8579317209326912,0.8316552086126385,0.16834479138736147
2042,2025-01-31 20:17:19.152810,2.0,1.0,0.0,278.0,0.0,5.0,0.0,0.0,2025-01-31,1,1,4.0,1499.864254460751,0.941577975613175,0.926912189338107,0.07308781066189296
2043,2025-01-31 20:20:35.892870,4.0,1.0,0.0,278.0,1.0,5.0,0.0,0.0,2025-01-31,1,1,16.0,1499.864254460751,0.6935076035390823,0.6580486166617547,0.34195138333824526
2044,2025-02-01 14:21:12.637786,6.0,1.0,0.0,278.0,1.0,5.0,0.0,0.0,2025-02-01,1,1,36.0,1350.1991748173077,0.2296970853989656,0.22601051750673395,0.773989482493266
2045,2025-02-01 14:51:13.441975,10.0,0.0,0.0,278.0,0.0,5.0,0.0,0.0,2025-02-01,0,1,100.0,1350.1991748173077,0.005843223327964896,0.0066785679105771075,-0.0066785679105771075
2046,2025-02-01 15:06:17.211636,10.0,0.0,0.0,278.0,1.0,5.0,0.0,0.0,2025-02-01,0,1,100.0,1350.1991748173077,0.005843223327964896,0.0066785679105771075,-0.0066785679105771075
2047,2025-02-01 15:13:09.997529,10.0,0.0,0.0,278.0,1.0,5.0,0.0,0.0,2025-02-01,0,1,100.0,1350.1991748173077,0.005843223327964896,0.0066785679105771075,-0.0066785679105771075
2048,2025-02-01 15:25:39.976570,10.0,0.0,0.0,278.0,1.0,5.0,0.0,0.0,2025-02-01,0,1,100.0,1350.1991748173077,0.005843223327964896,0.0066785679105771075,-0.0066785679105771075
2049,2025-02-01 15:31:05.098702,10.0,0.0,0.0,278.0,1.0,5.0,0.0,0.0,2025-02-01,0,1,100.0,1350.1991748173077,0.005843223327964896,0.0066785679105771075,-0.0066785679105771075
2050,2025-02-01 15:49:25.502376,7.0,1.0,0.0,278.0,1.0,5.0,0.0,0.0,2025-02-01,1,1,49.0,1350.1991748173077,0.1005010335918277,0.10213078272976209,0.8978692172702379
2051,2025-02-01 16:09:17.910215,10.0,0.0,0.0,278.0,1.0,5.0,0.0,0.0,2025-02-01,0,1,100.0,1350.1991748173077,0.005843223327964896,0.0066785679105771075,-0.0066785679105771075
2052,2025-02-01 16:15:04.923553,10.0,0.0,0.0,278.0,1.0,5.0,0.0,0.0,2025-02-01,0,1,100.0,1350.1991748173077,0.005843223327964896,0.0066785679105771075,-0.0066785679105771075
2053,2025-02-01 16:25:55.357088,10.0,0.0,0.0,278.0,1.0,5.0,0.0,0.0,2025-02-01,0,1,100.0,1350.1991748173077,0.005843223327964896,0.0066785679105771075,-0.0066785679105771075
2054,2025-02-01 16:35:01.232431,10.0,0.0,0.0,278.0,1.0,5.0,0.0,0.0,2025-02-01,0,1,100.0,1350.1991748173077,0.005843223327964896,0.0066785679105771075,-0.0066785679105771075
2055,2025-02-01 16:44:10.254545,10.0,0.0,0.0,278.0,1.0,5.0,0.0,0.0,2025-02-01,0,1,100.0,1350.1991748173077,0.005843223327964896,0.0066785679105771075,-0.0066785679105771075
2056,2025-02-01 17:02:44.289399,10.0,0.0,0.0,278.0,0.0,5.0,0.0,0.0,2025-02-01,0,1,100.0,1350.1991748173077,0.005843223327964896,0.0066785679105771075,-0.0066785679105771075
2057,2025-02-01 17:04:57.240200,10.0,0.0,0.0,278.0,1.0,5.0,0.0,0.0,2025-02-01,0,1,100.0,1350.1991748173077,0.005843223327964896,0.0066785679105771075,-0.0066785679105771075
2058,2025-02-02 14:22:22.952803,10.0,0.0,0.0,278.0,1.0,5.0,0.0,0.0,2025-02-02,0,1,100.0,2455.457824910056,0.009292849567943365,0.0066785679105771075,-0.0066785679105771075
2059,2025-02-02 14:29:11.870954,5.0,1.0,0.0,278.0,0.0,5.0,0.0,0.0,2025-02-02,1,1,25.0,2455.457824910056,0.5594828901552503,0.4284486946252726,0.5715513053747274
2060,2025-02-02 14:35:27.666648,10.0,0.0,0.0,278.0,1.0,5.0,0.0,0.0,2025-02-02,0,1,100.0,2455.457824910056,0.009292849567943365,0.0066785679105771075,-0.0066785679105771075
2061,2025-02-02 14:43:09.699470,10.0,0.0,0.0,278.0,1.0,5.0,0.0,0.0,2025-02-02,0,1,100.0,2455.457824910056,0.009292849567943365,0.0066785679105771075,-0.0066785679105771075
2062,2025-02-02 14:48:31.634044,10.0,0.0,0.0,278.0,1.0,5.0,0.0,0.0,2025-02-02,0,1,100.0,2455.457824910056,0.009292849567943365,0.0066785679105771075,-0.0066785679105771075
2063,2025-02-02 14:53:04.966697,10.0,0.0,0.0,278.0,1.0,5.0,0.0,0.0,2025-02-02,0,1,100.0,2455.457824910056,0.009292849567943365,0.0066785679105771075,-0.0066785679105771075
2064,2025-02-02 15:04:25.346699,10.0,0.0,0.0,278.0,1.0,5.0,0.0,0.0,2025-02-02,0,1,100.0,2455.457824910056,0.009292849567943365,0.0066785679105771075,-0.0066785679105771075
2065,2025-02-04 19:25:44.382233,7.0,0.0,0.0,278.0,0.0,5.0,0.0,0.0,2025-02-04,0,1,49.0,2387.019486867802,0.1476471343129701,0.10213078272976209,-0.10213078272976209
2066,2025-02-04 19:26:12.010979,7.0,0.0,0.0,278.0,0.0,5.0,0.0,0.0,2025-02-04,0,1,49.0,2387.019486867802,0.1476471343129701,0.10213078272976209,-0.10213078272976209
2068,2025-02-04 19:35:48.323193,7.0,0.0,0.0,278.0,0.0,5.0,0.0,0.0,2025-02-04,0,1,49.0,2387.019486867802,0.1476471343129701,0.10213078272976209,-0.10213078272976209
2069,2025-02-04 19:43:42.315062,8.0,0.0,0.0,278.0,0.0,5.0,0.0,0.0,2025-02-04,0,1,64.0,2387.019486867802,0.06094954134664948,0.042429164124164545,-0.042429164124164545
2070,2025-02-04 19:49:14.263494,7.0,0.0,0.0,278.0,0.0,5.0,0.0,0.0,2025-02-04,0,1,49.0,2387.019486867802,0.1476471343129701,0.10213078272976209,-0.10213078272976209
2071,2025-02-04 19:51:57.894999,7.0,0.0,0.0,278.0,0.0,5.0,0.0,0.0,2025-02-04,0,1,49.0,2387.019486867802,0.1476471343129701,0.10213078272976209,-0.10213078272976209
2072,2025-02-04 19:56:28.932169,7.0,0.0,0.0,278.0,0.0,5.0,0.0,0.0,2025-02-04,0,1,49.0,2387.019486867802,0.1476471343129701,0.10213078272976209,-0.10213078272976209
2073,2025-02-04 20:08:02.971536,7.0,1.0,0.0,278.0,0.0,5.0,0.0,0.0,2025-02-04,1,1,49.0,2387.019486867802,0.1476471343129701,0.10213078272976209,0.8978692172702379
2074,2025-02-18 21:36:15.822765,1.0,1.0,0.0,278.0,0.0,5.0,0.0,0.0,2025-02-18,1,1,1.0,386.58800279016793,0.9641077712541146,0.9701999099173347,0.029800090082665265
2075,2025-02-18 21:37:11.376899,2.0,1.0,0.0,278.0,0.0,5.0,0.0,0.0,2025-02-18,1,1,4.0,386.58800279016793,0.9096225382956545,0.926912189338107,0.07308781066189296
2076,2025-02-18 21:38:31.916976,3.0,1.0,0.0,278.0,0.0,5.0,0.0,0.0,2025-02-18,1,1,9.0,386.58800279016793,0.7904081387012699,0.8316552086126385,0.16834479138736147
2077,2025-02-18 21:40:11.604511,4.0,1.0,0.0,278.0,0.0,5.0,0.0,0.0,2025-02-18,1,1,16.0,386.58800279016793,0.5855841216997992,0.6580486166617547,0.34195138333824526
2078,2025-02-18 21:41:21.651404,3.0,1.0,0.0,278.0,0.0,5.0,0.0,0.0,2025-02-18,1,1,9.0,386.58800279016793,0.7904081387012699,0.8316552086126385,0.16834479138736147
2079,2025-02-18 21:42:36.298180,3.0,1.0,0.0,278.0,0.0,5.0,0.0,0.0,2025-02-18,1,1,9.0,386.58800279016793,0.7904081387012699,0.8316552086126385,0.16834479138736147
2080,2025-02-18 21:44:39.693306,3.0,1.0,0.0,278.0,0.0,5.0,0.0,0.0,2025-02-18,1,1,9.0,386.58800279016793,0.7904081387012699,0.8316552086126385,0.16834479138736147
2081,2025-02-21 21:54:16.557623,1.0,1.0,0.0,278.0,0.0,5.0,0.0,0.0,2025-02-21,1,1,1.0,294.6727298957313,0.9627380713954544,0.9701999099173347,0.029800090082665265
2082,2025-02-21 21:54:24.264110,2.0,1.0,0.0,278.0,0.0,5.0,0.0,0.0,2025-02-21,1,1,4.0,294.6727298957313,0.9063755169520613,0.926912189338107,0.07308781066189296
2083,2025-02-21 21:59:49.849718,3.0,1.0,0.0,278.0,0.0,5.0,0.0,0.0,2025-02-21,1,1,9.0,294.6727298957313,0.7838956124652753,0.8316552086126385,0.16834479138736147
2084,2025-02-21 22:03:07.878617,3.0,1.0,0.0,278.0,0.0,5.0,0.0,0.0,2025-02-21,1,1,9.0,294.6727298957313,0.7838956124652753,0.8316552086126385,0.16834479138736147
2085,2025-02-21 22:06:35.059386,3.0,1.0,0.0,278.0,0.0,5.0,0.0,0.0,2025-02-21,1,1,9.0,294.6727298957313,0.7838956124652753,0.8316552086126385,0.16834479138736147
2086,2025-02-21 22:11:47.981573,4.0,1.0,0.0,278.0,0.0,5.0,0.0,0.0,2025-02-21,1,1,16.0,294.6727298957313,0.5761203031427478,0.6580486166617547,0.34195138333824526
2087,2025-02-21 22:14:53.907290,5.0,1.0,0.0,278.0,0.0,5.0,0.0,0.0,2025-02-21,1,1,25.0,294.6727298957313,0.3374271983129646,0.4284486946252726,0.5715513053747274
2088,2025-02-21 22:18:14.580047,5.0,1.0,0.0,278.0,0.0,5.0,0.0,0.0,2025-02-21,1,1,25.0,294.6727298957313,0.3374271983129646,0.4284486946252726,0.5715513053747274
2089,2025-02-28 17:40:51.674939,3.0,1.0,0.0,278.0,0.0,5.0,0.0,0.0,2025-02-28,1,1,9.0,149.9925780788461,0.7733501887401499,0.8316552086126385,0.16834479138736147
2090,2025-02-28 17:41:39.709300,2.0,1.0,0.0,278.0,0.0,5.0,0.0,0.0,2025-02-28,1,1,4.0,149.9925780788461,0.9010524276955152,0.926912189338107,0.07308781066189296
2091,2025-02-28 17:42:44.033782,4.0,1.0,0.0,278.0,0.0,5.0,0.0,0.0,2025-02-28,1,1,16.0,149.9925780788461,0.5611125104723179,0.6580486166617547,0.34195138333824526
2092,2025-02-28 17:44:28.605363,5.0,1.0,0.0,278.0,0.0,5.0,0.0,0.0,2025-02-28,1,1,25.0,149.9925780788461,0.3238862114007766,0.4284486946252726,0.5715513053747274
2093,2025-02-28 17:46:52.641732,6.0,1.0,0.0,278.0,0.0,5.0,0.0,0.0,2025-02-28,1,1,36.0,149.9925780788461,0.15217841365112877,0.22601051750673395,0.773989482493266
2094,2025-02-28 17:51:03.870444,7.0,0.0,0.0,278.0,0.0,5.0,0.0,0.0,2025-02-28,0,1,49.0,149.9925780788461,0.06301679416353477,0.10213078272976209,-0.10213078272976209
2095,2025-03-04 18:36:40.579320,2.0,1.0,0.0,278.0,0.0,5.0,0.0,0.0,2025-03-04,1,1,4.0,175.25355600460486,0.9020008572595049,0.926912189338107,0.07308781066189296
2096,2025-03-04 18:38:15.693618,3.0,1.0,0.0,278.0,0.0,5.0,0.0,0.0,2025-03-04,1,1,9.0,175.25355600460486,0.7752173069357409,0.8316552086126385,0.16834479138736147
2097,2025-03-04 18:41:31.510471,2.0,1.0,0.0,278.0,0.0,5.0,0.0,0.0,2025-03-04,1,1,4.0,175.25355600460486,0.9020008572595049,0.926912189338107,0.07308781066189296
2098,2025-03-04 18:44:17.846008,5.0,1.0,0.0,278.0,0.0,5.0,0.0,0.0,2025-03-04,1,1,25.0,175.25355600460486,0.3262300991589057,0.4284486946252726,0.5715513053747274
2099,2025-03-04 18:53:49.356216,6.0,1.0,0.0,278.0,0.0,5.0,0.0,0.0,2025-03-04,1,1,36.0,175.25355600460486,0.1535619194748722,0.22601051750673395,0.773989482493266
2100,2025-03-04 18:54:19.283314,4.0,1.0,0.0,278.0,0.0,5.0,0.0,0.0,2025-03-04,1,1,16.0,175.25355600460486,0.5637417271159226,0.6580486166617547,0.34195138333824526
2101,2025-03-04 18:54:36.792675,3.0,1.0,0.0,278.0,0.0,5.0,0.0,0.0,2025-03-04,1,1,9.0,175.25355600460486,0.7752173069357409,0.8316552086126385,0.16834479138736147
2102,2025-03-04 18:58:13.890117,8.0,0.0,0.0,278.0,0.0,5.0,0.0,0.0,2025-03-04,0,1,64.0,175.25355600460486,0.024838017700144707,0.042429164124164545,-0.042429164124164545
2103,2025-03-04 19:04:13.547520,6.0,0.0,0.0,278.0,0.0,5.0,0.0,0.0,2025-03-04,0,1,36.0,175.25355600460486,0.1535619194748722,0.22601051750673395,-0.22601051750673395
2104,2025-03-04 19:07:43.846638,2.0,0.0,0.0,278.0,0.0,5.0,0.0,0.0,2025-03-04,0,1,4.0,175.25355600460486,0.9020008572595049,0.926912189338107,-0.926912189338107
2105,2025-03-12 19:00:37.234451,8.0,0.0,0.0,278.0,1.0,5.0,0.0,0.0,2025-03-12,0,1,64.0,132.04055252670074,0.024399182254078958,0.042429164124164545,-0.042429164124164545
2106,2025-03-12 19:05:09.096504,3.0,1.0,0.0,278.0,1.0,5.0,0.0,0.0,2025-03-12,1,1,9.0,132.04055252670074,0.7720166494321403,0.8316552086126385,0.16834479138736147
2107,2025-03-12 19:15:25.732792,3.0,1.0,0.0,278.0,1.0,5.0,0.0,0.0,2025-03-12,1,1,9.0,132.04055252670074,0.7720166494321403,0.8316552086126385,0.16834479138736147
2108,2025-03-12 19:15:28.775163,8.0,0.0,0.0,278.0,1.0,5.0,0.0,0.0,2025-03-12,0,1,64.0,132.04055252670074,0.024399182254078958,0.042429164124164545,-0.042429164124164545
2109,2025-03-12 19:20:38.075282,8.0,0.0,0.0,278.0,1.0,5.0,0.0,0.0,2025-03-12,0,1,64.0,132.04055252670074,0.024399182254078958,0.042429164124164545,-0.042429164124164545
2110,2025-03-12 19:28:28.549102,8.0,0.0,0.0,278.0,1.0,5.0,0.0,0.0,2025-03-12,0,1,64.0,132.04055252670074,0.024399182254078958,0.042429164124164545,-0.042429164124164545
2111,2025-03-12 19:43:15.367540,8.0,0.0,0.0,278.0,1.0,5.0,0.0,0.0,2025-03-12,0,1,64.0,132.04055252670074,0.024399182254078958,0.042429164124164545,-0.042429164124164545
2112,2025-03-12 20:01:44.118858,8.0,0.0,0.0,278.0,1.0,5.0,0.0,0.0,2025-03-12,0,1,64.0,132.04055252670074,0.024399182254078958,0.042429164124164545,-0.042429164124164545
2113,2025-03-12 20:06:01.635938,8.0,0.0,0.0,278.0,1.0,5.0,0.0,0.0,2025-03-12,0,1,64.0,132.04055252670074,0.024399182254078958,0.042429164124164545,-0.042429164124164545
2114,2025-03-12 20:11:21.050052,8.0,0.0,0.0,278.0,1.0,5.0,0.0,0.0,2025-03-12,0,1,64.0,132.04055252670074,0.024399182254078958,0.042429164124164545,-0.042429164124164545
2115,2025-03-15 11:50:30.107297,8.0,0.0,0.0,278.0,1.0,5.0,0.0,0.0,2025-03-15,0,1,64.0,484.2993384237752,0.028208284891510515,0.042429164124164545,-0.042429164124164545
2116,2025-03-15 12:02:43.815576,8.0,0.0,0.0,278.0,1.0,5.0,0.0,0.0,2025-03-15,0,1,64.0,484.2993384237752,0.028208284891510515,0.042429164124164545,-0.042429164124164545
2117,2025-03-15 12:06:16.852982,8.0,0.0,0.0,278.0,1.0,5.0,0.0,0.0,2025-03-15,0,1,64.0,484.2993384237752,0.028208284891510515,0.042429164124164545,-0.042429164124164545
2118,2025-03-15 13:10:43.435316,7.0,0.0,0.0,278.0,1.0,5.0,0.0,0.0,2025-03-15,0,1,49.0,484.2993384237752,0.07189899435984039,0.10213078272976209,-0.10213078272976209
2119,2025-03-15 13:17:16.874252,7.0,0.0,0.0,278.0,1.0,5.0,0.0,0.0,2025-03-15,0,1,49.0,484.2993384237752,0.07189899435984039,0.10213078272976209,-0.10213078272976209
2120,2025-03-15 13:21:24.352724,7.0,0.0,0.0,278.0,1.0,5.0,0.0,0.0,2025-03-15,0,1,49.0,484.2993384237752,0.07189899435984039,0.10213078272976209,-0.10213078272976209
2121,2025-03-18 16:25:42.647816,3.0,1.0,0.0,278.0,0.0,5.0,0.0,0.0,2025-03-18,1,1,9.0,570.2423069382197,0.8029854218311472,0.8316552086126385,0.16834479138736147
2122,2025-03-18 16:30:59.232378,3.0,1.0,0.0,278.0,0.0,5.0,0.0,0.0,2025-03-18,1,1,9.0,570.2423069382197,0.8029854218311472,0.8316552086126385,0.16834479138736147
2123,2025-03-18 16:32:55.880010,3.0,1.0,0.0,278.0,0.0,5.0,0.0,0.0,2025-03-18,1,1,9.0,570.2423069382197,0.8029854218311472,0.8316552086126385,0.16834479138736147
2124,2025-03-18 16:35:29.736307,4.0,1.0,0.0,278.0,0.0,5.0,0.0,0.0,2025-03-18,1,1,16.0,570.2423069382197,0.6042992676020047,0.6580486166617547,0.34195138333824526
2125,2025-03-18 16:40:08.428836,4.0,1.0,0.0,278.0,0.0,5.0,0.0,0.0,2025-03-18,1,1,16.0,570.2423069382197,0.6042992676020047,0.6580486166617547,0.34195138333824526
2126,2025-03-18 16:40:14.015323,4.0,1.0,0.0,278.0,0.0,5.0,0.0,0.0,2025-03-18,1,1,16.0,570.2423069382197,0.6042992676020047,0.6580486166617547,0.34195138333824526
2127,2025-03-21 16:31:02.843009,1.0,1.0,0.0,278.0,1.0,5.0,0.0,0.0,2025-03-21,1,1,1.0,427.83890797681516,0.9647066059804256,0.9701999099173347,0.029800090082665265
2128,2025-03-21 16:31:09.854084,1.0,1.0,0.0,278.0,1.0,5.0,0.0,0.0,2025-03-21,1,1,1.0,427.83890797681516,0.9647066059804256,0.9701999099173347,0.029800090082665265
2129,2025-03-21 16:33:19.648339,2.0,1.0,0.0,278.0,1.0,5.0,0.0,0.0,2025-03-21,1,1,4.0,427.83890797681516,0.9110465448981185,0.926912189338107,0.07308781066189296
2130,2025-03-21 16:41:02.790361,4.0,1.0,0.0,278.0,1.0,5.0,0.0,0.0,2025-03-21,1,1,16.0,427.83890797681516,0.5898114000674429,0.6580486166617547,0.34195138333824526
2131,2025-03-21 17:06:34.668226,5.0,0.0,0.0,278.0,1.0,5.0,0.0,0.0,2025-03-21,0,1,25.0,427.83890797681516,0.35013139247999464,0.4284486946252726,-0.4284486946252726
2132,2025-03-21 17:14:04.682044,1.0,1.0,0.0,278.0,1.0,5.0,0.0,0.0,2025-03-21,1,1,1.0,427.83890797681516,0.9647066059804256,0.9701999099173347,0.029800090082665265
2133,2025-03-21 18:10:00.926003,4.0,1.0,0.0,278.0,1.0,5.0,0.0,0.0,2025-03-21,1,1,16.0,427.83890797681516,0.5898114000674429,0.6580486166617547,0.34195138333824526
2134,2025-03-21 18:29:00.679798,8.0,0.0,0.0,278.0,1.0,5.0,0.0,0.0,2025-03-21,0,1,64.0,427.83890797681516,0.027561039371708368,0.042429164124164545,-0.042429164124164545
2135,2025-03-21 18:32:47.832967,8.0,0.0,0.0,278.0,1.0,5.0,0.0,0.0,2025-03-21,0,1,64.0,427.83890797681516,0.027561039371708368,0.042429164124164545,-0.042429164124164545
2136,2025-03-23 14:48:46.562360,2.0,1.0,0.0,278.0,1.0,5.0,0.0,0.0,2025-03-23,1,1,4.0,487.9517811907382,0.9130854335550365,0.926912189338107,0.07308781066189296
2137,2025-03-23 14:53:24.494672,3.0,1.0,0.0,278.0,1.0,5.0,0.0,0.0,2025-03-23,1,1,9.0,487.9517811907382,0.7974215642626618,0.8316552086126385,0.16834479138736147
2138,2025-03-23 14:58:21.010324,3.0,1.0,0.0,278.0,1.0,5.0,0.0,0.0,2025-03-23,1,1,9.0,487.9517811907382,0.7974215642626618,0.8316552086126385,0.16834479138736147
2139,2025-03-26 20:32:27.256999,1.0,1.0,0.0,278.0,1.0,5.0,0.0,0.0,2025-03-26,1,1,1.0,334.4033489071506,0.9633361876012632,0.9701999099173347,0.029800090082665265
2140,2025-03-26 20:32:32.075673,1.0,1.0,0.0,278.0,1.0,5.0,0.0,0.0,2025-03-26,1,1,1.0,334.4033489071506,0.9633361876012632,0.9701999099173347,0.029800090082665265
2141,2025-03-26 20:32:35.939075,2.0,1.0,0.0,278.0,1.0,5.0,0.0,0.0,2025-03-26,1,1,4.0,334.4033489071506,0.9077916954746555,0.926912189338107,0.07308781066189296
2142,2025-03-26 20:32:39.977066,2.0,1.0,0.0,278.0,1.0,5.0,0.0,0.0,2025-03-26,1,1,4.0,334.4033489071506,0.9077916954746555,0.926912189338107,0.07308781066189296
2143,2025-03-26 20:35:17.056406,1.0,1.0,0.0,278.0,0.0,5.0,0.0,0.0,2025-03-26,1,1,1.0,334.4033489071506,0.9633361876012632,0.9701999099173347,0.029800090082665265
2144,2025-03-26 20:35:21.906247,1.0,1.0,0.0,278.0,0.0,5.0,0.0,0.0,2025-03-26,1,1,1.0,334.4033489071506,0.9633361876012632,0.9701999099173347,0.029800090082665265
2145,2025-03-26 20:35:24.251748,4.0,1.0,0.0,278.0,0.0,5.0,0.0,0.0,2025-03-26,1,1,16.0,334.4033489071506,0.5802183454424032,0.6580486166617547,0.34195138333824526
2146,2025-03-26 20:39:42.564748,3.0,1.0,0.0,278.0,0.0,5.0,0.0,0.0,2025-03-26,1,1,9.0,334.4033489071506,0.7867285098174638,0.8316552086126385,0.16834479138736147
2147,2025-03-26 20:39:47.273653,3.0,1.0,0.0,278.0,0.0,5.0,0.0,0.0,2025-03-26,1,1,9.0,334.4033489071506,0.7867285098174638,0.8316552086126385,0.16834479138736147
2148,2025-03-26 20:47:40.090108,3.0,1.0,0.0,278.0,0.0,5.0,0.0,0.0,2025-03-26,1,1,9.0,334.4033489071506,0.7867285098174638,0.8316552086126385,0.16834479138736147
2149,2025-03-26 20:47:43.366095,4.0,1.0,0.0,278.0,0.0,5.0,0.0,0.0,2025-03-26,1,1,16.0,334.4033489071506,0.5802183454424032,0.6580486166617547,0.34195138333824526
2150,2025-03-26 20:56:07.496503,2.0,1.0,0.0,278.0,0.0,5.0,0.0,0.0,2025-03-26,1,1,4.0,334.4033489071506,0.9077916954746555,0.926912189338107,0.07308781066189296
2151,2025-03-26 20:56:12.230000,3.0,1.0,0.0,278.0,0.0,5.0,0.0,0.0,2025-03-26,1,1,9.0,334.4033489071506,0.7867285098174638,0.8316552086126385,0.16834479138736147
2152,2025-03-26 20:56:16.718538,2.0,1.0,0.0,278.0,0.0,5.0,0.0,0.0,2025-03-26,1,1,4.0,334.4033489071506,0.9077916954746555,0.926912189338107,0.07308781066189296
2153,2025-03-26 20:58:37.590362,2.0,1.0,0.0,278.0,0.0,5.0,0.0,0.0,2025-03-26,1,1,4.0,334.4033489071506,0.9077916954746555,0.926912189338107,0.07308781066189296
2154,2025-03-26 20:58:40.310098,4.0,1.0,0.0,278.0,0.0,5.0,0.0,0.0,2025-03-26,1,1,16.0,334.4033489071506,0.5802183454424032,0.6580486166617547,0.34195138333824526
2155,2025-03-28 19:41:46.608833,8.0,0.0,0.0,278.0,1.0,5.0,0.0,0.0,2025-03-28,0,1,64.0,344.9193366050755,0.026636563612302638,0.042429164124164545,-0.042429164124164545
2156,2025-03-28 19:48:19.105601,8.0,0.0,0.0,278.0,1.0,5.0,0.0,0.0,2025-03-28,0,1,64.0,344.9193366050755,0.026636563612302638,0.042429164124164545,-0.042429164124164545
2157,2025-03-28 20:00:24.628590,8.0,0.0,0.0,278.0,1.0,5.0,0.0,0.0,2025-03-28,0,1,64.0,344.9193366050755,0.026636563612302638,0.042429164124164545,-0.042429164124164545
2158,2025-03-28 20:09:00.847053,8.0,0.0,0.0,278.0,1.0,5.0,0.0,0.0,2025-03-28,0,1,64.0,344.9193366050755,0.026636563612302638,0.042429164124164545,-0.042429164124164545
2159,2025-03-28 20:12:19.952615,8.0,0.0,0.0,278.0,1.0,5.0,0.0,0.0,2025-03-28,0,1,64.0,344.9193366050755,0.026636563612302638,0.042429164124164545,-0.042429164124164545
2160,2025-03-28 20:14:31.715021,8.0,0.0,0.0,278.0,1.0,5.0,0.0,0.0,2025-03-28,0,1,64.0,344.9193366050755,0.026636563612302638,0.042429164124164545,-0.042429164124164545
2161,2025-03-28 20:26:41.792095,8.0,0.0,0.0,278.0,1.0,5.0,0.0,0.0,2025-03-28,0,1,64.0,344.9193366050755,0.026636563612302638,0.042429164124164545,-0.042429164124164545
2162,2025-04-04 18:01:27.113991,3.0,1.0,0.0,278.0,0.0,5.0,0.0,0.0,2025-04-04,1,1,9.0,317.00776766277323,0.785491502099838,0.8316552086126385,0.16834479138736147
2163,2025-04-04 18:01:38.694300,1.0,1.0,0.0,278.0,0.0,5.0,0.0,0.0,2025-04-04,1,1,1.0,317.00776766277323,0.9630754545715673,0.9701999099173347,0.029800090082665265
2164,2025-04-04 18:03:12.236535,4.0,1.0,0.0,278.0,0.0,5.0,0.0,0.0,2025-04-04,1,1,16.0,317.00776766277323,0.5784253923831706,0.6580486166617547,0.34195138333824526
2165,2025-04-04 18:05:40.563849,5.0,1.0,0.0,278.0,0.0,5.0,0.0,0.0,2025-04-04,1,1,25.0,317.00776766277323,0.33954227068138326,0.4284486946252726,0.5715513053747274
2166,2025-04-04 18:07:25.629428,5.0,0.0,0.0,278.0,0.0,5.0,0.0,0.0,2025-04-04,0,1,25.0,317.00776766277323,0.33954227068138326,0.4284486946252726,-0.4284486946252726
2167,2025-04-04 18:09:02.689549,5.0,0.0,0.0,278.0,0.0,5.0,0.0,0.0,2025-04-04,0,1,25.0,317.00776766277323,0.33954227068138326,0.4284486946252726,-0.4284486946252726
2168,2025-04-04 18:11:10.588323,5.0,1.0,0.0,278.0,0.0,5.0,0.0,0.0,2025-04-04,1,1,25.0,317.00776766277323,0.33954227068138326,0.4284486946252726,0.5715513053747274
2169,2025-04-04 18:20:46.965265,6.0,1.0,0.0,278.0,0.0,5.0,0.0,0.0,2025-04-04,1,1,36.0,317.00776766277323,0.16151723703700488,0.22601051750673395,0.773989482493266
2170,2025-04-06 15:27:53.170293,0.0,1.0,0.0,278.0,1.0,5.0,0.0,0.0,2025-04-06,1,1,0.0,378.6583588865894,0.9861970812148163,0.9881766398835915,0.011823360116408499
2171,2025-04-06 15:27:59.555358,6.0,0.0,0.0,278.0,1.0,5.0,0.0,0.0,2025-04-06,0,1,36.0,378.6583588865894,0.1650795815615101,0.22601051750673395,-0.22601051750673395
2172,2025-04-06 15:28:04.856524,6.0,0.0,0.0,278.0,1.0,5.0,0.0,0.0,2025-04-06,0,1,36.0,378.6583588865894,0.1650795815615101,0.22601051750673395,-0.22601051750673395
2173,2025-04-06 15:33:10.888372,8.0,0.0,0.0,278.0,1.0,5.0,0.0,0.0,2025-04-06,0,1,64.0,378.6583588865894,0.027009025893306508,0.042429164124164545,-0.042429164124164545
2174,2025-04-06 17:36:12.632295,8.0,0.0,0.0,278.0,1.0,5.0,0.0,0.0,2025-04-06,0,1,64.0,378.6583588865894,0.027009025893306508,0.042429164124164545,-0.042429164124164545
2175,2025-04-06 17:40:59.801035,1.0,1.0,0.0,278.0,1.0,5.0,0.0,0.0,2025-04-06,1,1,1.0,378.6583588865894,0.963991541742863,0.9701999099173347,0.029800090082665265
2176,2025-04-06 17:41:12.776200,3.0,1.0,0.0,278.0,1.0,5.0,0.0,0.0,2025-04-06,1,1,9.0,378.6583588865894,0.7898520258744981,0.8316552086126385,0.16834479138736147
2177,2025-04-06 17:41:17.849196,3.0,1.0,0.0,278.0,1.0,5.0,0.0,0.0,2025-04-06,1,1,9.0,378.6583588865894,0.7898520258744981,0.8316552086126385,0.16834479138736147
2178,2025-04-06 17:50:59.078373,8.0,0.0,0.0,278.0,1.0,5.0,0.0,0.0,2025-04-06,0,1,64.0,378.6583588865894,0.027009025893306508,0.042429164124164545,-0.042429164124164545
2179,2025-04-06 17:55:22.232124,8.0,0.0,0.0,278.0,1.0,5.0,0.0,0.0,2025-04-06,0,1,64.0,378.6583588865894,0.027009025893306508,0.042429164124164545,-0.042429164124164545
2180,2025-04-11 17:35:28.414002,1.0,1.0,0.0,278.0,1.0,5.0,0.0,0.0,2025-04-11,1,1,1.0,381.3262297511456,0.9640306867023308,0.9701999099173347,0.029800090082665265
2181,2025-04-11 17:35:34.640663,1.0,1.0,0.0,278.0,1.0,5.0,0.0,0.0,2025-04-11,1,1,1.0,381.3262297511456,0.9640306867023308,0.9701999099173347,0.029800090082665265
2182,2025-04-11 18:16:24.101224,1.0,1.0,0.0,278.0,1.0,5.0,0.0,0.0,2025-04-11,1,1,1.0,381.3262297511456,0.9640306867023308,0.9701999099173347,0.029800090082665265
2183,2025-04-11 18:19:11.529964,2.0,1.0,0.0,278.0,1.0,5.0,0.0,0.0,2025-04-11,1,1,4.0,381.3262297511456,0.9094394291715256,0.926912189338107,0.07308781066189296
2184,2025-04-11 18:25:17.133256,3.0,1.0,0.0,278.0,1.0,5.0,0.0,0.0,2025-04-11,1,1,9.0,381.3262297511456,0.790039246777784,0.8316552086126385,0.16834479138736147
2185,2025-04-11 18:38:53.682850,2.0,1.0,0.0,278.0,1.0,5.0,0.0,0.0,2025-04-11,1,1,4.0,381.3262297511456,0.9094394291715256,0.926912189338107,0.07308781066189296
2186,2025-04-11 19:38:22.935959,4.0,0.0,0.0,278.0,1.0,5.0,0.0,0.0,2025-04-11,0,1,16.0,381.3262297511456,0.5850439883733412,0.6580486166617547,-0.6580486166617547
2187,2025-04-11 19:38:29.142221,4.0,0.0,0.0,278.0,1.0,5.0,0.0,0.0,2025-04-11,0,1,16.0,381.3262297511456,0.5850439883733412,0.6580486166617547,-0.6580486166617547
2188,2025-04-11 19:38:31.788493,4.0,0.0,0.0,278.0,1.0,5.0,0.0,0.0,2025-04-11,0,1,16.0,381.3262297511456,0.5850439883733412,0.6580486166617547,-0.6580486166617547
2189,2025-04-11 19:46:27.731914,2.0,0.0,0.0,278.0,1.0,5.0,0.0,0.0,2025-04-11,0,1,4.0,381.3262297511456,0.9094394291715256,0.926912189338107,-0.926912189338107
2190,2025-04-11 19:54:59.005084,2.0,1.0,0.0,278.0,1.0,5.0,0.0,0.0,2025-04-11,1,1,4.0,381.3262297511456,0.9094394291715256,0.926912189338107,0.07308781066189296
2191,2025-04-11 20:11:56.396296,5.0,0.0,0.0,278.0,1.0,5.0,0.0,0.0,2025-04-11,0,1,25.0,381.3262297511456,0.3456687080758324,0.4284486946252726,-0.4284486946252726
2192,2025-04-11 20:25:33.034750,5.0,0.0,0.0,278.0,1.0,5.0,0.0,0.0,2025-04-11,0,1,25.0,381.3262297511456,0.3456687080758324,0.4284486946252726,-0.4284486946252726
2193,2025-04-13 10:38:19.507190,0.0,1.0,0.0,278.0,1.0,5.0,0.0,0.0,2025-04-13,1,1,0.0,395.7846182805183,0.9862953304560225,0.9881766398835915,0.011823360116408499
2194,2025-04-13 10:38:26.886169,1.0,1.0,0.0,278.0,1.0,5.0,0.0,0.0,2025-04-13,1,1,1.0,395.7846182805183,0.9642421191553286,0.9701999099173347,0.029800090082665265
2195,2025-04-13 10:49:32.791554,3.0,1.0,0.0,278.0,1.0,5.0,0.0,0.0,2025-04-13,1,1,9.0,395.7846182805183,0.7910517500175346,0.8316552086126385,0.16834479138736147
2196,2025-04-13 10:49:38.699241,3.0,0.0,0.0,278.0,1.0,5.0,0.0,0.0,2025-04-13,0,1,9.0,395.7846182805183,0.7910517500175346,0.8316552086126385,-0.8316552086126385
2197,2025-04-13 11:00:08.608585,3.0,1.0,0.0,278.0,1.0,5.0,0.0,0.0,2025-04-13,1,1,9.0,395.7846182805183,0.7910517500175346,0.8316552086126385,0.16834479138736147
2198,2025-04-13 11:50:18.483052,7.0,0.0,0.0,278.0,1.0,5.0,0.0,0.0,2025-04-13,0,1,49.0,395.7846182805183,0.0694406681518934,0.10213078272976209,-0.10213078272976209
2199,2025-04-13 14:23:46.029973,5.0,0.0,0.0,278.0,1.0,5.0,0.0,0.0,2025-04-13,0,1,25.0,395.7846182805183,0.34705306148177256,0.4284486946252726,-0.4284486946252726
2200,2025-04-13 14:43:38.116549,5.0,0.0,0.0,278.0,1.0,5.0,0.0,0.0,2025-04-13,0,1,25.0,395.7846182805183,0.34705306148177256,0.4284486946252726,-0.4284486946252726
2201,2025-04-13 14:48:42.109329,5.0,0.0,0.0,278.0,1.0,5.0,0.0,0.0,2025-04-13,0,1,25.0,395.7846182805183,0.34705306148177256,0.4284486946252726,-0.4284486946252726
2202,2025-04-13 14:57:10.101502,5.0,0.0,0.0,278.0,1.0,5.0,0.0,0.0,2025-04-13,0,1,25.0,395.7846182805183,0.34705306148177256,0.4284486946252726,-0.4284486946252726
2203,2025-04-13 15:15:44.062573,5.0,0.0,0.0,278.0,1.0,5.0,0.0,0.0,2025-04-13,0,1,25.0,395.7846182805183,0.34705306148177256,0.4284486946252726,-0.4284486946252726
2204,2025-04-16 17:00:15.802523,1.0,1.0,0.0,278.0,0.0,5.0,0.0,0.0,2025-04-16,1,1,1.0,409.6279719191571,0.9644434358479247,0.9701999099173347,0.029800090082665265
2205,2025-04-16 17:02:14.204181,2.0,1.0,0.0,278.0,0.0,5.0,0.0,0.0,2025-04-16,1,1,4.0,409.6279719191571,0.9104204052319488,0.926912189338107,0.07308781066189296
2206,2025-04-16 17:06:41.823974,3.0,1.0,0.0,278.0,0.0,5.0,0.0,0.0,2025-04-16,1,1,9.0,409.6279719191571,0.7920178118833697,0.8316552086126385,0.16834479138736147
2207,2025-04-16 17:10:53.278531,4.0,0.0,0.0,278.0,0.0,5.0,0.0,0.0,2025-04-16,0,1,16.0,409.6279719191571,0.5879467900088532,0.6580486166617547,-0.6580486166617547
2208,2025-04-16 17:19:32.565489,4.0,1.0,0.0,278.0,0.0,5.0,0.0,0.0,2025-04-16,1,1,16.0,409.6279719191571,0.5879467900088532,0.6580486166617547,0.34195138333824526
2209,2025-04-16 17:29:46.498158,5.0,1.0,0.0,278.0,0.0,5.0,0.0,0.0,2025-04-16,1,1,25.0,409.6279719191571,0.34838095591054796,0.4284486946252726,0.5715513053747274
2210,2025-04-16 17:36:15.519690,5.0,0.0,0.0,278.0,0.0,5.0,0.0,0.0,2025-04-16,0,1,25.0,409.6279719191571,0.34838095591054796,0.4284486946252726,-0.4284486946252726
2211,2025-04-16 17:41:04.712047,5.0,0.0,0.0,278.0,0.0,5.0,0.0,0.0,2025-04-16,0,1,25.0,409.6279719191571,0.34838095591054796,0.4284486946252726,-0.4284486946252726
2212,2025-04-16 17:44:43.105216,3.0,1.0,0.0,278.0,0.0,5.0,0.0,0.0,2025-04-16,1,1,9.0,409.6279719191571,0.7920178118833697,0.8316552086126385,0.16834479138736147
2213,2025-04-16 17:50:59.780887,3.0,0.0,0.0,278.0,0.0,5.0,0.0,0.0,2025-04-16,0,1,9.0,409.6279719191571,0.7920178118833697,0.8316552086126385,-0.8316552086126385
2214,2025-04-16 17:52:43.278635,5.0,0.0,0.0,278.0,0.0,5.0,0.0,0.0,2025-04-16,0,1,25.0,409.6279719191571,0.34838095591054796,0.4284486946252726,-0.4284486946252726
2215,2025-04-16 18:05:31.208407,5.0,0.0,0.0,278.0,0.0,5.0,0.0,0.0,2025-04-16,0,1,25.0,409.6279719191571,0.34838095591054796,0.4284486946252726,-0.4284486946252726
2216,2025-04-18 17:03:59.480303,2.0,1.0,0.0,278.0,0.0,5.0,0.0,0.0,2025-04-18,1,1,4.0,471.6660425585118,0.9125372730184927,0.926912189338107,0.07308781066189296
2217,2025-04-18 17:06:11.461568,2.0,1.0,0.0,278.0,0.0,5.0,0.0,0.0,2025-04-18,1,1,4.0,471.6660425585118,0.9125372730184927,0.926912189338107,0.07308781066189296
2218,2025-04-18 17:08:03.713956,2.0,1.0,0.0,278.0,0.0,5.0,0.0,0.0,2025-04-18,1,1,4.0,471.6660425585118,0.9125372730184927,0.926912189338107,0.07308781066189296
2219,2025-04-18 17:12:08.413474,3.0,1.0,0.0,278.0,0.0,5.0,0.0,0.0,2025-04-18,1,1,9.0,471.6660425585118,0.7963066585357346,0.8316552086126385,0.16834479138736147
2220,2025-04-18 17:14:32.066135,3.0,1.0,0.0,278.0,0.0,5.0,0.0,0.0,2025-04-18,1,1,9.0,471.6660425585118,0.7963066585357346,0.8316552086126385,0.16834479138736147
2221,2025-04-18 17:16:52.907158,3.0,1.0,0.0,278.0,0.0,5.0,0.0,0.0,2025-04-18,1,1,9.0,471.6660425585118,0.7963066585357346,0.8316552086126385,0.16834479138736147
2222,2025-04-18 17:21:16.587422,2.0,1.0,0.0,278.0,0.0,5.0,0.0,0.0,2025-04-18,1,1,4.0,471.6660425585118,0.9125372730184927,0.926912189338107,0.07308781066189296
2223,2025-04-18 17:25:05.584118,2.0,1.0,0.0,278.0,0.0,5.0,0.0,0.0,2025-04-18,1,1,4.0,471.6660425585118,0.9125372730184927,0.926912189338107,0.07308781066189296
2224,2025-04-18 17:27:29.594804,2.0,1.0,0.0,278.0,0.0,5.0,0.0,0.0,2025-04-18,1,1,4.0,471.6660425585118,0.9125372730184927,0.926912189338107,0.07308781066189296
2225,2025-04-18 17:39:48.680882,2.0,1.0,0.0,278.0,0.0,5.0,0.0,0.0,2025-04-18,1,1,4.0,471.6660425585118,0.9125372730184927,0.926912189338107,0.07308781066189296
2226,2025-04-18 17:41:08.713966,1.0,1.0,0.0,278.0,0.0,5.0,0.0,0.0,2025-04-18,1,1,1.0,471.6660425585118,0.9653322902956774,0.9701999099173347,0.029800090082665265
2227,2025-04-18 17:42:23.400860,3.0,1.0,0.0,278.0,0.0,5.0,0.0,0.0,2025-04-18,1,1,9.0,471.6660425585118,0.7963066585357346,0.8316552086126385,0.16834479138736147
2228,2025-04-20 16:34:02.836051,5.0,0.0,0.0,278.0,1.0,5.0,0.0,0.0,2025-04-20,0,1,25.0,410.79338438116486,0.3484928535494186,0.4284486946252726,-0.4284486946252726
2229,2025-04-20 16:39:41.698798,5.0,0.0,0.0,278.0,1.0,5.0,0.0,0.0,2025-04-20,0,1,25.0,410.79338438116486,0.3484928535494186,0.4284486946252726,-0.4284486946252726
2230,2025-04-20 16:52:47.863385,5.0,0.0,0.0,278.0,1.0,5.0,0.0,0.0,2025-04-20,0,1,25.0,410.79338438116486,0.3484928535494186,0.4284486946252726,-0.4284486946252726
2231,2025-04-20 16:58:58.236859,6.0,0.0,0.0,278.0,1.0,5.0,0.0,0.0,2025-04-20,0,1,36.0,410.79338438116486,0.1669612900409015,0.22601051750673395,-0.22601051750673395
2232,2025-04-20 17:09:08.343932,6.0,1.0,0.0,278.0,1.0,5.0,0.0,0.0,2025-04-20,1,1,36.0,410.79338438116486,0.1669612900409015,0.22601051750673395,0.773989482493266
2233,2025-04-20 17:21:48.910538,3.0,1.0,0.0,278.0,1.0,5.0,0.0,0.0,2025-04-20,1,1,9.0,410.79338438116486,0.7920989899829711,0.8316552086126385,0.16834479138736147
2234,2025-04-20 17:38:03.318386,4.0,1.0,0.0,278.0,1.0,5.0,0.0,0.0,2025-04-20,1,1,16.0,410.79338438116486,0.5880661923362434,0.6580486166617547,0.34195138333824526
2235,2025-04-20 17:53:32.122012,7.0,0.0,0.0,278.0,1.0,5.0,0.0,0.0,2025-04-20,0,1,49.0,410.79338438116486,0.0698519605464161,0.10213078272976209,-0.10213078272976209
2236,2025-04-20 18:04:41.302725,7.0,0.0,0.0,278.0,1.0,5.0,0.0,0.0,2025-04-20,0,1,49.0,410.79338438116486,0.0698519605464161,0.10213078272976209,-0.10213078272976209
2237,2025-04-20 18:04:49.280763,8.0,0.0,0.0,278.0,1.0,5.0,0.0,0.0,2025-04-20,0,1,64.0,410.79338438116486,0.027368486297032618,0.042429164124164545,-0.042429164124164545
2238,2025-04-20 18:15:45.521326,8.0,0.0,0.0,278.0,1.0,5.0,0.0,0.0,2025-04-20,0,1,64.0,410.79338438116486,0.027368486297032618,0.042429164124164545,-0.042429164124164545
2239,2025-04-20 18:27:14.161430,8.0,0.0,0.0,278.0,1.0,5.0,0.0,0.0,2025-04-20,0,1,64.0,410.79338438116486,0.027368486297032618,0.042429164124164545,-0.042429164124164545
2240,2025-04-22 18:39:19.424065,2.0,1.0,0.0,278.0,1.0,5.0,0.0,0.0,2025-04-22,1,1,4.0,709.1994901925771,0.9202298727799786,0.926912189338107,0.07308781066189296
2241,2025-04-22 18:39:31.519543,8.0,0.0,0.0,278.0,1.0,5.0,0.0,0.0,2025-04-22,0,1,64.0,709.1994901925771,0.03093598901430535,0.042429164124164545,-0.042429164124164545
2242,2025-04-22 18:59:40.317711,8.0,0.0,0.0,278.0,1.0,5.0,0.0,0.0,2025-04-22,0,1,64.0,709.1994901925771,0.03093598901430535,0.042429164124164545,-0.042429164124164545
2243,2025-04-22 19:08:16.673172,4.0,1.0,0.0,278.0,1.0,5.0,0.0,0.0,2025-04-22,1,1,16.0,709.1994901925771,0.6182623882440281,0.6580486166617547,0.34195138333824526
2244,2025-04-22 19:22:00.357404,8.0,0.0,0.0,278.0,1.0,5.0,0.0,0.0,2025-04-22,0,1,64.0,709.1994901925771,0.03093598901430535,0.042429164124164545,-0.042429164124164545
2245,2025-04-22 19:36:25.854228,8.0,0.0,0.0,278.0,1.0,5.0,0.0,0.0,2025-04-22,0,1,64.0,709.1994901925771,0.03093598901430535,0.042429164124164545,-0.042429164124164545
2246,2025-04-26 14:12:22.009930,1.0,1.0,0.0,278.0,1.0,5.0,0.0,0.0,2025-04-26,1,1,1.0,580.2949841089837,0.9668373261621126,0.9701999099173347,0.029800090082665265
2247,2025-04-26 14:21:49.371990,1.0,1.0,0.0,278.0,1.0,5.0,0.0,0.0,2025-04-26,1,1,1.0,580.2949841089837,0.9668373261621126,0.9701999099173347,0.029800090082665265
2248,2025-04-26 14:27:35.619949,3.0,1.0,0.0,278.0,1.0,5.0,0.0,0.0,2025-04-26,1,1,9.0,580.2949841089837,0.803657142444531,0.8316552086126385,0.16834479138736147
2249,2025-04-26 14:35:00.683591,5.0,0.0,0.0,278.0,1.0,5.0,0.0,0.0,2025-04-26,0,1,25.0,580.2949841089837,0.3649404403287055,0.4284486946252726,-0.4284486946252726
2250,2025-04-26 14:45:58.927557,5.0,0.0,0.0,278.0,1.0,5.0,0.0,0.0,2025-04-26,0,1,25.0,580.2949841089837,0.3649404403287055,0.4284486946252726,-0.4284486946252726
2251,2025-04-26 14:54:55.320654,5.0,0.0,0.0,278.0,1.0,5.0,0.0,0.0,2025-04-26,0,1,25.0,580.2949841089837,0.3649404403287055,0.4284486946252726,-0.4284486946252726
2252,2025-04-26 15:01:06.555209,5.0,0.0,0.0,278.0,1.0,5.0,0.0,0.0,2025-04-26,0,1,25.0,580.2949841089837,0.3649404403287055,0.4284486946252726,-0.4284486946252726
2253,2025-04-26 15:04:33.180447,3.0,1.0,0.0,278.0,1.0,5.0,0.0,0.0,2025-04-26,1,1,9.0,580.2949841089837,0.803657142444531,0.8316552086126385,0.16834479138736147
2254,2025-04-26 15:14:15.380830,5.0,1.0,0.0,278.0,1.0,5.0,0.0,0.0,2025-04-26,1,1,25.0,580.2949841089837,0.3649404403287055,0.4284486946252726,0.5715513053747274
2255,2025-04-26 15:32:30.471441,5.0,0.0,0.0,278.0,1.0,5.0,0.0,0.0,2025-04-26,0,1,25.0,580.2949841089837,0.3649404403287055,0.4284486946252726,-0.4284486946252726
2256,2025-04-26 15:37:07.572519,5.0,0.0,0.0,278.0,1.0,5.0,0.0,0.0,2025-04-26,0,1,25.0,580.2949841089837,0.3649404403287055,0.4284486946252726,-0.4284486946252726
2257,2025-04-26 15:47:27.163906,5.0,1.0,0.0,278.0,1.0,5.0,0.0,0.0,2025-04-26,1,1,25.0,580.2949841089837,0.3649404403287055,0.4284486946252726,0.5715513053747274
2258,2025-04-26 16:08:56.080671,7.0,0.0,0.0,278.0,1.0,5.0,0.0,0.0,2025-04-26,0,1,49.0,580.2949841089837,0.07465565996930458,0.10213078272976209,-0.10213078272976209
2259,2025-04-26 16:15:57.342952,7.0,0.0,0.0,278.0,1.0,5.0,0.0,0.0,2025-04-26,0,1,49.0,580.2949841089837,0.07465565996930458,0.10213078272976209,-0.10213078272976209
2260,2025-04-28 20:12:03.448681,2.0,1.0,0.0,278.0,0.0,5.0,0.0,0.0,2025-04-28,1,1,4.0,711.7456759639429,0.9203088843728677,0.926912189338107,0.07308781066189296
2261,2025-04-28 20:15:00.372698,3.0,1.0,0.0,278.0,0.0,5.0,0.0,0.0,2025-04-28,1,1,9.0,711.7456759639429,0.8122815481534611,0.8316552086126385,0.16834479138736147
2262,2025-04-28 20:18:00.737635,4.0,1.0,0.0,278.0,0.0,5.0,0.0,0.0,2025-04-28,1,1,16.0,711.7456759639429,0.6185165049185469,0.6580486166617547,0.34195138333824526
2263,2025-04-28 20:22:14.932756,5.0,1.0,0.0,278.0,0.0,5.0,0.0,0.0,2025-04-28,1,1,25.0,711.7456759639429,0.37791881956792117,0.4284486946252726,0.5715513053747274
2264,2025-04-28 20:30:05.965080,5.0,1.0,0.0,278.0,0.0,5.0,0.0,0.0,2025-04-28,1,1,25.0,711.7456759639429,0.37791881956792117,0.4284486946252726,0.5715513053747274
2265,2025-04-28 20:34:20.540258,6.0,0.0,0.0,278.0,0.0,5.0,0.0,0.0,2025-04-28,0,1,36.0,711.7456759639429,0.18542157847903398,0.22601051750673395,-0.22601051750673395
2266,2025-04-28 20:38:01.582354,6.0,0.0,0.0,278.0,0.0,5.0,0.0,0.0,2025-04-28,0,1,36.0,711.7456759639429,0.18542157847903398,0.22601051750673395,-0.22601051750673395
2267,2025-04-28 20:41:56.206171,5.0,1.0,0.0,278.0,0.0,5.0,0.0,0.0,2025-04-28,1,1,25.0,711.7456759639429,0.37791881956792117,0.4284486946252726,0.5715513053747274
2268,2025-04-28 20:45:13.292987,7.0,1.0,0.0,278.0,0.0,5.0,0.0,0.0,2025-04-28,1,1,49.0,711.7456759639429,0.07858815277486221,0.10213078272976209,0.8978692172702379
2269,2025-04-28 20:48:10.122821,7.0,0.0,0.0,278.0,0.0,5.0,0.0,0.0,2025-04-28,0,1,49.0,711.7456759639429,0.07858815277486221,0.10213078272976209,-0.10213078272976209
2270,2025-04-28 20:57:01.312615,6.0,1.0,0.0,278.0,0.0,5.0,0.0,0.0,2025-04-28,1,1,36.0,711.7456759639429,0.18542157847903398,0.22601051750673395,0.773989482493266
2271,2025-04-28 21:01:09.052373,6.0,1.0,0.0,278.0,0.0,5.0,0.0,0.0,2025-04-28,1,1,36.0,711.7456759639429,0.18542157847903398,0.22601051750673395,0.773989482493266
2272,2025-04-28 21:06:45.025354,5.0,1.0,0.0,278.0,0.0,5.0,0.0,0.0,2025-04-28,1,1,25.0,711.7456759639429,0.37791881956792117,0.4284486946252726,0.5715513053747274
2273,2025-05-04 13:29:39.899247,1.0,1.0,0.0,278.0,1.0,5.0,0.0,0.0,2025-05-04,1,1,1.0,483.6654936027123,0.9655017235705258,0.9701999099173347,0.029800090082665265
2274,2025-05-04 13:34:10.120650,3.0,0.0,0.0,278.0,1.0,5.0,0.0,0.0,2025-05-04,0,1,9.0,483.6654936027123,0.7971285712689861,0.8316552086126385,-0.8316552086126385
2275,2025-05-04 13:44:55.600695,3.0,1.0,0.0,278.0,1.0,5.0,0.0,0.0,2025-05-04,1,1,9.0,483.6654936027123,0.7971285712689861,0.8316552086126385,0.16834479138736147
2276,2025-05-04 14:35:52.283995,7.0,0.0,0.0,278.0,1.0,5.0,0.0,0.0,2025-05-04,0,1,49.0,483.6654936027123,0.07188110841821606,0.10213078272976209,-0.10213078272976209
2277,2025-05-04 14:37:06.946932,7.0,0.0,0.0,278.0,1.0,5.0,0.0,0.0,2025-05-04,0,1,49.0,483.6654936027123,0.07188110841821606,0.10213078272976209,-0.10213078272976209
2278,2025-05-04 14:43:15.872329,7.0,0.0,0.0,278.0,1.0,5.0,0.0,0.0,2025-05-04,0,1,49.0,483.6654936027123,0.07188110841821606,0.10213078272976209,-0.10213078272976209
2279,2025-05-04 14:52:19.801636,7.0,0.0,0.0,278.0,1.0,5.0,0.0,0.0,2025-05-04,0,1,49.0,483.6654936027123,0.07188110841821606,0.10213078272976209,-0.10213078272976209
2280,2025-05-04 14:58:17.768351,7.0,0.0,0.0,278.0,1.0,5.0,0.0,0.0,2025-05-04,0,1,49.0,483.6654936027123,0.07188110841821606,0.10213078272976209,-0.10213078272976209
2281,2025-05-11 12:02:26.448139,1.0,1.0,0.0,278.0,1.0,5.0,0.0,0.0,2025-05-11,1,1,1.0,289.96502275919033,0.9626665816556252,0.9701999099173347,0.029800090082665265
2282,2025-05-11 12:02:34.446842,3.0,1.0,0.0,278.0,1.0,5.0,0.0,0.0,2025-05-11,1,1,9.0,289.96502275919033,0.7835581408091119,0.8316552086126385,0.16834479138736147
2283,2025-05-11 12:02:40.796701,6.0,0.0,0.0,278.0,1.0,5.0,0.0,0.0,2025-05-11,0,1,36.0,289.96502275919033,0.1599743230702387,0.22601051750673395,-0.22601051750673395
2284,2025-05-11 12:02:47.403591,6.0,0.0,0.0,278.0,1.0,5.0,0.0,0.0,2025-05-11,0,1,36.0,289.96502275919033,0.1599743230702387,0.22601051750673395,-0.22601051750673395
2285,2025-05-11 12:02:49.902671,6.0,0.0,0.0,278.0,1.0,5.0,0.0,0.0,2025-05-11,0,1,36.0,289.96502275919033,0.1599743230702387,0.22601051750673395,-0.22601051750673395
2286,2025-05-11 12:40:45.168378,6.0,0.0,0.0,278.0,1.0,5.0,0.0,0.0,2025-05-11,0,1,36.0,289.96502275919033,0.1599743230702387,0.22601051750673395,-0.22601051750673395
2287,2025-05-11 12:52:28.833772,6.0,0.0,0.0,278.0,1.0,5.0,0.0,0.0,2025-05-11,0,1,36.0,289.96502275919033,0.1599743230702387,0.22601051750673395,-0.22601051750673395
2288,2025-05-11 13:16:49.957921,6.0,0.0,0.0,278.0,1.0,5.0,0.0,0.0,2025-05-11,0,1,36.0,289.96502275919033,0.1599743230702387,0.22601051750673395,-0.22601051750673395
2289,2025-05-11 13:32:41.158186,6.0,0.0,0.0,278.0,1.0,5.0,0.0,0.0,2025-05-11,0,1,36.0,289.96502275919033,0.1599743230702387,0.22601051750673395,-0.22601051750673395
2290,2025-05-11 13:44:00.623515,5.0,1.0,0.0,278.0,1.0,5.0,0.0,0.0,2025-05-11,1,1,25.0,289.96502275919033,0.3369822156639056,0.4284486946252726,0.5715513053747274
2291,2025-05-11 14:03:33.438154,5.0,0.0,0.0,278.0,1.0,5.0,0.0,0.0,2025-05-11,0,1,25.0,289.96502275919033,0.3369822156639056,0.4284486946252726,-0.4284486946252726
2292,2025-05-13 18:52:31.467029,6.0,0.0,0.0,278.0,1.0,5.0,0.0,0.0,2025-05-13,0,1,36.0,488.3680351116467,0.17157439602293548,0.22601051750673395,-0.22601051750673395
2293,2025-05-13 18:52:36.440893,6.0,0.0,0.0,278.0,1.0,5.0,0.0,0.0,2025-05-13,0,1,36.0,488.3680351116467,0.17157439602293548,0.22601051750673395,-0.22601051750673395
2294,2025-05-13 18:52:38.848643,6.0,0.0,0.0,278.0,1.0,5.0,0.0,0.0,2025-05-13,0,1,36.0,488.3680351116467,0.17157439602293548,0.22601051750673395,-0.22601051750673395
2295,2025-05-13 19:12:57.555994,10.0,0.0,0.0,278.0,1.0,5.0,0.0,0.0,2025-05-13,0,1,100.0,488.3680351116467,0.0040656812633919825,0.0066785679105771075,-0.0066785679105771075
2296,2025-05-13 19:13:02.438527,6.0,0.0,0.0,278.0,1.0,5.0,0.0,0.0,2025-05-13,0,1,36.0,488.3680351116467,0.17157439602293548,0.22601051750673395,-0.22601051750673395
2297,2025-05-13 19:28:12.633265,4.0,1.0,0.0,278.0,1.0,5.0,0.0,0.0,2025-05-13,1,1,16.0,488.3680351116467,0.5959901526357972,0.6580486166617547,0.34195138333824526
2298,2025-05-13 19:58:25.808785,11.0,0.0,0.0,278.0,1.0,5.0,0.0,0.0,2025-05-13,0,1,121.0,488.3680351116467,0.001527266255516085,0.002612206925651033,-0.002612206925651033
2299,2025-05-13 20:06:17.783788,4.0,0.0,0.0,278.0,1.0,5.0,0.0,0.0,2025-05-13,0,1,16.0,488.3680351116467,0.5959901526357972,0.6580486166617547,-0.6580486166617547
2300,2025-05-13 20:08:08.989556,4.0,0.0,0.0,278.0,1.0,5.0,0.0,0.0,2025-05-13,0,1,16.0,488.3680351116467,0.5959901526357972,0.6580486166617547,-0.6580486166617547
2301,2025-05-13 20:15:13.585010,4.0,1.0,0.0,278.0,1.0,5.0,0.0,0.0,2025-05-13,1,1,16.0,488.3680351116467,0.5959901526357972,0.6580486166617547,0.34195138333824526
2302,2025-05-13 20:33:47.110525,6.0,0.0,0.0,278.0,1.0,5.0,0.0,0.0,2025-05-13,0,1,36.0,488.3680351116467,0.17157439602293548,0.22601051750673395,-0.22601051750673395
2303,2025-05-13 20:39:40.455547,6.0,0.0,0.0,278.0,1.0,5.0,0.0,0.0,2025-05-13,0,1,36.0,488.3680351116467,0.17157439602293548,0.22601051750673395,-0.22601051750673395
2304,2025-05-13 20:46:29.260337,6.0,0.0,0.0,278.0,1.0,5.0,0.0,0.0,2025-05-13,0,1,36.0,488.3680351116467,0.17157439602293548,0.22601051750673395,-0.22601051750673395
2305,2025-05-13 20:46:32.107348,6.0,0.0,0.0,278.0,1.0,5.0,0.0,0.0,2025-05-13,0,1,36.0,488.3680351116467,0.17157439602293548,0.22601051750673395,-0.22601051750673395
2306,2025-05-13 20:55:07.237212,6.0,0.0,0.0,278.0,1.0,5.0,0.0,0.0,2025-05-13,0,1,36.0,488.3680351116467,0.17157439602293548,0.22601051750673395,-0.22601051750673395
2307,2025-05-13 20:56:09.113390,6.0,0.0,0.0,278.0,1.0,5.0,0.0,0.0,2025-05-13,0,1,36.0,488.3680351116467,0.17157439602293548,0.22601051750673395,-0.22601051750673395
2308,2025-05-13 20:59:21.003133,6.0,0.0,0.0,278.0,1.0,5.0,0.0,0.0,2025-05-13,0,1,36.0,488.3680351116467,0.17157439602293548,0.22601051750673395,-0.22601051750673395
2309,2025-05-13 21:10:55.490833,6.0,0.0,0.0,278.0,1.0,5.0,0.0,0.0,2025-05-13,0,1,36.0,488.3680351116467,0.17157439602293548,0.22601051750673395,-0.22601051750673395
2310,2025-05-13 21:29:48.936176,10.0,0.0,0.0,278.0,1.0,5.0,0.0,0.0,2025-05-13,0,1,100.0,488.3680351116467,0.0040656812633919825,0.0066785679105771075,-0.0066785679105771075
2311,2025-05-13 21:48:59.441663,10.0,0.0,0.0,278.0,1.0,5.0,0.0,0.0,2025-05-13,0,1,100.0,488.3680351116467,0.0040656812633919825,0.0066785679105771075,-0.0066785679105771075
2312,2025-05-17 11:12:36.294230,1.0,1.0,0.0,278.0,1.0,5.0,0.0,0.0,2025-05-17,1,1,1.0,873.1598953928464,0.9705870035171825,0.9701999099173347,0.029800090082665265
2313,2025-05-17 11:12:41.687738,1.0,1.0,0.0,278.0,1.0,5.0,0.0,0.0,2025-05-17,1,1,1.0,873.1598953928464,0.9705870035171825,0.9701999099173347,0.029800090082665265
2314,2025-05-17 11:12:44.540240,1.0,1.0,0.0,278.0,1.0,5.0,0.0,0.0,2025-05-17,1,1,1.0,873.1598953928464,0.9705870035171825,0.9701999099173347,0.029800090082665265
2315,2025-05-17 11:19:19.771475,5.0,0.0,0.0,278.0,1.0,5.0,0.0,0.0,2025-05-17,0,1,25.0,873.1598953928464,0.3940963618339238,0.4284486946252726,-0.4284486946252726
2316,2025-05-17 11:35:32.874992,5.0,0.0,0.0,278.0,1.0,5.0,0.0,0.0,2025-05-17,0,1,25.0,873.1598953928464,0.3940963618339238,0.4284486946252726,-0.4284486946252726
2317,2025-05-17 11:53:13.841526,5.0,1.0,0.0,278.0,1.0,5.0,0.0,0.0,2025-05-17,1,1,25.0,873.1598953928464,0.3940963618339238,0.4284486946252726,0.5715513053747274
2318,2025-05-17 12:23:18.050128,7.0,0.0,0.0,278.0,1.0,5.0,0.0,0.0,2025-05-17,0,1,49.0,873.1598953928464,0.08367579662950743,0.10213078272976209,-0.10213078272976209
2319,2025-05-17 12:34:35.852144,7.0,0.0,0.0,278.0,1.0,5.0,0.0,0.0,2025-05-17,0,1,49.0,873.1598953928464,0.08367579662950743,0.10213078272976209,-0.10213078272976209
2320,2025-05-17 12:34:40.322942,7.0,0.0,0.0,278.0,1.0,5.0,0.0,0.0,2025-05-17,0,1,49.0,873.1598953928464,0.08367579662950743,0.10213078272976209,-0.10213078272976209
2321,2025-05-17 13:02:13.183515,5.0,1.0,0.0,278.0,1.0,5.0,0.0,0.0,2025-05-17,1,1,25.0,873.1598953928464,0.3940963618339238,0.4284486946252726,0.5715513053747274
2322,2025-05-17 13:36:19.126542,9.0,0.0,0.0,278.0,1.0,5.0,0.0,0.0,2025-05-17,0,1,81.0,873.1598953928464,0.01265814533689763,0.016967253101591025,-0.016967253101591025
2323,2025-05-19 20:11:49.110178,0.0,1.0,0.0,278.0,0.0,5.0,0.0,0.0,2025-05-19,1,1,0.0,943.096419429026,0.9890963010324447,0.9881766398835915,0.011823360116408499
2324,2025-05-19 20:11:57.129154,1.0,1.0,0.0,278.0,0.0,5.0,0.0,0.0,2025-05-19,1,1,1.0,943.096419429026,0.9714197330917187,0.9701999099173347,0.029800090082665265
2325,2025-05-19 20:12:01.468870,3.0,1.0,0.0,278.0,0.0,5.0,0.0,0.0,2025-05-19,1,1,9.0,943.096419429026,0.8267472009190043,0.8316552086126385,0.16834479138736147
2326,2025-05-19 20:15:06.145247,3.0,1.0,0.0,278.0,0.0,5.0,0.0,0.0,2025-05-19,1,1,9.0,943.096419429026,0.8267472009190043,0.8316552086126385,0.16834479138736147
2327,2025-05-19 20:15:09.342571,2.0,1.0,0.0,278.0,0.0,5.0,0.0,0.0,2025-05-19,1,1,4.0,943.096419429026,0.9271960386756951,0.926912189338107,0.07308781066189296
2328,2025-05-19 20:21:08.969309,5.0,1.0,0.0,278.0,0.0,5.0,0.0,0.0,2025-05-19,1,1,25.0,943.096419429026,0.4011807349532973,0.4284486946252726,0.5715513053747274
2329,2025-05-19 20:26:09.157786,5.0,1.0,0.0,278.0,0.0,5.0,0.0,0.0,2025-05-19,1,1,25.0,943.096419429026,0.4011807349532973,0.4284486946252726,0.5715513053747274
2330,2025-05-19 20:30:19.932208,6.0,0.0,0.0,278.0,0.0,5.0,0.0,0.0,2025-05-19,0,1,36.0,943.096419429026,0.20065666139896465,0.22601051750673395,-0.22601051750673395
2331,2025-05-19 20:36:08.405811,6.0,0.0,0.0,278.0,0.0,5.0,0.0,0.0,2025-05-19,0,1,36.0,943.096419429026,0.20065666139896465,0.22601051750673395,-0.22601051750673395
2332,2025-05-19 20:41:24.758852,6.0,0.0,0.0,278.0,0.0,5.0,0.0,0.0,2025-05-19,0,1,36.0,943.096419429026,0.20065666139896465,0.22601051750673395,-0.22601051750673395
2333,2025-05-21 18:17:38.926486,5.0,1.0,0.0,278.0,1.0,5.0,0.0,0.0,2025-05-21,1,1,25.0,865.6204442363018,0.3933352309172865,0.4284486946252726,0.5715513053747274
2334,2025-05-21 18:26:40.339515,3.0,1.0,0.0,278.0,1.0,5.0,0.0,0.0,2025-05-21,1,1,9.0,865.6204442363018,0.8220035123237984,0.8316552086126385,0.16834479138736147
2335,2025-05-21 18:33:22.043352,7.0,0.0,0.0,278.0,1.0,5.0,0.0,0.0,2025-05-21,0,1,49.0,865.6204442363018,0.08343163754898629,0.10213078272976209,-0.10213078272976209
2336,2025-05-21 18:50:31.645711,7.0,0.0,0.0,278.0,1.0,5.0,0.0,0.0,2025-05-21,0,1,49.0,865.6204442363018,0.08343163754898629,0.10213078272976209,-0.10213078272976209
2337,2025-05-21 19:00:37.317672,7.0,0.0,0.0,278.0,1.0,5.0,0.0,0.0,2025-05-21,0,1,49.0,865.6204442363018,0.08343163754898629,0.10213078272976209,-0.10213078272976209
2338,2025-05-21 19:13:41.098581,7.0,0.0,0.0,278.0,1.0,5.0,0.0,0.0,2025-05-21,0,1,49.0,865.6204442363018,0.08343163754898629,0.10213078272976209,-0.10213078272976209
2339,2025-05-21 19:21:34.728078,7.0,0.0,0.0,278.0,1.0,5.0,0.0,0.0,2025-05-21,0,1,49.0,865.6204442363018,0.08343163754898629,0.10213078272976209,-0.10213078272976209
2340,2025-05-21 19:40:59.341281,7.0,0.0,0.0,278.0,1.0,5.0,0.0,0.0,2025-05-21,0,1,49.0,865.6204442363018,0.08343163754898629,0.10213078272976209,-0.10213078272976209
2341,2025-05-21 19:54:30.450216,7.0,0.0,0.0,278.0,1.0,5.0,0.0,0.0,2025-05-21,0,1,49.0,865.6204442363018,0.08343163754898629,0.10213078272976209,-0.10213078272976209
2342,2025-05-21 20:12:28.773905,7.0,0.0,0.0,278.0,1.0,5.0,0.0,0.0,2025-05-21,0,1,49.0,865.6204442363018,0.08343163754898629,0.10213078272976209,-0.10213078272976209
2343,2025-05-21 21:29:29.451410,7.0,0.0,0.0,278.0,1.0,5.0,0.0,0.0,2025-05-21,0,1,49.0,865.6204442363018,0.08343163754898629,0.10213078272976209,-0.10213078272976209
2344,2025-05-21 21:29:32.237941,6.0,0.0,0.0,278.0,1.0,5.0,0.0,0.0,2025-05-21,0,1,36.0,865.6204442363018,0.19545266257674643,0.22601051750673395,-0.22601051750673395
2345,2025-05-21 21:40:02.494398,6.0,1.0,0.0,278.0,1.0,5.0,0.0,0.0,2025-05-21,1,1,36.0,865.6204442363018,0.19545266257674643,0.22601051750673395,0.773989482493266
2346,2025-05-21 21:52:58.059917,8.0,0.0,0.0,278.0,1.0,5.0,0.0,0.0,2025-05-21,0,1,64.0,865.6204442363018,0.032981955364752964,0.042429164124164545,-0.042429164124164545
2347,2025-05-21 22:02:32.457538,8.0,0.0,0.0,278.0,1.0,5.0,0.0,0.0,2025-05-21,0,1,64.0,865.6204442363018,0.032981955364752964,0.042429164124164545,-0.042429164124164545
2348,2025-05-21 22:15:43.340844,8.0,0.0,0.0,278.0,1.0,5.0,0.0,0.0,2025-05-21,0,1,64.0,865.6204442363018,0.032981955364752964,0.042429164124164545,-0.042429164124164545
2349,2025-05-21 22:26:43.333064,8.0,0.0,0.0,278.0,1.0,5.0,0.0,0.0,2025-05-21,0,1,64.0,865.6204442363018,0.032981955364752964,0.042429164124164545,-0.042429164124164545
2350,2025-05-21 22:33:53.187328,8.0,0.0,0.0,278.0,1.0,5.0,0.0,0.0,2025-05-21,0,1,64.0,865.6204442363018,0.032981955364752964,0.042429164124164545,-0.042429164124164545
2351,2025-05-23 17:58:09.381385,6.0,1.0,0.0,278.0,1.0,5.0,0.0,0.0,2025-05-23,1,1,36.0,1402.0772473487298,0.23360214124846887,0.22601051750673395,0.773989482493266
2352,2025-05-23 18:20:39.219403,8.0,0.0,0.0,278.0,1.0,5.0,0.0,0.0,2025-05-23,0,1,64.0,1402.0772473487298,0.041037055786909894,0.042429164124164545,-0.042429164124164545
2353,2025-05-23 18:29:13.109901,8.0,0.0,0.0,278.0,1.0,5.0,0.0,0.0,2025-05-23,0,1,64.0,1402.0772473487298,0.041037055786909894,0.042429164124164545,-0.042429164124164545
2354,2025-05-23 18:40:08.804772,8.0,1.0,0.0,278.0,1.0,5.0,0.0,0.0,2025-05-23,1,1,64.0,1402.0772473487298,0.041037055786909894,0.042429164124164545,0.9575708358758355
2355,2025-05-23 18:57:39.253805,8.0,0.0,0.0,278.0,1.0,5.0,0.0,0.0,2025-05-23,0,1,64.0,1402.0772473487298,0.041037055786909894,0.042429164124164545,-0.042429164124164545
2356,2025-05-23 20:00:53.951412,8.0,0.0,0.0,278.0,1.0,5.0,0.0,0.0,2025-05-23,0,1,64.0,1402.0772473487298,0.041037055786909894,0.042429164124164545,-0.042429164124164545
2357,2025-05-23 20:08:18.523564,8.0,0.0,0.0,278.0,1.0,5.0,0.0,0.0,2025-05-23,0,1,64.0,1402.0772473487298,0.041037055786909894,0.042429164124164545,-0.042429164124164545
2358,2025-05-23 20:29:32.716325,8.0,1.0,0.0,278.0,1.0,5.0,0.0,0.0,2025-05-23,1,1,64.0,1402.0772473487298,0.041037055786909894,0.042429164124164545,0.9575708358758355
2359,2025-05-26 19:52:50.869639,8.0,0.0,0.0,278.0,1.0,5.0,0.0,0.0,2025-05-26,0,1,64.0,1277.0828904470316,0.039006479849903346,0.042429164124164545,-0.042429164124164545
2360,2025-05-26 20:03:00.032419,8.0,0.0,0.0,278.0,1.0,5.0,0.0,0.0,2025-05-26,0,1,64.0,1277.0828904470316,0.039006479849903346,0.042429164124164545,-0.042429164124164545
2361,2025-05-26 20:07:57.755142,8.0,0.0,0.0,278.0,1.0,5.0,0.0,0.0,2025-05-26,0,1,64.0,1277.0828904470316,0.039006479849903346,0.042429164124164545,-0.042429164124164545
2362,2025-05-26 20:15:02.623505,8.0,0.0,0.0,278.0,1.0,5.0,0.0,0.0,2025-05-26,0,1,64.0,1277.0828904470316,0.039006479849903346,0.042429164124164545,-0.042429164124164545
2363,2025-05-26 20:19:59.695334,8.0,0.0,0.0,278.0,1.0,5.0,0.0,0.0,2025-05-26,0,1,64.0,1277.0828904470316,0.039006479849903346,0.042429164124164545,-0.042429164124164545
2364,2025-05-26 20:37:23.428638,8.0,0.0,0.0,278.0,1.0,5.0,0.0,0.0,2025-05-26,0,1,64.0,1277.0828904470316,0.039006479849903346,0.042429164124164545,-0.042429164124164545
2365,2025-05-26 20:54:20.165677,8.0,0.0,0.0,278.0,1.0,5.0,0.0,0.0,2025-05-26,0,1,64.0,1277.0828904470316,0.039006479849903346,0.042429164124164545,-0.042429164124164545
2366,2025-05-26 21:03:18.204905,8.0,0.0,0.0,278.0,1.0,5.0,0.0,0.0,2025-05-26,0,1,64.0,1277.0828904470316,0.039006479849903346,0.042429164124164545,-0.042429164124164545
2367,2025-05-26 21:13:54.027825,8.0,0.0,0.0,278.0,1.0,5.0,0.0,0.0,2025-05-26,0,1,64.0,1277.0828904470316,0.039006479849903346,0.042429164124164545,-0.042429164124164545
2368,2025-06-03 20:52:01.667263,1.0,1.0,0.0,278.0,0.0,5.0,0.0,0.0,2025-06-03,1,1,1.0,619.1686661245586,0.9673604313781804,0.9701999099173347,0.029800090082665265
2369,2025-06-03 20:52:11.352619,1.0,1.0,0.0,278.0,0.0,5.0,0.0,0.0,2025-06-03,1,1,1.0,619.1686661245586,0.9673604313781804,0.9701999099173347,0.029800090082665265
2370,2025-06-03 20:52:14.809883,2.0,1.0,0.0,278.0,0.0,5.0,0.0,0.0,2025-06-03,1,1,4.0,619.1686661245586,0.917389728718601,0.926912189338107,0.07308781066189296
2371,2025-06-03 20:52:19.293143,2.0,1.0,0.0,278.0,0.0,5.0,0.0,0.0,2025-06-03,1,1,4.0,619.1686661245586,0.917389728718601,0.926912189338107,0.07308781066189296
2372,2025-06-03 20:52:21.893370,3.0,1.0,0.0,278.0,0.0,5.0,0.0,0.0,2025-06-03,1,1,9.0,619.1686661245586,0.8062383906872945,0.8316552086126385,0.16834479138736147
2373,2025-06-03 20:57:18.092870,1.0,1.0,0.0,278.0,0.0,5.0,0.0,0.0,2025-06-03,1,1,1.0,619.1686661245586,0.9673604313781804,0.9701999099173347,0.029800090082665265
2374,2025-06-03 20:57:22.927660,1.0,1.0,0.0,278.0,0.0,5.0,0.0,0.0,2025-06-03,1,1,1.0,619.1686661245586,0.9673604313781804,0.9701999099173347,0.029800090082665265
2375,2025-06-03 20:57:25.445122,2.0,1.0,0.0,278.0,0.0,5.0,0.0,0.0,2025-06-03,1,1,4.0,619.1686661245586,0.917389728718601,0.926912189338107,0.07308781066189296
2376,2025-06-03 20:57:29.445851,2.0,1.0,0.0,278.0,0.0,5.0,0.0,0.0,2025-06-03,1,1,4.0,619.1686661245586,0.917389728718601,0.926912189338107,0.07308781066189296
2377,2025-06-03 21:03:33.355294,5.0,1.0,0.0,278.0,0.0,5.0,0.0,0.0,2025-06-03,1,1,25.0,619.1686661245586,0.36875907726791357,0.4284486946252726,0.5715513053747274
2378,2025-06-03 21:09:13.525027,6.0,1.0,0.0,278.0,0.0,5.0,0.0,0.0,2025-06-03,1,1,36.0,619.1686661245586,0.17958059757384678,0.22601051750673395,0.773989482493266
2379,2025-06-03 21:20:10.664990,8.0,0.0,0.0,278.0,0.0,5.0,0.0,0.0,2025-06-03,0,1,64.0,619.1686661245586,0.029814671252497236,0.042429164124164545,-0.042429164124164545
2380,2025-06-03 21:20:16.626313,7.0,1.0,0.0,278.0,0.0,5.0,0.0,0.0,2025-06-03,1,1,49.0,619.1686661245586,0.0757993813123873,0.10213078272976209,0.8978692172702379
2381,2025-06-03 21:29:21.115283,8.0,0.0,0.0,278.0,0.0,5.0,0.0,0.0,2025-06-03,0,1,64.0,619.1686661245586,0.029814671252497236,0.042429164124164545,-0.042429164124164545
2382,2025-06-03 21:29:27.224770,8.0,0.0,0.0,278.0,0.0,5.0,0.0,0.0,2025-06-03,0,1,64.0,619.1686661245586,0.029814671252497236,0.042429164124164545,-0.042429164124164545
2383,2025-06-03 21:32:56.467155,9.0,0.0,0.0,278.0,0.0,5.0,0.0,0.0,2025-06-03,0,1,81.0,619.1686661245586,0.011383585020762704,0.016967253101591025,-0.016967253101591025
2384,2025-06-07 10:16:44.157945,4.0,0.0,0.0,278.0,1.0,5.0,0.0,0.0,2025-06-07,0,1,16.0,618.0486580427048,0.609123581295847,0.6580486166617547,-0.6580486166617547
2385,2025-06-07 10:28:44.732775,4.0,0.0,0.0,278.0,1.0,5.0,0.0,0.0,2025-06-07,0,1,16.0,618.0486580427048,0.609123581295847,0.6580486166617547,-0.6580486166617547
2386,2025-06-07 10:37:57.780633,5.0,0.0,0.0,278.0,1.0,5.0,0.0,0.0,2025-06-07,0,1,25.0,618.0486580427048,0.3686488236982693,0.4284486946252726,-0.4284486946252726
2387,2025-06-07 10:54:49.580982,5.0,0.0,0.0,278.0,1.0,5.0,0.0,0.0,2025-06-07,0,1,25.0,618.0486580427048,0.3686488236982693,0.4284486946252726,-0.4284486946252726
2388,2025-06-07 11:16:00.264704,2.0,1.0,0.0,278.0,1.0,5.0,0.0,0.0,2025-06-07,1,1,4.0,618.0486580427048,0.9173538236645586,0.926912189338107,0.07308781066189296
2389,2025-06-07 11:40:14.935980,6.0,0.0,0.0,278.0,1.0,5.0,0.0,0.0,2025-06-07,0,1,36.0,618.0486580427048,0.1795108207469349,0.22601051750673395,-0.22601051750673395
2390,2025-06-07 11:47:29.086505,6.0,0.0,0.0,278.0,1.0,5.0,0.0,0.0,2025-06-07,0,1,36.0,618.0486580427048,0.1795108207469349,0.22601051750673395,-0.22601051750673395
2391,2025-06-07 11:51:49.710117,5.0,1.0,0.0,278.0,1.0,5.0,0.0,0.0,2025-06-07,1,1,25.0,618.0486580427048,0.3686488236982693,0.4284486946252726,0.5715513053747274
2392,2025-06-07 12:07:52.830575,7.0,0.0,0.0,278.0,1.0,5.0,0.0,0.0,2025-06-07,0,1,49.0,618.0486580427048,0.07576620512684078,0.10213078272976209,-0.10213078272976209
2393,2025-06-07 12:44:17.075272,7.0,1.0,0.0,278.0,1.0,5.0,0.0,0.0,2025-06-07,1,1,49.0,618.0486580427048,0.07576620512684078,0.10213078272976209,0.8978692172702379
2394,2025-06-07 12:59:24.449446,6.0,0.0,0.0,278.0,1.0,5.0,0.0,0.0,2025-06-07,0,1,36.0,618.0486580427048,0.1795108207469349,0.22601051750673395,-0.22601051750673395
2395,2025-06-07 13:01:15.483217,6.0,0.0,0.0,278.0,1.0,5.0,0.0,0.0,2025-06-07,0,1,36.0,618.0486580427048,0.1795108207469349,0.22601051750673395,-0.22601051750673395
2396,2025-06-07 13:06:53.224235,6.0,0.0,0.0,278.0,1.0,5.0,0.0,0.0,2025-06-07,0,1,36.0,618.0486580427048,0.1795108207469349,0.22601051750673395,-0.22601051750673395
2397,2025-06-09 19:13:40.707121,1.0,1.0,0.0,278.0,0.0,5.0,0.0,0.0,2025-06-09,1,1,1.0,801.6650355375654,0.969711415886855,0.9701999099173347,0.029800090082665265
2398,2025-06-09 19:13:59.605212,1.0,1.0,0.0,278.0,0.0,5.0,0.0,0.0,2025-06-09,1,1,1.0,801.6650355375654,0.969711415886855,0.9701999099173347,0.029800090082665265
2399,2025-06-09 19:18:34.522257,1.0,1.0,0.0,278.0,0.0,5.0,0.0,0.0,2025-06-09,1,1,1.0,801.6650355375654,0.969711415886855,0.9701999099173347,0.029800090082665265
2400,2025-06-09 19:25:12.688105,1.0,1.0,0.0,278.0,0.0,5.0,0.0,0.0,2025-06-09,1,1,1.0,801.6650355375654,0.969711415886855,0.9701999099173347,0.029800090082665265
2401,2025-06-09 19:37:26.886086,4.0,1.0,0.0,278.0,0.0,5.0,0.0,0.0,2025-06-09,1,1,16.0,801.6650355375654,0.6274482393777394,0.6580486166617547,0.34195138333824526
2402,2025-06-09 19:43:42.900288,4.0,1.0,0.0,278.0,0.0,5.0,0.0,0.0,2025-06-09,1,1,16.0,801.6650355375654,0.6274482393777394,0.6580486166617547,0.34195138333824526
2403,2025-06-09 19:51:34.579623,5.0,1.0,0.0,278.0,0.0,5.0,0.0,0.0,2025-06-09,1,1,25.0,801.6650355375654,0.3868998839044013,0.4284486946252726,0.5715513053747274
2404,2025-06-09 20:14:50.381470,5.0,1.0,0.0,278.0,0.0,5.0,0.0,0.0,2025-06-09,1,1,25.0,801.6650355375654,0.3868998839044013,0.4284486946252726,0.5715513053747274
2405,2025-06-09 20:21:57.227839,7.0,0.0,0.0,278.0,0.0,5.0,0.0,0.0,2025-06-09,0,1,49.0,801.6650355375654,0.08138641130253887,0.10213078272976209,-0.10213078272976209
2406,2025-06-09 20:29:10.642649,7.0,0.0,0.0,278.0,0.0,5.0,0.0,0.0,2025-06-09,0,1,49.0,801.6650355375654,0.08138641130253887,0.10213078272976209,-0.10213078272976209
2407,2025-06-09 20:35:21.981881,7.0,1.0,0.0,278.0,0.0,5.0,0.0,0.0,2025-06-09,1,1,49.0,801.6650355375654,0.08138641130253887,0.10213078272976209,0.8978692172702379
2408,2025-06-10 19:49:46.837468,8.0,0.0,0.0,278.0,1.0,5.0,0.0,0.0,2025-06-10,0,1,64.0,927.9457023099593,0.03383307301345907,0.042429164124164545,-0.042429164124164545
2409,2025-06-10 20:22:00.629885,8.0,0.0,0.0,278.0,1.0,5.0,0.0,0.0,2025-06-10,0,1,64.0,927.9457023099593,0.03383307301345907,0.042429164124164545,-0.042429164124164545
2410,2025-06-10 20:26:40.223031,8.0,0.0,0.0,278.0,1.0,5.0,0.0,0.0,2025-06-10,0,1,64.0,927.9457023099593,0.03383307301345907,0.042429164124164545,-0.042429164124164545
2411,2025-06-10 20:32:39.570955,8.0,0.0,0.0,278.0,1.0,5.0,0.0,0.0,2025-06-10,0,1,64.0,927.9457023099593,0.03383307301345907,0.042429164124164545,-0.042429164124164545
2412,2025-06-10 20:36:20.157484,8.0,0.0,0.0,278.0,1.0,5.0,0.0,0.0,2025-06-10,0,1,64.0,927.9457023099593,0.03383307301345907,0.042429164124164545,-0.042429164124164545
2413,2025-06-10 21:57:08.134714,8.0,0.0,0.0,278.0,1.0,5.0,0.0,0.0,2025-06-10,0,1,64.0,927.9457023099593,0.03383307301345907,0.042429164124164545,-0.042429164124164545
2414,2025-06-10 22:02:23.681559,8.0,0.0,0.0,278.0,1.0,5.0,0.0,0.0,2025-06-10,0,1,64.0,927.9457023099593,0.03383307301345907,0.042429164124164545,-0.042429164124164545
2415,2025-06-15 09:19:15.742623,8.0,0.0,0.0,278.0,1.0,5.0,0.0,0.0,2025-06-15,0,1,64.0,707.2617977470358,0.030911430899458872,0.042429164124164545,-0.042429164124164545
2416,2025-06-15 09:37:50.431448,6.0,0.0,0.0,278.0,1.0,5.0,0.0,0.0,2025-06-15,0,1,36.0,707.2617977470358,0.18513532650033945,0.22601051750673395,-0.22601051750673395
2417,2025-06-15 09:48:43.818125,6.0,1.0,0.0,278.0,1.0,5.0,0.0,0.0,2025-06-15,1,1,36.0,707.2617977470358,0.18513532650033945,0.22601051750673395,0.773989482493266
2418,2025-06-15 11:37:02.672694,6.0,0.0,0.0,278.0,1.0,5.0,0.0,0.0,2025-06-15,0,1,36.0,707.2617977470358,0.18513532650033945,0.22601051750673395,-0.22601051750673395
2419,2025-06-15 12:43:57.580758,8.0,0.0,0.0,278.0,1.0,5.0,0.0,0.0,2025-06-15,0,1,64.0,707.2617977470358,0.030911430899458872,0.042429164124164545,-0.042429164124164545
2420,2025-06-15 12:47:59.693146,8.0,0.0,0.0,278.0,1.0,5.0,0.0,0.0,2025-06-15,0,1,64.0,707.2617977470358,0.030911430899458872,0.042429164124164545,-0.042429164124164545
2421,2025-06-15 13:02:09.077272,8.0,0.0,0.0,278.0,1.0,5.0,0.0,0.0,2025-06-15,0,1,64.0,707.2617977470358,0.030911430899458872,0.042429164124164545,-0.042429164124164545
2422,2025-06-15 13:17:29.757886,8.0,0.0,0.0,278.0,1.0,5.0,0.0,0.0,2025-06-15,0,1,64.0,707.2617977470358,0.030911430899458872,0.042429164124164545,-0.042429164124164545
2423,2025-07-02 21:42:48.810489,4.0,0.0,0.0,278.0,0.0,5.0,0.0,0.0,2025-07-02,0,1,16.0,105.88229807884342,0.556513266913235,0.6580486166617547,-0.6580486166617547
2424,2025-07-02 21:42:59.973649,4.0,0.0,0.0,278.0,0.0,5.0,0.0,0.0,2025-07-02,0,1,16.0,105.88229807884342,0.556513266913235,0.6580486166617547,-0.6580486166617547
2425,2025-07-02 21:43:02.582422,4.0,1.0,0.0,278.0,0.0,5.0,0.0,0.0,2025-07-02,1,1,16.0,105.88229807884342,0.556513266913235,0.6580486166617547,0.34195138333824526
2426,2025-07-02 21:50:01.693148,4.0,0.0,0.0,278.0,0.0,5.0,0.0,0.0,2025-07-02,0,1,16.0,105.88229807884342,0.556513266913235,0.6580486166617547,-0.6580486166617547
2427,2025-07-02 21:53:32.110065,4.0,0.0,0.0,278.0,0.0,5.0,0.0,0.0,2025-07-02,0,1,16.0,105.88229807884342,0.556513266913235,0.6580486166617547,-0.6580486166617547
2428,2025-07-02 21:55:47.873543,4.0,0.0,0.0,278.0,0.0,5.0,0.0,0.0,2025-07-02,0,1,16.0,105.88229807884342,0.556513266913235,0.6580486166617547,-0.6580486166617547
2429,2025-07-02 21:59:14.641991,4.0,0.0,0.0,278.0,0.0,5.0,0.0,0.0,2025-07-02,0,1,16.0,105.88229807884342,0.556513266913235,0.6580486166617547,-0.6580486166617547
2430,2025-07-02 22:01:17.293618,4.0,0.0,0.0,278.0,0.0,5.0,0.0,0.0,2025-07-02,0,1,16.0,105.88229807884342,0.556513266913235,0.6580486166617547,-0.6580486166617547
2431,2025-07-05 20:51:42.751238,4.0,0.0,0.0,278.0,0.0,5.0,0.0,0.0,2025-07-05,0,1,16.0,165.16495798334063,0.5626921054450943,0.6580486166617547,-0.6580486166617547
2432,2025-07-05 20:57:31.759803,4.0,1.0,0.0,278.0,0.0,5.0,0.0,0.0,2025-07-05,1,1,16.0,165.16495798334063,0.5626921054450943,0.6580486166617547,0.34195138333824526
2433,2025-07-05 21:03:29.926340,4.0,0.0,0.0,278.0,0.0,5.0,0.0,0.0,2025-07-05,0,1,16.0,165.16495798334063,0.5626921054450943,0.6580486166617547,-0.6580486166617547
2434,2025-07-05 21:06:40.557758,4.0,0.0,0.0,278.0,0.0,5.0,0.0,0.0,2025-07-05,0,1,16.0,165.16495798334063,0.5626921054450943,0.6580486166617547,-0.6580486166617547
2435,2025-07-05 21:11:30.591494,4.0,1.0,0.0,278.0,0.0,5.0,0.0,0.0,2025-07-05,1,1,16.0,165.16495798334063,0.5626921054450943,0.6580486166617547,0.34195138333824526
2436,2025-07-05 21:19:55.548679,4.0,0.0,0.0,278.0,0.0,5.0,0.0,0.0,2025-07-05,0,1,16.0,165.16495798334063,0.5626921054450943,0.6580486166617547,-0.6580486166617547
2437,2025-07-05 21:25:20.406199,4.0,0.0,0.0,278.0,0.0,5.0,0.0,0.0,2025-07-05,0,1,16.0,165.16495798334063,0.5626921054450943,0.6580486166617547,-0.6580486166617547
2438,2025-07-05 21:35:07.175790,4.0,0.0,0.0,278.0,0.0,5.0,0.0,0.0,2025-07-05,0,1,16.0,165.16495798334063,0.5626921054450943,0.6580486166617547,-0.6580486166617547
2439,2025-07-05 21:41:40.573985,4.0,0.0,0.0,278.0,0.0,5.0,0.0,0.0,2025-07-05,0,1,16.0,165.16495798334063,0.5626921054450943,0.6580486166617547,-0.6580486166617547
2440,2025-07-05 21:47:50.874087,4.0,0.0,0.0,278.0,0.0,5.0,0.0,0.0,2025-07-05,0,1,16.0,165.16495798334063,0.5626921054450943,0.6580486166617547,-0.6580486166617547
2441,2025-07-05 21:57:24.293078,4.0,1.0,0.0,278.0,0.0,5.0,0.0,0.0,2025-07-05,1,1,16.0,165.16495798334063,0.5626921054450943,0.6580486166617547,0.34195138333824526
2442,2025-07-09 19:36:30.119105,0.0,1.0,0.0,278.0,0.0,5.0,0.0,0.0,2025-07-09,1,1,0.0,207.92491901930833,0.9851788670248546,0.9881766398835915,0.011823360116408499
2443,2025-07-09 19:36:35.764007,3.0,1.0,0.0,278.0,0.0,5.0,0.0,0.0,2025-07-09,1,1,9.0,207.92491901930833,0.7776159130652356,0.8316552086126385,0.16834479138736147
2444,2025-07-09 19:41:07.620388,5.0,1.0,0.0,278.0,0.0,5.0,0.0,0.0,2025-07-09,1,1,25.0,207.92491901930833,0.329274491519067,0.4284486946252726,0.5715513053747274
2445,2025-07-09 19:46:47.564913,3.0,1.0,0.0,278.0,0.0,5.0,0.0,0.0,2025-07-09,1,1,9.0,207.92491901930833,0.7776159130652356,0.8316552086126385,0.16834479138736147
2446,2025-07-09 19:50:29.170995,5.0,0.0,0.0,278.0,0.0,5.0,0.0,0.0,2025-07-09,0,1,25.0,207.92491901930833,0.329274491519067,0.4284486946252726,-0.4284486946252726
2447,2025-07-09 19:54:17.105408,5.0,1.0,0.0,278.0,0.0,5.0,0.0,0.0,2025-07-09,1,1,25.0,207.92491901930833,0.329274491519067,0.4284486946252726,0.5715513053747274
2448,2025-07-09 20:09:22.451585,4.0,1.0,0.0,278.0,0.0,5.0,0.0,0.0,2025-07-09,1,1,16.0,207.92491901930833,0.5671369048501267,0.6580486166617547,0.34195138333824526
2449,2025-07-09 20:38:09.978881,4.0,1.0,0.0,278.0,0.0,5.0,0.0,0.0,2025-07-09,1,1,16.0,207.92491901930833,0.5671369048501267,0.6580486166617547,0.34195138333824526
2450,2025-07-09 20:38:14.800477,6.0,0.0,0.0,278.0,0.0,5.0,0.0,0.0,2025-07-09,0,1,36.0,207.92491901930833,0.1553665304353911,0.22601051750673395,-0.22601051750673395
2451,2025-07-11 18:25:28.326914,1.0,1.0,0.0,278.0,0.0,5.0,0.0,0.0,2025-07-11,1,1,1.0,295.8181971673071,0.9627554461808795,0.9701999099173347,0.029800090082665265
2452,2025-07-11 18:26:22.074370,2.0,1.0,0.0,278.0,0.0,5.0,0.0,0.0,2025-07-11,1,1,4.0,295.8181971673071,0.9064166182397562,0.926912189338107,0.07308781066189296
2453,2025-07-11 18:28:41.133007,3.0,0.0,0.0,278.0,0.0,5.0,0.0,0.0,2025-07-11,0,1,9.0,295.8181971673071,0.7839776675337663,0.8316552086126385,-0.8316552086126385
2454,2025-07-11 18:30:17.945990,3.0,1.0,0.0,278.0,0.0,5.0,0.0,0.0,2025-07-11,1,1,9.0,295.8181971673071,0.7839776675337663,0.8316552086126385,0.16834479138736147
2455,2025-07-11 18:36:19.202438,4.0,1.0,0.0,278.0,0.0,5.0,0.0,0.0,2025-07-11,1,1,16.0,295.8181971673071,0.5762386026948025,0.6580486166617547,0.34195138333824526
2456,2025-07-11 18:39:22.610627,2.0,1.0,0.0,278.0,0.0,5.0,0.0,0.0,2025-07-11,1,1,4.0,295.8181971673071,0.9064166182397562,0.926912189338107,0.07308781066189296
2457,2025-07-11 18:43:32.928163,3.0,1.0,0.0,278.0,0.0,5.0,0.0,0.0,2025-07-11,1,1,9.0,295.8181971673071,0.7839776675337663,0.8316552086126385,0.16834479138736147
2458,2025-07-11 18:52:50.402423,4.0,1.0,0.0,278.0,0.0,5.0,0.0,0.0,2025-07-11,1,1,16.0,295.8181971673071,0.5762386026948025,0.6580486166617547,0.34195138333824526
2459,2025-07-11 18:57:41.758916,5.0,0.0,0.0,278.0,0.0,5.0,0.0,0.0,2025-07-11,0,1,25.0,295.8181971673071,0.3375355139641054,0.4284486946252726,-0.4284486946252726
2460,2025-07-11 18:59:09.752000,6.0,1.0,0.0,278.0,0.0,5.0,0.0,0.0,2025-07-11,1,1,36.0,295.8181971673071,0.16030725882178024,0.22601051750673395,0.773989482493266
2461,2025-07-11 19:09:57.569638,7.0,0.0,0.0,278.0,0.0,5.0,0.0,0.0,2025-07-11,0,1,49.0,295.8181971673071,0.0667579517664685,0.10213078272976209,-0.10213078272976209
2462,2025-07-11 19:10:58.137445,8.0,0.0,0.0,278.0,0.0,5.0,0.0,0.0,2025-07-11,0,1,64.0,295.8181971673071,0.026103422985018686,0.042429164124164545,-0.042429164124164545
2463,2025-07-11 19:13:53.587988,5.0,1.0,0.0,278.0,0.0,5.0,0.0,0.0,2025-07-11,1,1,25.0,295.8181971673071,0.3375355139641054,0.4284486946252726,0.5715513053747274
2464,2025-07-11 19:21:26.603341,5.0,0.0,0.0,278.0,0.0,5.0,0.0,0.0,2025-07-11,0,1,25.0,295.8181971673071,0.3375355139641054,0.4284486946252726,-0.4284486946252726
2465,2025-07-11 19:21:34.466149,6.0,0.0,0.0,278.0,0.0,5.0,0.0,0.0,2025-07-11,0,1,36.0,295.8181971673071,0.16030725882178024,0.22601051750673395,-0.22601051750673395
2466,2025-07-11 19:22:40.934376,7.0,0.0,0.0,278.0,0.0,5.0,0.0,0.0,2025-07-11,0,1,49.0,295.8181971673071,0.0667579517664685,0.10213078272976209,-0.10213078272976209
2467,2025-07-15 08:36:52.965189,2.0,1.0,0.0,278.0,0.0,5.0,0.0,0.0,2025-07-15,1,1,4.0,412.6464214492506,0.9105244614646707,0.926912189338107,0.07308781066189296
2468,2025-07-15 08:42:49.733343,4.0,1.0,0.0,278.0,0.0,5.0,0.0,0.0,2025-07-15,1,1,16.0,412.6464214492506,0.5882560238907065,0.6580486166617547,0.34195138333824526
2469,2025-07-15 08:46:11.068637,4.0,1.0,0.0,278.0,0.0,5.0,0.0,0.0,2025-07-15,1,1,16.0,412.6464214492506,0.5882560238907065,0.6580486166617547,0.34195138333824526
2470,2025-07-15 08:57:06.399381,4.0,0.0,0.0,278.0,0.0,5.0,0.0,0.0,2025-07-15,0,1,16.0,412.6464214492506,0.5882560238907065,0.6580486166617547,-0.6580486166617547
2471,2025-07-15 09:08:43.560760,4.0,0.0,0.0,278.0,0.0,5.0,0.0,0.0,2025-07-15,0,1,16.0,412.6464214492506,0.5882560238907065,0.6580486166617547,-0.6580486166617547
2472,2025-07-20 16:46:13.870139,4.0,1.0,0.0,278.0,0.0,5.0,0.0,0.0,2025-07-20,1,1,16.0,240.40844626303166,0.5705063244053161,0.6580486166617547,0.34195138333824526
2473,2025-07-20 16:53:03.296661,4.0,0.0,0.0,278.0,0.0,5.0,0.0,0.0,2025-07-20,0,1,16.0,240.40844626303166,0.5705063244053161,0.6580486166617547,-0.6580486166617547
2474,2025-07-20 17:03:29.366255,4.0,0.0,0.0,278.0,0.0,5.0,0.0,0.0,2025-07-20,0,1,16.0,240.40844626303166,0.5705063244053161,0.6580486166617547,-0.6580486166617547
2475,2025-07-20 17:05:19.465479,4.0,0.0,0.0,278.0,0.0,5.0,0.0,0.0,2025-07-20,0,1,16.0,240.40844626303166,0.5705063244053161,0.6580486166617547,-0.6580486166617547
2476,2025-07-20 17:28:07.582205,4.0,0.0,0.0,278.0,0.0,5.0,0.0,0.0,2025-07-20,0,1,16.0,240.40844626303166,0.5705063244053161,0.6580486166617547,-0.6580486166617547
2477,2025-07-22 20:09:24.803969,4.0,1.0,0.0,278.0,0.0,5.0,0.0,0.0,2025-07-22,1,1,16.0,250.01172041019288,0.5715012079866838,0.6580486166617547,0.34195138333824526
2478,2025-07-25 11:23:35.796579,4.0,1.0,0.0,278.0,0.0,5.0,0.0,0.0,2025-07-25,1,1,16.0,174.89103620493836,0.5637040202466819,0.6580486166617547,0.34195138333824526
2479,2025-07-25 11:28:48.119456,4.0,0.0,0.0,278.0,0.0,5.0,0.0,0.0,2025-07-25,0,1,16.0,174.89103620493836,0.5637040202466819,0.6580486166617547,-0.6580486166617547
2480,2025-07-25 11:38:24.518687,4.0,1.0,0.0,278.0,0.0,5.0,0.0,0.0,2025-07-25,1,1,16.0,174.89103620493836,0.5637040202466819,0.6580486166617547,0.34195138333824526
2481,2025-07-25 11:45:03.660284,4.0,0.0,0.0,278.0,0.0,5.0,0.0,0.0,2025-07-25,0,1,16.0,174.89103620493836,0.5637040202466819,0.6580486166617547,-0.6580486166617547
2482,2025-07-25 11:52:11.779113,4.0,0.0,0.0,278.0,0.0,5.0,0.0,0.0,2025-07-25,0,1,16.0,174.89103620493836,0.5637040202466819,0.6580486166617547,-0.6580486166617547
2483,2025-07-25 12:00:13.639504,4.0,0.0,0.0,278.0,0.0,5.0,0.0,0.0,2025-07-25,0,1,16.0,174.89103620493836,0.5637040202466819,0.6580486166617547,-0.6580486166617547
2484,2025-07-25 12:01:39.651018,4.0,0.0,0.0,278.0,0.0,5.0,0.0,0.0,2025-07-25,0,1,16.0,174.89103620493836,0.5637040202466819,0.6580486166617547,-0.6580486166617547
2485,2025-07-25 12:08:26.452772,4.0,0.0,0.0,278.0,0.0,5.0,0.0,0.0,2025-07-25,0,1,16.0,174.89103620493836,0.5637040202466819,0.6580486166617547,-0.6580486166617547
2486,2025-07-25 12:21:46.687234,4.0,0.0,0.0,278.0,0.0,5.0,0.0,0.0,2025-07-25,0,1,16.0,174.89103620493836,0.5637040202466819,0.6580486166617547,-0.6580486166617547
2487,2025-07-27 09:48:38.390559,2.0,1.0,0.0,278.0,1.0,5.0,0.0,0.0,2025-07-27,1,1,4.0,256.25706003444503,0.9049876945479144,0.926912189338107,0.07308781066189296
2488,2025-07-27 09:56:00.743542,3.0,1.0,0.0,278.0,1.0,5.0,0.0,0.0,2025-07-27,1,1,9.0,256.25706003444503,0.7811306512005012,0.8316552086126385,0.16834479138736147
2489,2025-07-27 10:30:59.413391,2.0,1.0,0.0,278.0,1.0,5.0,0.0,0.0,2025-07-27,1,1,4.0,256.25706003444503,0.9049876945479144,0.926912189338107,0.07308781066189296
2490,2025-07-27 10:46:53.633132,6.0,0.0,0.0,278.0,1.0,5.0,0.0,0.0,2025-07-27,0,1,36.0,256.25706003444503,0.15806785921087557,0.22601051750673395,-0.22601051750673395
2491,2025-07-27 11:02:39.771649,6.0,0.0,0.0,278.0,1.0,5.0,0.0,0.0,2025-07-27,0,1,36.0,256.25706003444503,0.15806785921087557,0.22601051750673395,-0.22601051750673395
2492,2025-07-27 11:25:12.411378,6.0,0.0,0.0,278.0,1.0,5.0,0.0,0.0,2025-07-27,0,1,36.0,256.25706003444503,0.15806785921087557,0.22601051750673395,-0.22601051750673395
2493,2025-07-27 11:38:59.821303,4.0,1.0,0.0,278.0,1.0,5.0,0.0,0.0,2025-07-27,1,1,16.0,256.25706003444503,0.5721479055048252,0.6580486166617547,0.34195138333824526
2494,2025-07-27 11:56:33.342131,6.0,0.0,0.0,278.0,1.0,5.0,0.0,0.0,2025-07-27,0,1,36.0,256.25706003444503,0.15806785921087557,0.22601051750673395,-0.22601051750673395
2495,2025-07-27 12:00:41.049325,6.0,0.0,0.0,278.0,1.0,5.0,0.0,0.0,2025-07-27,0,1,36.0,256.25706003444503,0.15806785921087557,0.22601051750673395,-0.22601051750673395
2496,2025-07-27 12:02:51.449820,6.0,0.0,0.0,278.0,1.0,5.0,0.0,0.0,2025-07-27,0,1,36.0,256.25706003444503,0.15806785921087557,0.22601051750673395,-0.22601051750673395
2497,2025-07-27 12:26:21.086748,6.0,0.0,0.0,278.0,1.0,5.0,0.0,0.0,2025-07-27,0,1,36.0,256.25706003444503,0.15806785921087557,0.22601051750673395,-0.22601051750673395
2498,2025-07-27 12:55:59.451640,6.0,0.0,0.0,278.0,1.0,5.0,0.0,0.0,2025-07-27,0,1,36.0,256.25706003444503,0.15806785921087557,0.22601051750673395,-0.22601051750673395
2499,2025-07-27 12:59:00.609475,6.0,0.0,0.0,278.0,1.0,5.0,0.0,0.0,2025-07-27,0,1,36.0,256.25706003444503,0.15806785921087557,0.22601051750673395,-0.22601051750673395
2500,2025-07-27 13:12:09.855569,6.0,0.0,0.0,278.0,1.0,5.0,0.0,0.0,2025-07-27,0,1,36.0,256.25706003444503,0.15806785921087557,0.22601051750673395,-0.22601051750673395
2501,2025-08-05 17:56:23.853061,3.0,1.0,0.0,278.0,0.0,5.0,0.0,0.0,2025-08-05,1,1,9.0,196.1733219951778,0.7767552659477196,0.8316552086126385,0.16834479138736147
2502,2025-08-05 17:58:32.614355,4.0,1.0,0.0,278.0,0.0,5.0,0.0,0.0,2025-08-05,1,1,16.0,196.1733219951778,0.5659163984977842,0.6580486166617547,0.34195138333824526
2503,2025-08-05 18:05:03.312100,5.0,0.0,0.0,278.0,0.0,5.0,0.0,0.0,2025-08-05,0,1,25.0,196.1733219951778,0.3281777830297465,0.4284486946252726,-0.4284486946252726
2504,2025-08-05 18:06:28.192640,5.0,1.0,0.0,278.0,0.0,5.0,0.0,0.0,2025-08-05,1,1,25.0,196.1733219951778,0.3281777830297465,0.4284486946252726,0.5715513053747274
2505,2025-08-05 18:11:56.850770,3.0,0.0,0.0,278.0,0.0,5.0,0.0,0.0,2025-08-05,0,1,9.0,196.1733219951778,0.7767552659477196,0.8316552086126385,-0.8316552086126385
2506,2025-08-05 18:16:40.794066,3.0,1.0,0.0,278.0,0.0,5.0,0.0,0.0,2025-08-05,1,1,9.0,196.1733219951778,0.7767552659477196,0.8316552086126385,0.16834479138736147
2507,2025-08-05 18:20:32.847627,3.0,0.0,0.0,278.0,0.0,5.0,0.0,0.0,2025-08-05,0,1,9.0,196.1733219951778,0.7767552659477196,0.8316552086126385,-0.8316552086126385
2508,2025-08-05 18:22:58.284154,3.0,1.0,0.0,278.0,0.0,5.0,0.0,0.0,2025-08-05,1,1,9.0,196.1733219951778,0.7767552659477196,0.8316552086126385,0.16834479138736147
2509,2025-08-05 18:30:16.204521,3.0,0.0,0.0,278.0,0.0,5.0,0.0,0.0,2025-08-05,0,1,9.0,196.1733219951778,0.7767552659477196,0.8316552086126385,-0.8316552086126385
2510,2025-08-05 18:33:00.769438,3.0,0.0,0.0,278.0,0.0,5.0,0.0,0.0,2025-08-05,0,1,9.0,196.1733219951778,0.7767552659477196,0.8316552086126385,-0.8316552086126385
2511,2025-08-05 18:37:10.646780,3.0,0.0,0.0,278.0,0.0,5.0,0.0,0.0,2025-08-05,0,1,9.0,196.1733219951778,0.7767552659477196,0.8316552086126385,-0.8316552086126385
2512,2025-08-05 18:39:27.803713,3.0,0.0,0.0,278.0,0.0,5.0,0.0,0.0,2025-08-05,0,1,9.0,196.1733219951778,0.7767552659477196,0.8316552086126385,-0.8316552086126385
2513,2025-08-05 18:40:29.399770,3.0,0.0,0.0,278.0,0.0,5.0,0.0,0.0,2025-08-05,0,1,9.0,196.1733219951778,0.7767552659477196,0.8316552086126385,-0.8316552086126385
2514,2025-08-07 17:59:47.560432,1.0,1.0,0.0,278.0,1.0,5.0,0.0,0.0,2025-08-07,1,1,1.0,282.652749347551,0.9625552783129576,0.9701999099173347,0.029800090082665265
2515,2025-08-07 18:06:51.579529,1.0,1.0,0.0,278.0,1.0,5.0,0.0,0.0,2025-08-07,1,1,1.0,282.652749347551,0.9625552783129576,0.9701999099173347,0.029800090082665265
2516,2025-08-07 18:13:52.118412,5.0,0.0,0.0,278.0,1.0,5.0,0.0,0.0,2025-08-07,0,1,25.0,282.652749347551,0.3362916165937718,0.4284486946252726,-0.4284486946252726
2517,2025-08-07 18:17:26.376057,5.0,0.0,0.0,278.0,1.0,5.0,0.0,0.0,2025-08-07,0,1,25.0,282.652749347551,0.3362916165937718,0.4284486946252726,-0.4284486946252726
2518,2025-08-07 18:19:23.772321,5.0,0.0,0.0,278.0,1.0,5.0,0.0,0.0,2025-08-07,0,1,25.0,282.652749347551,0.3362916165937718,0.4284486946252726,-0.4284486946252726
2519,2025-08-07 18:25:00.483077,5.0,0.0,0.0,278.0,1.0,5.0,0.0,0.0,2025-08-07,0,1,25.0,282.652749347551,0.3362916165937718,0.4284486946252726,-0.4284486946252726
2520,2025-08-07 18:29:44.591943,5.0,0.0,0.0,278.0,1.0,5.0,0.0,0.0,2025-08-07,0,1,25.0,282.652749347551,0.3362916165937718,0.4284486946252726,-0.4284486946252726
2521,2025-08-07 18:35:36.314390,5.0,1.0,0.0,278.0,1.0,5.0,0.0,0.0,2025-08-07,1,1,25.0,282.652749347551,0.3362916165937718,0.4284486946252726,0.5715513053747274
2522,2025-08-07 18:47:23.497406,1.0,1.0,0.0,278.0,1.0,5.0,0.0,0.0,2025-08-07,1,1,1.0,282.652749347551,0.9625552783129576,0.9701999099173347,0.029800090082665265
2523,2025-08-07 18:51:42.997675,5.0,0.0,0.0,278.0,1.0,5.0,0.0,0.0,2025-08-07,0,1,25.0,282.652749347551,0.3362916165937718,0.4284486946252726,-0.4284486946252726
2524,2025-08-07 18:56:22.373403,5.0,0.0,0.0,278.0,1.0,5.0,0.0,0.0,2025-08-07,0,1,25.0,282.652749347551,0.3362916165937718,0.4284486946252726,-0.4284486946252726
2525,2025-08-07 18:59:12.828581,2.0,1.0,0.0,278.0,1.0,5.0,0.0,0.0,2025-08-07,1,1,4.0,282.652749347551,0.9059432428969766,0.926912189338107,0.07308781066189296
2526,2025-08-07 19:01:57.718982,4.0,0.0,0.0,278.0,1.0,5.0,0.0,0.0,2025-08-07,0,1,16.0,282.652749347551,0.5748784010631697,0.6580486166617547,-0.6580486166617547
2527,2025-08-07 19:04:36.825951,4.0,1.0,0.0,278.0,1.0,5.0,0.0,0.0,2025-08-07,1,1,16.0,282.652749347551,0.5748784010631697,0.6580486166617547,0.34195138333824526
2528,2025-08-07 19:24:46.374649,6.0,0.0,0.0,278.0,1.0,5.0,0.0,0.0,2025-08-07,0,1,36.0,282.652749347551,0.15955917872748906,0.22601051750673395,-0.22601051750673395
2529,2025-08-07 19:31:04.728642,6.0,0.0,0.0,278.0,1.0,5.0,0.0,0.0,2025-08-07,0,1,36.0,282.652749347551,0.15955917872748906,0.22601051750673395,-0.22601051750673395
2530,2025-08-07 19:42:04.269228,6.0,0.0,0.0,278.0,1.0,5.0,0.0,0.0,2025-08-07,0,1,36.0,282.652749347551,0.15955917872748906,0.22601051750673395,-0.22601051750673395
2531,2025-08-07 19:55:25.315457,6.0,1.0,0.0,278.0,1.0,5.0,0.0,0.0,2025-08-07,1,1,36.0,282.652749347551,0.15955917872748906,0.22601051750673395,0.773989482493266
2532,2025-08-07 20:01:29.273194,3.0,1.0,0.0,278.0,1.0,5.0,0.0,0.0,2025-08-07,1,1,9.0,282.652749347551,0.7830332049932339,0.8316552086126385,0.16834479138736147
2533,2025-08-07 20:13:47.306775,6.0,0.0,0.0,278.0,1.0,5.0,0.0,0.0,2025-08-07,0,1,36.0,282.652749347551,0.15955917872748906,0.22601051750673395,-0.22601051750673395
2534,2025-08-07 20:29:16.144163,7.0,0.0,0.0,278.0,1.0,5.0,0.0,0.0,2025-08-07,0,1,49.0,282.652749347551,0.06641189600443405,0.10213078272976209,-0.10213078272976209
2535,2025-08-07 20:37:16.679367,7.0,0.0,0.0,278.0,1.0,5.0,0.0,0.0,2025-08-07,0,1,49.0,282.652749347551,0.06641189600443405,0.10213078272976209,-0.10213078272976209
2536,2025-08-07 21:17:02.609517,8.0,0.0,0.0,278.0,1.0,5.0,0.0,0.0,2025-08-07,0,1,64.0,282.652749347551,0.025962246936056966,0.042429164124164545,-0.042429164124164545
2537,2025-08-07 21:30:06.191651,8.0,0.0,0.0,278.0,1.0,5.0,0.0,0.0,2025-08-07,0,1,64.0,282.652749347551,0.025962246936056966,0.042429164124164545,-0.042429164124164545
2538,2025-08-07 21:35:43.952380,8.0,0.0,0.0,278.0,1.0,5.0,0.0,0.0,2025-08-07,0,1,64.0,282.652749347551,0.025962246936056966,0.042429164124164545,-0.042429164124164545
2539,2025-08-10 10:02:22.868327,2.0,1.0,0.0,278.0,0.0,5.0,0.0,0.0,2025-08-10,1,1,4.0,723.6917370715855,0.9206786331311132,0.926912189338107,0.07308781066189296
2540,2025-08-10 10:09:50.520368,3.0,1.0,0.0,278.0,0.0,5.0,0.0,0.0,2025-08-10,1,1,9.0,723.6917370715855,0.8130507022301345,0.8316552086126385,0.16834479138736147
2541,2025-08-10 10:18:16.141063,4.0,0.0,0.0,278.0,0.0,5.0,0.0,0.0,2025-08-10,0,1,16.0,723.6917370715855,0.6197078882795121,0.6580486166617547,-0.6580486166617547
2542,2025-08-10 10:35:11.449016,4.0,0.0,0.0,278.0,0.0,5.0,0.0,0.0,2025-08-10,0,1,16.0,723.6917370715855,0.6197078882795121,0.6580486166617547,-0.6580486166617547
2543,2025-08-10 10:36:08.852441,4.0,1.0,0.0,278.0,0.0,5.0,0.0,0.0,2025-08-10,1,1,16.0,723.6917370715855,0.6197078882795121,0.6580486166617547,0.34195138333824526
2544,2025-08-10 10:50:02.063765,5.0,0.0,0.0,278.0,0.0,5.0,0.0,0.0,2025-08-10,0,1,25.0,723.6917370715855,0.3791073162727855,0.4284486946252726,-0.4284486946252726
2545,2025-08-10 10:50:07.177812,5.0,1.0,0.0,278.0,0.0,5.0,0.0,0.0,2025-08-10,1,1,25.0,723.6917370715855,0.3791073162727855,0.4284486946252726,0.5715513053747274
2546,2025-08-10 10:59:54.610978,5.0,0.0,0.0,278.0,0.0,5.0,0.0,0.0,2025-08-10,0,1,25.0,723.6917370715855,0.3791073162727855,0.4284486946252726,-0.4284486946252726
2547,2025-08-10 11:07:31.827728,5.0,0.0,0.0,278.0,0.0,5.0,0.0,0.0,2025-08-10,0,1,25.0,723.6917370715855,0.3791073162727855,0.4284486946252726,-0.4284486946252726
2548,2025-08-10 11:12:52.169044,5.0,0.0,0.0,278.0,0.0,5.0,0.0,0.0,2025-08-10,0,1,25.0,723.6917370715855,0.3791073162727855,0.4284486946252726,-0.4284486946252726
2549,2025-08-10 11:19:59.240338,5.0,0.0,0.0,278.0,0.0,5.0,0.0,0.0,2025-08-10,0,1,25.0,723.6917370715855,0.3791073162727855,0.4284486946252726,-0.4284486946252726
2550,2025-08-10 11:34:50.890020,5.0,1.0,0.0,278.0,0.0,5.0,0.0,0.0,2025-08-10,1,1,25.0,723.6917370715855,0.3791073162727855,0.4284486946252726,0.5715513053747274
2551,2025-08-10 11:50:32.443676,5.0,0.0,0.0,278.0,0.0,5.0,0.0,0.0,2025-08-10,0,1,25.0,723.6917370715855,0.3791073162727855,0.4284486946252726,-0.4284486946252726
2552,2025-08-10 11:55:32.393944,5.0,0.0,0.0,278.0,0.0,5.0,0.0,0.0,2025-08-10,0,1,25.0,723.6917370715855,0.3791073162727855,0.4284486946252726,-0.4284486946252726
2553,2025-08-10 12:04:13.599772,5.0,0.0,0.0,278.0,0.0,5.0,0.0,0.0,2025-08-10,0,1,25.0,723.6917370715855,0.3791073162727855,0.4284486946252726,-0.4284486946252726
2554,2025-08-10 12:12:46.244984,5.0,0.0,0.0,278.0,0.0,5.0,0.0,0.0,2025-08-10,0,1,25.0,723.6917370715855,0.3791073162727855,0.4284486946252726,-0.4284486946252726
2555,2025-08-10 12:59:45.889755,5.0,0.0,0.0,278.0,0.0,5.0,0.0,0.0,2025-08-10,0,1,25.0,723.6917370715855,0.3791073162727855,0.4284486946252726,-0.4284486946252726
2556,2025-08-10 13:02:22.962260,5.0,0.0,0.0,278.0,0.0,5.0,0.0,0.0,2025-08-10,0,1,25.0,723.6917370715855,0.3791073162727855,0.4284486946252726,-0.4284486946252726
2557,2025-08-10 13:21:42.772328,5.0,0.0,0.0,278.0,0.0,5.0,0.0,0.0,2025-08-10,0,1,25.0,723.6917370715855,0.3791073162727855,0.4284486946252726,-0.4284486946252726
2558,2025-08-10 13:30:33.265643,5.0,0.0,0.0,278.0,0.0,5.0,0.0,0.0,2025-08-10,0,1,25.0,723.6917370715855,0.3791073162727855,0.4284486946252726,-0.4284486946252726
2559,2025-08-12 18:06:32.375151,1.0,1.0,0.0,278.0,0.0,5.0,0.0,0.0,2025-08-12,1,1,1.0,921.7966718865858,0.9711685713075295,0.9701999099173347,0.029800090082665265
2560,2025-08-12 18:06:36.838988,1.0,1.0,0.0,278.0,0.0,5.0,0.0,0.0,2025-08-12,1,1,1.0,921.7966718865858,0.9711685713075295,0.9701999099173347,0.029800090082665265
2561,2025-08-12 18:06:39.547893,3.0,1.0,0.0,278.0,0.0,5.0,0.0,0.0,2025-08-12,1,1,9.0,921.7966718865858,0.8254531083991902,0.8316552086126385,0.16834479138736147
2562,2025-08-12 18:08:43.929121,2.0,1.0,0.0,278.0,0.0,5.0,0.0,0.0,2025-08-12,1,1,4.0,921.7966718865858,0.9265856123958416,0.926912189338107,0.07308781066189296
2563,2025-08-12 18:08:50.349662,2.0,1.0,0.0,278.0,0.0,5.0,0.0,0.0,2025-08-12,1,1,4.0,921.7966718865858,0.9265856123958416,0.926912189338107,0.07308781066189296
2564,2025-08-12 18:11:28.123594,2.0,1.0,0.0,278.0,0.0,5.0,0.0,0.0,2025-08-12,1,1,4.0,921.7966718865858,0.9265856123958416,0.926912189338107,0.07308781066189296
2565,2025-08-12 18:11:30.950180,2.0,1.0,0.0,278.0,0.0,5.0,0.0,0.0,2025-08-12,1,1,4.0,921.7966718865858,0.9265856123958416,0.926912189338107,0.07308781066189296
2566,2025-08-12 18:12:55.566658,1.0,1.0,0.0,278.0,0.0,5.0,0.0,0.0,2025-08-12,1,1,1.0,921.7966718865858,0.9711685713075295,0.9701999099173347,0.029800090082665265
2567,2025-08-12 18:13:00.727206,1.0,1.0,0.0,278.0,0.0,5.0,0.0,0.0,2025-08-12,1,1,1.0,921.7966718865858,0.9711685713075295,0.9701999099173347,0.029800090082665265
2568,2025-08-12 18:13:03.452524,3.0,1.0,0.0,278.0,0.0,5.0,0.0,0.0,2025-08-12,1,1,9.0,921.7966718865858,0.8254531083991902,0.8316552086126385,0.16834479138736147
2569,2025-08-12 18:15:34.121122,3.0,1.0,0.0,278.0,0.0,5.0,0.0,0.0,2025-08-12,1,1,9.0,921.7966718865858,0.8254531083991902,0.8316552086126385,0.16834479138736147
2570,2025-08-12 18:15:37.223206,3.0,1.0,0.0,278.0,0.0,5.0,0.0,0.0,2025-08-12,1,1,9.0,921.7966718865858,0.8254531083991902,0.8316552086126385,0.16834479138736147
2571,2025-08-12 18:17:06.098603,4.0,1.0,0.0,278.0,0.0,5.0,0.0,0.0,2025-08-12,1,1,16.0,921.7966718865858,0.6392456497368156,0.6580486166617547,0.34195138333824526
2572,2025-08-12 18:18:41.951249,3.0,1.0,0.0,278.0,0.0,5.0,0.0,0.0,2025-08-12,1,1,9.0,921.7966718865858,0.8254531083991902,0.8316552086126385,0.16834479138736147
2573,2025-08-12 18:18:45.839985,3.0,1.0,0.0,278.0,0.0,5.0,0.0,0.0,2025-08-12,1,1,9.0,921.7966718865858,0.8254531083991902,0.8316552086126385,0.16834479138736147
2574,2025-08-14 18:27:31.737386,1.0,1.0,0.0,278.0,0.0,5.0,0.0,0.0,2025-08-14,1,1,1.0,770.7282787326553,0.9693247570662049,0.9701999099173347,0.029800090082665265
2575,2025-08-14 18:27:37.492652,3.0,1.0,0.0,278.0,0.0,5.0,0.0,0.0,2025-08-14,1,1,9.0,770.7282787326553,0.81605558197905,0.8316552086126385,0.16834479138736147
2576,2025-08-14 18:37:05.120774,3.0,1.0,0.0,278.0,0.0,5.0,0.0,0.0,2025-08-14,1,1,9.0,770.7282787326553,0.81605558197905,0.8316552086126385,0.16834479138736147
2577,2025-08-14 18:44:02.396387,3.0,1.0,0.0,278.0,0.0,5.0,0.0,0.0,2025-08-14,1,1,9.0,770.7282787326553,0.81605558197905,0.8316552086126385,0.16834479138736147
2578,2025-08-14 19:01:23.927865,7.0,0.0,0.0,278.0,0.0,5.0,0.0,0.0,2025-08-14,0,1,49.0,770.7282787326553,0.08041357032504819,0.10213078272976209,-0.10213078272976209
2579,2025-08-17 08:43:50.313649,2.0,0.0,0.0,278.0,1.0,5.0,0.0,0.0,2025-08-17,0,1,4.0,559.9462550769307,0.9154716086829353,0.926912189338107,-0.926912189338107
2580,2025-08-17 08:50:46.280640,2.0,0.0,0.0,278.0,1.0,5.0,0.0,0.0,2025-08-17,0,1,4.0,559.9462550769307,0.9154716086829353,0.926912189338107,-0.926912189338107
2581,2025-08-17 08:55:54.285021,2.0,1.0,0.0,278.0,1.0,5.0,0.0,0.0,2025-08-17,1,1,4.0,559.9462550769307,0.9154716086829353,0.926912189338107,0.07308781066189296
2582,2025-08-17 09:44:17.623551,6.0,0.0,0.0,278.0,1.0,5.0,0.0,0.0,2025-08-17,0,1,36.0,559.9462550769307,0.17592003298908226,0.22601051750673395,-0.22601051750673395
2583,2025-08-17 09:47:22.386761,6.0,0.0,0.0,278.0,1.0,5.0,0.0,0.0,2025-08-17,0,1,36.0,559.9462550769307,0.17592003298908226,0.22601051750673395,-0.22601051750673395
2584,2025-08-17 09:52:48.758500,6.0,0.0,0.0,278.0,1.0,5.0,0.0,0.0,2025-08-17,0,1,36.0,559.9462550769307,0.17592003298908226,0.22601051750673395,-0.22601051750673395
2585,2025-08-17 09:59:17.530077,4.0,1.0,0.0,278.0,1.0,5.0,0.0,0.0,2025-08-17,1,1,16.0,559.9462550769307,0.603257557476896,0.6580486166617547,0.34195138333824526
2586,2025-08-17 10:21:38.750732,6.0,0.0,0.0,278.0,1.0,5.0,0.0,0.0,2025-08-17,0,1,36.0,559.9462550769307,0.17592003298908226,0.22601051750673395,-0.22601051750673395
2587,2025-08-17 10:27:18.587028,6.0,0.0,0.0,278.0,1.0,5.0,0.0,0.0,2025-08-17,0,1,36.0,559.9462550769307,0.17592003298908226,0.22601051750673395,-0.22601051750673395
2588,2025-08-17 10:30:13.415619,6.0,0.0,0.0,278.0,1.0,5.0,0.0,0.0,2025-08-17,0,1,36.0,559.9462550769307,0.17592003298908226,0.22601051750673395,-0.22601051750673395
2589,2025-08-17 10:43:21.208307,6.0,0.0,0.0,278.0,1.0,5.0,0.0,0.0,2025-08-17,0,1,36.0,559.9462550769307,0.17592003298908226,0.22601051750673395,-0.22601051750673395
2590,2025-08-17 10:50:34.957490,6.0,0.0,0.0,278.0,1.0,5.0,0.0,0.0,2025-08-17,0,1,36.0,559.9462550769307,0.17592003298908226,0.22601051750673395,-0.22601051750673395
2591,2025-08-17 11:00:11.807740,6.0,0.0,0.0,278.0,1.0,5.0,0.0,0.0,2025-08-17,0,1,36.0,559.9462550769307,0.17592003298908226,0.22601051750673395,-0.22601051750673395
2592,2025-08-17 11:10:53.997039,6.0,0.0,0.0,278.0,1.0,5.0,0.0,0.0,2025-08-17,0,1,36.0,559.9462550769307,0.17592003298908226,0.22601051750673395,-0.22601051750673395
2593,2025-08-17 11:38:23.588785,6.0,0.0,0.0,278.0,1.0,5.0,0.0,0.0,2025-08-17,0,1,36.0,559.9462550769307,0.17592003298908226,0.22601051750673395,-0.22601051750673395
2594,2025-08-17 11:45:08.948351,6.0,0.0,0.0,278.0,1.0,5.0,0.0,0.0,2025-08-17,0,1,36.0,559.9462550769307,0.17592003298908226,0.22601051750673395,-0.22601051750673395
2595,2025-08-17 11:59:57.724419,6.0,0.0,0.0,278.0,1.0,5.0,0.0,0.0,2025-08-17,0,1,36.0,559.9462550769307,0.17592003298908226,0.22601051750673395,-0.22601051750673395
2596,2025-08-17 12:20:01.944706,6.0,0.0,0.0,278.0,1.0,5.0,0.0,0.0,2025-08-17,0,1,36.0,559.9462550769307,0.17592003298908226,0.22601051750673395,-0.22601051750673395
2597,2025-08-19 19:10:32.458884,2.0,1.0,0.0,278.0,0.0,5.0,0.0,0.0,2025-08-19,1,1,4.0,881.9659386999521,0.9254314486591502,0.926912189338107,0.07308781066189296
2598,2025-08-19 19:10:48.004634,2.0,1.0,0.0,278.0,0.0,5.0,0.0,0.0,2025-08-19,1,1,4.0,881.9659386999521,0.9254314486591502,0.926912189338107,0.07308781066189296
2599,2025-08-19 19:13:14.427421,3.0,1.0,0.0,278.0,0.0,5.0,0.0,0.0,2025-08-19,1,1,9.0,881.9659386999521,0.8230127104459756,0.8316552086126385,0.16834479138736147
2600,2025-08-19 19:13:18.576485,3.0,1.0,0.0,278.0,0.0,5.0,0.0,0.0,2025-08-19,1,1,9.0,881.9659386999521,0.8230127104459756,0.8316552086126385,0.16834479138736147
2601,2025-08-19 19:15:05.517475,3.0,1.0,0.0,278.0,0.0,5.0,0.0,0.0,2025-08-19,1,1,9.0,881.9659386999521,0.8230127104459756,0.8316552086126385,0.16834479138736147
2602,2025-08-19 19:15:10.292104,3.0,1.0,0.0,278.0,0.0,5.0,0.0,0.0,2025-08-19,1,1,9.0,881.9659386999521,0.8230127104459756,0.8316552086126385,0.16834479138736147
2603,2025-08-19 19:16:11.412663,4.0,1.0,0.0,278.0,0.0,5.0,0.0,0.0,2025-08-19,1,1,16.0,881.9659386999521,0.6353519011964108,0.6580486166617547,0.34195138333824526
2604,2025-08-19 19:20:14.934514,2.0,1.0,0.0,278.0,0.0,5.0,0.0,0.0,2025-08-19,1,1,4.0,881.9659386999521,0.9254314486591502,0.926912189338107,0.07308781066189296
2605,2025-08-19 19:20:19.661970,2.0,1.0,0.0,278.0,0.0,5.0,0.0,0.0,2025-08-19,1,1,4.0,881.9659386999521,0.9254314486591502,0.926912189338107,0.07308781066189296
2606,2025-08-19 19:24:04.199471,2.0,1.0,0.0,278.0,0.0,5.0,0.0,0.0,2025-08-19,1,1,4.0,881.9659386999521,0.9254314486591502,0.926912189338107,0.07308781066189296
2607,2025-08-19 19:24:08.160175,2.0,1.0,0.0,278.0,0.0,5.0,0.0,0.0,2025-08-19,1,1,4.0,881.9659386999521,0.9254314486591502,0.926912189338107,0.07308781066189296
2608,2025-08-19 19:31:14.759071,5.0,1.0,0.0,278.0,0.0,5.0,0.0,0.0,2025-08-19,1,1,25.0,881.9659386999521,0.3949860099615193,0.4284486946252726,0.5715513053747274
2609,2025-08-19 19:38:15.360471,3.0,1.0,0.0,278.0,0.0,5.0,0.0,0.0,2025-08-19,1,1,9.0,881.9659386999521,0.8230127104459756,0.8316552086126385,0.16834479138736147
2610,2025-08-19 19:38:22.016641,3.0,1.0,0.0,278.0,0.0,5.0,0.0,0.0,2025-08-19,1,1,9.0,881.9659386999521,0.8230127104459756,0.8316552086126385,0.16834479138736147
2611,2025-08-19 19:48:50.228367,2.0,1.0,0.0,278.0,0.0,5.0,0.0,0.0,2025-08-19,1,1,4.0,881.9659386999521,0.9254314486591502,0.926912189338107,0.07308781066189296
2612,2025-08-19 19:48:54.825419,2.0,1.0,0.0,278.0,0.0,5.0,0.0,0.0,2025-08-19,1,1,4.0,881.9659386999521,0.9254314486591502,0.926912189338107,0.07308781066189296
2613,2025-08-19 19:50:07.226122,3.0,1.0,0.0,278.0,0.0,5.0,0.0,0.0,2025-08-19,1,1,9.0,881.9659386999521,0.8230127104459756,0.8316552086126385,0.16834479138736147
2614,2025-08-19 19:50:12.623717,3.0,0.0,0.0,278.0,0.0,5.0,0.0,0.0,2025-08-19,0,1,9.0,881.9659386999521,0.8230127104459756,0.8316552086126385,-0.8316552086126385
2615,2025-08-19 19:54:43.333825,4.0,1.0,0.0,278.0,0.0,5.0,0.0,0.0,2025-08-19,1,1,16.0,881.9659386999521,0.6353519011964108,0.6580486166617547,0.34195138333824526
2616,2025-08-19 19:54:47.436634,4.0,0.0,0.0,278.0,0.0,5.0,0.0,0.0,2025-08-19,0,1,16.0,881.9659386999521,0.6353519011964108,0.6580486166617547,-0.6580486166617547
2617,2025-08-19 19:56:44.171235,3.0,1.0,0.0,278.0,0.0,5.0,0.0,0.0,2025-08-19,1,1,9.0,881.9659386999521,0.8230127104459756,0.8316552086126385,0.16834479138736147
2618,2025-08-19 19:58:07.454177,4.0,1.0,0.0,278.0,0.0,5.0,0.0,0.0,2025-08-19,1,1,16.0,881.9659386999521,0.6353519011964108,0.6580486166617547,0.34195138333824526
2619,2025-08-19 19:59:58.225958,4.0,1.0,0.0,278.0,0.0,5.0,0.0,0.0,2025-08-19,1,1,16.0,881.9659386999521,0.6353519011964108,0.6580486166617547,0.34195138333824526
2620,2025-08-19 20:00:53.982250,1.0,1.0,0.0,278.0,0.0,5.0,0.0,0.0,2025-08-19,1,1,1.0,881.9659386999521,0.9706931374422045,0.9701999099173347,0.029800090082665265
2621,2025-08-21 18:05:17.850583,2.0,1.0,0.0,278.0,1.0,5.0,0.0,0.0,2025-08-21,1,1,4.0,852.6236362441333,0.9245705578395575,0.926912189338107,0.07308781066189296
2622,2025-08-21 18:15:16.735404,2.0,1.0,0.0,278.0,1.0,5.0,0.0,0.0,2025-08-21,1,1,4.0,852.6236362441333,0.9245705578395575,0.926912189338107,0.07308781066189296
2623,2025-08-21 18:22:37.149016,2.0,1.0,0.0,278.0,1.0,5.0,0.0,0.0,2025-08-21,1,1,4.0,852.6236362441333,0.9245705578395575,0.926912189338107,0.07308781066189296
2624,2025-08-21 18:40:37.523088,3.0,1.0,0.0,278.0,1.0,5.0,0.0,0.0,2025-08-21,1,1,9.0,852.6236362441333,0.8211978543468821,0.8316552086126385,0.16834479138736147
2625,2025-08-21 19:23:58.843181,6.0,0.0,0.0,278.0,1.0,5.0,0.0,0.0,2025-08-21,0,1,36.0,852.6236362441333,0.19458975744558354,0.22601051750673395,-0.22601051750673395
2626,2025-08-21 19:33:21.069551,6.0,0.0,0.0,278.0,1.0,5.0,0.0,0.0,2025-08-21,0,1,36.0,852.6236362441333,0.19458975744558354,0.22601051750673395,-0.22601051750673395
2627,2025-08-21 19:45:07.084437,6.0,0.0,0.0,278.0,1.0,5.0,0.0,0.0,2025-08-21,0,1,36.0,852.6236362441333,0.19458975744558354,0.22601051750673395,-0.22601051750673395
2628,2025-08-21 19:45:10.392630,6.0,0.0,0.0,278.0,1.0,5.0,0.0,0.0,2025-08-21,0,1,36.0,852.6236362441333,0.19458975744558354,0.22601051750673395,-0.22601051750673395
2629,2025-08-21 19:47:41.527741,6.0,0.0,0.0,278.0,1.0,5.0,0.0,0.0,2025-08-21,0,1,36.0,852.6236362441333,0.19458975744558354,0.22601051750673395,-0.22601051750673395
2630,2025-08-21 19:56:30.284518,6.0,0.0,0.0,278.0,1.0,5.0,0.0,0.0,2025-08-21,0,1,36.0,852.6236362441333,0.19458975744558354,0.22601051750673395,-0.22601051750673395
2631,2025-08-21 19:59:49.146325,6.0,0.0,0.0,278.0,1.0,5.0,0.0,0.0,2025-08-21,0,1,36.0,852.6236362441333,0.19458975744558354,0.22601051750673395,-0.22601051750673395
2632,2025-08-21 20:09:58.033068,6.0,0.0,0.0,278.0,1.0,5.0,0.0,0.0,2025-08-21,0,1,36.0,852.6236362441333,0.19458975744558354,0.22601051750673395,-0.22601051750673395
2633,2025-08-21 20:19:05.209951,6.0,0.0,0.0,278.0,1.0,5.0,0.0,0.0,2025-08-21,0,1,36.0,852.6236362441333,0.19458975744558354,0.22601051750673395,-0.22601051750673395
2634,2025-08-21 20:39:38.162828,6.0,0.0,0.0,278.0,1.0,5.0,0.0,0.0,2025-08-21,0,1,36.0,852.6236362441333,0.19458975744558354,0.22601051750673395,-0.22601051750673395
2635,2025-08-21 20:40:49.346813,6.0,0.0,0.0,278.0,1.0,5.0,0.0,0.0,2025-08-21,0,1,36.0,852.6236362441333,0.19458975744558354,0.22601051750673395,-0.22601051750673395
2636,2025-08-21 20:59:11.074304,6.0,0.0,0.0,278.0,1.0,5.0,0.0,0.0,2025-08-21,0,1,36.0,852.6236362441333,0.19458975744558354,0.22601051750673395,-0.22601051750673395
2637,2025-08-26 17:51:05.307156,2.0,1.0,0.0,278.0,0.0,5.0,0.0,0.0,2025-08-26,1,1,4.0,673.2120991339517,0.9191054599777178,0.926912189338107,0.07308781066189296
2638,2025-08-26 17:51:11.064670,2.0,1.0,0.0,278.0,0.0,5.0,0.0,0.0,2025-08-26,1,1,4.0,673.2120991339517,0.9191054599777178,0.926912189338107,0.07308781066189296
2639,2025-08-26 17:55:53.169363,3.0,1.0,0.0,278.0,0.0,5.0,0.0,0.0,2025-08-26,1,1,9.0,673.2120991339517,0.8097839664990724,0.8316552086126385,0.16834479138736147
2640,2025-08-26 17:59:53.086176,3.0,1.0,0.0,278.0,0.0,5.0,0.0,0.0,2025-08-26,1,1,9.0,673.2120991339517,0.8097839664990724,0.8316552086126385,0.16834479138736147
2641,2025-08-26 18:02:59.412554,3.0,1.0,0.0,278.0,0.0,5.0,0.0,0.0,2025-08-26,1,1,9.0,673.2120991339517,0.8097839664990724,0.8316552086126385,0.16834479138736147
2642,2025-08-26 18:06:55.877869,3.0,1.0,0.0,278.0,0.0,5.0,0.0,0.0,2025-08-26,1,1,9.0,673.2120991339517,0.8097839664990724,0.8316552086126385,0.16834479138736147
2643,2025-08-26 18:09:18.162101,3.0,1.0,0.0,278.0,0.0,5.0,0.0,0.0,2025-08-26,1,1,9.0,673.2120991339517,0.8097839664990724,0.8316552086126385,0.16834479138736147
2644,2025-08-26 18:12:48.080269,4.0,1.0,0.0,278.0,0.0,5.0,0.0,0.0,2025-08-26,1,1,16.0,673.2120991339517,0.6146638775764206,0.6580486166617547,0.34195138333824526
2645,2025-08-26 18:16:30.244085,4.0,1.0,0.0,278.0,0.0,5.0,0.0,0.0,2025-08-26,1,1,16.0,673.2120991339517,0.6146638775764206,0.6580486166617547,0.34195138333824526
2646,2025-08-26 18:19:30.144094,4.0,0.0,0.0,278.0,0.0,5.0,0.0,0.0,2025-08-26,0,1,16.0,673.2120991339517,0.6146638775764206,0.6580486166617547,-0.6580486166617547
2647,2025-08-26 18:22:11.919108,4.0,1.0,0.0,278.0,0.0,5.0,0.0,0.0,2025-08-26,1,1,16.0,673.2120991339517,0.6146638775764206,0.6580486166617547,0.34195138333824526
2648,2025-08-26 18:24:49.176876,4.0,1.0,0.0,278.0,0.0,5.0,0.0,0.0,2025-08-26,1,1,16.0,673.2120991339517,0.6146638775764206,0.6580486166617547,0.34195138333824526
2649,2025-08-26 18:30:17.708746,3.0,1.0,0.0,278.0,0.0,5.0,0.0,0.0,2025-08-26,1,1,9.0,673.2120991339517,0.8097839664990724,0.8316552086126385,0.16834479138736147
2650,2025-08-26 18:32:54.035402,3.0,0.0,0.0,278.0,0.0,5.0,0.0,0.0,2025-08-26,0,1,9.0,673.2120991339517,0.8097839664990724,0.8316552086126385,-0.8316552086126385
2651,2025-08-26 18:34:08.489146,3.0,0.0,0.0,278.0,0.0,5.0,0.0,0.0,2025-08-26,0,1,9.0,673.2120991339517,0.8097839664990724,0.8316552086126385,-0.8316552086126385
2652,2025-08-26 18:35:49.665086,3.0,0.0,0.0,278.0,0.0,5.0,0.0,0.0,2025-08-26,0,1,9.0,673.2120991339517,0.8097839664990724,0.8316552086126385,-0.8316552086126385
2653,2025-08-28 18:54:32.575203,2.0,1.0,0.0,278.0,0.0,5.0,0.0,0.0,2025-08-28,1,1,4.0,652.4059709804937,0.9184488034950519,0.926912189338107,0.07308781066189296
2654,2025-08-28 18:56:26.371385,2.0,1.0,0.0,278.0,0.0,5.0,0.0,0.0,2025-08-28,1,1,4.0,652.4059709804937,0.9184488034950519,0.926912189338107,0.07308781066189296
2655,2025-08-28 18:58:35.756832,3.0,0.0,0.0,278.0,0.0,5.0,0.0,0.0,2025-08-28,0,1,9.0,652.4059709804937,0.8084248682303175,0.8316552086126385,-0.8316552086126385
2656,2025-08-28 19:04:26.103566,4.0,0.0,0.0,278.0,0.0,5.0,0.0,0.0,2025-08-28,0,1,16.0,652.4059709804937,0.6125776343833879,0.6580486166617547,-0.6580486166617547
2657,2025-08-28 19:08:06.521302,4.0,1.0,0.0,278.0,0.0,5.0,0.0,0.0,2025-08-28,1,1,16.0,652.4059709804937,0.6125776343833879,0.6580486166617547,0.34195138333824526
2658,2025-08-28 19:13:58.654166,4.0,0.0,0.0,278.0,0.0,5.0,0.0,0.0,2025-08-28,0,1,16.0,652.4059709804937,0.6125776343833879,0.6580486166617547,-0.6580486166617547
2659,2025-08-28 19:18:19.996013,4.0,1.0,0.0,278.0,0.0,5.0,0.0,0.0,2025-08-28,1,1,16.0,652.4059709804937,0.6125776343833879,0.6580486166617547,0.34195138333824526
2660,2025-08-28 19:24:00.163572,4.0,0.0,0.0,278.0,0.0,5.0,0.0,0.0,2025-08-28,0,1,16.0,652.4059709804937,0.6125776343833879,0.6580486166617547,-0.6580486166617547
2661,2025-08-28 19:26:10.537984,4.0,0.0,0.0,278.0,0.0,5.0,0.0,0.0,2025-08-28,0,1,16.0,652.4059709804937,0.6125776343833879,0.6580486166617547,-0.6580486166617547
2662,2025-08-28 19:27:05.313195,4.0,0.0,0.0,278.0,0.0,5.0,0.0,0.0,2025-08-28,0,1,16.0,652.4059709804937,0.6125776343833879,0.6580486166617547,-0.6580486166617547
2663,2025-08-28 19:31:46.171270,4.0,0.0,0.0,278.0,0.0,5.0,0.0,0.0,2025-08-28,0,1,16.0,652.4059709804937,0.6125776343833879,0.6580486166617547,-0.6580486166617547
2664,2025-08-31 09:27:07.483978,1.0,1.0,0.0,278.0,1.0,5.0,0.0,0.0,2025-08-31,1,1,1.0,533.9669383590825,0.9662033334824047,0.9701999099173347,0.029800090082665265
2665,2025-08-31 09:38:55.082490,3.0,0.0,0.0,278.0,1.0,5.0,0.0,0.0,2025-08-31,0,1,9.0,533.9669383590825,0.8005470867873572,0.8316552086126385,-0.8316552086126385
2666,2025-08-31 09:44:42.965475,4.0,0.0,0.0,278.0,1.0,5.0,0.0,0.0,2025-08-31,0,1,16.0,533.9669383590825,0.6006249359951137,0.6580486166617547,-0.6580486166617547
2667,2025-08-31 09:49:14.829618,4.0,1.0,0.0,278.0,1.0,5.0,0.0,0.0,2025-08-31,1,1,16.0,533.9669383590825,0.6006249359951137,0.6580486166617547,0.34195138333824526
2668,2025-08-31 09:57:33.367287,2.0,1.0,0.0,278.0,1.0,5.0,0.0,0.0,2025-08-31,1,1,4.0,533.9669383590825,0.9146174894429319,0.926912189338107,0.07308781066189296
2669,2025-08-31 10:34:16.249803,3.0,1.0,0.0,278.0,1.0,5.0,0.0,0.0,2025-08-31,1,1,9.0,533.9669383590825,0.8005470867873572,0.8316552086126385,0.16834479138736147
2670,2025-08-31 10:38:59.238631,3.0,0.0,0.0,278.0,1.0,5.0,0.0,0.0,2025-08-31,0,1,9.0,533.9669383590825,0.8005470867873572,0.8316552086126385,-0.8316552086126385
2671,2025-08-31 10:50:02.368002,6.0,1.0,0.0,278.0,1.0,5.0,0.0,0.0,2025-08-31,1,1,36.0,533.9669383590825,0.174332857294127,0.22601051750673395,0.773989482493266
2672,2025-08-31 11:25:56.036988,6.0,1.0,0.0,278.0,1.0,5.0,0.0,0.0,2025-08-31,1,1,36.0,533.9669383590825,0.174332857294127,0.22601051750673395,0.773989482493266
2673,2025-08-31 11:55:00.059987,6.0,0.0,0.0,278.0,1.0,5.0,0.0,0.0,2025-08-31,0,1,36.0,533.9669383590825,0.174332857294127,0.22601051750673395,-0.22601051750673395
2674,2025-08-31 11:59:58.207621,6.0,0.0,0.0,278.0,1.0,5.0,0.0,0.0,2025-08-31,0,1,36.0,533.9669383590825,0.174332857294127,0.22601051750673395,-0.22601051750673395
2675,2025-08-31 12:04:37.590587,6.0,0.0,0.0,278.0,1.0,5.0,0.0,0.0,2025-08-31,0,1,36.0,533.9669383590825,0.174332857294127,0.22601051750673395,-0.22601051750673395
2676,2025-08-31 12:10:03.707113,6.0,0.0,0.0,278.0,1.0,5.0,0.0,0.0,2025-08-31,0,1,36.0,533.9669383590825,0.174332857294127,0.22601051750673395,-0.22601051750673395
2677,2025-08-31 12:22:13.840449,6.0,0.0,0.0,278.0,1.0,5.0,0.0,0.0,2025-08-31,0,1,36.0,533.9669383590825,0.174332857294127,0.22601051750673395,-0.22601051750673395
2678,2025-08-31 12:25:58.095027,6.0,0.0,0.0,278.0,1.0,5.0,0.0,0.0,2025-08-31,0,1,36.0,533.9669383590825,0.174332857294127,0.22601051750673395,-0.22601051750673395
2679,2025-08-31 12:49:44.524069,6.0,1.0,0.0,278.0,1.0,5.0,0.0,0.0,2025-08-31,1,1,36.0,533.9669383590825,0.174332857294127,0.22601051750673395,0.773989482493266
2680,2025-08-31 13:18:01.132616,7.0,0.0,0.0,278.0,1.0,5.0,0.0,0.0,2025-08-31,0,1,49.0,533.9669383590825,0.07331335062442962,0.10213078272976209,-0.10213078272976209
2681,2025-08-31 13:29:01.391709,7.0,0.0,0.0,278.0,1.0,5.0,0.0,0.0,2025-08-31,0,1,49.0,533.9669383590825,0.07331335062442962,0.10213078272976209,-0.10213078272976209
2682,2025-08-31 13:48:44.691665,7.0,0.0,0.0,278.0,1.0,5.0,0.0,0.0,2025-08-31,0,1,49.0,533.9669383590825,0.07331335062442962,0.10213078272976209,-0.10213078272976209
2683,2025-08-31 14:09:03.063362,7.0,0.0,0.0,278.0,1.0,5.0,0.0,0.0,2025-08-31,0,1,49.0,533.9669383590825,0.07331335062442962,0.10213078272976209,-0.10213078272976209
2684,2025-09-02 17:24:30.901661,3.0,1.0,0.0,278.0,0.0,5.0,0.0,0.0,2025-09-02,1,1,9.0,907.5207228838875,0.8245814967084463,0.8316552086126385,0.16834479138736147
2685,2025-09-02 17:24:41.124594,4.0,1.0,0.0,278.0,0.0,5.0,0.0,0.0,2025-09-02,1,1,16.0,907.5207228838875,0.6378521434302394,0.6580486166617547,0.34195138333824526
2686,2025-09-02 17:29:45.010707,5.0,0.0,0.0,278.0,0.0,5.0,0.0,0.0,2025-09-02,0,1,25.0,907.5207228838875,0.3975716552454445,0.4284486946252726,-0.4284486946252726
2687,2025-09-02 17:36:12.637964,5.0,1.0,0.0,278.0,0.0,5.0,0.0,0.0,2025-09-02,1,1,25.0,907.5207228838875,0.3975716552454445,0.4284486946252726,0.5715513053747274
2688,2025-09-02 17:42:02.950824,3.0,1.0,0.0,278.0,0.0,5.0,0.0,0.0,2025-09-02,1,1,9.0,907.5207228838875,0.8245814967084463,0.8316552086126385,0.16834479138736147
2689,2025-09-02 17:47:56.582331,5.0,1.0,0.0,278.0,0.0,5.0,0.0,0.0,2025-09-02,1,1,25.0,907.5207228838875,0.3975716552454445,0.4284486946252726,0.5715513053747274
2690,2025-09-02 17:50:32.210492,4.0,1.0,0.0,278.0,0.0,5.0,0.0,0.0,2025-09-02,1,1,16.0,907.5207228838875,0.6378521434302394,0.6580486166617547,0.34195138333824526
2691,2025-09-02 17:50:36.691658,4.0,1.0,0.0,278.0,0.0,5.0,0.0,0.0,2025-09-02,1,1,16.0,907.5207228838875,0.6378521434302394,0.6580486166617547,0.34195138333824526
2692,2025-09-02 17:52:07.268295,4.0,1.0,0.0,278.0,0.0,5.0,0.0,0.0,2025-09-02,1,1,16.0,907.5207228838875,0.6378521434302394,0.6580486166617547,0.34195138333824526
2693,2025-09-02 17:55:24.352207,5.0,1.0,0.0,278.0,0.0,5.0,0.0,0.0,2025-09-02,1,1,25.0,907.5207228838875,0.3975716552454445,0.4284486946252726,0.5715513053747274
2694,2025-09-02 17:58:05.806406,5.0,1.0,0.0,278.0,0.0,5.0,0.0,0.0,2025-09-02,1,1,25.0,907.5207228838875,0.3975716552454445,0.4284486946252726,0.5715513053747274
2695,2025-09-02 18:07:25.473309,5.0,0.0,0.0,278.0,0.0,5.0,0.0,0.0,2025-09-02,0,1,25.0,907.5207228838875,0.3975716552454445,0.4284486946252726,-0.4284486946252726
2696,2025-09-02 18:13:04.640414,7.0,0.0,0.0,278.0,0.0,5.0,0.0,0.0,2025-09-02,0,1,49.0,907.5207228838875,0.08479678484403226,0.10213078272976209,-0.10213078272976209
2697,2025-09-02 18:21:32.955617,6.0,0.0,0.0,278.0,0.0,5.0,0.0,0.0,2025-09-02,0,1,36.0,907.5207228838875,0.1982542839830626,0.22601051750673395,-0.22601051750673395
2698,2025-09-02 18:23:54.022432,6.0,0.0,0.0,278.0,0.0,5.0,0.0,0.0,2025-09-02,0,1,36.0,907.5207228838875,0.1982542839830626,0.22601051750673395,-0.22601051750673395
2699,2025-09-02 18:30:05.080498,4.0,1.0,0.0,278.0,0.0,5.0,0.0,0.0,2025-09-02,1,1,16.0,907.5207228838875,0.6378521434302394,0.6580486166617547,0.34195138333824526
2700,2025-09-07 14:10:12.529993,1.0,1.0,0.0,278.0,1.0,5.0,0.0,0.0,2025-09-07,1,1,1.0,652.6501877837671,0.967804578362825,0.9701999099173347,0.029800090082665265
2701,2025-09-07 14:10:32.085194,1.0,1.0,0.0,278.0,1.0,5.0,0.0,0.0,2025-09-07,1,1,1.0,652.6501877837671,0.967804578362825,0.9701999099173347,0.029800090082665265
2702,2025-09-07 14:14:04.788589,2.0,1.0,0.0,278.0,1.0,5.0,0.0,0.0,2025-09-07,1,1,4.0,652.6501877837671,0.918456539250023,0.926912189338107,0.07308781066189296
2703,2025-09-07 14:17:55.790885,2.0,1.0,0.0,278.0,1.0,5.0,0.0,0.0,2025-09-07,1,1,4.0,652.6501877837671,0.918456539250023,0.926912189338107,0.07308781066189296
2704,2025-09-07 14:20:34.569994,4.0,1.0,0.0,278.0,1.0,5.0,0.0,0.0,2025-09-07,1,1,16.0,652.6501877837671,0.6126021462824641,0.6580486166617547,0.34195138333824526
2705,2025-09-07 14:40:28.270278,8.0,0.0,0.0,278.0,1.0,5.0,0.0,0.0,2025-09-07,0,1,64.0,652.6501877837671,0.030227000740688903,0.042429164124164545,-0.042429164124164545
2706,2025-09-07 14:49:16.858747,8.0,0.0,0.0,278.0,1.0,5.0,0.0,0.0,2025-09-07,0,1,64.0,652.6501877837671,0.030227000740688903,0.042429164124164545,-0.042429164124164545
2707,2025-09-07 15:01:31.950639,8.0,0.0,0.0,278.0,1.0,5.0,0.0,0.0,2025-09-07,0,1,64.0,652.6501877837671,0.030227000740688903,0.042429164124164545,-0.042429164124164545
2708,2025-09-07 15:03:41.829811,8.0,0.0,0.0,278.0,1.0,5.0,0.0,0.0,2025-09-07,0,1,64.0,652.6501877837671,0.030227000740688903,0.042429164124164545,-0.042429164124164545
2709,2025-09-07 15:11:25.917828,8.0,0.0,0.0,278.0,1.0,5.0,0.0,0.0,2025-09-07,0,1,64.0,652.6501877837671,0.030227000740688903,0.042429164124164545,-0.042429164124164545
2710,2025-09-07 15:15:00.371230,8.0,0.0,0.0,278.0,1.0,5.0,0.0,0.0,2025-09-07,0,1,64.0,652.6501877837671,0.030227000740688903,0.042429164124164545,-0.042429164124164545
2711,2025-09-07 15:17:14.913318,8.0,0.0,0.0,278.0,1.0,5.0,0.0,0.0,2025-09-07,0,1,64.0,652.6501877837671,0.030227000740688903,0.042429164124164545,-0.042429164124164545
2712,2025-09-07 15:36:19.922229,8.0,0.0,0.0,278.0,1.0,5.0,0.0,0.0,2025-09-07,0,1,64.0,652.6501877837671,0.030227000740688903,0.042429164124164545,-0.042429164124164545
2713,2025-09-07 15:59:55.042593,8.0,0.0,0.0,278.0,1.0,5.0,0.0,0.0,2025-09-07,0,1,64.0,652.6501877837671,0.030227000740688903,0.042429164124164545,-0.042429164124164545
2714,2025-09-07 16:19:33.595663,8.0,0.0,0.0,278.0,1.0,5.0,0.0,0.0,2025-09-07,0,1,64.0,652.6501877837671,0.030227000740688903,0.042429164124164545,-0.042429164124164545
2715,2025-09-07 16:32:07.022834,8.0,0.0,0.0,278.0,1.0,5.0,0.0,0.0,2025-09-07,0,1,64.0,652.6501877837671,0.030227000740688903,0.042429164124164545,-0.042429164124164545
2716,2025-09-07 16:46:49.467540,8.0,0.0,0.0,278.0,1.0,5.0,0.0,0.0,2025-09-07,0,1,64.0,652.6501877837671,0.030227000740688903,0.042429164124164545,-0.042429164124164545
2717,2025-09-09 17:36:32.014727,2.0,1.0,0.0,278.0,0.0,5.0,0.0,0.0,2025-09-09,1,1,4.0,1178.7528488424666,0.9336438761832321,0.926912189338107,0.07308781066189296
2718,2025-09-09 17:38:13.036180,3.0,1.0,0.0,278.0,0.0,5.0,0.0,0.0,2025-09-09,1,1,9.0,1178.7528488424666,0.8405614586292914,0.8316552086126385,0.16834479138736147
2719,2025-09-09 17:40:16.746571,4.0,1.0,0.0,278.0,0.0,5.0,0.0,0.0,2025-09-09,1,1,16.0,1178.7528488424666,0.6639092072523962,0.6580486166617547,0.34195138333824526
2720,2025-09-09 17:43:24.606712,5.0,1.0,0.0,278.0,0.0,5.0,0.0,0.0,2025-09-09,1,1,25.0,1178.7528488424666,0.42534153899620136,0.4284486946252726,0.5715513053747274
2721,2025-09-09 17:47:14.179488,5.0,1.0,0.0,278.0,0.0,5.0,0.0,0.0,2025-09-09,1,1,25.0,1178.7528488424666,0.42534153899620136,0.4284486946252726,0.5715513053747274
2722,2025-09-09 17:51:02.184409,6.0,1.0,0.0,278.0,0.0,5.0,0.0,0.0,2025-09-09,1,1,36.0,1178.7528488424666,0.21711971701443994,0.22601051750673395,0.773989482493266
2723,2025-09-09 17:56:28.342410,6.0,0.0,0.0,278.0,0.0,5.0,0.0,0.0,2025-09-09,0,1,36.0,1178.7528488424666,0.21711971701443994,0.22601051750673395,-0.22601051750673395
2724,2025-09-09 17:58:19.378396,6.0,1.0,0.0,278.0,0.0,5.0,0.0,0.0,2025-09-09,1,1,36.0,1178.7528488424666,0.21711971701443994,0.22601051750673395,0.773989482493266
2725,2025-09-09 18:01:44.736812,8.0,0.0,0.0,278.0,0.0,5.0,0.0,0.0,2025-09-09,0,1,64.0,1178.7528488424666,0.037477169319097635,0.042429164124164545,-0.042429164124164545
2726,2025-09-09 18:06:33.854768,8.0,0.0,0.0,278.0,0.0,5.0,0.0,0.0,2025-09-09,0,1,64.0,1178.7528488424666,0.037477169319097635,0.042429164124164545,-0.042429164124164545
2727,2025-09-09 18:13:46.057716,8.0,0.0,0.0,278.0,0.0,5.0,0.0,0.0,2025-09-09,0,1,64.0,1178.7528488424666,0.037477169319097635,0.042429164124164545,-0.042429164124164545
2728,2025-09-09 18:17:57.509249,8.0,0.0,0.0,278.0,0.0,5.0,0.0,0.0,2025-09-09,0,1,64.0,1178.7528488424666,0.037477169319097635,0.042429164124164545,-0.042429164124164545
2729,2025-09-09 18:23:30.834218,8.0,0.0,0.0,278.0,0.0,5.0,0.0,0.0,2025-09-09,0,1,64.0,1178.7528488424666,0.037477169319097635,0.042429164124164545,-0.042429164124164545
2730,2025-09-09 18:29:44.189318,7.0,0.0,0.0,278.0,0.0,5.0,0.0,0.0,2025-09-09,0,1,49.0,1178.7528488424666,0.09413346420573994,0.10213078272976209,-0.10213078272976209
2731,2025-09-12 17:47:43.232005,1.0,1.0,0.0,278.0,0.0,5.0,0.0,0.0,2025-09-12,1,1,1.0,1185.7070198618421,0.9741347073407813,0.9701999099173347,0.029800090082665265
2732,2025-09-12 17:49:35.825894,1.0,1.0,0.0,278.0,0.0,5.0,0.0,0.0,2025-09-12,1,1,1.0,1185.7070198618421,0.9741347073407813,0.9701999099173347,0.029800090082665265
2733,2025-09-12 17:51:10.187802,2.0,1.0,0.0,278.0,0.0,5.0,0.0,0.0,2025-09-12,1,1,4.0,1185.7070198618421,0.9338258523119024,0.926912189338107,0.07308781066189296
2734,2025-09-12 17:54:47.348252,3.0,1.0,0.0,278.0,0.0,5.0,0.0,0.0,2025-09-12,1,1,9.0,1185.7070198618421,0.8409552205397252,0.8316552086126385,0.16834479138736147
2735,2025-09-12 17:58:36.872967,4.0,1.0,0.0,278.0,0.0,5.0,0.0,0.0,2025-09-12,1,1,16.0,1185.7070198618421,0.6645651435948243,0.6580486166617547,0.34195138333824526
2736,2025-09-12 18:02:18.282593,4.0,1.0,0.0,278.0,0.0,5.0,0.0,0.0,2025-09-12,1,1,16.0,1185.7070198618421,0.6645651435948243,0.6580486166617547,0.34195138333824526
2737,2025-09-12 18:17:05.852592,5.0,0.0,0.0,278.0,0.0,5.0,0.0,0.0,2025-09-12,0,1,25.0,1185.7070198618421,0.4260605717452582,0.4284486946252726,-0.4284486946252726
2738,2025-09-12 18:26:03.559315,5.0,0.0,0.0,278.0,0.0,5.0,0.0,0.0,2025-09-12,0,1,25.0,1185.7070198618421,0.4260605717452582,0.4284486946252726,-0.4284486946252726
2739,2025-09-12 18:27:02.474657,4.0,1.0,0.0,278.0,0.0,5.0,0.0,0.0,2025-09-12,1,1,16.0,1185.7070198618421,0.6645651435948243,0.6580486166617547,0.34195138333824526
2740,2025-09-12 18:36:09.460962,5.0,0.0,0.0,278.0,0.0,5.0,0.0,0.0,2025-09-12,0,1,25.0,1185.7070198618421,0.4260605717452582,0.4284486946252726,-0.4284486946252726
2741,2025-09-12 18:51:36.794741,5.0,0.0,0.0,278.0,0.0,5.0,0.0,0.0,2025-09-12,0,1,25.0,1185.7070198618421,0.4260605717452582,0.4284486946252726,-0.4284486946252726
2742,2025-09-12 18:53:49.702765,3.0,1.0,0.0,278.0,0.0,5.0,0.0,0.0,2025-09-12,1,1,9.0,1185.7070198618421,0.8409552205397252,0.8316552086126385,0.16834479138736147
2743,2025-09-12 19:08:31.632589,5.0,0.0,0.0,278.0,0.0,5.0,0.0,0.0,2025-09-12,0,1,25.0,1185.7070198618421,0.4260605717452582,0.4284486946252726,-0.4284486946252726
2744,2025-09-14 14:30:40.386206,1.0,1.0,0.0,278.0,1.0,5.0,0.0,0.0,2025-09-14,1,1,1.0,1061.8068479169272,0.9727810981146738,0.9701999099173347,0.029800090082665265
2745,2025-09-14 14:30:47.403313,2.0,1.0,0.0,278.0,1.0,5.0,0.0,0.0,2025-09-14,1,1,4.0,1061.8068479169272,0.9305132317347502,0.926912189338107,0.07308781066189296
2746,2025-09-14 14:34:33.611843,3.0,1.0,0.0,278.0,1.0,5.0,0.0,0.0,2025-09-14,1,1,9.0,1061.8068479169272,0.8338208940918594,0.8316552086126385,0.16834479138736147
2747,2025-09-14 14:48:01.546793,8.0,0.0,0.0,278.0,1.0,5.0,0.0,0.0,2025-09-14,0,1,64.0,1061.8068479169272,0.035733298417931623,0.042429164124164545,-0.042429164124164545
2748,2025-09-14 14:51:18.801579,8.0,0.0,0.0,278.0,1.0,5.0,0.0,0.0,2025-09-14,0,1,64.0,1061.8068479169272,0.035733298417931623,0.042429164124164545,-0.042429164124164545
2749,2025-09-14 14:58:06.518143,8.0,0.0,0.0,278.0,1.0,5.0,0.0,0.0,2025-09-14,0,1,64.0,1061.8068479169272,0.035733298417931623,0.042429164124164545,-0.042429164124164545
2750,2025-09-14 15:07:15.636652,8.0,0.0,0.0,278.0,1.0,5.0,0.0,0.0,2025-09-14,0,1,64.0,1061.8068479169272,0.035733298417931623,0.042429164124164545,-0.042429164124164545
2751,2025-09-14 15:25:04.491025,8.0,0.0,0.0,278.0,1.0,5.0,0.0,0.0,2025-09-14,0,1,64.0,1061.8068479169272,0.035733298417931623,0.042429164124164545,-0.042429164124164545
2752,2025-09-14 15:27:22.523311,8.0,0.0,0.0,278.0,1.0,5.0,0.0,0.0,2025-09-14,0,1,64.0,1061.8068479169272,0.035733298417931623,0.042429164124164545,-0.042429164124164545
2753,2025-09-14 15:44:41.060550,8.0,0.0,0.0,278.0,1.0,5.0,0.0,0.0,2025-09-14,0,1,64.0,1061.8068479169272,0.035733298417931623,0.042429164124164545,-0.042429164124164545
2754,2025-09-14 15:46:20.418994,8.0,0.0,0.0,278.0,1.0,5.0,0.0,0.0,2025-09-14,0,1,64.0,1061.8068479169272,0.035733298417931623,0.042429164124164545,-0.042429164124164545
2755,2025-09-14 15:49:45.197044,8.0,0.0,0.0,278.0,1.0,5.0,0.0,0.0,2025-09-14,0,1,64.0,1061.8068479169272,0.035733298417931623,0.042429164124164545,-0.042429164124164545
2756,2025-09-14 16:13:09.697224,8.0,0.0,0.0,278.0,1.0,5.0,0.0,0.0,2025-09-14,0,1,64.0,1061.8068479169272,0.035733298417931623,0.042429164124164545,-0.042429164124164545
2757,2025-09-14 16:21:10.425200,8.0,0.0,0.0,278.0,1.0,5.0,0.0,0.0,2025-09-14,0,1,64.0,1061.8068479169272,0.035733298417931623,0.042429164124164545,-0.042429164124164545
2758,2025-09-14 16:28:46.976575,7.0,1.0,0.0,278.0,1.0,5.0,0.0,0.0,2025-09-14,1,1,49.0,1061.8068479169272,0.08999979316058737,0.10213078272976209,0.8978692172702379
2759,2025-09-14 16:34:26.168742,10.0,0.0,0.0,278.0,1.0,5.0,0.0,0.0,2025-09-14,0,1,100.0,1061.8068479169272,0.005175759973298464,0.0066785679105771075,-0.0066785679105771075
2760,2025-09-14 16:47:14.431276,10.0,0.0,0.0,278.0,1.0,5.0,0.0,0.0,2025-09-14,0,1,100.0,1061.8068479169272,0.005175759973298464,0.0066785679105771075,-0.0066785679105771075
2761,2025-09-14 16:56:06.010048,10.0,0.0,0.0,278.0,1.0,5.0,0.0,0.0,2025-09-14,0,1,100.0,1061.8068479169272,0.005175759973298464,0.0066785679105771075,-0.0066785679105771075
2762,2025-09-14 17:35:52.028328,10.0,0.0,0.0,278.0,1.0,5.0,0.0,0.0,2025-09-14,0,1,100.0,1061.8068479169272,0.005175759973298464,0.0066785679105771075,-0.0066785679105771075
2763,2025-09-16 19:01:11.443552,1.0,1.0,0.0,278.0,1.0,5.0,0.0,0.0,2025-09-16,1,1,1.0,1809.570244849876,0.9800131862617654,0.9701999099173347,0.029800090082665265
2764,2025-09-16 19:03:24.576035,2.0,1.0,0.0,278.0,1.0,5.0,0.0,0.0,2025-09-16,1,1,4.0,1809.570244849876,0.9483799868899434,0.926912189338107,0.07308781066189296
2765,2025-09-16 19:06:37.176486,3.0,1.0,0.0,278.0,1.0,5.0,0.0,0.0,2025-09-16,1,1,9.0,1809.570244849876,0.8731606598690432,0.8316552086126385,0.16834479138736147
2766,2025-09-16 19:15:56.658444,4.0,1.0,0.0,278.0,1.0,5.0,0.0,0.0,2025-09-16,1,1,16.0,1809.570244849876,0.7206223662047445,0.6580486166617547,0.34195138333824526
2767,2025-09-16 19:22:21.207748,4.0,1.0,0.0,278.0,1.0,5.0,0.0,0.0,2025-09-16,1,1,16.0,1809.570244849876,0.7206223662047445,0.6580486166617547,0.34195138333824526
2768,2025-09-16 19:33:26.475081,4.0,0.0,0.0,278.0,1.0,5.0,0.0,0.0,2025-09-16,0,1,16.0,1809.570244849876,0.7206223662047445,0.6580486166617547,-0.6580486166617547
2769,2025-09-16 19:36:19.331636,4.0,1.0,0.0,278.0,1.0,5.0,0.0,0.0,2025-09-16,1,1,16.0,1809.570244849876,0.7206223662047445,0.6580486166617547,0.34195138333824526
2770,2025-09-16 19:47:48.462517,4.0,0.0,0.0,278.0,1.0,5.0,0.0,0.0,2025-09-16,0,1,16.0,1809.570244849876,0.7206223662047445,0.6580486166617547,-0.6580486166617547
2771,2025-09-16 19:54:49.730920,4.0,0.0,0.0,278.0,1.0,5.0,0.0,0.0,2025-09-16,0,1,16.0,1809.570244849876,0.7206223662047445,0.6580486166617547,-0.6580486166617547
2772,2025-09-16 20:02:00.003302,4.0,0.0,0.0,278.0,1.0,5.0,0.0,0.0,2025-09-16,0,1,16.0,1809.570244849876,0.7206223662047445,0.6580486166617547,-0.6580486166617547
2773,2025-09-21 09:28:56.395384,0.0,0.0,0.0,278.0,1.0,5.0,0.0,0.0,2025-09-21,0,1,0.0,957.0145041216678,0.9891596008970502,0.9881766398835915,-0.9881766398835915
2774,2025-09-21 09:29:06.216092,1.0,0.0,0.0,278.0,1.0,5.0,0.0,0.0,2025-09-21,0,1,1.0,957.0145041216678,0.9715827034470889,0.9701999099173347,-0.9701999099173347
2775,2025-09-21 09:29:14.432920,3.0,0.0,0.0,278.0,1.0,5.0,0.0,0.0,2025-09-21,0,1,9.0,957.0145041216678,0.8275887072220942,0.8316552086126385,-0.8316552086126385
2776,2025-09-21 09:38:41.588485,5.0,1.0,0.0,278.0,1.0,5.0,0.0,0.0,2025-09-21,1,1,25.0,957.0145041216678,0.40259564030441286,0.4284486946252726,0.5715513053747274
2777,2025-09-21 09:44:47.005299,3.0,1.0,0.0,278.0,1.0,5.0,0.0,0.0,2025-09-21,1,1,9.0,957.0145041216678,0.8275887072220942,0.8316552086126385,0.16834479138736147
2778,2025-09-21 10:31:06.512752,7.0,1.0,0.0,278.0,1.0,5.0,0.0,0.0,2025-09-21,1,1,49.0,957.0145041216678,0.08643542342131837,0.10213078272976209,0.8978692172702379
2779,2025-09-21 10:40:13.995288,7.0,0.0,0.0,278.0,1.0,5.0,0.0,0.0,2025-09-21,0,1,49.0,957.0145041216678,0.08643542342131837,0.10213078272976209,-0.10213078272976209
2780,2025-09-21 10:45:47.638703,7.0,1.0,0.0,278.0,1.0,5.0,0.0,0.0,2025-09-21,1,1,49.0,957.0145041216678,0.08643542342131837,0.10213078272976209,0.8978692172702379
2781,2025-09-21 11:17:16.224916,10.0,0.0,0.0,278.0,1.0,5.0,0.0,0.0,2025-09-21,0,1,100.0,957.0145041216678,0.00495249534281691,0.0066785679105771075,-0.0066785679105771075
2782,2025-09-21 11:35:59.519279,10.0,0.0,0.0,278.0,1.0,5.0,0.0,0.0,2025-09-21,0,1,100.0,957.0145041216678,0.00495249534281691,0.0066785679105771075,-0.0066785679105771075
2783,2025-09-21 11:43:49.194793,10.0,0.0,0.0,278.0,1.0,5.0,0.0,0.0,2025-09-21,0,1,100.0,957.0145041216678,0.00495249534281691,0.0066785679105771075,-0.0066785679105771075
2784,2025-09-21 11:57:49.463825,10.0,0.0,0.0,278.0,1.0,5.0,0.0,0.0,2025-09-21,0,1,100.0,957.0145041216678,0.00495249534281691,0.0066785679105771075,-0.0066785679105771075
2785,2025-09-23 19:02:13.011838,4.0,0.0,0.0,278.0,1.0,5.0,0.0,0.0,2025-09-23,0,1,16.0,1231.4995077434953,0.668868478740423,0.6580486166617547,-0.6580486166617547
2786,2025-09-24 19:12:28.934969,3.0,0.0,0.0,278.0,1.0,5.0,0.0,0.0,2025-09-24,0,1,9.0,1083.5597068160637,0.8350917356728608,0.8316552086126385,-0.8316552086126385
2787,2025-09-24 19:12:38.832098,3.0,1.0,0.0,278.0,1.0,5.0,0.0,0.0,2025-09-24,1,1,9.0,1083.5597068160637,0.8350917356728608,0.8316552086126385,0.16834479138736147
2788,2025-09-24 19:20:42.901758,4.0,0.0,0.0,278.0,1.0,5.0,0.0,0.0,2025-09-24,0,1,16.0,1083.5597068160637,0.6548675525198274,0.6580486166617547,-0.6580486166617547
2789,2025-09-24 19:27:07.986622,4.0,0.0,0.0,278.0,1.0,5.0,0.0,0.0,2025-09-24,0,1,16.0,1083.5597068160637,0.6548675525198274,0.6580486166617547,-0.6580486166617547
2790,2025-09-24 19:33:32.663482,4.0,1.0,0.0,278.0,1.0,5.0,0.0,0.0,2025-09-24,1,1,16.0,1083.5597068160637,0.6548675525198274,0.6580486166617547,0.34195138333824526
2791,2025-09-24 19:43:59.991709,5.0,0.0,0.0,278.0,1.0,5.0,0.0,0.0,2025-09-24,0,1,25.0,1083.5597068160637,0.41553192247810194,0.4284486946252726,-0.4284486946252726
2792,2025-09-24 19:47:24.649118,5.0,1.0,0.0,278.0,1.0,5.0,0.0,0.0,2025-09-24,1,1,25.0,1083.5597068160637,0.41553192247810194,0.4284486946252726,0.5715513053747274
2793,2025-09-24 20:01:42.715145,5.0,1.0,0.0,278.0,1.0,5.0,0.0,0.0,2025-09-24,1,1,25.0,1083.5597068160637,0.41553192247810194,0.4284486946252726,0.5715513053747274
2794,2025-09-24 20:04:21.283515,4.0,1.0,0.0,278.0,1.0,5.0,0.0,0.0,2025-09-24,1,1,16.0,1083.5597068160637,0.6548675525198274,0.6580486166617547,0.34195138333824526
2795,2025-09-27 14:25:52.971542,4.0,1.0,0.0,278.0,0.0,5.0,0.0,0.0,2025-09-27,1,1,16.0,823.8550491997033,0.6296393304192968,0.6580486166617547,0.34195138333824526
2796,2025-09-27 14:28:25.739237,4.0,0.0,0.0,278.0,0.0,5.0,0.0,0.0,2025-09-27,0,1,16.0,823.8550491997033,0.6296393304192968,0.6580486166617547,-0.6580486166617547
2797,2025-09-27 14:31:54.658528,4.0,1.0,0.0,278.0,0.0,5.0,0.0,0.0,2025-09-27,1,1,16.0,823.8550491997033,0.6296393304192968,0.6580486166617547,0.34195138333824526
2798,2025-09-27 14:34:47.286973,4.0,0.0,0.0,278.0,0.0,5.0,0.0,0.0,2025-09-27,0,1,16.0,823.8550491997033,0.6296393304192968,0.6580486166617547,-0.6580486166617547
2799,2025-09-27 14:38:31.256203,4.0,1.0,0.0,278.0,0.0,5.0,0.0,0.0,2025-09-27,1,1,16.0,823.8550491997033,0.6296393304192968,0.6580486166617547,0.34195138333824526
2800,2025-09-27 14:41:48.309986,4.0,1.0,0.0,278.0,0.0,5.0,0.0,0.0,2025-09-27,1,1,16.0,823.8550491997033,0.6296393304192968,0.6580486166617547,0.34195138333824526
2801,2025-09-27 14:44:47.448433,4.0,1.0,0.0,278.0,0.0,5.0,0.0,0.0,2025-09-27,1,1,16.0,823.8550491997033,0.6296393304192968,0.6580486166617547,0.34195138333824526
2802,2025-09-27 14:47:55.330519,4.0,0.0,0.0,278.0,0.0,5.0,0.0,0.0,2025-09-27,0,1,16.0,823.8550491997033,0.6296393304192968,0.6580486166617547,-0.6580486166617547
2803,2025-09-27 14:51:06.932423,4.0,0.0,0.0,278.0,0.0,5.0,0.0,0.0,2025-09-27,0,1,16.0,823.8550491997033,0.6296393304192968,0.6580486166617547,-0.6580486166617547
2804,2025-09-27 15:13:58.640739,10.0,0.0,0.0,278.0,0.0,5.0,0.0,0.0,2025-09-27,0,1,100.0,823.8550491997033,0.004682568025480765,0.0066785679105771075,-0.0066785679105771075
2805,2025-09-27 15:18:59.847813,10.0,0.0,0.0,278.0,0.0,5.0,0.0,0.0,2025-09-27,0,1,100.0,823.8550491997033,0.004682568025480765,0.0066785679105771075,-0.0066785679105771075
2806,2025-09-27 15:24:40.531231,10.0,0.0,0.0,278.0,0.0,5.0,0.0,0.0,2025-09-27,0,1,100.0,823.8550491997033,0.004682568025480765,0.0066785679105771075,-0.0066785679105771075
2807,2025-09-27 15:30:24.968298,7.0,0.0,0.0,278.0,0.0,5.0,0.0,0.0,2025-09-27,0,1,49.0,823.8550491997033,0.08209079497674647,0.10213078272976209,-0.10213078272976209
2808,2025-09-27 15:32:44.115320,7.0,0.0,0.0,278.0,0.0,5.0,0.0,0.0,2025-09-27,0,1,49.0,823.8550491997033,0.08209079497674647,0.10213078272976209,-0.10213078272976209
2809,2025-09-27 15:35:07.622239,7.0,0.0,0.0,278.0,0.0,5.0,0.0,0.0,2025-09-27,0,1,49.0,823.8550491997033,0.08209079497674647,0.10213078272976209,-0.10213078272976209
2810,2025-09-27 15:48:41.008769,7.0,0.0,0.0,278.0,0.0,5.0,0.0,0.0,2025-09-27,0,1,49.0,823.8550491997033,0.08209079497674647,0.10213078272976209,-0.10213078272976209
2811,2025-09-27 15:58:35.819030,7.0,0.0,0.0,278.0,0.0,5.0,0.0,0.0,2025-09-27,0,1,49.0,823.8550491997033,0.08209079497674647,0.10213078272976209,-0.10213078272976209
2812,2025-09-27 16:01:50.222945,7.0,0.0,0.0,278.0,0.0,5.0,0.0,0.0,2025-09-27,0,1,49.0,823.8550491997033,0.08209079497674647,0.10213078272976209,-0.10213078272976209
2813,2025-09-28 09:26:38.270917,10.0,0.0,0.0,278.0,1.0,5.0,0.0,0.0,2025-09-28,0,1,100.0,1452.1817347488213,0.006099188842428196,0.0066785679105771075,-0.0066785679105771075
2814,2025-09-28 09:33:42.085157,10.0,0.0,0.0,278.0,1.0,5.0,0.0,0.0,2025-09-28,0,1,100.0,1452.1817347488213,0.006099188842428196,0.0066785679105771075,-0.0066785679105771075
2815,2025-09-28 12:07:01.855580,3.0,1.0,0.0,278.0,1.0,5.0,0.0,0.0,2025-09-28,1,1,9.0,1452.1817347488213,0.8554560039880389,0.8316552086126385,0.16834479138736147
2816,2025-09-28 12:08:19.761152,6.0,1.0,0.0,278.0,1.0,5.0,0.0,0.0,2025-09-28,1,1,36.0,1452.1817347488213,0.23741728218974978,0.22601051750673395,0.773989482493266
2817,2025-09-28 13:09:19.041174,8.0,0.0,0.0,278.0,1.0,5.0,0.0,0.0,2025-09-28,0,1,64.0,1452.1817347488213,0.0418791163138881,0.042429164124164545,-0.042429164124164545
2818,2025-09-28 13:34:25.959339,8.0,0.0,0.0,278.0,1.0,5.0,0.0,0.0,2025-09-28,0,1,64.0,1452.1817347488213,0.0418791163138881,0.042429164124164545,-0.042429164124164545
2819,2025-09-28 13:58:58.455352,8.0,0.0,0.0,278.0,1.0,5.0,0.0,0.0,2025-09-28,0,1,64.0,1452.1817347488213,0.0418791163138881,0.042429164124164545,-0.042429164124164545
2820,2025-09-28 13:59:01.377462,8.0,0.0,0.0,278.0,1.0,5.0,0.0,0.0,2025-09-28,0,1,64.0,1452.1817347488213,0.0418791163138881,0.042429164124164545,-0.042429164124164545
2821,2025-09-28 14:18:51.841851,5.0,0.0,0.0,278.0,1.0,5.0,0.0,0.0,2025-09-28,0,1,25.0,1452.1817347488213,0.4538209222153012,0.4284486946252726,-0.4284486946252726
2822,2025-09-30 18:24:42.430138,2.0,1.0,0.0,278.0,1.0,5.0,0.0,0.0,2025-09-30,1,1,4.0,1547.2593743510126,0.9426708887302832,0.926912189338107,0.07308781066189296
2823,2025-09-30 18:34:55.495670,3.0,1.0,0.0,278.0,1.0,5.0,0.0,0.0,2025-09-30,1,1,9.0,1547.2593743510126,0.8603573530568795,0.8316552086126385,0.16834479138736147
2824,2025-09-30 18:35:01.839130,2.0,1.0,0.0,278.0,1.0,5.0,0.0,0.0,2025-09-30,1,1,4.0,1547.2593743510126,0.9426708887302832,0.926912189338107,0.07308781066189296
2825,2025-09-30 18:58:19.277940,10.0,0.0,0.0,278.0,1.0,5.0,0.0,0.0,2025-09-30,0,1,100.0,1547.2593743510126,0.006347849077382489,0.0066785679105771075,-0.0066785679105771075
2826,2025-09-30 19:06:19.569902,10.0,0.0,0.0,278.0,1.0,5.0,0.0,0.0,2025-09-30,0,1,100.0,1547.2593743510126,0.006347849077382489,0.0066785679105771075,-0.0066785679105771075
2827,2025-09-30 19:25:15.549853,10.0,0.0,0.0,278.0,1.0,5.0,0.0,0.0,2025-09-30,0,1,100.0,1547.2593743510126,0.006347849077382489,0.0066785679105771075,-0.0066785679105771075
2828,2025-09-30 19:35:14.050051,10.0,0.0,0.0,278.0,1.0,5.0,0.0,0.0,2025-09-30,0,1,100.0,1547.2593743510126,0.006347849077382489,0.0066785679105771075,-0.0066785679105771075
2829,2025-09-30 19:45:42.475566,10.0,0.0,0.0,278.0,1.0,5.0,0.0,0.0,2025-09-30,0,1,100.0,1547.2593743510126,0.006347849077382489,0.0066785679105771075,-0.0066785679105771075
2830,2025-09-30 19:50:31.454810,10.0,0.0,0.0,278.0,1.0,5.0,0.0,0.0,2025-09-30,0,1,100.0,1547.2593743510126,0.006347849077382489,0.0066785679105771075,-0.0066785679105771075
2831,2025-09-30 19:58:35.640831,10.0,0.0,0.0,278.0,1.0,5.0,0.0,0.0,2025-09-30,0,1,100.0,1547.2593743510126,0.006347849077382489,0.0066785679105771075,-0.0066785679105771075
2832,2025-09-30 20:18:28.713785,10.0,0.0,0.0,278.0,1.0,5.0,0.0,0.0,2025-09-30,0,1,100.0,1547.2593743510126,0.006347849077382489,0.0066785679105771075,-0.0066785679105771075
2833,2025-09-30 20:40:29.157042,10.0,0.0,0.0,278.0,1.0,5.0,0.0,0.0,2025-09-30,0,1,100.0,1547.2593743510126,0.006347849077382489,0.0066785679105771075,-0.0066785679105771075
2834,2025-09-30 20:58:21.546138,10.0,0.0,0.0,278.0,1.0,5.0,0.0,0.0,2025-09-30,0,1,100.0,1547.2593743510126,0.006347849077382489,0.0066785679105771075,-0.0066785679105771075
2835,2025-10-03 18:16:03.420082,3.0,1.0,0.0,278.0,0.0,5.0,0.0,0.0,2025-10-03,1,1,9.0,1772.1975956408799,0.8713998086895567,0.8316552086126385,0.16834479138736147
2836,2025-10-03 18:16:14.381200,3.0,1.0,0.0,278.0,0.0,5.0,0.0,0.0,2025-10-03,1,1,9.0,1772.1975956408799,0.8713998086895567,0.8316552086126385,0.16834479138736147
2837,2025-10-03 18:17:34.627959,4.0,1.0,0.0,278.0,0.0,5.0,0.0,0.0,2025-10-03,1,1,16.0,1772.1975956408799,0.717429197234935,0.6580486166617547,0.34195138333824526
2838,2025-10-03 18:19:13.038652,4.0,1.0,0.0,278.0,0.0,5.0,0.0,0.0,2025-10-03,1,1,16.0,1772.1975956408799,0.717429197234935,0.6580486166617547,0.34195138333824526
2839,2025-10-03 18:20:20.211127,5.0,1.0,0.0,278.0,0.0,5.0,0.0,0.0,2025-10-03,1,1,25.0,1772.1975956408799,0.4875269968779084,0.4284486946252726,0.5715513053747274
2840,2025-10-03 18:24:44.088594,6.0,0.0,0.0,278.0,0.0,5.0,0.0,0.0,2025-10-03,0,1,36.0,1772.1975956408799,0.26278374456646675,0.22601051750673395,-0.22601051750673395
2841,2025-10-03 18:30:15.660373,6.0,0.0,0.0,278.0,0.0,5.0,0.0,0.0,2025-10-03,0,1,36.0,1772.1975956408799,0.26278374456646675,0.22601051750673395,-0.22601051750673395
2842,2025-10-03 18:32:41.013578,6.0,0.0,0.0,278.0,0.0,5.0,0.0,0.0,2025-10-03,0,1,36.0,1772.1975956408799,0.26278374456646675,0.22601051750673395,-0.22601051750673395
2843,2025-10-03 18:35:08.975341,6.0,0.0,0.0,278.0,0.0,5.0,0.0,0.0,2025-10-03,0,1,36.0,1772.1975956408799,0.26278374456646675,0.22601051750673395,-0.22601051750673395
2844,2025-10-03 18:37:14.986927,6.0,0.0,0.0,278.0,0.0,5.0,0.0,0.0,2025-10-03,0,1,36.0,1772.1975956408799,0.26278374456646675,0.22601051750673395,-0.22601051750673395
2845,2025-10-03 18:41:14.439214,6.0,0.0,0.0,278.0,0.0,5.0,0.0,0.0,2025-10-03,0,1,36.0,1772.1975956408799,0.26278374456646675,0.22601051750673395,-0.22601051750673395
2846,2025-10-03 18:44:59.702205,6.0,1.0,0.0,278.0,0.0,5.0,0.0,0.0,2025-10-03,1,1,36.0,1772.1975956408799,0.26278374456646675,0.22601051750673395,0.773989482493266
2847,2025-10-03 18:47:46.908295,6.0,0.0,0.0,278.0,0.0,5.0,0.0,0.0,2025-10-03,0,1,36.0,1772.1975956408799,0.26278374456646675,0.22601051750673395,-0.22601051750673395
2848,2025-10-03 18:51:45.717023,7.0,0.0,0.0,278.0,0.0,5.0,0.0,0.0,2025-10-03,0,1,49.0,1772.1975956408799,0.11782423604389429,0.10213078272976209,-0.10213078272976209
2849,2025-10-03 19:03:29.322572,7.0,0.0,0.0,278.0,0.0,5.0,0.0,0.0,2025-10-03,0,1,49.0,1772.1975956408799,0.11782423604389429,0.10213078272976209,-0.10213078272976209
2850,2025-10-04 19:49:01.782675,1.0,1.0,0.0,278.0,0.0,5.0,0.0,0.0,2025-10-04,1,1,1.0,1997.2789296514875,0.9815103144384099,0.9701999099173347,0.029800090082665265
2851,2025-10-04 19:51:28.823561,3.0,1.0,0.0,278.0,0.0,5.0,0.0,0.0,2025-10-04,1,1,9.0,1997.2789296514875,0.8816954555219982,0.8316552086126385,0.16834479138736147
2852,2025-10-04 19:54:05.178090,4.0,1.0,0.0,278.0,0.0,5.0,0.0,0.0,2025-10-04,1,1,16.0,1997.2789296514875,0.7363216468863134,0.6580486166617547,0.34195138333824526
2853,2025-10-04 19:57:23.831941,4.0,1.0,0.0,278.0,0.0,5.0,0.0,0.0,2025-10-04,1,1,16.0,1997.2789296514875,0.7363216468863134,0.6580486166617547,0.34195138333824526
2854,2025-10-04 19:59:54.460512,4.0,1.0,0.0,278.0,0.0,5.0,0.0,0.0,2025-10-04,1,1,16.0,1997.2789296514875,0.7363216468863134,0.6580486166617547,0.34195138333824526
2855,2025-10-04 20:02:55.838423,5.0,1.0,0.0,278.0,0.0,5.0,0.0,0.0,2025-10-04,1,1,25.0,1997.2789296514875,0.5113204556698308,0.4284486946252726,0.5715513053747274
2856,2025-10-04 20:13:58.722721,5.0,1.0,0.0,278.0,0.0,5.0,0.0,0.0,2025-10-04,1,1,25.0,1997.2789296514875,0.5113204556698308,0.4284486946252726,0.5715513053747274
2857,2025-10-04 20:15:24.686687,6.0,1.0,0.0,278.0,0.0,5.0,0.0,0.0,2025-10-04,1,1,36.0,1997.2789296514875,0.2816366129291116,0.22601051750673395,0.773989482493266
2858,2025-10-04 20:19:05.029771,6.0,1.0,0.0,278.0,0.0,5.0,0.0,0.0,2025-10-04,1,1,36.0,1997.2789296514875,0.2816366129291116,0.22601051750673395,0.773989482493266
2859,2025-10-05 20:01:10.880680,3.0,1.0,0.0,278.0,0.0,5.0,0.0,0.0,2025-10-05,1,1,9.0,1911.3969637515722,0.877853986827631,0.8316552086126385,0.16834479138736147
2860,2025-10-05 20:01:17.336365,3.0,1.0,0.0,278.0,0.0,5.0,0.0,0.0,2025-10-05,1,1,9.0,1911.3969637515722,0.877853986827631,0.8316552086126385,0.16834479138736147
2861,2025-10-05 20:04:12.757292,3.0,1.0,0.0,278.0,0.0,5.0,0.0,0.0,2025-10-05,1,1,9.0,1911.3969637515722,0.877853986827631,0.8316552086126385,0.16834479138736147
2862,2025-10-05 20:06:58.404299,3.0,1.0,0.0,278.0,0.0,5.0,0.0,0.0,2025-10-05,1,1,9.0,1911.3969637515722,0.877853986827631,0.8316552086126385,0.16834479138736147
2863,2025-10-07 18:44:19.715481,7.0,0.0,0.0,278.0,1.0,5.0,0.0,0.0,2025-10-07,0,1,49.0,1467.5790207033583,0.10507859249848367,0.10213078272976209,-0.10213078272976209
2864,2025-10-07 18:53:57.038345,7.0,0.0,0.0,278.0,1.0,5.0,0.0,0.0,2025-10-07,0,1,49.0,1467.5790207033583,0.10507859249848367,0.10213078272976209,-0.10213078272976209
2865,2025-10-07 19:06:44.566579,7.0,0.0,0.0,278.0,1.0,5.0,0.0,0.0,2025-10-07,0,1,49.0,1467.5790207033583,0.10507859249848367,0.10213078272976209,-0.10213078272976209
2866,2025-10-07 19:12:32.239257,7.0,0.0,0.0,278.0,1.0,5.0,0.0,0.0,2025-10-07,0,1,49.0,1467.5790207033583,0.10507859249848367,0.10213078272976209,-0.10213078272976209
2867,2025-10-07 19:19:31.600648,7.0,0.0,0.0,278.0,1.0,5.0,0.0,0.0,2025-10-07,0,1,49.0,1467.5790207033583,0.10507859249848367,0.10213078272976209,-0.10213078272976209
2868,2025-10-07 19:25:25.845321,7.0,0.0,0.0,278.0,1.0,5.0,0.0,0.0,2025-10-07,0,1,49.0,1467.5790207033583,0.10507859249848367,0.10213078272976209,-0.10213078272976209
2869,2025-10-07 19:29:04.718257,7.0,0.0,0.0,278.0,1.0,5.0,0.0,0.0,2025-10-07,0,1,49.0,1467.5790207033583,0.10507859249848367,0.10213078272976209,-0.10213078272976209
2870,2025-10-07 19:45:01.315962,7.0,0.0,0.0,278.0,1.0,5.0,0.0,0.0,2025-10-07,0,1,49.0,1467.5790207033583,0.10507859249848367,0.10213078272976209,-0.10213078272976209
2871,2025-10-07 19:46:19.936600,7.0,0.0,0.0,278.0,1.0,5.0,0.0,0.0,2025-10-07,0,1,49.0,1467.5790207033583,0.10507859249848367,0.10213078272976209,-0.10213078272976209
2872,2025-10-07 20:19:30.086486,7.0,0.0,0.0,278.0,1.0,5.0,0.0,0.0,2025-10-07,0,1,49.0,1467.5790207033583,0.10507859249848367,0.10213078272976209,-0.10213078272976209
2873,2025-10-07 20:30:00.878102,7.0,0.0,0.0,278.0,1.0,5.0,0.0,0.0,2025-10-07,0,1,49.0,1467.5790207033583,0.10507859249848367,0.10213078272976209,-0.10213078272976209
2874,2025-10-07 21:24:23.799568,7.0,0.0,0.0,278.0,1.0,5.0,0.0,0.0,2025-10-07,0,1,49.0,1467.5790207033583,0.10507859249848367,0.10213078272976209,-0.10213078272976209
2875,2025-10-09 22:34:31.856231,4.0,1.0,0.0,278.0,0.0,5.0,0.0,0.0,2025-10-09,1,1,16.0,1612.5765149053454,0.7035452892567752,0.6580486166617547,0.34195138333824526
2876,2025-10-09 22:41:18.884178,4.0,1.0,0.0,278.0,0.0,5.0,0.0,0.0,2025-10-09,1,1,16.0,1612.5765149053454,0.7035452892567752,0.6580486166617547,0.34195138333824526
2877,2025-10-09 22:47:26.399562,4.0,0.0,0.0,278.0,0.0,5.0,0.0,0.0,2025-10-09,0,1,16.0,1612.5765149053454,0.7035452892567752,0.6580486166617547,-0.6580486166617547
2878,2025-10-09 23:01:07.923462,7.0,0.0,0.0,278.0,0.0,5.0,0.0,0.0,2025-10-09,0,1,49.0,1612.5765149053454,0.1109864209804812,0.10213078272976209,-0.10213078272976209
2879,2025-10-11 15:42:08.419174,3.0,1.0,0.0,278.0,0.0,5.0,0.0,0.0,2025-10-11,1,1,9.0,1295.901790573615,0.8470898727173857,0.8316552086126385,0.16834479138736147
2880,2025-10-11 16:00:34.536221,4.0,1.0,0.0,278.0,0.0,5.0,0.0,0.0,2025-10-11,1,1,16.0,1295.901790573615,0.6748730703738058,0.6580486166617547,0.34195138333824526
2881,2025-10-11 16:06:59.445585,4.0,0.0,0.0,278.0,0.0,5.0,0.0,0.0,2025-10-11,0,1,16.0,1295.901790573615,0.6748730703738058,0.6580486166617547,-0.6580486166617547
2882,2025-10-11 16:49:41.853713,7.0,0.0,0.0,278.0,1.0,5.0,0.0,0.0,2025-10-11,0,1,49.0,1295.901790573615,0.09844407373411136,0.10213078272976209,-0.10213078272976209
2883,2025-10-11 16:54:23.197347,6.0,1.0,0.0,278.0,1.0,5.0,0.0,0.0,2025-10-11,1,1,36.0,1295.901790573615,0.22565923501017277,0.22601051750673395,0.773989482493266
2884,2025-10-11 17:02:06.789016,7.0,0.0,0.0,278.0,1.0,5.0,0.0,0.0,2025-10-11,0,1,49.0,1295.901790573615,0.09844407373411136,0.10213078272976209,-0.10213078272976209
2885,2025-10-11 17:33:35.141246,7.0,1.0,0.0,278.0,1.0,5.0,0.0,0.0,2025-10-11,1,1,49.0,1295.901790573615,0.09844407373411136,0.10213078272976209,0.8978692172702379
2886,2025-10-13 20:25:15.464933,4.0,0.0,0.0,278.0,0.0,5.0,0.0,0.0,2025-10-13,0,1,16.0,1168.021419215717,0.662895748722101,0.6580486166617547,-0.6580486166617547
2887,2025-10-13 20:29:13.130786,4.0,1.0,0.0,278.0,0.0,5.0,0.0,0.0,2025-10-13,1,1,16.0,1168.021419215717,0.662895748722101,0.6580486166617547,0.34195138333824526
2888,2025-10-13 20:31:46.101536,4.0,1.0,0.0,278.0,0.0,5.0,0.0,0.0,2025-10-13,1,1,16.0,1168.021419215717,0.662895748722101,0.6580486166617547,0.34195138333824526
2889,2025-10-13 20:36:12.715853,4.0,1.0,0.0,278.0,0.0,5.0,0.0,0.0,2025-10-13,1,1,16.0,1168.021419215717,0.662895748722101,0.6580486166617547,0.34195138333824526
2890,2025-10-13 20:39:31.214606,4.0,1.0,0.0,278.0,0.0,5.0,0.0,0.0,2025-10-13,1,1,16.0,1168.021419215717,0.662895748722101,0.6580486166617547,0.34195138333824526
2891,2025-10-13 20:42:24.102469,4.0,1.0,0.0,278.0,0.0,5.0,0.0,0.0,2025-10-13,1,1,16.0,1168.021419215717,0.662895748722101,0.6580486166617547,0.34195138333824526
2892,2025-10-13 20:45:20.191534,4.0,1.0,0.0,278.0,0.0,5.0,0.0,0.0,2025-10-13,1,1,16.0,1168.021419215717,0.662895748722101,0.6580486166617547,0.34195138333824526
2893,2025-10-13 20:48:09.964117,4.0,1.0,0.0,278.0,1.0,5.0,0.0,0.0,2025-10-13,1,1,16.0,1168.021419215717,0.662895748722101,0.6580486166617547,0.34195138333824526
2894,2025-10-13 20:50:52.428987,4.0,1.0,0.0,278.0,0.0,5.0,0.0,0.0,2025-10-13,1,1,16.0,1168.021419215717,0.662895748722101,0.6580486166617547,0.34195138333824526
2895,2025-10-13 20:54:31.154530,4.0,1.0,0.0,278.0,1.0,5.0,0.0,0.0,2025-10-13,1,1,16.0,1168.021419215717,0.662895748722101,0.6580486166617547,0.34195138333824526
2896,2025-10-13 21:08:15.699974,7.0,0.0,0.0,278.0,0.0,5.0,0.0,0.0,2025-10-13,0,1,49.0,1168.021419215717,0.093747162627775,0.10213078272976209,-0.10213078272976209
2897,2025-10-13 21:12:45.933198,7.0,0.0,0.0,278.0,0.0,5.0,0.0,0.0,2025-10-13,0,1,49.0,1168.021419215717,0.093747162627775,0.10213078272976209,-0.10213078272976209
2898,2025-10-13 21:19:18.117339,7.0,0.0,0.0,278.0,0.0,5.0,0.0,0.0,2025-10-13,0,1,49.0,1168.021419215717,0.093747162627775,0.10213078272976209,-0.10213078272976209
2899,2025-10-13 21:33:00.362895,7.0,0.0,0.0,278.0,0.0,5.0,0.0,0.0,2025-10-13,0,1,49.0,1168.021419215717,0.093747162627775,0.10213078272976209,-0.10213078272976209
2900,2025-10-15 19:10:54.610943,3.0,1.0,0.0,278.0,0.0,5.0,0.0,0.0,2025-10-15,1,1,9.0,1186.3501066772453,0.8409915938028362,0.8316552086126385,0.16834479138736147
2901,2025-10-15 19:12:25.596776,3.0,1.0,0.0,278.0,0.0,5.0,0.0,0.0,2025-10-15,1,1,9.0,1186.3501066772453,0.8409915938028362,0.8316552086126385,0.16834479138736147
2902,2025-10-15 19:13:38.460473,3.0,1.0,0.0,278.0,0.0,5.0,0.0,0.0,2025-10-15,1,1,9.0,1186.3501066772453,0.8409915938028362,0.8316552086126385,0.16834479138736147
2903,2025-10-15 19:15:03.122211,4.0,1.0,0.0,278.0,0.0,5.0,0.0,0.0,2025-10-15,1,1,16.0,1186.3501066772453,0.6646257692656357,0.6580486166617547,0.34195138333824526
2904,2025-10-15 19:18:02.434049,4.0,1.0,0.0,278.0,0.0,5.0,0.0,0.0,2025-10-15,1,1,16.0,1186.3501066772453,0.6646257692656357,0.6580486166617547,0.34195138333824526
2905,2025-10-15 19:21:42.925240,2.0,1.0,0.0,278.0,0.0,5.0,0.0,0.0,2025-10-15,1,1,4.0,1186.3501066772453,0.9338426571083258,0.926912189338107,0.07308781066189296
2906,2025-10-15 19:24:47.845967,3.0,1.0,0.0,278.0,0.0,5.0,0.0,0.0,2025-10-15,1,1,9.0,1186.3501066772453,0.8409915938028362,0.8316552086126385,0.16834479138736147
2907,2025-10-15 19:27:57.942493,5.0,1.0,0.0,278.0,0.0,5.0,0.0,0.0,2025-10-15,1,1,25.0,1186.3501066772453,0.426127080127801,0.4284486946252726,0.5715513053747274
2908,2025-10-15 19:31:57.506029,5.0,1.0,0.0,278.0,0.0,5.0,0.0,0.0,2025-10-15,1,1,25.0,1186.3501066772453,0.426127080127801,0.4284486946252726,0.5715513053747274
2909,2025-10-15 19:44:57.750770,4.0,1.0,0.0,278.0,0.0,5.0,0.0,0.0,2025-10-15,1,1,16.0,1186.3501066772453,0.6646257692656357,0.6580486166617547,0.34195138333824526
2910,2025-10-15 19:53:50.422102,5.0,1.0,0.0,278.0,0.0,5.0,0.0,0.0,2025-10-15,1,1,25.0,1186.3501066772453,0.426127080127801,0.4284486946252726,0.5715513053747274
2911,2025-10-15 20:02:06.363304,6.0,0.0,0.0,278.0,0.0,5.0,0.0,0.0,2025-10-15,0,1,36.0,1186.3501066772453,0.21766636363509656,0.22601051750673395,-0.22601051750673395
2912,2025-10-15 20:02:13.594439,6.0,0.0,0.0,278.0,0.0,5.0,0.0,0.0,2025-10-15,0,1,36.0,1186.3501066772453,0.21766636363509656,0.22601051750673395,-0.22601051750673395
2913,2025-10-15 20:09:44.342662,6.0,0.0,0.0,278.0,0.0,5.0,0.0,0.0,2025-10-15,0,1,36.0,1186.3501066772453,0.21766636363509656,0.22601051750673395,-0.22601051750673395
2914,2025-10-15 20:15:13.553123,6.0,1.0,0.0,278.0,0.0,5.0,0.0,0.0,2025-10-15,1,1,36.0,1186.3501066772453,0.21766636363509656,0.22601051750673395,0.773989482493266
2915,2025-10-15 20:21:32.534898,6.0,1.0,0.0,278.0,0.0,5.0,0.0,0.0,2025-10-15,1,1,36.0,1186.3501066772453,0.21766636363509656,0.22601051750673395,0.773989482493266
2916,2025-10-15 20:26:59.552381,2.0,1.0,0.0,278.0,0.0,5.0,0.0,0.0,2025-10-15,1,1,4.0,1186.3501066772453,0.9338426571083258,0.926912189338107,0.07308781066189296
2917,2025-10-15 20:32:41.042675,2.0,1.0,0.0,278.0,0.0,5.0,0.0,0.0,2025-10-15,1,1,4.0,1186.3501066772453,0.9338426571083258,0.926912189338107,0.07308781066189296
2918,2025-10-15 20:40:35.298289,3.0,1.0,0.0,278.0,0.0,5.0,0.0,0.0,2025-10-15,1,1,9.0,1186.3501066772453,0.8409915938028362,0.8316552086126385,0.16834479138736147
2919,2025-10-19 14:02:00.038143,10.0,0.0,0.0,278.0,1.0,5.0,0.0,0.0,2025-10-19,0,1,100.0,904.4714649976588,0.00484418384439325,0.0066785679105771075,-0.0066785679105771075
2920,2025-10-19 14:07:19.086949,10.0,0.0,0.0,278.0,1.0,5.0,0.0,0.0,2025-10-19,0,1,100.0,904.4714649976588,0.00484418384439325,0.0066785679105771075,-0.0066785679105771075
2921,2025-10-19 14:11:37.911780,10.0,0.0,0.0,278.0,1.0,5.0,0.0,0.0,2025-10-19,0,1,100.0,904.4714649976588,0.00484418384439325,0.0066785679105771075,-0.0066785679105771075
2922,2025-10-19 14:17:57.614243,10.0,0.0,0.0,278.0,1.0,5.0,0.0,0.0,2025-10-19,0,1,100.0,904.4714649976588,0.00484418384439325,0.0066785679105771075,-0.0066785679105771075
2923,2025-10-19 14:24:26.721437,10.0,0.0,0.0,278.0,1.0,5.0,0.0,0.0,2025-10-19,0,1,100.0,904.4714649976588,0.00484418384439325,0.0066785679105771075,-0.0066785679105771075
2924,2025-10-19 14:36:06.180496,10.0,0.0,0.0,278.0,1.0,5.0,0.0,0.0,2025-10-19,0,1,100.0,904.4714649976588,0.00484418384439325,0.0066785679105771075,-0.0066785679105771075
2925,2025-10-19 14:41:14.919869,10.0,0.0,0.0,278.0,1.0,5.0,0.0,0.0,2025-10-19,0,1,100.0,904.4714649976588,0.00484418384439325,0.0066785679105771075,-0.0066785679105771075
2926,2025-10-19 14:54:44.440808,10.0,0.0,0.0,278.0,1.0,5.0,0.0,0.0,2025-10-19,0,1,100.0,904.4714649976588,0.00484418384439325,0.0066785679105771075,-0.0066785679105771075
2927,2025-10-19 15:02:46.350114,10.0,0.0,0.0,278.0,1.0,5.0,0.0,0.0,2025-10-19,0,1,100.0,904.4714649976588,0.00484418384439325,0.0066785679105771075,-0.0066785679105771075
2928,2025-10-19 15:20:13.994484,10.0,0.0,0.0,278.0,1.0,5.0,0.0,0.0,2025-10-19,0,1,100.0,904.4714649976588,0.00484418384439325,0.0066785679105771075,-0.0066785679105771075
2929,2025-10-21 20:42:54.830343,4.0,0.0,0.0,278.0,1.0,5.0,0.0,0.0,2025-10-21,0,1,16.0,1546.5676679304604,0.6976898474730554,0.6580486166617547,-0.6580486166617547
2930,2025-10-21 20:45:57.703291,4.0,1.0,0.0,278.0,1.0,5.0,0.0,0.0,2025-10-21,1,1,16.0,1546.5676679304604,0.6976898474730554,0.6580486166617547,0.34195138333824526
2931,2025-10-21 20:49:34.648919,4.0,0.0,0.0,278.0,1.0,5.0,0.0,0.0,2025-10-21,0,1,16.0,1546.5676679304604,0.6976898474730554,0.6580486166617547,-0.6580486166617547
2932,2025-10-21 20:53:12.851042,4.0,0.0,0.0,278.0,1.0,5.0,0.0,0.0,2025-10-21,0,1,16.0,1546.5676679304604,0.6976898474730554,0.6580486166617547,-0.6580486166617547
2933,2025-10-21 20:57:13.908084,4.0,0.0,0.0,278.0,1.0,5.0,0.0,0.0,2025-10-21,0,1,16.0,1546.5676679304604,0.6976898474730554,0.6580486166617547,-0.6580486166617547
2934,2025-10-21 21:05:29.464178,4.0,1.0,0.0,278.0,1.0,5.0,0.0,0.0,2025-10-21,1,1,16.0,1546.5676679304604,0.6976898474730554,0.6580486166617547,0.34195138333824526
2935,2025-10-21 21:10:14.744445,4.0,0.0,0.0,278.0,1.0,5.0,0.0,0.0,2025-10-21,0,1,16.0,1546.5676679304604,0.6976898474730554,0.6580486166617547,-0.6580486166617547
2936,2025-10-21 21:11:52.804820,4.0,0.0,0.0,278.0,1.0,5.0,0.0,0.0,2025-10-21,0,1,16.0,1546.5676679304604,0.6976898474730554,0.6580486166617547,-0.6580486166617547
2937,2025-10-21 21:15:35.994116,4.0,0.0,0.0,278.0,1.0,5.0,0.0,0.0,2025-10-21,0,1,16.0,1546.5676679304604,0.6976898474730554,0.6580486166617547,-0.6580486166617547
2938,2025-10-21 21:20:15.871486,4.0,0.0,0.0,278.0,1.0,5.0,0.0,0.0,2025-10-21,0,1,16.0,1546.5676679304604,0.6976898474730554,0.6580486166617547,-0.6580486166617547
2939,2025-10-21 21:34:17.922443,4.0,0.0,0.0,278.0,1.0,5.0,0.0,0.0,2025-10-21,0,1,16.0,1546.5676679304604,0.6976898474730554,0.6580486166617547,-0.6580486166617547
2940,2025-10-31 14:20:41.631736,4.0,1.0,0.0,278.0,1.0,5.0,0.0,0.0,2025-10-31,1,1,16.0,419.2922807536781,0.5889366324703966,0.6580486166617547,0.34195138333824526
2941,2025-10-31 14:20:51.374379,6.0,0.0,0.0,278.0,1.0,5.0,0.0,0.0,2025-10-31,0,1,36.0,419.2922807536781,0.16746181285013376,0.22601051750673395,-0.22601051750673395
2942,2025-10-31 15:12:47.640390,3.0,0.0,0.0,278.0,1.0,5.0,0.0,0.0,2025-10-31,0,1,9.0,419.2922807536781,0.7926902833894569,0.8316552086126385,-0.8316552086126385
2943,2025-10-31 15:35:10.211638,3.0,0.0,0.0,278.0,1.0,5.0,0.0,0.0,2025-10-31,0,1,9.0,419.2922807536781,0.7926902833894569,0.8316552086126385,-0.8316552086126385
2944,2025-10-31 15:56:38.698940,3.0,0.0,0.0,278.0,1.0,5.0,0.0,0.0,2025-10-31,0,1,9.0,419.2922807536781,0.7926902833894569,0.8316552086126385,-0.8316552086126385
2945,2025-10-31 17:39:43.235148,5.0,0.0,0.0,278.0,1.0,5.0,0.0,0.0,2025-10-31,0,1,25.0,419.2922807536781,0.3493093839126577,0.4284486946252726,-0.4284486946252726
2946,2025-10-31 17:56:56.027933,5.0,0.0,0.0,278.0,1.0,5.0,0.0,0.0,2025-10-31,0,1,25.0,419.2922807536781,0.3493093839126577,0.4284486946252726,-0.4284486946252726
2947,2025-11-12 19:18:56.714726,2.0,1.0,0.0,278.0,0.0,5.0,0.0,0.0,2025-11-12,1,1,4.0,102.31083244824275,0.8992399202862434,0.926912189338107,0.07308781066189296
2948,2025-11-12 19:19:04.849738,3.0,1.0,0.0,278.0,0.0,5.0,0.0,0.0,2025-11-12,1,1,9.0,102.31083244824275,0.769796084767579,0.8316552086126385,0.16834479138736147
2949,2025-11-12 19:22:14.442408,3.0,1.0,0.0,278.0,0.0,5.0,0.0,0.0,2025-11-12,1,1,9.0,102.31083244824275,0.769796084767579,0.8316552086126385,0.16834479138736147
2950,2025-11-12 19:23:56.866560,1.0,1.0,0.0,278.0,0.0,5.0,0.0,0.0,2025-11-12,1,1,1.0,102.31083244824275,0.9597071870871042,0.9701999099173347,0.029800090082665265
2951,2025-11-12 19:27:45.676519,4.0,1.0,0.0,278.0,0.0,5.0,0.0,0.0,2025-11-12,1,1,16.0,102.31083244824275,0.55614044600243,0.6580486166617547,0.34195138333824526
2952,2025-11-12 19:33:18.940030,2.0,1.0,0.0,278.0,0.0,5.0,0.0,0.0,2025-11-12,1,1,4.0,102.31083244824275,0.8992399202862434,0.926912189338107,0.07308781066189296
2953,2025-11-12 19:34:45.871057,3.0,1.0,0.0,278.0,0.0,5.0,0.0,0.0,2025-11-12,1,1,9.0,102.31083244824275,0.769796084767579,0.8316552086126385,0.16834479138736147
2954,2025-11-12 19:38:32.741307,4.0,1.0,0.0,278.0,0.0,5.0,0.0,0.0,2025-11-12,1,1,16.0,102.31083244824275,0.55614044600243,0.6580486166617547,0.34195138333824526
2955,2025-11-12 19:54:29.365443,5.0,1.0,0.0,278.0,0.0,5.0,0.0,0.0,2025-11-12,1,1,25.0,102.31083244824275,0.31948602846384855,0.4284486946252726,0.5715513053747274
2956,2025-11-12 20:01:36.402369,6.0,1.0,0.0,278.0,0.0,5.0,0.0,0.0,2025-11-12,1,1,36.0,102.31083244824275,0.14959484405973764,0.22601051750673395,0.773989482493266
2957,2025-11-12 20:09:41.607902,6.0,1.0,0.0,278.0,0.0,5.0,0.0,0.0,2025-11-12,1,1,36.0,102.31083244824275,0.14959484405973764,0.22601051750673395,0.773989482493266
2958,2025-11-12 20:17:23.839006,4.0,1.0,0.0,278.0,0.0,5.0,0.0,0.0,2025-11-12,1,1,16.0,102.31083244824275,0.55614044600243,0.6580486166617547,0.34195138333824526
2959,2025-11-12 20:28:41.629210,6.0,1.0,0.0,278.0,0.0,5.0,0.0,0.0,2025-11-12,1,1,36.0,102.31083244824275,0.14959484405973764,0.22601051750673395,0.773989482493266
2960,2025-11-16 10:24:03.353831,10.0,0.0,0.0,278.0,1.0,5.0,0.0,0.0,2025-11-16,0,1,100.0,199.13905664546115,0.003599259524361539,0.0066785679105771075,-0.0066785679105771075
2961,2025-11-16 11:25:17.997266,4.0,1.0,0.0,278.0,1.0,5.0,0.0,0.0,2025-11-16,1,1,16.0,199.13905664546115,0.5662244920650207,0.6580486166617547,0.34195138333824526
2962,2025-11-16 11:45:05.655617,8.0,0.0,0.0,278.0,1.0,5.0,0.0,0.0,2025-11-16,0,1,64.0,199.13905664546115,0.0250838701752338,0.042429164124164545,-0.042429164124164545
2963,2025-11-16 11:45:11.132590,11.0,0.0,0.0,278.0,1.0,5.0,0.0,0.0,2025-11-16,0,1,121.0,199.13905664546115,0.0013516604965557266,0.002612206925651033,-0.002612206925651033
2964,2025-11-16 11:55:11.962682,11.0,0.0,0.0,278.0,1.0,5.0,0.0,0.0,2025-11-16,0,1,121.0,199.13905664546115,0.0013516604965557266,0.002612206925651033,-0.002612206925651033
2965,2025-11-16 12:31:00.640829,8.0,0.0,0.0,278.0,1.0,5.0,0.0,0.0,2025-11-16,0,1,64.0,199.13905664546115,0.0250838701752338,0.042429164124164545,-0.042429164124164545
2966,2025-11-16 12:49:20.514811,8.0,0.0,0.0,278.0,1.0,5.0,0.0,0.0,2025-11-16,0,1,64.0,199.13905664546115,0.0250838701752338,0.042429164124164545,-0.042429164124164545
2967,2025-11-18 19:53:30.764471,9.0,0.0,0.0,278.0,1.0,5.0,0.0,0.0,2025-11-18,0,1,81.0,626.431324096097,0.011418204062828471,0.016967253101591025,-0.016967253101591025
2968,2025-11-18 19:53:36.486640,9.0,0.0,0.0,278.0,1.0,5.0,0.0,0.0,2025-11-18,0,1,81.0,626.431324096097,0.011418204062828471,0.016967253101591025,-0.016967253101591025
2969,2025-11-18 19:53:40.123953,9.0,0.0,0.0,278.0,1.0,5.0,0.0,0.0,2025-11-18,0,1,81.0,626.431324096097,0.011418204062828471,0.016967253101591025,-0.016967253101591025
2970,2025-11-18 20:12:16.807264,9.0,0.0,0.0,278.0,1.0,5.0,0.0,0.0,2025-11-18,0,1,81.0,626.431324096097,0.011418204062828471,0.016967253101591025,-0.016967253101591025
2971,2025-11-18 20:12:21.230493,9.0,0.0,0.0,278.0,1.0,5.0,0.0,0.0,2025-11-18,0,1,81.0,626.431324096097,0.011418204062828471,0.016967253101591025,-0.016967253101591025
2972,2025-11-18 20:38:13.312232,9.0,0.0,0.0,278.0,1.0,5.0,0.0,0.0,2025-11-18,0,1,81.0,626.431324096097,0.011418204062828471,0.016967253101591025,-0.016967253101591025
2973,2025-11-18 20:38:16.534406,9.0,0.0,0.0,278.0,1.0,5.0,0.0,0.0,2025-11-18,0,1,81.0,626.431324096097,0.011418204062828471,0.016967253101591025,-0.016967253101591025
2974,2025-11-18 20:38:22.011039,9.0,0.0,0.0,278.0,1.0,5.0,0.0,0.0,2025-11-18,0,1,81.0,626.431324096097,0.011418204062828471,0.016967253101591025,-0.016967253101591025
2975,2025-11-18 21:33:33.411951,9.0,0.0,0.0,278.0,1.0,5.0,0.0,0.0,2025-11-18,0,1,81.0,626.431324096097,0.011418204062828471,0.016967253101591025,-0.016967253101591025
2976,2025-11-18 21:33:36.503012,9.0,0.0,0.0,278.0,1.0,5.0,0.0,0.0,2025-11-18,0,1,81.0,626.431324096097,0.011418204062828471,0.016967253101591025,-0.016967253101591025
2977,2025-11-18 21:33:39.651399,9.0,0.0,0.0,278.0,1.0,5.0,0.0,0.0,2025-11-18,0,1,81.0,626.431324096097,0.011418204062828471,0.016967253101591025,-0.016967253101591025
2978,2025-11-20 20:21:15.742264,2.0,1.0,0.0,278.0,0.0,5.0,0.0,0.0,2025-11-20,1,1,4.0,1243.1371244067138,0.9353110394040496,0.926912189338107,0.07308781066189296
2979,2025-11-20 20:24:46.349111,3.0,1.0,0.0,278.0,0.0,5.0,0.0,0.0,2025-11-20,1,1,9.0,1243.1371244067138,0.8441769543856619,0.8316552086126385,0.16834479138736147
2980,2025-11-20 20:30:17.518204,4.0,1.0,0.0,278.0,0.0,5.0,0.0,0.0,2025-11-20,1,1,16.0,1243.1371244067138,0.6699576702812587,0.6580486166617547,0.34195138333824526
2981,2025-11-20 20:33:40.440783,4.0,1.0,0.0,278.0,0.0,5.0,0.0,0.0,2025-11-20,1,1,16.0,1243.1371244067138,0.6699576702812587,0.6580486166617547,0.34195138333824526
2982,2025-11-20 20:35:40.980028,4.0,1.0,0.0,278.0,0.0,5.0,0.0,0.0,2025-11-20,1,1,16.0,1243.1371244067138,0.6699576702812587,0.6580486166617547,0.34195138333824526
2983,2025-11-20 21:12:18.787913,4.0,1.0,0.0,278.0,0.0,5.0,0.0,0.0,2025-11-20,1,1,16.0,1243.1371244067138,0.6699576702812587,0.6580486166617547,0.34195138333824526
2984,2025-11-20 21:15:23.816249,4.0,0.0,0.0,278.0,0.0,5.0,0.0,0.0,2025-11-20,0,1,16.0,1243.1371244067138,0.6699576702812587,0.6580486166617547,-0.6580486166617547
2985,2025-11-20 21:19:55.456004,4.0,0.0,0.0,278.0,0.0,5.0,0.0,0.0,2025-11-20,0,1,16.0,1243.1371244067138,0.6699576702812587,0.6580486166617547,-0.6580486166617547
2986,2025-11-20 21:32:53.917735,4.0,0.0,0.0,278.0,0.0,5.0,0.0,0.0,2025-11-20,0,1,16.0,1243.1371244067138,0.6699576702812587,0.6580486166617547,-0.6580486166617547
2987,2025-11-22 15:07:12.040737,1.0,1.0,0.0,278.0,1.0,5.0,0.0,0.0,2025-11-22,1,1,1.0,1042.5490586393248,0.9725646140646967,0.9701999099173347,0.029800090082665265
2988,2025-11-22 15:07:20.513256,2.0,1.0,0.0,278.0,1.0,5.0,0.0,0.0,2025-11-22,1,1,4.0,1042.5490586393248,0.9299847684872755,0.926912189338107,0.07308781066189296
2989,2025-11-22 15:07:25.152090,4.0,0.0,0.0,278.0,1.0,5.0,0.0,0.0,2025-11-22,0,1,16.0,1042.5490586393248,0.6509369987709149,0.6580486166617547,-0.6580486166617547
2990,2025-11-22 15:19:25.633840,5.0,1.0,0.0,278.0,1.0,5.0,0.0,0.0,2025-11-22,1,1,25.0,1042.5490586393248,0.4113258592162912,0.4284486946252726,0.5715513053747274
2991,2025-11-22 15:52:53.056041,5.0,0.0,0.0,278.0,1.0,5.0,0.0,0.0,2025-11-22,0,1,25.0,1042.5490586393248,0.4113258592162912,0.4284486946252726,-0.4284486946252726
2992,2025-11-22 16:01:30.658480,5.0,1.0,0.0,278.0,1.0,5.0,0.0,0.0,2025-11-22,1,1,25.0,1042.5490586393248,0.4113258592162912,0.4284486946252726,0.5715513053747274
2993,2025-11-22 16:38:46.629667,8.0,0.0,0.0,278.0,1.0,5.0,0.0,0.0,2025-11-22,0,1,64.0,1042.5490586393248,0.03545372499651013,0.042429164124164545,-0.042429164124164545
2994,2025-11-22 16:41:08.345109,8.0,0.0,0.0,278.0,1.0,5.0,0.0,0.0,2025-11-22,0,1,64.0,1042.5490586393248,0.03545372499651013,0.042429164124164545,-0.042429164124164545
2995,2025-11-22 16:45:23.796353,8.0,0.0,0.0,278.0,1.0,5.0,0.0,0.0,2025-11-22,0,1,64.0,1042.5490586393248,0.03545372499651013,0.042429164124164545,-0.042429164124164545
2996,2025-11-22 16:50:53.310510,8.0,0.0,0.0,278.0,1.0,5.0,0.0,0.0,2025-11-22,0,1,64.0,1042.5490586393248,0.03545372499651013,0.042429164124164545,-0.042429164124164545
2997,2025-11-22 16:58:24.712167,8.0,1.0,0.0,278.0,1.0,5.0,0.0,0.0,2025-11-22,1,1,64.0,1042.5490586393248,0.03545372499651013,0.042429164124164545,0.9575708358758355
2998,2025-11-23 10:39:25.821061,5.0,1.0,0.0,278.0,1.0,5.0,0.0,0.0,2025-11-23,1,1,25.0,1319.7627383397867,0.43997902540423367,0.4284486946252726,0.5715513053747274
2999,2025-11-23 10:39:31.816464,5.0,0.0,0.0,278.0,1.0,5.0,0.0,0.0,2025-11-23,0,1,25.0,1319.7627383397867,0.43997902540423367,0.4284486946252726,-0.4284486946252726
3000,2025-11-23 11:30:09.350793,4.0,0.0,0.0,278.0,1.0,5.0,0.0,0.0,2025-11-23,0,1,16.0,1319.7627383397867,0.6770833843539155,0.6580486166617547,-0.6580486166617547
3001,2025-11-23 11:54:58.084979,9.0,0.0,0.0,278.0,1.0,5.0,0.0,0.0,2025-11-23,0,1,81.0,1319.7627383397867,0.015249567453239845,0.016967253101591025,-0.016967253101591025
3002,2025-11-25 19:20:56.503414,4.0,1.0,0.0,278.0,0.0,5.0,0.0,0.0,2025-11-25,1,1,16.0,1119.2027813724862,0.6582665760933272,0.6580486166617547,0.34195138333824526
3003,2025-11-25 19:48:27.803481,4.0,1.0,0.0,278.0,0.0,5.0,0.0,0.0,2025-11-25,1,1,16.0,1119.2027813724862,0.6582665760933272,0.6580486166617547,0.34195138333824526
3004,2025-11-25 19:48:31.228680,4.0,0.0,0.0,278.0,0.0,5.0,0.0,0.0,2025-11-25,0,1,16.0,1119.2027813724862,0.6582665760933272,0.6580486166617547,-0.6580486166617547
3005,2025-12-02 20:04:00.786292,1.0,1.0,0.0,278.0,0.0,5.0,0.0,0.0,2025-12-02,1,1,1.0,432.1015903613276,0.964767935348813,0.9701999099173347,0.029800090082665265
3006,2025-12-02 20:04:08.770749,1.0,1.0,0.0,278.0,0.0,5.0,0.0,0.0,2025-12-02,1,1,1.0,432.1015903613276,0.964767935348813,0.9701999099173347,0.029800090082665265
3007,2025-12-02 20:04:11.805179,2.0,1.0,0.0,278.0,0.0,5.0,0.0,0.0,2025-12-02,1,1,4.0,432.1015903613276,0.9111925355948581,0.926912189338107,0.07308781066189296
3008,2025-12-02 20:05:23.783623,2.0,1.0,0.0,278.0,0.0,5.0,0.0,0.0,2025-12-02,1,1,4.0,432.1015903613276,0.9111925355948581,0.926912189338107,0.07308781066189296
3009,2025-12-02 20:05:38.784714,2.0,1.0,0.0,278.0,0.0,5.0,0.0,0.0,2025-12-02,1,1,4.0,432.1015903613276,0.9111925355948581,0.926912189338107,0.07308781066189296
3010,2025-12-02 20:07:15.048052,3.0,1.0,0.0,278.0,0.0,5.0,0.0,0.0,2025-12-02,1,1,9.0,432.1015903613276,0.7935791169091704,0.8316552086126385,0.16834479138736147
3011,2025-12-02 20:10:51.479861,3.0,1.0,0.0,278.0,0.0,5.0,0.0,0.0,2025-12-02,1,1,9.0,432.1015903613276,0.7935791169091704,0.8316552086126385,0.16834479138736147
3012,2025-12-02 20:10:58.507004,3.0,1.0,0.0,278.0,0.0,5.0,0.0,0.0,2025-12-02,1,1,9.0,432.1015903613276,0.7935791169091704,0.8316552086126385,0.16834479138736147
3013,2025-12-02 20:13:41.739794,4.0,1.0,0.0,278.0,0.0,5.0,0.0,0.0,2025-12-02,1,1,16.0,432.1015903613276,0.5902474838508994,0.6580486166617547,0.34195138333824526
3014,2025-12-02 20:13:46.396373,4.0,1.0,0.0,278.0,0.0,5.0,0.0,0.0,2025-12-02,1,1,16.0,432.1015903613276,0.5902474838508994,0.6580486166617547,0.34195138333824526
3015,2025-12-02 20:16:46.619572,4.0,1.0,0.0,278.0,0.0,5.0,0.0,0.0,2025-12-02,1,1,16.0,432.1015903613276,0.5902474838508994,0.6580486166617547,0.34195138333824526
3016,2025-12-02 20:16:49.915931,4.0,1.0,0.0,278.0,0.0,5.0,0.0,0.0,2025-12-02,1,1,16.0,432.1015903613276,0.5902474838508994,0.6580486166617547,0.34195138333824526
3017,2025-12-02 20:19:06.653310,4.0,1.0,0.0,278.0,0.0,5.0,0.0,0.0,2025-12-02,1,1,16.0,432.1015903613276,0.5902474838508994,0.6580486166617547,0.34195138333824526
3018,2025-12-02 20:21:57.566639,5.0,0.0,0.0,278.0,0.0,5.0,0.0,0.0,2025-12-02,0,1,25.0,432.1015903613276,0.3505417075450339,0.4284486946252726,-0.4284486946252726
3019,2025-12-02 20:25:34.411597,5.0,1.0,0.0,278.0,0.0,5.0,0.0,0.0,2025-12-02,1,1,25.0,432.1015903613276,0.3505417075450339,0.4284486946252726,0.5715513053747274
3020,2025-12-07 14:42:49.067136,0.0,1.0,0.0,278.0,0.0,5.0,0.0,0.0,2025-12-07,1,1,0.0,308.0985285060098,0.9857849197827935,0.9881766398835915,0.011823360116408499
3021,2025-12-07 14:42:55.881849,3.0,1.0,0.0,278.0,0.0,5.0,0.0,0.0,2025-12-07,1,1,9.0,308.0985285060098,0.7848559456011395,0.8316552086126385,0.16834479138736147
3022,2025-12-07 14:44:25.849185,4.0,0.0,0.0,278.0,0.0,5.0,0.0,0.0,2025-12-07,0,1,16.0,308.0985285060098,0.5775063175090019,0.6580486166617547,-0.6580486166617547
3023,2025-12-07 14:49:59.493775,4.0,0.0,0.0,278.0,0.0,5.0,0.0,0.0,2025-12-07,0,1,16.0,308.0985285060098,0.5775063175090019,0.6580486166617547,-0.6580486166617547
3024,2025-12-07 14:54:42.867414,4.0,0.0,0.0,278.0,0.0,5.0,0.0,0.0,2025-12-07,0,1,16.0,308.0985285060098,0.5775063175090019,0.6580486166617547,-0.6580486166617547
3025,2025-12-07 14:58:03.614201,4.0,1.0,0.0,278.0,0.0,5.0,0.0,0.0,2025-12-07,1,1,16.0,308.0985285060098,0.5775063175090019,0.6580486166617547,0.34195138333824526
3026,2025-12-10 17:26:57.471553,4.0,1.0,0.0,278.0,1.0,5.0,0.0,0.0,2025-12-10,1,1,16.0,255.56525743115597,0.5720762822630311,0.6580486166617547,0.34195138333824526
3027,2025-12-10 17:27:02.325704,4.0,1.0,0.0,278.0,1.0,5.0,0.0,0.0,2025-12-10,1,1,16.0,255.56525743115597,0.5720762822630311,0.6580486166617547,0.34195138333824526
3028,2025-12-10 17:40:44.233559,8.0,0.0,0.0,278.0,1.0,5.0,0.0,0.0,2025-12-10,0,1,64.0,255.56525743115597,0.025674115455556517,0.042429164124164545,-0.042429164124164545
3029,2025-12-10 17:50:18.817790,8.0,0.0,0.0,278.0,1.0,5.0,0.0,0.0,2025-12-10,0,1,64.0,255.56525743115597,0.025674115455556517,0.042429164124164545,-0.042429164124164545
3030,2025-12-10 18:00:17.724888,8.0,0.0,0.0,278.0,1.0,5.0,0.0,0.0,2025-12-10,0,1,64.0,255.56525743115597,0.025674115455556517,0.042429164124164545,-0.042429164124164545
3031,2025-12-10 18:26:20.490411,8.0,0.0,0.0,278.0,1.0,5.0,0.0,0.0,2025-12-10,0,1,64.0,255.56525743115597,0.025674115455556517,0.042429164124164545,-0.042429164124164545
3032,2025-12-10 18:41:41.030110,8.0,0.0,0.0,278.0,1.0,5.0,0.0,0.0,2025-12-10,0,1,64.0,255.56525743115597,0.025674115455556517,0.042429164124164545,-0.042429164124164545
3033,2025-12-10 18:54:49.997802,8.0,0.0,0.0,278.0,1.0,5.0,0.0,0.0,2025-12-10,0,1,64.0,255.56525743115597,0.025674115455556517,0.042429164124164545,-0.042429164124164545
3034,2025-12-10 19:10:30.845870,8.0,0.0,0.0,278.0,1.0,5.0,0.0,0.0,2025-12-10,0,1,64.0,255.56525743115597,0.025674115455556517,0.042429164124164545,-0.042429164124164545
3035,2025-12-10 19:15:39.574021,8.0,0.0,0.0,278.0,1.0,5.0,0.0,0.0,2025-12-10,0,1,64.0,255.56525743115597,0.025674115455556517,0.042429164124164545,-0.042429164124164545
3036,2025-12-10 19:26:34.347013,8.0,0.0,0.0,278.0,1.0,5.0,0.0,0.0,2025-12-10,0,1,64.0,255.56525743115597,0.025674115455556517,0.042429164124164545,-0.042429164124164545
3037,2025-12-10 20:01:37.357696,8.0,0.0,0.0,278.0,1.0,5.0,0.0,0.0,2025-12-10,0,1,64.0,255.56525743115597,0.025674115455556517,0.042429164124164545,-0.042429164124164545
3038,2025-12-14 13:57:58.422410,4.0,1.0,0.0,278.0,1.0,5.0,0.0,0.0,2025-12-14,1,1,16.0,582.0893788878212,0.6054967324911883,0.6580486166617547,0.34195138333824526
3039,2025-12-14 14:05:31.649106,4.0,1.0,0.0,278.0,1.0,5.0,0.0,0.0,2025-12-14,1,1,16.0,582.0893788878212,0.6054967324911883,0.6580486166617547,0.34195138333824526
3040,2025-12-14 14:08:20.182336,4.0,1.0,0.0,278.0,1.0,5.0,0.0,0.0,2025-12-14,1,1,16.0,582.0893788878212,0.6054967324911883,0.6580486166617547,0.34195138333824526
3041,2025-12-14 14:37:42.944738,8.0,0.0,0.0,278.0,1.0,5.0,0.0,0.0,2025-12-14,0,1,64.0,582.0893788878212,0.029364396616988937,0.042429164124164545,-0.042429164124164545
3042,2025-12-14 14:39:11.324330,8.0,0.0,0.0,278.0,1.0,5.0,0.0,0.0,2025-12-14,0,1,64.0,582.0893788878212,0.029364396616988937,0.042429164124164545,-0.042429164124164545
3043,2025-12-14 14:43:15.958664,8.0,0.0,0.0,278.0,1.0,5.0,0.0,0.0,2025-12-14,0,1,64.0,582.0893788878212,0.029364396616988937,0.042429164124164545,-0.042429164124164545
3044,2025-12-14 14:58:34.257879,8.0,0.0,0.0,278.0,1.0,5.0,0.0,0.0,2025-12-14,0,1,64.0,582.0893788878212,0.029364396616988937,0.042429164124164545,-0.042429164124164545
3045,2025-12-14 15:28:18.132004,8.0,0.0,0.0,278.0,1.0,5.0,0.0,0.0,2025-12-14,0,1,64.0,582.0893788878212,0.029364396616988937,0.042429164124164545,-0.042429164124164545
3046,2025-12-14 16:00:24.743612,8.0,0.0,0.0,278.0,1.0,5.0,0.0,0.0,2025-12-14,0,1,64.0,582.0893788878212,0.029364396616988937,0.042429164124164545,-0.042429164124164545
3047,2025-12-14 16:22:33.398117,8.0,0.0,0.0,278.0,1.0,5.0,0.0,0.0,2025-12-14,0,1,64.0,582.0893788878212,0.029364396616988937,0.042429164124164545,-0.042429164124164545
3048,2025-12-14 16:39:52.724142,8.0,0.0,0.0,278.0,1.0,5.0,0.0,0.0,2025-12-14,0,1,64.0,582.0893788878212,0.029364396616988937,0.042429164124164545,-0.042429164124164545
3049,2025-12-14 16:49:10.757179,8.0,0.0,0.0,278.0,1.0,5.0,0.0,0.0,2025-12-14,0,1,64.0,582.0893788878212,0.029364396616988937,0.042429164124164545,-0.042429164124164545
3050,2025-12-15 17:55:24.826135,1.0,1.0,0.0,278.0,0.0,5.0,0.0,0.0,2025-12-15,1,1,1.0,1128.600418237162,0.9735191565708278,0.9701999099173347,0.029800090082665265
3051,2025-12-15 17:55:31.170740,1.0,1.0,0.0,278.0,0.0,5.0,0.0,0.0,2025-12-15,1,1,1.0,1128.600418237162,0.9735191565708278,0.9701999099173347,0.029800090082665265
3052,2025-12-15 18:04:39.186882,2.0,1.0,0.0,278.0,0.0,5.0,0.0,0.0,2025-12-15,1,1,4.0,1128.600418237162,0.9323176685817752,0.926912189338107,0.07308781066189296
3053,2025-12-15 18:04:44.466406,3.0,1.0,0.0,278.0,0.0,5.0,0.0,0.0,2025-12-15,1,1,9.0,1128.600418237162,0.8376982860332791,0.8316552086126385,0.16834479138736147
3054,2025-12-15 18:06:24.032035,3.0,1.0,0.0,278.0,0.0,5.0,0.0,0.0,2025-12-15,1,1,9.0,1128.600418237162,0.8376982860332791,0.8316552086126385,0.16834479138736147
3055,2025-12-15 18:06:27.869123,3.0,1.0,0.0,278.0,0.0,5.0,0.0,0.0,2025-12-15,1,1,9.0,1128.600418237162,0.8376982860332791,0.8316552086126385,0.16834479138736147
3056,2025-12-15 18:13:52.925657,3.0,1.0,0.0,278.0,0.0,5.0,0.0,0.0,2025-12-15,1,1,9.0,1128.600418237162,0.8376982860332791,0.8316552086126385,0.16834479138736147
3057,2025-12-15 18:15:14.290276,3.0,1.0,0.0,278.0,0.0,5.0,0.0,0.0,2025-12-15,1,1,9.0,1128.600418237162,0.8376982860332791,0.8316552086126385,0.16834479138736147
3058,2025-12-15 18:19:58.889408,4.0,1.0,0.0,278.0,0.0,5.0,0.0,0.0,2025-12-15,1,1,16.0,1128.600418237162,0.6591600767916003,0.6580486166617547,0.34195138333824526
3059,2025-12-15 18:24:59.866437,4.0,0.0,0.0,278.0,0.0,5.0,0.0,0.0,2025-12-15,0,1,16.0,1128.600418237162,0.6591600767916003,0.6580486166617547,-0.6580486166617547
3060,2026-01-11 18:25:49.574736,4.0,0.0,0.0,278.0,0.0,5.0,0.0,0.0,2026-01-11,0,1,16.0,25.868331568617453,0.5481462159607271,0.6580486166617547,-0.6580486166617547
3061,2026-01-11 18:25:54.537029,4.0,1.0,0.0,278.0,0.0,5.0,0.0,0.0,2026-01-11,1,1,16.0,25.868331568617453,0.5481462159607271,0.6580486166617547,0.34195138333824526
3062,2026-01-11 19:21:50.356186,4.0,1.0,0.0,278.0,0.0,5.0,0.0,0.0,2026-01-11,1,1,16.0,25.868331568617453,0.5481462159607271,0.6580486166617547,0.34195138333824526
3063,2026-01-17 12:32:27.461240,3.0,0.0,0.0,278.0,1.0,5.0,0.0,0.0,2026-01-17,0,1,9.0,34.475817139422816,0.7646728112389077,0.8316552086126385,-0.8316552086126385
3064,2026-01-17 12:52:08.037746,3.0,1.0,0.0,278.0,1.0,5.0,0.0,0.0,2026-01-17,1,1,9.0,34.475817139422816,0.7646728112389077,0.8316552086126385,0.16834479138736147
3065,2026-01-17 13:08:30.793713,5.0,0.0,0.0,278.0,1.0,5.0,0.0,0.0,2026-01-17,0,1,25.0,34.475817139422816,0.31328118894727547,0.4284486946252726,-0.4284486946252726
3066,2026-01-17 13:24:17.632338,5.0,1.0,0.0,278.0,1.0,5.0,0.0,0.0,2026-01-17,1,1,25.0,34.475817139422816,0.31328118894727547,0.4284486946252726,0.5715513053747274
3067,2026-01-17 13:42:27.933461,6.0,0.0,0.0,278.0,1.0,5.0,0.0,0.0,2026-01-17,0,1,36.0,34.475817139422816,0.14598171451079806,0.22601051750673395,-0.22601051750673395
3068,2026-01-17 13:51:07.913356,6.0,0.0,0.0,278.0,1.0,5.0,0.0,0.0,2026-01-17,0,1,36.0,34.475817139422816,0.14598171451079806,0.22601051750673395,-0.22601051750673395
3069,2026-01-17 14:03:38.648045,6.0,0.0,0.0,278.0,1.0,5.0,0.0,0.0,2026-01-17,0,1,36.0,34.475817139422816,0.14598171451079806,0.22601051750673395,-0.22601051750673395
3070,2026-01-17 15:40:31.236428,5.0,0.0,0.0,278.0,1.0,5.0,0.0,0.0,2026-01-17,0,1,25.0,34.475817139422816,0.31328118894727547,0.4284486946252726,-0.4284486946252726
3071,2026-01-17 15:40:36.515541,5.0,0.0,0.0,278.0,1.0,5.0,0.0,0.0,2026-01-17,0,1,25.0,34.475817139422816,0.31328118894727547,0.4284486946252726,-0.4284486946252726
3072,2026-01-17 15:40:38.961388,5.0,0.0,0.0,278.0,1.0,5.0,0.0,0.0,2026-01-17,0,1,25.0,34.475817139422816,0.31328118894727547,0.4284486946252726,-0.4284486946252726
3073,2026-01-17 16:00:45.535483,9.0,0.0,0.0,278.0,1.0,5.0,0.0,0.0,2026-01-17,0,1,81.0,34.475817139422816,0.008911920255316116,0.016967253101591025,-0.016967253101591025
3074,2026-02-04 21:32:24.839191,2.0,1.0,0.0,278.0,0.0,5.0,0.0,0.0,2026-02-04,1,1,4.0,31.90487156324142,0.8965097140745492,0.926912189338107,0.07308781066189296
3075,2026-02-04 21:32:33.929266,2.0,1.0,0.0,278.0,0.0,5.0,0.0,0.0,2026-02-04,1,1,4.0,31.90487156324142,0.8965097140745492,0.926912189338107,0.07308781066189296
3076,2026-02-04 21:32:37.149938,1.0,1.0,0.0,278.0,0.0,5.0,0.0,0.0,2026-02-04,1,1,1.0,31.90487156324142,0.9585398676516665,0.9701999099173347,0.029800090082665265
3077,2026-02-04 21:32:43.274997,1.0,1.0,0.0,278.0,0.0,5.0,0.0,0.0,2026-02-04,1,1,1.0,31.90487156324142,0.9585398676516665,0.9701999099173347,0.029800090082665265
3078,2026-02-04 21:35:23.906844,4.0,1.0,0.0,278.0,0.0,5.0,0.0,0.0,2026-02-04,1,1,16.0,31.90487156324142,0.5487784668582739,0.6580486166617547,0.34195138333824526
3079,2026-02-04 21:37:25.904875,4.0,1.0,0.0,278.0,0.0,5.0,0.0,0.0,2026-02-04,1,1,16.0,31.90487156324142,0.5487784668582739,0.6580486166617547,0.34195138333824526
3080,2026-02-04 21:42:23.924241,5.0,1.0,0.0,278.0,0.0,5.0,0.0,0.0,2026-02-04,1,1,25.0,31.90487156324142,0.31304731675666814,0.4284486946252726,0.5715513053747274
3081,2026-02-04 21:42:31.534297,6.0,0.0,0.0,278.0,0.0,5.0,0.0,0.0,2026-02-04,0,1,36.0,31.90487156324142,0.14584621055527383,0.22601051750673395,-0.22601051750673395
3082,2026-02-04 21:43:57.620588,3.0,1.0,0.0,278.0,0.0,5.0,0.0,0.0,2026-02-04,1,1,9.0,31.90487156324142,0.7644770952806512,0.8316552086126385,0.16834479138736147
3083,2026-02-04 21:47:40.725195,4.0,1.0,0.0,278.0,0.0,5.0,0.0,0.0,2026-02-04,1,1,16.0,31.90487156324142,0.5487784668582739,0.6580486166617547,0.34195138333824526
3084,2026-02-04 21:50:22.862781,4.0,1.0,0.0,278.0,0.0,5.0,0.0,0.0,2026-02-04,1,1,16.0,31.90487156324142,0.5487784668582739,0.6580486166617547,0.34195138333824526
3085,2026-02-04 21:55:43.310470,5.0,1.0,0.0,278.0,0.0,5.0,0.0,0.0,2026-02-04,1,1,25.0,31.90487156324142,0.31304731675666814,0.4284486946252726,0.5715513053747274
3086,2026-02-04 21:59:53.328902,6.0,0.0,0.0,278.0,0.0,5.0,0.0,0.0,2026-02-04,0,1,36.0,31.90487156324142,0.14584621055527383,0.22601051750673395,-0.22601051750673395
3087,2026-02-04 22:01:40.858501,6.0,0.0,0.0,278.0,0.0,5.0,0.0,0.0,2026-02-04,0,1,36.0,31.90487156324142,0.14584621055527383,0.22601051750673395,-0.22601051750673395
3088,2026-02-04 22:04:47.601378,3.0,0.0,0.0,278.0,0.0,5.0,0.0,0.0,2026-02-04,0,1,9.0,31.90487156324142,0.7644770952806512,0.8316552086126385,-0.8316552086126385
3089,2026-02-04 22:04:55.312617,3.0,1.0,0.0,278.0,0.0,5.0,0.0,0.0,2026-02-04,1,1,9.0,31.90487156324142,0.7644770952806512,0.8316552086126385,0.16834479138736147
3090,2026-02-04 22:05:48.716477,2.0,1.0,0.0,278.0,0.0,5.0,0.0,0.0,2026-02-04,1,1,4.0,31.90487156324142,0.8965097140745492,0.926912189338107,0.07308781066189296
3091,2026-02-08 14:53:22.301900,4.0,1.0,0.0,278.0,0.0,5.0,0.0,0.0,2026-02-08,1,1,16.0,189.34573128276006,0.5652069250473931,0.6580486166617547,0.34195138333824526
3092,2026-02-11 21:11:00.303992,3.0,1.0,0.0,278.0,0.0,5.0,0.0,0.0,2026-02-11,1,1,9.0,135.3708414235743,0.7722644520686216,0.8316552086126385,0.16834479138736147
3093,2026-02-11 21:14:50.414644,3.0,1.0,0.0,278.0,0.0,5.0,0.0,0.0,2026-02-11,1,1,9.0,135.3708414235743,0.7722644520686216,0.8316552086126385,0.16834479138736147
3094,2026-02-11 21:14:54.481875,3.0,1.0,0.0,278.0,0.0,5.0,0.0,0.0,2026-02-11,1,1,9.0,135.3708414235743,0.7722644520686216,0.8316552086126385,0.16834479138736147
3095,2026-02-11 21:15:41.722111,4.0,1.0,0.0,278.0,0.0,5.0,0.0,0.0,2026-02-11,1,1,16.0,135.3708414235743,0.5595890698735095,0.6580486166617547,0.34195138333824526
3096,2026-02-11 21:23:21.411170,4.0,0.0,0.0,278.0,0.0,5.0,0.0,0.0,2026-02-11,0,1,16.0,135.3708414235743,0.5595890698735095,0.6580486166617547,-0.6580486166617547
3097,2026-02-11 21:39:47.806549,4.0,1.0,0.0,278.0,0.0,5.0,0.0,0.0,2026-02-11,1,1,16.0,135.3708414235743,0.5595890698735095,0.6580486166617547,0.34195138333824526
3098,2026-02-11 21:54:22.190145,5.0,0.0,0.0,278.0,0.0,5.0,0.0,0.0,2026-02-11,0,1,25.0,135.3708414235743,0.32253352303751587,0.4284486946252726,-0.4284486946252726
3099,2026-02-14 14:39:50.016003,3.0,1.0,0.0,278.0,0.0,5.0,0.0,0.0,2026-02-14,1,1,9.0,163.33358266168779,0.774337627765902,0.8316552086126385,0.16834479138736147
3100,2026-02-14 14:43:05.705067,4.0,1.0,0.0,278.0,0.0,5.0,0.0,0.0,2026-02-14,1,1,16.0,163.33358266168779,0.5625015079420183,0.6580486166617547,0.34195138333824526
3101,2026-02-14 14:47:37.507043,4.0,1.0,0.0,278.0,0.0,5.0,0.0,0.0,2026-02-14,1,1,16.0,163.33358266168779,0.5625015079420183,0.6580486166617547,0.34195138333824526
3102,2026-02-14 14:52:32.083175,4.0,0.0,0.0,278.0,0.0,5.0,0.0,0.0,2026-02-14,0,1,16.0,163.33358266168779,0.5625015079420183,0.6580486166617547,-0.6580486166617547
3103,2026-02-14 14:54:05.293291,4.0,0.0,0.0,278.0,0.0,5.0,0.0,0.0,2026-02-14,0,1,16.0,163.33358266168779,0.5625015079420183,0.6580486166617547,-0.6580486166617547
3104,2026-02-14 14:59:02.215700,4.0,0.0,0.0,278.0,0.0,5.0,0.0,0.0,2026-02-14,0,1,16.0,163.33358266168779,0.5625015079420183,0.6580486166617547,-0.6580486166617547
3105,2026-02-14 15:03:55.757035,4.0,1.0,0.0,278.0,0.0,5.0,0.0,0.0,2026-02-14,1,1,16.0,163.33358266168779,0.5625015079420183,0.6580486166617547,0.34195138333824526
3106,2026-02-14 15:12:06.691817,7.0,0.0,0.0,278.0,0.0,5.0,0.0,0.0,2026-02-14,0,1,49.0,163.33358266168779,0.06335076475897242,0.10213078272976209,-0.10213078272976209
3107,2026-02-14 15:16:54.098486,7.0,0.0,0.0,278.0,0.0,5.0,0.0,0.0,2026-02-14,0,1,49.0,163.33358266168779,0.06335076475897242,0.10213078272976209,-0.10213078272976209
3108,2026-02-14 15:33:30.036234,7.0,0.0,0.0,278.0,0.0,5.0,0.0,0.0,2026-02-14,0,1,49.0,163.33358266168779,0.06335076475897242,0.10213078272976209,-0.10213078272976209
3109,2026-02-14 15:36:13.849833,5.0,0.0,0.0,278.0,0.0,5.0,0.0,0.0,2026-02-14,0,1,25.0,163.33358266168779,0.32512299021039365,0.4284486946252726,-0.4284486946252726
3110,2026-02-14 15:42:21.838019,5.0,0.0,0.0,278.0,0.0,5.0,0.0,0.0,2026-02-14,0,1,25.0,163.33358266168779,0.32512299021039365,0.4284486946252726,-0.4284486946252726
3111,2026-02-14 15:50:12.613734,5.0,0.0,0.0,278.0,0.0,5.0,0.0,0.0,2026-02-14,0,1,25.0,163.33358266168779,0.32512299021039365,0.4284486946252726,-0.4284486946252726
3112,2026-02-21 20:30:43.067566,3.0,1.0,0.0,278.0,0.0,5.0,0.0,0.0,2026-02-21,1,1,9.0,198.85698765047388,0.7769520174414901,0.8316552086126385,0.16834479138736147
3113,2026-02-21 20:30:51.058157,3.0,1.0,0.0,278.0,0.0,5.0,0.0,0.0,2026-02-21,1,1,9.0,198.85698765047388,0.7769520174414901,0.8316552086126385,0.16834479138736147
3114,2026-02-21 20:30:54.096618,3.0,1.0,0.0,278.0,0.0,5.0,0.0,0.0,2026-02-21,1,1,9.0,198.85698765047388,0.7769520174414901,0.8316552086126385,0.16834479138736147
3115,2026-02-21 20:30:59.972858,4.0,1.0,0.0,278.0,0.0,5.0,0.0,0.0,2026-02-21,1,1,16.0,198.85698765047388,0.5661951916951746,0.6580486166617547,0.34195138333824526
3116,2026-02-21 20:33:56.251158,4.0,0.0,0.0,278.0,0.0,5.0,0.0,0.0,2026-02-21,0,1,16.0,198.85698765047388,0.5661951916951746,0.6580486166617547,-0.6580486166617547
3117,2026-02-21 20:41:12.420359,4.0,0.0,0.0,278.0,0.0,5.0,0.0,0.0,2026-02-21,0,1,16.0,198.85698765047388,0.5661951916951746,0.6580486166617547,-0.6580486166617547
3118,2026-02-24 19:02:15.525615,5.0,0.0,0.0,278.0,0.0,5.0,0.0,0.0,2026-02-24,0,1,25.0,185.9040055991359,0.32722093919131096,0.4284486946252726,-0.4284486946252726
3119,2026-02-24 19:02:22.878926,5.0,0.0,0.0,278.0,0.0,5.0,0.0,0.0,2026-02-24,0,1,25.0,185.9040055991359,0.32722093919131096,0.4284486946252726,-0.4284486946252726
3120,2026-02-24 19:12:45.828159,5.0,0.0,0.0,278.0,0.0,5.0,0.0,0.0,2026-02-24,0,1,25.0,185.9040055991359,0.32722093919131096,0.4284486946252726,-0.4284486946252726
3121,2026-02-24 19:12:49.764779,5.0,0.0,0.0,278.0,0.0,5.0,0.0,0.0,2026-02-24,0,1,25.0,185.9040055991359,0.32722093919131096,0.4284486946252726,-0.4284486946252726
3122,2026-02-28 17:33:22.250790,0.0,0.0,0.0,278.0,0.0,5.0,0.0,0.0,2026-02-28,0,1,0.0,170.1272666687695,0.9849436362838768,0.9881766398835915,-0.9881766398835915
3123,2026-02-28 17:33:28.295619,0.0,1.0,0.0,278.0,0.0,5.0,0.0,0.0,2026-02-28,1,1,0.0,170.1272666687695,0.9849436362838768,0.9881766398835915,0.011823360116408499
3124,2026-02-28 17:33:33.674792,4.0,1.0,0.0,278.0,0.0,5.0,0.0,0.0,2026-02-28,1,1,16.0,170.1272666687695,0.5632084567312696,0.6580486166617547,0.34195138333824526
3125,2026-02-28 17:33:41.873126,4.0,1.0,0.0,278.0,0.0,5.0,0.0,0.0,2026-02-28,1,1,16.0,170.1272666687695,0.5632084567312696,0.6580486166617547,0.34195138333824526
3126,2026-02-28 17:33:45.609048,4.0,0.0,0.0,278.0,0.0,5.0,0.0,0.0,2026-02-28,0,1,16.0,170.1272666687695,0.5632084567312696,0.6580486166617547,-0.6580486166617547
3127,2026-02-28 17:47:26.333280,4.0,1.0,0.0,278.0,0.0,5.0,0.0,0.0,2026-02-28,1,1,16.0,170.1272666687695,0.5632084567312696,0.6580486166617547,0.34195138333824526
3128,2026-02-28 17:56:54.486122,5.0,1.0,0.0,278.0,0.0,5.0,0.0,0.0,2026-02-28,1,1,25.0,170.1272666687695,0.32575373877386277,0.4284486946252726,0.5715513053747274
3129,2026-02-28 18:27:52.545156,6.0,1.0,0.0,278.0,0.0,5.0,0.0,0.0,2026-02-28,1,1,36.0,170.1272666687695,0.1532803301131043,0.22601051750673395,0.773989482493266
3130,2026-02-28 18:33:12.640294,6.0,0.0,0.0,278.0,0.0,5.0,0.0,0.0,2026-02-28,0,1,36.0,170.1272666687695,0.1532803301131043,0.22601051750673395,-0.22601051750673395
3131,2026-02-28 18:45:31.762095,6.0,1.0,0.0,278.0,0.0,5.0,0.0,0.0,2026-02-28,1,1,36.0,170.1272666687695,0.1532803301131043,0.22601051750673395,0.773989482493266
3132,2026-02-28 19:11:43.355403,7.0,0.0,0.0,278.0,0.0,5.0,0.0,0.0,2026-02-28,0,1,49.0,170.1272666687695,0.06352146719976542,0.10213078272976209,-0.10213078272976209
3133,2026-02-28 19:42:17.460262,7.0,0.0,0.0,278.0,0.0,5.0,0.0,0.0,2026-02-28,0,1,49.0,170.1272666687695,0.06352146719976542,0.10213078272976209,-0.10213078272976209
3134,2026-03-02 16:30:41.882615,4.0,0.0,0.0,278.0,1.0,5.0,0.0,0.0,2026-03-02,0,1,16.0,383.57575826084775,0.5852749328376299,0.6580486166617547,-0.6580486166617547
3135,2026-03-02 16:30:51.385230,4.0,0.0,0.0,278.0,1.0,5.0,0.0,0.0,2026-03-02,0,1,16.0,383.57575826084775,0.5852749328376299,0.6580486166617547,-0.6580486166617547
3136,2026-03-02 16:37:37.799366,4.0,0.0,0.0,278.0,1.0,5.0,0.0,0.0,2026-03-02,0,1,16.0,383.57575826084775,0.5852749328376299,0.6580486166617547,-0.6580486166617547
3137,2026-03-02 16:48:14.660214,4.0,0.0,0.0,278.0,1.0,5.0,0.0,0.0,2026-03-02,0,1,16.0,383.57575826084775,0.5852749328376299,0.6580486166617547,-0.6580486166617547
3138,2026-03-02 16:55:57.653198,4.0,0.0,0.0,278.0,1.0,5.0,0.0,0.0,2026-03-02,0,1,16.0,383.57575826084775,0.5852749328376299,0.6580486166617547,-0.6580486166617547
3139,2026-03-02 17:02:58.697517,4.0,1.0,0.0,278.0,1.0,5.0,0.0,0.0,2026-03-02,1,1,16.0,383.57575826084775,0.5852749328376299,0.6580486166617547,0.34195138333824526
3140,2026-03-02 17:23:47.214030,10.0,0.0,0.0,278.0,1.0,5.0,0.0,0.0,2026-03-02,0,1,100.0,383.57575826084775,0.003890114504323542,0.0066785679105771075,-0.0066785679105771075
3141,2026-03-02 17:44:02.347675,10.0,0.0,0.0,278.0,1.0,5.0,0.0,0.0,2026-03-02,0,1,100.0,383.57575826084775,0.003890114504323542,0.0066785679105771075,-0.0066785679105771075
3142,2026-03-04 17:39:45.664580,2.0,1.0,0.0,278.0,0.0,5.0,0.0,0.0,2026-03-04,1,1,4.0,544.8443308332158,0.91497605249163,0.926912189338107,0.07308781066189296
3143,2026-03-04 17:43:01.994130,3.0,1.0,0.0,278.0,0.0,5.0,0.0,0.0,2026-03-04,1,1,9.0,544.8443308332158,0.8012806066856498,0.8316552086126385,0.16834479138736147
3144,2026-03-04 17:49:29.869456,2.0,1.0,0.0,278.0,0.0,5.0,0.0,0.0,2026-03-04,1,1,4.0,544.8443308332158,0.91497605249163,0.926912189338107,0.07308781066189296
3145,2026-03-04 17:50:45.585105,4.0,1.0,0.0,278.0,0.0,5.0,0.0,0.0,2026-03-04,1,1,16.0,544.8443308332158,0.6017279168895718,0.6580486166617547,0.34195138333824526
3146,2026-03-04 17:54:20.610630,4.0,1.0,0.0,278.0,0.0,5.0,0.0,0.0,2026-03-04,1,1,16.0,544.8443308332158,0.6017279168895718,0.6580486166617547,0.34195138333824526
3147,2026-03-04 17:59:47.035467,5.0,1.0,0.0,278.0,0.0,5.0,0.0,0.0,2026-03-04,1,1,25.0,544.8443308332158,0.3614727948573965,0.4284486946252726,0.5715513053747274
3148,2026-03-04 18:06:05.056220,5.0,0.0,0.0,278.0,0.0,5.0,0.0,0.0,2026-03-04,0,1,25.0,544.8443308332158,0.3614727948573965,0.4284486946252726,-0.4284486946252726
3149,2026-03-04 18:09:50.859197,5.0,1.0,0.0,278.0,0.0,5.0,0.0,0.0,2026-03-04,1,1,25.0,544.8443308332158,0.3614727948573965,0.4284486946252726,0.5715513053747274
3150,2026-03-04 18:17:54.985948,6.0,0.0,0.0,278.0,0.0,5.0,0.0,0.0,2026-03-04,0,1,36.0,544.8443308332158,0.17499601994273675,0.22601051750673395,-0.22601051750673395
3151,2026-03-04 18:20:45.996066,6.0,1.0,0.0,278.0,0.0,5.0,0.0,0.0,2026-03-04,1,1,36.0,544.8443308332158,0.17499601994273675,0.22601051750673395,0.773989482493266
3152,2026-03-04 18:33:40.681909,7.0,0.0,0.0,278.0,0.0,5.0,0.0,0.0,2026-03-04,0,1,49.0,544.8443308332158,0.07362650173491234,0.10213078272976209,-0.10213078272976209
3153,2026-03-04 18:36:48.433596,7.0,1.0,0.0,278.0,0.0,5.0,0.0,0.0,2026-03-04,1,1,49.0,544.8443308332158,0.07362650173491234,0.10213078272976209,0.8978692172702379
3154,2026-03-04 18:57:06.512797,5.0,0.0,0.0,278.0,0.0,5.0,0.0,0.0,2026-03-04,0,1,25.0,544.8443308332158,0.3614727948573965,0.4284486946252726,-0.4284486946252726
3155,2026-03-04 18:57:13.839063,8.0,0.0,0.0,278.0,0.0,5.0,0.0,0.0,2026-03-04,0,1,64.0,544.8443308332158,0.028918750764209845,0.042429164124164545,-0.042429164124164545
3156,2026-03-04 19:03:16.757270,5.0,0.0,0.0,278.0,0.0,5.0,0.0,0.0,2026-03-04,0,1,25.0,544.8443308332158,0.3614727948573965,0.4284486946252726,-0.4284486946252726
3157,2026-03-04 19:12:32.472271,5.0,1.0,0.0,278.0,0.0,5.0,0.0,0.0,2026-03-04,1,1,25.0,544.8443308332158,0.3614727948573965,0.4284486946252726,0.5715513053747274
3158,2026-03-09 19:18:42.346773,4.0,1.0,0.0,278.0,0.0,5.0,0.0,0.0,2026-03-09,1,1,16.0,511.2469447456498,0.5983178173844145,0.6580486166617547,0.34195138333824526
3159,2026-03-09 19:21:09.232849,4.0,0.0,0.0,278.0,0.0,5.0,0.0,0.0,2026-03-09,0,1,16.0,511.2469447456498,0.5983178173844145,0.6580486166617547,-0.6580486166617547
3160,2026-03-09 19:22:58.990135,4.0,1.0,0.0,278.0,0.0,5.0,0.0,0.0,2026-03-09,1,1,16.0,511.2469447456498,0.5983178173844145,0.6580486166617547,0.34195138333824526
3161,2026-03-09 19:27:56.766521,4.0,1.0,0.0,278.0,0.0,5.0,0.0,0.0,2026-03-09,1,1,16.0,511.2469447456498,0.5983178173844145,0.6580486166617547,0.34195138333824526
3162,2026-03-09 19:34:34.457779,5.0,0.0,0.0,278.0,0.0,5.0,0.0,0.0,2026-03-09,0,1,25.0,511.2469447456498,0.3581996904273989,0.4284486946252726,-0.4284486946252726
3163,2026-03-09 19:40:44.872843,5.0,0.0,0.0,278.0,0.0,5.0,0.0,0.0,2026-03-09,0,1,25.0,511.2469447456498,0.3581996904273989,0.4284486946252726,-0.4284486946252726
3164,2026-03-09 19:45:55.968671,5.0,0.0,0.0,278.0,0.0,5.0,0.0,0.0,2026-03-09,0,1,25.0,511.2469447456498,0.3581996904273989,0.4284486946252726,-0.4284486946252726
3165,2026-03-09 19:56:55.075071,5.0,0.0,0.0,278.0,0.0,5.0,0.0,0.0,2026-03-09,0,1,25.0,511.2469447456498,0.3581996904273989,0.4284486946252726,-0.4284486946252726
3166,2026-03-09 19:59:40.479877,5.0,0.0,0.0,278.0,0.0,5.0,0.0,0.0,2026-03-09,0,1,25.0,511.2469447456498,0.3581996904273989,0.4284486946252726,-0.4284486946252726
3167,2026-03-09 20:13:07.254393,5.0,0.0,0.0,278.0,0.0,5.0,0.0,0.0,2026-03-09,0,1,25.0,511.2469447456498,0.3581996904273989,0.4284486946252726,-0.4284486946252726
3168,2026-03-09 20:14:40.026182,5.0,0.0,0.0,278.0,0.0,5.0,0.0,0.0,2026-03-09,0,1,25.0,511.2469447456498,0.3581996904273989,0.4284486946252726,-0.4284486946252726
3169,2026-03-09 20:21:33.388934,5.0,0.0,0.0,278.0,0.0,5.0,0.0,0.0,2026-03-09,0,1,25.0,511.2469447456498,0.3581996904273989,0.4284486946252726,-0.4284486946252726
3170,2026-03-13 17:39:20.592321,4.0,1.0,0.0,278.0,1.0,5.0,0.0,0.0,2026-03-13,1,1,16.0,460.69032570716666,0.5931684898360348,0.6580486166617547,0.34195138333824526
3171,2026-03-13 17:39:32.457350,4.0,0.0,0.0,278.0,1.0,5.0,0.0,0.0,2026-03-13,0,1,16.0,460.69032570716666,0.5931684898360348,0.6580486166617547,-0.6580486166617547
3172,2026-03-13 17:42:04.386867,4.0,0.0,0.0,278.0,1.0,5.0,0.0,0.0,2026-03-13,0,1,16.0,460.69032570716666,0.5931684898360348,0.6580486166617547,-0.6580486166617547
3173,2026-03-13 17:54:21.119405,4.0,1.0,0.0,278.0,1.0,5.0,0.0,0.0,2026-03-13,1,1,16.0,460.69032570716666,0.5931684898360348,0.6580486166617547,0.34195138333824526
3174,2026-03-13 18:15:00.013307,8.0,0.0,0.0,278.0,1.0,5.0,0.0,0.0,2026-03-13,0,1,64.0,460.69032570716666,0.02793586193112368,0.042429164124164545,-0.042429164124164545
3175,2026-03-13 18:33:13.041277,8.0,0.0,0.0,278.0,1.0,5.0,0.0,0.0,2026-03-13,0,1,64.0,460.69032570716666,0.02793586193112368,0.042429164124164545,-0.042429164124164545
3176,2026-03-13 18:51:00.056632,8.0,0.0,0.0,278.0,1.0,5.0,0.0,0.0,2026-03-13,0,1,64.0,460.69032570716666,0.02793586193112368,0.042429164124164545,-0.042429164124164545
3177,2026-03-13 19:20:09.167518,8.0,0.0,0.0,278.0,1.0,5.0,0.0,0.0,2026-03-13,0,1,64.0,460.69032570716666,0.02793586193112368,0.042429164124164545,-0.042429164124164545
3178,2026-03-16 21:23:14.432792,4.0,1.0,0.0,278.0,0.0,5.0,0.0,0.0,2026-03-16,1,1,16.0,540.5844053764432,0.6012960775988802,0.6580486166617547,0.34195138333824526
3179,2026-03-16 21:26:08.269939,4.0,0.0,0.0,278.0,0.0,5.0,0.0,0.0,2026-03-16,0,1,16.0,540.5844053764432,0.6012960775988802,0.6580486166617547,-0.6580486166617547
3180,2026-03-16 21:32:23.789955,5.0,0.0,0.0,278.0,0.0,5.0,0.0,0.0,2026-03-16,0,1,25.0,540.5844053764432,0.36105706695611034,0.4284486946252726,-0.4284486946252726
3181,2026-03-16 21:35:37.777328,5.0,1.0,0.0,278.0,0.0,5.0,0.0,0.0,2026-03-16,1,1,25.0,540.5844053764432,0.36105706695611034,0.4284486946252726,0.5715513053747274
3182,2026-03-21 10:19:10.663608,5.0,0.0,0.0,278.0,1.0,5.0,0.0,0.0,2026-03-21,0,1,25.0,310.9454729432289,0.3389675488467169,0.4284486946252726,-0.4284486946252726
3183,2026-03-21 10:26:30.132010,5.0,0.0,0.0,278.0,1.0,5.0,0.0,0.0,2026-03-21,0,1,25.0,310.9454729432289,0.3389675488467169,0.4284486946252726,-0.4284486946252726
3184,2026-03-21 10:29:34.183716,5.0,0.0,0.0,278.0,1.0,5.0,0.0,0.0,2026-03-21,0,1,25.0,310.9454729432289,0.3389675488467169,0.4284486946252726,-0.4284486946252726
3185,2026-03-21 10:40:43.807802,5.0,0.0,0.0,278.0,1.0,5.0,0.0,0.0,2026-03-21,0,1,25.0,310.9454729432289,0.3389675488467169,0.4284486946252726,-0.4284486946252726
3186,2026-03-21 10:53:18.438598,5.0,0.0,0.0,278.0,1.0,5.0,0.0,0.0,2026-03-21,0,1,25.0,310.9454729432289,0.3389675488467169,0.4284486946252726,-0.4284486946252726
3187,2026-03-21 11:14:43.195111,5.0,0.0,0.0,278.0,1.0,5.0,0.0,0.0,2026-03-21,0,1,25.0,310.9454729432289,0.3389675488467169,0.4284486946252726,-0.4284486946252726
3188,2026-03-21 11:28:23.441091,5.0,0.0,0.0,278.0,1.0,5.0,0.0,0.0,2026-03-21,0,1,25.0,310.9454729432289,0.3389675488467169,0.4284486946252726,-0.4284486946252726
3189,2026-03-21 11:47:04.891972,5.0,0.0,0.0,278.0,1.0,5.0,0.0,0.0,2026-03-21,0,1,25.0,310.9454729432289,0.3389675488467169,0.4284486946252726,-0.4284486946252726
3190,2026-03-21 12:25:36.250416,5.0,0.0,0.0,278.0,1.0,5.0,0.0,0.0,2026-03-21,0,1,25.0,310.9454729432289,0.3389675488467169,0.4284486946252726,-0.4284486946252726
3191,2026-03-23 17:49:08.923796,2.0,1.0,0.0,278.0,0.0,5.0,0.0,0.0,2026-03-23,1,1,4.0,428.71598974518304,0.9110766013627243,0.926912189338107,0.07308781066189296
3192,2026-03-23 17:49:15.386881,2.0,1.0,0.0,278.0,0.0,5.0,0.0,0.0,2026-03-23,1,1,4.0,428.71598974518304,0.9110766013627243,0.926912189338107,0.07308781066189296
3193,2026-03-23 17:49:23.461028,3.0,1.0,0.0,278.0,0.0,5.0,0.0,0.0,2026-03-23,1,1,9.0,428.71598974518304,0.7933444657226438,0.8316552086126385,0.16834479138736147
3194,2026-03-23 17:50:18.059978,2.0,1.0,0.0,278.0,0.0,5.0,0.0,0.0,2026-03-23,1,1,4.0,428.71598974518304,0.9110766013627243,0.926912189338107,0.07308781066189296
3195,2026-03-23 17:52:00.200828,1.0,1.0,0.0,278.0,0.0,5.0,0.0,0.0,2026-03-23,1,1,1.0,428.71598974518304,0.9647192333980054,0.9701999099173347,0.029800090082665265
3196,2026-03-23 17:54:22.199325,1.0,1.0,0.0,278.0,0.0,5.0,0.0,0.0,2026-03-23,1,1,1.0,428.71598974518304,0.9647192333980054,0.9701999099173347,0.029800090082665265
3197,2026-03-23 17:54:25.416551,2.0,1.0,0.0,278.0,0.0,5.0,0.0,0.0,2026-03-23,1,1,4.0,428.71598974518304,0.9110766013627243,0.926912189338107,0.07308781066189296
3198,2026-03-23 17:54:31.307445,2.0,1.0,0.0,278.0,0.0,5.0,0.0,0.0,2026-03-23,1,1,4.0,428.71598974518304,0.9110766013627243,0.926912189338107,0.07308781066189296
3199,2026-03-23 17:54:34.472143,1.0,1.0,0.0,278.0,0.0,5.0,0.0,0.0,2026-03-23,1,1,1.0,428.71598974518304,0.9647192333980054,0.9701999099173347,0.029800090082665265
3200,2026-03-23 17:57:55.309536,3.0,1.0,0.0,278.0,0.0,5.0,0.0,0.0,2026-03-23,1,1,9.0,428.71598974518304,0.7933444657226438,0.8316552086126385,0.16834479138736147
3201,2026-03-23 17:58:01.976611,4.0,1.0,0.0,278.0,0.0,5.0,0.0,0.0,2026-03-23,1,1,16.0,428.71598974518304,0.5899011394344876,0.6580486166617547,0.34195138333824526
3202,2026-03-23 18:00:29.120872,4.0,1.0,0.0,278.0,0.0,5.0,0.0,0.0,2026-03-23,1,1,16.0,428.71598974518304,0.5899011394344876,0.6580486166617547,0.34195138333824526
3203,2026-03-23 18:03:34.249336,5.0,1.0,0.0,278.0,0.0,5.0,0.0,0.0,2026-03-23,1,1,25.0,428.71598974518304,0.35021580006499525,0.4284486946252726,0.5715513053747274
3204,2026-03-23 18:05:16.184577,5.0,1.0,0.0,278.0,0.0,5.0,0.0,0.0,2026-03-23,1,1,25.0,428.71598974518304,0.35021580006499525,0.4284486946252726,0.5715513053747274
3205,2026-03-23 18:09:21.084679,5.0,1.0,0.0,278.0,0.0,5.0,0.0,0.0,2026-03-23,1,1,25.0,428.71598974518304,0.35021580006499525,0.4284486946252726,0.5715513053747274
3206,2026-03-23 18:19:36.506126,6.0,0.0,0.0,278.0,0.0,5.0,0.0,0.0,2026-03-23,0,1,36.0,428.71598974518304,0.16801820097251194,0.22601051750673395,-0.22601051750673395
3207,2026-03-23 18:21:24.199152,7.0,0.0,0.0,278.0,0.0,5.0,0.0,0.0,2026-03-23,0,1,49.0,428.71598974518304,0.07034605353369844,0.10213078272976209,-0.10213078272976209
3208,2026-03-23 18:22:52.126708,8.0,0.0,0.0,278.0,0.0,5.0,0.0,0.0,2026-03-23,0,1,64.0,428.71598974518304,0.027570982768678393,0.042429164124164545,-0.042429164124164545
3209,2026-03-23 18:25:57.920950,6.0,1.0,0.0,278.0,0.0,5.0,0.0,0.0,2026-03-23,1,1,36.0,428.71598974518304,0.16801820097251194,0.22601051750673395,0.773989482493266
3210,2026-03-23 18:29:29.167988,7.0,1.0,0.0,278.0,0.0,5.0,0.0,0.0,2026-03-23,1,1,49.0,428.71598974518304,0.07034605353369844,0.10213078272976209,0.8978692172702379
3211,2026-03-23 18:34:19.460037,8.0,0.0,0.0,278.0,0.0,5.0,0.0,0.0,2026-03-23,0,1,64.0,428.71598974518304,0.027570982768678393,0.042429164124164545,-0.042429164124164545
3212,2026-03-23 18:45:28.208875,8.0,0.0,0.0,278.0,0.0,5.0,0.0,0.0,2026-03-23,0,1,64.0,428.71598974518304,0.027570982768678393,0.042429164124164545,-0.042429164124164545
3213,2026-03-27 17:08:29.424840,5.0,0.0,0.0,278.0,1.0,5.0,0.0,0.0,2026-03-27,0,1,25.0,574.3376079444358,0.36435672092771754,0.4284486946252726,-0.4284486946252726
3214,2026-03-27 17:08:35.985359,5.0,0.0,0.0,278.0,1.0,5.0,0.0,0.0,2026-03-27,0,1,25.0,574.3376079444358,0.36435672092771754,0.4284486946252726,-0.4284486946252726
3215,2026-03-27 17:08:39.273551,5.0,0.0,0.0,278.0,1.0,5.0,0.0,0.0,2026-03-27,0,1,25.0,574.3376079444358,0.36435672092771754,0.4284486946252726,-0.4284486946252726
3216,2026-03-27 17:17:16.526867,5.0,0.0,0.0,278.0,1.0,5.0,0.0,0.0,2026-03-27,0,1,25.0,574.3376079444358,0.36435672092771754,0.4284486946252726,-0.4284486946252726
3217,2026-03-27 17:21:23.531547,5.0,0.0,0.0,278.0,1.0,5.0,0.0,0.0,2026-03-27,0,1,25.0,574.3376079444358,0.36435672092771754,0.4284486946252726,-0.4284486946252726
3218,2026-03-27 17:27:43.955817,5.0,0.0,0.0,278.0,1.0,5.0,0.0,0.0,2026-03-27,0,1,25.0,574.3376079444358,0.36435672092771754,0.4284486946252726,-0.4284486946252726
3219,2026-03-27 17:33:55.814009,5.0,0.0,0.0,278.0,1.0,5.0,0.0,0.0,2026-03-27,0,1,25.0,574.3376079444358,0.36435672092771754,0.4284486946252726,-0.4284486946252726
3220,2026-03-27 17:40:44.206533,5.0,0.0,0.0,278.0,1.0,5.0,0.0,0.0,2026-03-27,0,1,25.0,574.3376079444358,0.36435672092771754,0.4284486946252726,-0.4284486946252726
3221,2026-03-27 17:54:58.088709,5.0,0.0,0.0,278.0,1.0,5.0,0.0,0.0,2026-03-27,0,1,25.0,574.3376079444358,0.36435672092771754,0.4284486946252726,-0.4284486946252726
3222,2026-03-27 18:14:00.644425,5.0,1.0,0.0,278.0,1.0,5.0,0.0,0.0,2026-03-27,1,1,25.0,574.3376079444358,0.36435672092771754,0.4284486946252726,0.5715513053747274
3223,2026-03-27 19:08:27.050168,7.0,1.0,0.0,278.0,1.0,5.0,0.0,0.0,2026-03-27,1,1,49.0,574.3376079444358,0.07448179328075373,0.10213078272976209,0.8978692172702379
3224,2026-03-27 19:46:43.283280,7.0,0.0,0.0,278.0,1.0,5.0,0.0,0.0,2026-03-27,0,1,49.0,574.3376079444358,0.07448179328075373,0.10213078272976209,-0.10213078272976209
3225,2026-03-27 19:46:46.950308,7.0,0.0,0.0,278.0,1.0,5.0,0.0,0.0,2026-03-27,0,1,49.0,574.3376079444358,0.07448179328075373,0.10213078272976209,-0.10213078272976209
3226,2026-03-27 19:46:49.317862,7.0,0.0,0.0,278.0,1.0,5.0,0.0,0.0,2026-03-27,0,1,49.0,574.3376079444358,0.07448179328075373,0.10213078272976209,-0.10213078272976209
3227,2026-03-27 19:53:26.512024,7.0,0.0,0.0,278.0,1.0,5.0,0.0,0.0,2026-03-27,0,1,49.0,574.3376079444358,0.07448179328075373,0.10213078272976209,-0.10213078272976209
3228,2026-03-27 19:53:29.549046,7.0,0.0,0.0,278.0,1.0,5.0,0.0,0.0,2026-03-27,0,1,49.0,574.3376079444358,0.07448179328075373,0.10213078272976209,-0.10213078272976209
3229,2026-03-27 20:05:29.072891,7.0,0.0,0.0,278.0,1.0,5.0,0.0,0.0,2026-03-27,0,1,49.0,574.3376079444358,0.07448179328075373,0.10213078272976209,-0.10213078272976209
3230,2026-03-30 19:45:39.367151,1.0,1.0,0.0,278.0,0.0,5.0,0.0,0.0,2026-03-30,1,1,1.0,819.7719848176087,0.9699355283203155,0.9701999099173347,0.029800090082665265
3231,2026-03-30 19:45:48.309101,2.0,1.0,0.0,278.0,0.0,5.0,0.0,0.0,2026-03-30,1,1,4.0,819.7719848176087,0.9235958797512231,0.926912189338107,0.07308781066189296
3232,2026-03-30 19:48:06.626838,4.0,1.0,0.0,278.0,0.0,5.0,0.0,0.0,2026-03-30,1,1,16.0,819.7719848176087,0.6292365570894423,0.6580486166617547,0.34195138333824526
3233,2026-03-30 19:53:44.162112,4.0,0.0,0.0,278.0,0.0,5.0,0.0,0.0,2026-03-30,0,1,16.0,819.7719848176087,0.6292365570894423,0.6580486166617547,-0.6580486166617547
3234,2026-03-30 19:55:41.378329,4.0,0.0,0.0,278.0,0.0,5.0,0.0,0.0,2026-03-30,0,1,16.0,819.7719848176087,0.6292365570894423,0.6580486166617547,-0.6580486166617547
3235,2026-03-30 20:02:54.417304,4.0,1.0,0.0,278.0,0.0,5.0,0.0,0.0,2026-03-30,1,1,16.0,819.7719848176087,0.6292365570894423,0.6580486166617547,0.34195138333824526
3236,2026-03-30 20:10:20.051635,4.0,0.0,0.0,278.0,0.0,5.0,0.0,0.0,2026-03-30,0,1,16.0,819.7719848176087,0.6292365570894423,0.6580486166617547,-0.6580486166617547
3237,2026-03-30 20:13:01.432524,4.0,1.0,0.0,278.0,0.0,5.0,0.0,0.0,2026-03-30,1,1,16.0,819.7719848176087,0.6292365570894423,0.6580486166617547,0.34195138333824526
3238,2026-03-30 20:18:33.803791,7.0,0.0,0.0,278.0,0.0,5.0,0.0,0.0,2026-03-30,0,1,49.0,819.7719848176087,0.08196076974026661,0.10213078272976209,-0.10213078272976209
3239,2026-03-30 20:57:58.837361,4.0,0.0,0.0,278.0,0.0,5.0,0.0,0.0,2026-03-30,0,1,16.0,819.7719848176087,0.6292365570894423,0.6580486166617547,-0.6580486166617547
3240,2026-03-30 20:58:03.885663,4.0,0.0,0.0,278.0,0.0,5.0,0.0,0.0,2026-03-30,0,1,16.0,819.7719848176087,0.6292365570894423,0.6580486166617547,-0.6580486166617547
3241,2026-04-03 18:51:15.757800,2.0,1.0,0.0,278.0,0.0,5.0,0.0,0.0,2026-04-03,1,1,4.0,581.5020042114253,0.9161744000544015,0.926912189338107,0.07308781066189296
3242,2026-04-03 18:51:24.448250,2.0,1.0,0.0,278.0,0.0,5.0,0.0,0.0,2026-04-03,1,1,4.0,581.5020042114253,0.9161744000544015,0.926912189338107,0.07308781066189296
3243,2026-04-03 18:55:34.260050,4.0,1.0,0.0,278.0,0.0,5.0,0.0,0.0,2026-04-03,1,1,16.0,581.5020042114253,0.6054373922032291,0.6580486166617547,0.34195138333824526
3244,2026-04-03 19:06:10.104859,4.0,1.0,0.0,278.0,0.0,5.0,0.0,0.0,2026-04-03,1,1,16.0,581.5020042114253,0.6054373922032291,0.6580486166617547,0.34195138333824526
3245,2026-04-03 19:12:34.836434,4.0,0.0,0.0,278.0,0.0,5.0,0.0,0.0,2026-04-03,0,1,16.0,581.5020042114253,0.6054373922032291,0.6580486166617547,-0.6580486166617547
3246,2026-04-03 19:18:48.370161,4.0,0.0,0.0,278.0,0.0,5.0,0.0,0.0,2026-04-03,0,1,16.0,581.5020042114253,0.6054373922032291,0.6580486166617547,-0.6580486166617547
3247,2026-04-03 19:24:07.249512,4.0,0.0,0.0,278.0,0.0,5.0,0.0,0.0,2026-04-03,0,1,16.0,581.5020042114253,0.6054373922032291,0.6580486166617547,-0.6580486166617547
3248,2026-04-03 19:28:55.976602,4.0,0.0,0.0,278.0,0.0,5.0,0.0,0.0,2026-04-03,0,1,16.0,581.5020042114253,0.6054373922032291,0.6580486166617547,-0.6580486166617547
3249,2026-04-03 19:34:33.979827,4.0,1.0,0.0,278.0,0.0,5.0,0.0,0.0,2026-04-03,1,1,16.0,581.5020042114253,0.6054373922032291,0.6580486166617547,0.34195138333824526
3250,2026-04-03 19:58:54.069780,2.0,1.0,0.0,278.0,0.0,5.0,0.0,0.0,2026-04-03,1,1,4.0,581.5020042114253,0.9161744000544015,0.926912189338107,0.07308781066189296
3251,2026-04-03 19:59:48.377794,2.0,1.0,0.0,278.0,0.0,5.0,0.0,0.0,2026-04-03,1,1,4.0,581.5020042114253,0.9161744000544015,0.926912189338107,0.07308781066189296
3252,2026-04-03 20:01:24.380317,2.0,1.0,0.0,278.0,0.0,5.0,0.0,0.0,2026-04-03,1,1,4.0,581.5020042114253,0.9161744000544015,0.926912189338107,0.07308781066189296
3253,2026-04-03 20:05:31.028140,2.0,1.0,0.0,278.0,0.0,5.0,0.0,0.0,2026-04-03,1,1,4.0,581.5020042114253,0.9161744000544015,0.926912189338107,0.07308781066189296
3254,2026-04-03 20:09:10.570387,2.0,1.0,0.0,278.0,0.0,5.0,0.0,0.0,2026-04-03,1,1,4.0,581.5020042114253,0.9161744000544015,0.926912189338107,0.07308781066189296
3255,2026-04-03 20:14:02.001862,2.0,1.0,0.0,278.0,0.0,5.0,0.0,0.0,2026-04-03,1,1,4.0,581.5020042114253,0.9161744000544015,0.926912189338107,0.07308781066189296
3256,2026-04-03 20:16:21.069786,2.0,1.0,0.0,278.0,0.0,5.0,0.0,0.0,2026-04-03,1,1,4.0,581.5020042114253,0.9161744000544015,0.926912189338107,0.07308781066189296
3257,2026-04-05 12:13:35.149162,10.0,0.0,0.0,278.0,0.0,5.0,0.0,0.0,2026-04-05,0,1,100.0,565.2834812056823,0.004199544907033978,0.0066785679105771075,-0.0066785679105771075
3258,2026-04-05 12:17:23.991967,10.0,0.0,0.0,278.0,0.0,5.0,0.0,0.0,2026-04-05,0,1,100.0,565.2834812056823,0.004199544907033978,0.0066785679105771075,-0.0066785679105771075
3259,2026-04-05 12:19:50.599118,10.0,0.0,0.0,278.0,0.0,5.0,0.0,0.0,2026-04-05,0,1,100.0,565.2834812056823,0.004199544907033978,0.0066785679105771075,-0.0066785679105771075
3260,2026-04-05 12:34:20.971769,10.0,0.0,0.0,278.0,0.0,5.0,0.0,0.0,2026-04-05,0,1,100.0,565.2834812056823,0.004199544907033978,0.0066785679105771075,-0.0066785679105771075
3261,2026-04-05 12:53:04.903776,10.0,0.0,0.0,278.0,0.0,5.0,0.0,0.0,2026-04-05,0,1,100.0,565.2834812056823,0.004199544907033978,0.0066785679105771075,-0.0066785679105771075
3262,2026-04-05 13:07:44.514783,10.0,0.0,0.0,278.0,0.0,5.0,0.0,0.0,2026-04-05,0,1,100.0,565.2834812056823,0.004199544907033978,0.0066785679105771075,-0.0066785679105771075
3263,2026-04-05 13:24:41.985611,10.0,0.0,0.0,278.0,0.0,5.0,0.0,0.0,2026-04-05,0,1,100.0,565.2834812056823,0.004199544907033978,0.0066785679105771075,-0.0066785679105771075
3264,2026-04-05 13:30:30.344062,10.0,0.0,0.0,278.0,0.0,5.0,0.0,0.0,2026-04-05,0,1,100.0,565.2834812056823,0.004199544907033978,0.0066785679105771075,-0.0066785679105771075
3265,2026-04-05 14:12:23.166426,10.0,0.0,0.0,278.0,0.0,5.0,0.0,0.0,2026-04-05,0,1,100.0,565.2834812056823,0.004199544907033978,0.0066785679105771075,-0.0066785679105771075
3266,2026-04-05 15:03:44.809803,10.0,0.0,0.0,278.0,0.0,5.0,0.0,0.0,2026-04-05,0,1,100.0,565.2834812056823,0.004199544907033978,0.0066785679105771075,-0.0066785679105771075
3267,2026-04-05 15:09:25.098204,7.0,0.0,0.0,278.0,0.0,5.0,0.0,0.0,2026-04-05,0,1,49.0,565.2834812056823,0.07421826045804529,0.10213078272976209,-0.10213078272976209
3268,2026-04-05 15:17:46.870374,7.0,0.0,0.0,278.0,0.0,5.0,0.0,0.0,2026-04-05,0,1,49.0,565.2834812056823,0.07421826045804529,0.10213078272976209,-0.10213078272976209
3269,2026-04-05 15:30:03.207921,7.0,0.0,0.0,278.0,0.0,5.0,0.0,0.0,2026-04-05,0,1,49.0,565.2834812056823,0.07421826045804529,0.10213078272976209,-0.10213078272976209
3270,2026-04-09 17:20:53.331098,2.0,1.0,0.0,278.0,0.0,5.0,0.0,0.0,2026-04-09,1,1,4.0,1066.426424896602,0.9306394500116748,0.926912189338107,0.07308781066189296
3271,2026-04-09 17:22:03.446355,1.0,1.0,0.0,278.0,0.0,5.0,0.0,0.0,2026-04-09,1,1,1.0,1066.426424896602,0.9728327810857098,0.9701999099173347,0.029800090082665265
3272,2026-04-09 17:23:01.685898,3.0,0.0,0.0,278.0,0.0,5.0,0.0,0.0,2026-04-09,0,1,9.0,1066.426424896602,0.8340914323896826,0.8316552086126385,-0.8316552086126385
3273,2026-04-09 17:24:26.198955,5.0,1.0,0.0,278.0,0.0,5.0,0.0,0.0,2026-04-09,1,1,25.0,1066.426424896602,0.41377319414120783,0.4284486946252726,0.5715513053747274
3274,2026-04-09 17:30:47.237392,4.0,0.0,0.0,278.0,0.0,5.0,0.0,0.0,2026-04-09,0,1,16.0,1066.426424896602,0.6532279967479167,0.6580486166617547,-0.6580486166617547
3275,2026-04-09 17:36:11.081563,5.0,0.0,0.0,278.0,0.0,5.0,0.0,0.0,2026-04-09,0,1,25.0,1066.426424896602,0.41377319414120783,0.4284486946252726,-0.4284486946252726
3276,2026-04-09 17:38:40.136334,7.0,0.0,0.0,278.0,0.0,5.0,0.0,0.0,2026-04-09,0,1,49.0,1066.426424896602,0.09015993091576813,0.10213078272976209,-0.10213078272976209
3277,2026-04-09 17:40:51.886949,4.0,0.0,0.0,278.0,0.0,5.0,0.0,0.0,2026-04-09,0,1,16.0,1066.426424896602,0.6532279967479167,0.6580486166617547,-0.6580486166617547
3278,2026-04-12 09:23:37.474554,7.0,0.0,0.0,278.0,1.0,5.0,0.0,0.0,2026-04-12,0,1,49.0,803.6760326567717,0.08145001926416107,0.10213078272976209,-0.10213078272976209
3279,2026-04-12 09:28:05.605567,7.0,0.0,0.0,278.0,1.0,5.0,0.0,0.0,2026-04-12,0,1,49.0,803.6760326567717,0.08145001926416107,0.10213078272976209,-0.10213078272976209
3280,2026-04-12 09:32:35.587907,7.0,0.0,0.0,278.0,1.0,5.0,0.0,0.0,2026-04-12,0,1,49.0,803.6760326567717,0.08145001926416107,0.10213078272976209,-0.10213078272976209
3281,2026-04-12 09:34:25.128019,7.0,0.0,0.0,278.0,1.0,5.0,0.0,0.0,2026-04-12,0,1,49.0,803.6760326567717,0.08145001926416107,0.10213078272976209,-0.10213078272976209
3282,2026-04-12 09:46:36.173803,7.0,0.0,0.0,278.0,0.0,5.0,0.0,0.0,2026-04-12,0,1,49.0,803.6760326567717,0.08145001926416107,0.10213078272976209,-0.10213078272976209
3283,2026-04-12 09:50:40.108000,5.0,0.0,0.0,278.0,1.0,5.0,0.0,0.0,2026-04-12,0,1,25.0,803.6760326567717,0.387101647979147,0.4284486946252726,-0.4284486946252726
3284,2026-04-12 10:03:47.934562,5.0,1.0,0.0,278.0,1.0,5.0,0.0,0.0,2026-04-12,1,1,25.0,803.6760326567717,0.387101647979147,0.4284486946252726,0.5715513053747274
3285,2026-04-12 10:30:14.688861,10.0,0.0,0.0,278.0,1.0,5.0,0.0,0.0,2026-04-12,0,1,100.0,803.6760326567717,0.004642961041226371,0.0066785679105771075,-0.0066785679105771075
3286,2026-04-12 10:51:41.469021,10.0,0.0,0.0,278.0,1.0,5.0,0.0,0.0,2026-04-12,0,1,100.0,803.6760326567717,0.004642961041226371,0.0066785679105771075,-0.0066785679105771075
3287,2026-04-12 11:00:57.046724,10.0,0.0,0.0,278.0,1.0,5.0,0.0,0.0,2026-04-12,0,1,100.0,803.6760326567717,0.004642961041226371,0.0066785679105771075,-0.0066785679105771075
3288,2026-04-12 11:07:39.900647,10.0,0.0,0.0,278.0,1.0,5.0,0.0,0.0,2026-04-12,0,1,100.0,803.6760326567717,0.004642961041226371,0.0066785679105771075,-0.0066785679105771075
3289,2026-04-12 11:36:00.029813,10.0,0.0,0.0,278.0,1.0,5.0,0.0,0.0,2026-04-12,0,1,100.0,803.6760326567717,0.004642961041226371,0.0066785679105771075,-0.0066785679105771075
3290,2026-04-12 11:44:04.966435,10.0,0.0,0.0,278.0,1.0,5.0,0.0,0.0,2026-04-12,0,1,100.0,803.6760326567717,0.004642961041226371,0.0066785679105771075,-0.0066785679105771075
3291,2026-04-12 11:58:12.946078,10.0,0.0,0.0,278.0,1.0,5.0,0.0,0.0,2026-04-12,0,1,100.0,803.6760326567717,0.004642961041226371,0.0066785679105771075,-0.0066785679105771075
3292,2026-04-12 12:07:18.032841,10.0,0.0,0.0,278.0,1.0,5.0,0.0,0.0,2026-04-12,0,1,100.0,803.6760326567717,0.004642961041226371,0.0066785679105771075,-0.0066785679105771075
3293,2026-04-12 12:39:45.865510,10.0,0.0,0.0,278.0,1.0,5.0,0.0,0.0,2026-04-12,0,1,100.0,803.6760326567717,0.004642961041226371,0.0066785679105771075,-0.0066785679105771075
3294,2026-04-18 18:42:27.494594,4.0,0.0,0.0,278.0,0.0,5.0,0.0,0.0,2026-04-18,0,1,16.0,926.0605681514742,0.6396614047314961,0.6580486166617547,-0.6580486166617547
3295,2026-04-18 18:44:20.927951,4.0,1.0,0.0,278.0,0.0,5.0,0.0,0.0,2026-04-18,1,1,16.0,926.0605681514742,0.6396614047314961,0.6580486166617547,0.34195138333824526
3296,2026-04-18 18:46:30.694097,4.0,0.0,0.0,278.0,0.0,5.0,0.0,0.0,2026-04-18,0,1,16.0,926.0605681514742,0.6396614047314961,0.6580486166617547,-0.6580486166617547
3297,2026-04-18 18:48:34.868095,4.0,0.0,0.0,278.0,0.0,5.0,0.0,0.0,2026-04-18,0,1,16.0,926.0605681514742,0.6396614047314961,0.6580486166617547,-0.6580486166617547
3298,2026-04-18 18:53:39.043914,5.0,0.0,0.0,278.0,0.0,5.0,0.0,0.0,2026-04-18,0,1,25.0,926.0605681514742,0.39945112035840274,0.4284486946252726,-0.4284486946252726
3299,2026-04-20 19:42:40.442355,4.0,0.0,0.0,278.0,0.0,5.0,0.0,0.0,2026-04-20,0,1,16.0,773.0656220559973,0.6246165410405297,0.6580486166617547,-0.6580486166617547
3300,2026-04-20 19:42:51.204624,4.0,0.0,0.0,278.0,0.0,5.0,0.0,0.0,2026-04-20,0,1,16.0,773.0656220559973,0.6246165410405297,0.6580486166617547,-0.6580486166617547
3301,2026-04-20 19:44:48.093440,5.0,1.0,0.0,278.0,0.0,5.0,0.0,0.0,2026-04-20,1,1,25.0,773.0656220559973,0.3840347245719508,0.4284486946252726,0.5715513053747274
3302,2026-04-20 19:48:06.464856,4.0,1.0,0.0,278.0,0.0,5.0,0.0,0.0,2026-04-20,1,1,16.0,773.0656220559973,0.6246165410405297,0.6580486166617547,0.34195138333824526
3303,2026-04-20 19:51:54.026696,4.0,1.0,0.0,278.0,0.0,5.0,0.0,0.0,2026-04-20,1,1,16.0,773.0656220559973,0.6246165410405297,0.6580486166617547,0.34195138333824526
3304,2026-04-20 19:59:19.540094,4.0,1.0,0.0,278.0,0.0,5.0,0.0,0.0,2026-04-20,1,1,16.0,773.0656220559973,0.6246165410405297,0.6580486166617547,0.34195138333824526
3305,2026-04-20 20:12:53.110583,4.0,1.0,0.0,278.0,0.0,5.0,0.0,0.0,2026-04-20,1,1,16.0,773.0656220559973,0.6246165410405297,0.6580486166617547,0.34195138333824526
3306,2026-04-23 18:15:27.842585,3.0,0.0,0.0,278.0,0.0,5.0,0.0,0.0,2026-04-23,0,1,9.0,594.5338927039277,0.8046056231956072,0.8316552086126385,-0.8316552086126385
3307,2026-04-23 18:17:18.047240,3.0,0.0,0.0,278.0,0.0,5.0,0.0,0.0,2026-04-23,0,1,9.0,594.5338927039277,0.8046056231956072,0.8316552086126385,-0.8316552086126385
3308,2026-04-23 18:18:32.033678,3.0,1.0,0.0,278.0,0.0,5.0,0.0,0.0,2026-04-23,1,1,9.0,594.5338927039277,0.8046056231956072,0.8316552086126385,0.16834479138736147
3309,2026-04-23 18:20:48.688992,3.0,1.0,0.0,278.0,0.0,5.0,0.0,0.0,2026-04-23,1,1,9.0,594.5338927039277,0.8046056231956072,0.8316552086126385,0.16834479138736147
3310,2026-04-23 18:23:13.384036,5.0,0.0,0.0,278.0,0.0,5.0,0.0,0.0,2026-04-23,0,1,25.0,594.5338927039277,0.36633721337622155,0.4284486946252726,-0.4284486946252726
3311,2026-04-23 18:25:55.615453,4.0,1.0,0.0,278.0,0.0,5.0,0.0,0.0,2026-04-23,1,1,16.0,594.5338927039277,0.6067532221383586,0.6580486166617547,0.34195138333824526
3312,2026-04-23 18:28:45.953128,4.0,1.0,0.0,278.0,0.0,5.0,0.0,0.0,2026-04-23,1,1,16.0,594.5338927039277,0.6067532221383586,0.6580486166617547,0.34195138333824526
3313,2026-04-23 18:35:10.006137,5.0,0.0,0.0,278.0,0.0,5.0,0.0,0.0,2026-04-23,0,1,25.0,594.5338927039277,0.36633721337622155,0.4284486946252726,-0.4284486946252726
3314,2026-04-23 18:36:44.842012,5.0,0.0,0.0,278.0,0.0,5.0,0.0,0.0,2026-04-23,0,1,25.0,594.5338927039277,0.36633721337622155,0.4284486946252726,-0.4284486946252726
3315,2026-04-23 18:39:16.737296,6.0,0.0,0.0,278.0,0.0,5.0,0.0,0.0,2026-04-23,0,1,36.0,594.5338927039277,0.17805073212972308,0.22601051750673395,-0.22601051750673395
3316,2026-04-23 18:42:01.551191,5.0,0.0,0.0,278.0,0.0,5.0,0.0,0.0,2026-04-23,0,1,25.0,594.5338927039277,0.36633721337622155,0.4284486946252726,-0.4284486946252726
3317,2026-04-23 18:45:07.027572,5.0,0.0,0.0,278.0,0.0,5.0,0.0,0.0,2026-04-23,0,1,25.0,594.5338927039277,0.36633721337622155,0.4284486946252726,-0.4284486946252726
3318,2026-04-23 18:51:26.660765,4.0,0.0,0.0,278.0,0.0,5.0,0.0,0.0,2026-04-23,0,1,16.0,594.5338927039277,0.6067532221383586,0.6580486166617547,-0.6580486166617547
3319,2026-04-23 18:53:49.143685,3.0,0.0,0.0,278.0,0.0,5.0,0.0,0.0,2026-04-23,0,1,9.0,594.5338927039277,0.8046056231956072,0.8316552086126385,-0.8316552086126385
3320,2026-04-23 18:56:46.671302,3.0,0.0,0.0,278.0,0.0,5.0,0.0,0.0,2026-04-23,0,1,9.0,594.5338927039277,0.8046056231956072,0.8316552086126385,-0.8316552086126385
3321,2026-04-25 10:36:23.460566,1.0,1.0,0.0,278.0,1.0,5.0,0.0,0.0,2026-04-25,1,1,1.0,674.7676079649578,0.9680947650595014,0.9701999099173347,0.029800090082665265
3322,2026-04-25 10:45:55.780904,2.0,1.0,0.0,278.0,1.0,5.0,0.0,0.0,2026-04-25,1,1,4.0,674.7676079649578,0.9191543587483051,0.926912189338107,0.07308781066189296
3323,2026-04-25 10:52:05.524815,2.0,1.0,0.0,278.0,1.0,5.0,0.0,0.0,2026-04-25,1,1,4.0,674.7676079649578,0.9191543587483051,0.926912189338107,0.07308781066189296
3324,2026-04-25 11:17:57.034827,3.0,1.0,0.0,278.0,1.0,5.0,0.0,0.0,2026-04-25,1,1,9.0,674.7676079649578,0.8098852785029191,0.8316552086126385,0.16834479138736147
3325,2026-04-25 12:03:53.018626,4.0,0.0,0.0,278.0,1.0,5.0,0.0,0.0,2026-04-25,0,1,16.0,674.7676079649578,0.6148196812751973,0.6580486166617547,-0.6580486166617547
3326,2026-04-25 12:15:40.206823,4.0,0.0,0.0,278.0,1.0,5.0,0.0,0.0,2026-04-25,0,1,16.0,674.7676079649578,0.6148196812751973,0.6580486166617547,-0.6580486166617547
3327,2026-04-25 12:22:21.761351,4.0,0.0,0.0,278.0,1.0,5.0,0.0,0.0,2026-04-25,0,1,16.0,674.7676079649578,0.6148196812751973,0.6580486166617547,-0.6580486166617547
3328,2026-04-25 12:31:35.391608,4.0,1.0,0.0,278.0,1.0,5.0,0.0,0.0,2026-04-25,1,1,16.0,674.7676079649578,0.6148196812751973,0.6580486166617547,0.34195138333824526
3329,2026-04-25 13:05:39.713547,6.0,0.0,0.0,278.0,1.0,5.0,0.0,0.0,2026-04-25,0,1,36.0,674.7676079649578,0.18307109127973722,0.22601051750673395,-0.22601051750673395
3330,2026-04-25 13:05:45.967586,6.0,0.0,0.0,278.0,1.0,5.0,0.0,0.0,2026-04-25,0,1,36.0,674.7676079649578,0.18307109127973722,0.22601051750673395,-0.22601051750673395
3331,2026-04-25 13:12:29.090747,6.0,0.0,0.0,278.0,1.0,5.0,0.0,0.0,2026-04-25,0,1,36.0,674.7676079649578,0.18307109127973722,0.22601051750673395,-0.22601051750673395
3332,2026-04-25 13:40:26.605094,4.0,1.0,0.0,278.0,1.0,5.0,0.0,0.0,2026-04-25,1,1,16.0,674.7676079649578,0.6148196812751973,0.6580486166617547,0.34195138333824526
3333,2026-04-25 14:33:52.551807,8.0,0.0,0.0,278.0,1.0,5.0,0.0,0.0,2026-04-25,0,1,64.0,674.7676079649578,0.03050240437846387,0.042429164124164545,-0.042429164124164545
3334,2026-04-25 14:33:59.850232,6.0,0.0,0.0,278.0,1.0,5.0,0.0,0.0,2026-04-25,0,1,36.0,674.7676079649578,0.18307109127973722,0.22601051750673395,-0.22601051750673395
3335,2026-04-25 14:34:06.513977,6.0,0.0,0.0,278.0,1.0,5.0,0.0,0.0,2026-04-25,0,1,36.0,674.7676079649578,0.18307109127973722,0.22601051750673395,-0.22601051750673395
3336,2026-04-25 14:34:09.314575,8.0,0.0,0.0,278.0,1.0,5.0,0.0,0.0,2026-04-25,0,1,64.0,674.7676079649578,0.03050240437846387,0.042429164124164545,-0.042429164124164545
3337,2026-04-25 14:44:22.495460,2.0,1.0,0.0,278.0,1.0,5.0,0.0,0.0,2026-04-25,1,1,4.0,674.7676079649578,0.9191543587483051,0.926912189338107,0.07308781066189296
3338,2026-04-25 15:03:57.826582,6.0,0.0,0.0,278.0,1.0,5.0,0.0,0.0,2026-04-25,0,1,36.0,674.7676079649578,0.18307109127973722,0.22601051750673395,-0.22601051750673395
3339,2026-04-25 15:09:30.805637,6.0,0.0,0.0,278.0,1.0,5.0,0.0,0.0,2026-04-25,0,1,36.0,674.7676079649578,0.18307109127973722,0.22601051750673395,-0.22601051750673395
3340,2026-04-25 15:13:39.638434,6.0,0.0,0.0,278.0,1.0,5.0,0.0,0.0,2026-04-25,0,1,36.0,674.7676079649578,0.18307109127973722,0.22601051750673395,-0.22601051750673395
3341,2026-04-27 20:31:07.093108,4.0,1.0,0.0,278.0,0.0,5.0,0.0,0.0,2026-04-27,1,1,16.0,956.1152875589863,0.6425859485445496,0.6580486166617547,0.34195138333824526
3342,2026-04-27 20:33:26.527310,4.0,1.0,0.0,278.0,0.0,5.0,0.0,0.0,2026-04-27,1,1,16.0,956.1152875589863,0.6425859485445496,0.6580486166617547,0.34195138333824526
3343,2026-04-27 20:36:25.023917,4.0,0.0,0.0,278.0,0.0,5.0,0.0,0.0,2026-04-27,0,1,16.0,956.1152875589863,0.6425859485445496,0.6580486166617547,-0.6580486166617547
3344,2026-04-29 19:49:42.657935,2.0,1.0,0.0,278.0,0.0,5.0,0.0,0.0,2026-04-29,1,1,4.0,760.1090673507343,0.9217961489556387,0.926912189338107,0.07308781066189296
3345,2026-04-29 19:50:48.204675,2.0,1.0,0.0,278.0,0.0,5.0,0.0,0.0,2026-04-29,1,1,4.0,760.1090673507343,0.9217961489556387,0.926912189338107,0.07308781066189296
3346,2026-04-29 19:54:43.359206,4.0,0.0,0.0,278.0,0.0,5.0,0.0,0.0,2026-04-29,0,1,16.0,760.1090673507343,0.6233308566804441,0.6580486166617547,-0.6580486166617547
3347,2026-04-29 19:58:22.979284,4.0,0.0,0.0,278.0,0.0,5.0,0.0,0.0,2026-04-29,0,1,16.0,760.1090673507343,0.6233308566804441,0.6580486166617547,-0.6580486166617547
3348,2026-04-29 20:08:45.983214,4.0,0.0,0.0,278.0,0.0,5.0,0.0,0.0,2026-04-29,0,1,16.0,760.1090673507343,0.6233308566804441,0.6580486166617547,-0.6580486166617547
3349,2026-04-29 20:14:43.183799,4.0,0.0,0.0,278.0,0.0,5.0,0.0,0.0,2026-04-29,0,1,16.0,760.1090673507343,0.6233308566804441,0.6580486166617547,-0.6580486166617547
3350,2026-04-29 20:21:40.793321,4.0,0.0,0.0,278.0,0.0,5.0,0.0,0.0,2026-04-29,0,1,16.0,760.1090673507343,0.6233308566804441,0.6580486166617547,-0.6580486166617547
3351,2026-04-29 20:26:52.773994,4.0,0.0,0.0,278.0,0.0,5.0,0.0,0.0,2026-04-29,0,1,16.0,760.1090673507343,0.6233308566804441,0.6580486166617547,-0.6580486166617547
3352,2026-04-29 20:30:34.655961,4.0,0.0,0.0,278.0,0.0,5.0,0.0,0.0,2026-04-29,0,1,16.0,760.1090673507343,0.6233308566804441,0.6580486166617547,-0.6580486166617547
3353,2026-04-29 20:41:31.006311,4.0,0.0,0.0,278.0,0.0,5.0,0.0,0.0,2026-04-29,0,1,16.0,760.1090673507343,0.6233308566804441,0.6580486166617547,-0.6580486166617547
3354,2026-04-29 20:42:19.089120,4.0,0.0,0.0,278.0,0.0,5.0,0.0,0.0,2026-04-29,0,1,16.0,760.1090673507343,0.6233308566804441,0.6580486166617547,-0.6580486166617547
3355,2026-05-03 14:14:55.762390,0.0,0.0,0.0,278.0,1.0,5.0,0.0,0.0,2026-05-03,0,1,0.0,528.2661017800965,0.9870323957817095,0.9881766398835915,-0.9881766398835915
3356,2026-05-03 14:18:45.323049,1.0,1.0,0.0,278.0,1.0,5.0,0.0,0.0,2026-05-03,1,1,1.0,528.2661017800965,0.9661245146762171,0.9701999099173347,0.029800090082665265
3357,2026-05-03 14:36:55.402086,2.0,1.0,0.0,278.0,1.0,5.0,0.0,0.0,2026-05-03,1,1,4.0,528.2661017800965,0.914429019627778,0.926912189338107,0.07308781066189296
3358,2026-05-03 14:40:30.350051,3.0,0.0,0.0,278.0,1.0,5.0,0.0,0.0,2026-05-03,0,1,9.0,528.2661017800965,0.800161838157381,0.8316552086126385,-0.8316552086126385
3359,2026-05-03 15:03:58.060462,4.0,0.0,0.0,278.0,1.0,5.0,0.0,0.0,2026-05-03,0,1,16.0,528.2661017800965,0.6000464555217803,0.6580486166617547,-0.6580486166617547
3360,2026-05-03 15:10:21.339913,4.0,0.0,0.0,278.0,1.0,5.0,0.0,0.0,2026-05-03,0,1,16.0,528.2661017800965,0.6000464555217803,0.6580486166617547,-0.6580486166617547
3361,2026-05-03 15:15:38.054416,4.0,1.0,0.0,278.0,1.0,5.0,0.0,0.0,2026-05-03,1,1,16.0,528.2661017800965,0.6000464555217803,0.6580486166617547,0.34195138333824526
3362,2026-05-03 15:25:37.974273,7.0,0.0,0.0,278.0,1.0,5.0,0.0,0.0,2026-05-03,0,1,49.0,528.2661017800965,0.07314971854486688,0.10213078272976209,-0.10213078272976209
3363,2026-05-03 15:29:14.072937,7.0,0.0,0.0,278.0,1.0,5.0,0.0,0.0,2026-05-03,0,1,49.0,528.2661017800965,0.07314971854486688,0.10213078272976209,-0.10213078272976209
3364,2026-05-03 15:53:54.032244,7.0,0.0,0.0,278.0,1.0,5.0,0.0,0.0,2026-05-03,0,1,49.0,528.2661017800965,0.07314971854486688,0.10213078272976209,-0.10213078272976209
3365,2026-05-03 15:59:38.695341,7.0,0.0,0.0,278.0,1.0,5.0,0.0,0.0,2026-05-03,0,1,49.0,528.2661017800965,0.07314971854486688,0.10213078272976209,-0.10213078272976209
3366,2026-05-03 16:12:24.580117,7.0,0.0,0.0,278.0,1.0,5.0,0.0,0.0,2026-05-03,0,1,49.0,528.2661017800965,0.07314971854486688,0.10213078272976209,-0.10213078272976209
3367,2026-05-03 16:58:07.448533,7.0,0.0,0.0,278.0,1.0,5.0,0.0,0.0,2026-05-03,0,1,49.0,528.2661017800965,0.07314971854486688,0.10213078272976209,-0.10213078272976209
3368,2026-05-03 17:04:18.577963,7.0,0.0,0.0,278.0,1.0,5.0,0.0,0.0,2026-05-03,0,1,49.0,528.2661017800965,0.07314971854486688,0.10213078272976209,-0.10213078272976209
3369,2026-05-03 17:21:19.287003,7.0,0.0,0.0,278.0,1.0,5.0,0.0,0.0,2026-05-03,0,1,49.0,528.2661017800965,0.07314971854486688,0.10213078272976209,-0.10213078272976209
3370,2026-05-03 17:51:30.622119,7.0,0.0,0.0,278.0,1.0,5.0,0.0,0.0,2026-05-03,0,1,49.0,528.2661017800965,0.07314971854486688,0.10213078272976209,-0.10213078272976209
3371,2026-05-12 20:38:26.793252,3.0,1.0,0.0,278.0,0.0,5.0,0.0,0.0,2026-05-12,1,1,9.0,306.45077160218824,0.7847382502561892,0.8316552086126385,0.16834479138736147
3372,2026-05-12 20:38:33.390304,3.0,1.0,0.0,278.0,0.0,5.0,0.0,0.0,2026-05-12,1,1,9.0,306.45077160218824,0.7847382502561892,0.8316552086126385,0.16834479138736147
3373,2026-05-12 20:38:42.978419,3.0,1.0,0.0,278.0,0.0,5.0,0.0,0.0,2026-05-12,1,1,9.0,306.45077160218824,0.7847382502561892,0.8316552086126385,0.16834479138736147
3374,2026-05-12 20:52:40.068406,7.0,0.0,0.0,278.0,0.0,5.0,0.0,0.0,2026-05-12,0,1,49.0,306.45077160218824,0.06703865185725728,0.10213078272976209,-0.10213078272976209
3375,2026-05-12 20:52:46.447390,7.0,0.0,0.0,278.0,0.0,5.0,0.0,0.0,2026-05-12,0,1,49.0,306.45077160218824,0.06703865185725728,0.10213078272976209,-0.10213078272976209
3376,2026-05-12 20:52:49.072139,7.0,0.0,0.0,278.0,0.0,5.0,0.0,0.0,2026-05-12,0,1,49.0,306.45077160218824,0.06703865185725728,0.10213078272976209,-0.10213078272976209
3377,2026-05-12 21:01:34.908262,7.0,0.0,0.0,278.0,0.0,5.0,0.0,0.0,2026-05-12,0,1,49.0,306.45077160218824,0.06703865185725728,0.10213078272976209,-0.10213078272976209
3378,2026-05-12 21:11:56.505509,5.0,0.0,0.0,278.0,0.0,5.0,0.0,0.0,2026-05-12,0,1,25.0,306.45077160218824,0.3385417452417599,0.4284486946252726,-0.4284486946252726
3379,2026-05-12 21:17:27.142883,5.0,0.0,0.0,278.0,0.0,5.0,0.0,0.0,2026-05-12,0,1,25.0,306.45077160218824,0.3385417452417599,0.4284486946252726,-0.4284486946252726
3380,2026-05-14 18:23:19.037256,1.0,1.0,0.0,278.0,1.0,5.0,0.0,0.0,2026-05-14,1,1,1.0,466.9484629362447,0.9652654581944214,0.9701999099173347,0.029800090082665265
3381,2026-05-14 18:23:29.298949,1.0,1.0,0.0,278.0,1.0,5.0,0.0,0.0,2026-05-14,1,1,1.0,466.9484629362447,0.9652654581944214,0.9701999099173347,0.029800090082665265
3382,2026-05-14 18:23:33.238612,2.0,1.0,0.0,278.0,1.0,5.0,0.0,0.0,2026-05-14,1,1,4.0,466.9484629362447,0.9123779014044369,0.926912189338107,0.07308781066189296
3383,2026-05-14 18:23:38.431938,2.0,1.0,0.0,278.0,1.0,5.0,0.0,0.0,2026-05-14,1,1,4.0,466.9484629362447,0.9123779014044369,0.926912189338107,0.07308781066189296
3384,2026-05-14 18:50:06.252795,4.0,0.0,0.0,278.0,1.0,5.0,0.0,0.0,2026-05-14,0,1,16.0,466.9484629362447,0.5938070341580656,0.6580486166617547,-0.6580486166617547
3385,2026-05-14 19:13:17.189525,4.0,0.0,0.0,278.0,1.0,5.0,0.0,0.0,2026-05-14,0,1,16.0,466.9484629362447,0.5938070341580656,0.6580486166617547,-0.6580486166617547
3386,2026-05-14 19:13:23.538638,4.0,1.0,0.0,278.0,1.0,5.0,0.0,0.0,2026-05-14,1,1,16.0,466.9484629362447,0.5938070341580656,0.6580486166617547,0.34195138333824526
3387,2026-05-14 19:54:30.338032,7.0,0.0,0.0,278.0,1.0,5.0,0.0,0.0,2026-05-14,0,1,49.0,466.9484629362447,0.0714108638172419,0.10213078272976209,-0.10213078272976209
3388,2026-05-14 19:54:38.649356,7.0,0.0,0.0,278.0,1.0,5.0,0.0,0.0,2026-05-14,0,1,49.0,466.9484629362447,0.0714108638172419,0.10213078272976209,-0.10213078272976209
3389,2026-05-14 20:04:07.214763,7.0,0.0,0.0,278.0,1.0,5.0,0.0,0.0,2026-05-14,0,1,49.0,466.9484629362447,0.0714108638172419,0.10213078272976209,-0.10213078272976209
3390,2026-05-14 20:11:33.510221,7.0,0.0,0.0,278.0,1.0,5.0,0.0,0.0,2026-05-14,0,1,49.0,466.9484629362447,0.0714108638172419,0.10213078272976209,-0.10213078272976209
3391,2026-05-14 20:17:13.325996,7.0,0.0,0.0,278.0,1.0,5.0,0.0,0.0,2026-05-14,0,1,49.0,466.9484629362447,0.0714108638172419,0.10213078272976209,-0.10213078272976209
3392,2026-05-17 10:14:42.581017,3.0,1.0,0.0,278.0,1.0,5.0,0.0,0.0,2026-05-17,1,1,9.0,531.886086412574,0.800406532549559,0.8316552086126385,0.16834479138736147
3393,2026-05-17 11:02:23.661267,7.0,1.0,0.0,278.0,1.0,5.0,0.0,0.0,2026-05-17,1,1,49.0,531.886086412574,0.073253584551115,0.10213078272976209,0.8978692172702379
3394,2026-05-17 11:11:57.894745,5.0,0.0,0.0,278.0,1.0,5.0,0.0,0.0,2026-05-17,0,1,25.0,531.886086412574,0.3602088411553138,0.4284486946252726,-0.4284486946252726
3395,2026-05-17 11:15:06.839120,5.0,0.0,0.0,278.0,1.0,5.0,0.0,0.0,2026-05-17,0,1,25.0,531.886086412574,0.3602088411553138,0.4284486946252726,-0.4284486946252726
3396,2026-05-17 11:25:32.078729,5.0,1.0,0.0,278.0,1.0,5.0,0.0,0.0,2026-05-17,1,1,25.0,531.886086412574,0.3602088411553138,0.4284486946252726,0.5715513053747274
3397,2026-05-17 11:57:07.312894,7.0,0.0,0.0,278.0,1.0,5.0,0.0,0.0,2026-05-17,0,1,49.0,531.886086412574,0.073253584551115,0.10213078272976209,-0.10213078272976209
3398,2026-05-17 12:08:33.436375,7.0,0.0,0.0,278.0,1.0,5.0,0.0,0.0,2026-05-17,0,1,49.0,531.886086412574,0.073253584551115,0.10213078272976209,-0.10213078272976209
3399,2026-05-17 12:18:52.931421,7.0,0.0,0.0,278.0,1.0,5.0,0.0,0.0,2026-05-17,0,1,49.0,531.886086412574,0.073253584551115,0.10213078272976209,-0.10213078272976209
3400,2026-05-17 12:34:59.761332,7.0,0.0,0.0,278.0,1.0,5.0,0.0,0.0,2026-05-17,0,1,49.0,531.886086412574,0.073253584551115,0.10213078272976209,-0.10213078272976209
3401,2026-05-17 12:43:01.461645,7.0,0.0,0.0,278.0,1.0,5.0,0.0,0.0,2026-05-17,0,1,49.0,531.886086412574,0.073253584551115,0.10213078272976209,-0.10213078272976209
3402,2026-05-17 12:53:27.885295,7.0,0.0,0.0,278.0,1.0,5.0,0.0,0.0,2026-05-17,0,1,49.0,531.886086412574,0.073253584551115,0.10213078272976209,-0.10213078272976209
3403,2026-05-17 13:01:46.408075,7.0,0.0,0.0,278.0,1.0,5.0,0.0,0.0,2026-05-17,0,1,49.0,531.886086412574,0.073253584551115,0.10213078272976209,-0.10213078272976209
3404,2026-05-22 18:17:03.356392,1.0,1.0,0.0,278.0,0.0,1.0,0.0,0.0,2026-05-22,1,1,1.0,529.1862235133577,0.9661372481173742,0.9701999099173347,0.029800090082665265
3405,2026-05-22 18:17:20.339165,1.0,1.0,0.0,278.0,0.0,1.0,0.0,0.0,2026-05-22,1,1,1.0,529.1862235133577,0.9661372481173742,0.9701999099173347,0.029800090082665265
3406,2026-05-22 18:19:03.970165,3.0,1.0,0.0,278.0,0.0,2.0,0.0,0.0,2026-05-22,1,1,9.0,529.1862235133577,0.8002240555006676,0.8316552086126385,0.16834479138736147
3407,2026-05-22 18:21:03.099644,3.0,1.0,0.0,278.0,0.0,2.0,0.0,0.0,2026-05-22,1,1,9.0,529.1862235133577,0.8002240555006676,0.8316552086126385,0.16834479138736147
3408,2026-05-22 18:21:09.844782,2.0,1.0,0.0,278.0,0.0,2.0,0.0,0.0,2026-05-22,1,1,4.0,529.1862235133577,0.9144594643769579,0.926912189338107,0.07308781066189296
3409,2026-05-22 18:21:15.567832,2.0,1.0,0.0,278.0,0.0,2.0,0.0,0.0,2026-05-22,1,1,4.0,529.1862235133577,0.9144594643769579,0.926912189338107,0.07308781066189296
3410,2026-05-22 18:24:07.027437,3.0,1.0,0.0,278.0,0.0,2.0,0.0,0.0,2026-05-22,1,1,9.0,529.1862235133577,0.8002240555006676,0.8316552086126385,0.16834479138736147
3411,2026-05-22 18:24:15.313620,3.0,0.0,0.0,278.0,0.0,2.0,0.0,0.0,2026-05-22,0,1,9.0,529.1862235133577,0.8002240555006676,0.8316552086126385,-0.8316552086126385
3412,2026-05-22 18:29:33.093217,5.0,1.0,0.0,278.0,0.0,4.0,0.0,0.0,2026-05-22,1,1,25.0,529.1862235133577,0.3599457382805393,0.4284486946252726,0.5715513053747274
3413,2026-05-22 18:32:16.745040,5.0,0.0,0.0,278.0,0.0,6.0,0.0,0.0,2026-05-22,0,1,25.0,529.1862235133577,0.3599457382805393,0.4284486946252726,-0.4284486946252726
3414,2026-05-22 18:35:38.987788,5.0,1.0,0.0,278.0,0.0,5.0,0.0,0.0,2026-05-22,1,1,25.0,529.1862235133577,0.3599457382805393,0.4284486946252726,0.5715513053747274
3415,2026-05-22 18:39:49.286250,6.0,1.0,0.0,278.0,0.0,8.0,0.0,0.0,2026-05-22,1,1,36.0,529.1862235133577,0.17404201891505808,0.22601051750673395,0.773989482493266
3416,2026-05-22 18:44:32.143663,6.0,0.0,0.0,278.0,0.0,4.0,0.0,0.0,2026-05-22,0,1,36.0,529.1862235133577,0.17404201891505808,0.22601051750673395,-0.22601051750673395
3417,2026-05-22 18:46:01.769622,6.0,0.0,0.0,278.0,0.0,4.0,0.0,0.0,2026-05-22,0,1,36.0,529.1862235133577,0.17404201891505808,0.22601051750673395,-0.22601051750673395
3418,2026-05-22 18:49:08.793339,6.0,0.0,0.0,278.0,0.0,4.0,0.0,0.0,2026-05-22,0,1,36.0,529.1862235133577,0.17404201891505808,0.22601051750673395,-0.22601051750673395
3419,2026-05-22 18:51:37.653059,6.0,1.0,0.0,278.0,0.0,4.0,0.0,0.0,2026-05-22,1,1,36.0,529.1862235133577,0.17404201891505808,0.22601051750673395,0.773989482493266
3420,2026-05-22 18:56:22.330292,7.0,1.0,0.0,278.0,0.0,5.0,0.0,0.0,2026-05-22,1,1,49.0,529.1862235133577,0.07317610617062341,0.10213078272976209,0.8978692172702379
3421,2026-05-22 19:02:03.551837,7.0,1.0,0.0,278.0,0.0,7.0,0.0,0.0,2026-05-22,1,1,49.0,529.1862235133577,0.07317610617062341,0.10213078272976209,0.8978692172702379
3422,2026-05-22 19:06:31.997102,8.0,0.0,0.0,278.0,0.0,5.0,0.0,0.0,2026-05-22,0,1,64.0,529.1862235133577,0.028733363149600784,0.042429164124164545,-0.042429164124164545
