date,daily_score,attempts,sends,mean_grade,max_grade,ma_7,ma_30,ma_90,acute_7,chronic_30_daily,chronic_90_daily,chronic_30_expected_7,chronic_90_expected_7,acwr_7_30,acwr_7_90,ramp_7_30,ramp_7_90,chronic_30_sd,chronic_90_sd,chronic_30_sd_7day,chronic_90_sd_7day,z_overshoot_7_30,z_overshoot_7_90,risk_flag_7_30,risk_flag_7_90
2024-04-18,73.0,17.0,5.0,4.294117647058823,7.0,,,,,,,,,,,,,,,,,,,normal,normal
2024-04-19,0.0,0.0,0.0,,,73.0,73.0,73.0,73.0,,,,,,,,,,,,,,,normal,normal
2024-04-20,73.0,19.0,12.0,3.8421052631578947,6.0,36.5,36.5,36.5,73.0,,,,,,,,,,,,,,,normal,normal
2024-04-21,0.0,0.0,0.0,,,48.666666666666664,48.666666666666664,48.666666666666664,146.0,,,,,,,,,,,,,,,normal,normal
2024-04-22,0.0,0.0,0.0,,,36.5,36.5,36.5,146.0,,,,,,,,,,,,,,,normal,normal
2024-04-23,144.0,16.0,2.0,9.0,11.0,29.2,29.2,29.2,146.0,,,,,,,,,,,,,,,normal,normal
2024-04-24,43.0,7.0,3.0,6.142857142857143,8.0,48.333333333333336,48.333333333333336,48.333333333333336,290.0,,,,,,,,,,,,,,,normal,normal
2024-04-25,0.0,0.0,0.0,,,47.57142857142857,47.57142857142857,47.57142857142857,333.0,47.57142857142857,,333.0,,1.0,,0.0,,53.85430079655398,,142.4850869389495,,0.0,,normal,normal
2024-04-26,86.0,16.0,7.0,5.375,7.0,37.142857142857146,41.625,41.625,260.0,41.625,,291.375,,0.8923208923208923,,-31.375,,52.61976136124418,,139.21880260941768,,-0.22536467353496392,,normal,normal
2024-04-27,0.0,0.0,0.0,,,49.42857142857143,46.55555555555556,46.55555555555556,346.0,46.55555555555556,,325.8888888888889,,1.061711558131606,,20.111111111111086,,51.39579533169788,,135.98049288204706,,0.14789703055831674,,normal,normal
2024-04-28,0.0,0.0,0.0,,,39.0,41.9,41.9,273.0,41.9,,293.3,,0.9307875894988067,,-20.30000000000001,,50.643525417042866,,133.9901737690741,,-0.151503647088227,,normal,normal
2024-04-29,23.0,5.0,3.0,4.6,7.0,39.0,38.09090909090909,38.09090909090909,273.0,38.09090909090909,,266.6363636363636,,1.0238663484486874,,6.363636363636374,,49.677871422706,,131.43529344752255,,0.048416496031769035,,normal,normal
2024-04-30,168.0,22.0,3.0,7.636363636363637,11.0,42.285714285714285,36.833333333333336,36.833333333333336,296.0,36.833333333333336,,257.83333333333337,,1.1480284421460891,,38.16666666666663,,47.56590324502575,,125.84755087249835,,0.30327699190058094,,normal,normal
2024-05-01,0.0,0.0,0.0,,,45.714285714285715,46.92307692307692,46.92307692307692,320.0,46.92307692307692,,328.46153846153845,,0.9742388758782201,,-8.461538461538453,,58.28730785008222,,154.21372116278044,,-0.05486890788794901,,normal,normal
2024-05-02,0.0,0.0,0.0,,,39.57142857142857,43.57142857142857,43.57142857142857,277.0,43.57142857142857,43.57142857142857,305.0,305.0,0.9081967213114754,0.9081967213114754,-28.0,-28.0,57.387635073599775,57.387635073599775,151.8334107348729,151.8334107348729,-0.1844126392503478,-0.1844126392503478,normal,normal
2024-05-03,60.0,6.0,0.0,10.0,10.0,39.57142857142857,40.666666666666664,40.666666666666664,277.0,40.666666666666664,40.666666666666664,284.66666666666663,284.66666666666663,0.9730679156908666,0.9730679156908666,-7.666666666666629,-7.666666666666629,56.43285095285074,56.43285095285074,149.3072893956175,149.3072893956175,-0.05134824091777841,-0.05134824091777841,normal,normal
2024-05-04,0.0,0.0,0.0,,,35.857142857142854,41.875,41.875,251.0,41.875,41.875,293.125,293.125,0.8562899786780384,0.8562899786780384,-42.125,-42.125,54.73314047875078,54.73314047875078,144.8102781803373,144.8102781803373,-0.2908978598020526,-0.2908978598020526,normal,normal
2024-05-05,119.0,28.0,21.0,4.25,7.0,35.857142857142854,39.411764705882355,39.411764705882355,251.0,39.411764705882355,39.411764705882355,275.88235294117646,275.88235294117646,0.9098081023454158,0.9098081023454158,-24.882352941176464,-24.882352941176464,53.95954366876333,53.95954366876333,142.7635334060776,142.7635334060776,-0.17429067737067647,-0.17429067737067647,normal,normal
2024-05-06,0.0,0.0,0.0,,,52.857142857142854,43.833333333333336,43.833333333333336,370.0,43.833333333333336,43.833333333333336,306.83333333333337,306.83333333333337,1.2058663769690383,1.2058663769690383,63.16666666666663,63.16666666666663,55.608135249101394,55.608135249101394,147.1252967411671,147.1252967411671,0.4293392643264724,0.4293392643264724,normal,normal
2024-05-07,0.0,0.0,0.0,,,49.57142857142857,41.526315789473685,41.526315789473685,347.0,41.526315789473685,41.526315789473685,290.6842105263158,290.6842105263158,1.1937352887923232,1.1937352887923232,56.31578947368422,56.31578947368422,54.96905030313031,54.96905030313031,145.43443690748245,145.43443690748245,0.38722458498264267,0.38722458498264267,normal,normal
2024-05-08,112.0,15.0,3.0,7.466666666666667,10.0,25.571428571428573,39.45,39.45,179.0,39.45,39.45,276.15000000000003,276.15000000000003,0.6481984428752489,0.6481984428752489,-97.15000000000003,-97.15000000000003,54.302733283926536,54.302733283926536,143.67152778033943,143.67152778033943,-0.67619521766716,-0.67619521766716,under baseline,under baseline
2024-05-09,0.0,0.0,0.0,,,41.57142857142857,42.904761904761905,42.904761904761905,291.0,42.904761904761905,42.904761904761905,300.3333333333333,300.3333333333333,0.9689234184239734,0.9689234184239734,-9.333333333333314,-9.333333333333314,55.24482307140168,55.24482307140168,146.16406307069235,146.16406307069235,-0.06385518531199588,-0.06385518531199588,normal,normal
2024-05-10,105.0,21.0,18.0,5.0,7.0,41.57142857142857,40.95454545454545,40.95454545454545,291.0,40.95454545454545,40.95454545454545,286.6818181818182,286.6818181818182,1.015062628825115,1.015062628825115,4.318181818181813,4.318181818181813,54.68392056931515,54.68392056931515,144.6800545404175,144.6800545404175,0.029846421000453073,0.029846421000453073,normal,normal
2024-05-11,0.0,0.0,0.0,,,48.0,43.73913043478261,43.73913043478261,336.0,43.73913043478261,43.73913043478261,306.17391304347825,306.17391304347825,1.0974155069582505,1.0974155069582505,29.82608695652175,29.82608695652175,55.070382562436606,55.070382562436606,145.70253686539522,145.70253686539522,0.20470533731390048,0.20470533731390048,normal,normal
2024-05-12,0.0,0.0,0.0,,,48.0,41.916666666666664,41.916666666666664,336.0,41.916666666666664,41.916666666666664,293.41666666666663,293.41666666666663,1.1451292246520877,1.1451292246520877,42.58333333333337,42.58333333333337,54.594884827018014,54.594884827018014,144.44448810850324,144.44448810850324,0.294807603190409,0.294807603190409,normal,normal
2024-05-13,96.0,14.0,3.0,6.857142857142857,9.0,31.0,40.24,40.24,217.0,40.24,40.24,281.68,281.68,0.7703777335984096,0.7703777335984096,-64.68,-64.68,54.09889093133056,54.09889093133056,143.13221160870813,143.13221160870813,-0.4518898944761704,-0.4518898944761704,under baseline,under baseline
2024-05-14,0.0,0.0,0.0,,,44.714285714285715,42.38461538461539,42.38461538461539,313.0,42.38461538461539,42.38461538461539,296.69230769230774,296.69230769230774,1.0549649987036556,1.0549649987036556,16.307692307692264,16.307692307692264,54.122141068569654,54.122141068569654,143.19372568979088,143.19372568979088,0.11388552277088307,0.11388552277088307,normal,normal
2024-05-15,0.0,0.0,0.0,,,44.714285714285715,40.81481481481482,40.81481481481482,313.0,40.81481481481482,40.81481481481482,285.7037037037037,285.7037037037037,1.0955405755768732,1.0955405755768732,27.296296296296305,27.296296296296305,53.69431787516973,53.69431787516973,142.0618119149492,142.0618119149492,0.1921437994373765,0.1921437994373765,normal,normal
2024-05-16,163.0,24.0,5.0,6.791666666666667,10.0,28.714285714285715,39.357142857142854,39.357142857142854,201.0,39.357142857142854,39.357142857142854,275.5,275.5,0.7295825771324864,0.7295825771324864,-74.5,-74.5,53.252170385756585,53.252170385756585,140.89199961515047,140.89199961515047,-0.5287738140100102,-0.5287738140100102,under baseline,under baseline
2024-05-17,63.0,11.0,1.0,5.7272727272727275,9.0,52.0,43.62068965517241,43.62068965517241,364.0,43.62068965517241,43.62068965517241,305.34482758620686,305.34482758620686,1.1920948616600793,1.1920948616600793,58.65517241379314,58.65517241379314,57.11105334165273,57.11105334165273,151.10164425495748,151.10164425495748,0.3881835482532727,0.3881835482532727,normal,normal
2024-05-18,0.0,0.0,0.0,,,46.0,44.266666666666666,44.266666666666666,322.0,44.266666666666666,44.266666666666666,309.8666666666667,309.8666666666667,1.0391566265060241,1.0391566265060241,12.133333333333326,12.133333333333326,56.22916983408064,56.22916983408064,148.7683998085924,148.7683998085924,0.08155853897026688,0.08155853897026688,normal,normal
2024-05-19,183.0,35.0,10.0,5.228571428571429,10.0,46.0,41.833333333333336,42.83870967741935,322.0,41.833333333333336,42.83870967741935,292.83333333333337,299.8709677419355,1.099601593625498,1.0737951807228916,29.16666666666663,22.129032258064512,56.52163658546035,55.85284043758416,149.54219409949806,147.7727258144197,0.19503971332171677,0.14975045047118674,normal,normal
2024-05-20,141.0,21.0,4.0,6.714285714285714,9.0,72.14285714285714,47.93333333333333,47.21875,505.0,47.93333333333333,47.21875,335.5333333333333,330.53125,1.5050665606993843,1.5278434338659355,169.4666666666667,174.46875,61.5063402021082,60.27289251878199,162.7304802285125,159.4670844032226,1.0413947431894441,1.094073743512139,large overshoot,large overshoot
2024-05-21,0.0,0.0,0.0,,,78.57142857142857,50.2,50.06060606060606,550.0,50.2,50.06060606060606,351.40000000000003,350.42424242424244,1.5651678998292542,1.569526115530958,198.59999999999997,199.57575757575756,63.67666166955763,61.528925816409405,168.47261109644847,162.79023614716112,1.1788266277080726,1.2259688437047453,large overshoot,large overshoot
2024-05-22,0.0,0.0,0.0,,,78.57142857142857,50.2,48.588235294117645,550.0,50.2,48.588235294117645,351.40000000000003,340.11764705882354,1.5651678998292542,1.6170875129712903,198.59999999999997,209.88235294117646,63.67666166955763,61.19473023809041,168.47261109644847,161.90603775767164,1.1788266277080726,1.296321964566337,large overshoot,large overshoot
2024-05-23,59.0,14.0,6.0,4.214285714285714,6.0,78.57142857142857,50.2,47.2,550.0,50.2,47.2,351.40000000000003,330.40000000000003,1.5651678998292542,1.664648910411622,198.59999999999997,219.59999999999997,63.67666166955763,60.84493308692961,168.47261109644847,160.9805614863813,1.1788266277080726,1.364139856218465,large overshoot,large overshoot
2024-05-24,0.0,0.0,0.0,,,63.714285714285715,47.36666666666667,47.52777777777778,446.0,47.36666666666667,47.52777777777778,331.56666666666666,332.69444444444446,1.3451291846787976,1.3405694247307338,114.43333333333334,113.30555555555554,61.2020302420363,60.001660029945896,161.92535175268227,158.7494706902812,0.706704244237887,0.7137381627974916,moderate overshoot,moderate overshoot
2024-05-25,0.0,0.0,0.0,,,54.714285714285715,45.93333333333333,46.24324324324324,383.0,45.93333333333333,46.24324324324324,321.5333333333333,323.7027027027027,1.191167323242795,1.1831844368372715,61.4666666666667,59.29729729729729,61.80834299969394,59.676165633733085,163.52950452617017,157.88829346475697,0.3758750865464157,0.375564875622228,normal,normal
2024-05-26,156.0,20.0,1.0,7.8,8.0,54.714285714285715,45.93333333333333,45.026315789473685,383.0,45.93333333333333,45.026315789473685,321.5333333333333,315.1842105263158,1.191167323242795,1.2151623945896302,61.4666666666667,67.81578947368422,61.80834299969394,59.34028613878364,163.52950452617017,156.99963985063476,0.3758750865464157,0.4319486945205883,normal,normal
2024-05-27,9.0,9.0,9.0,1.0,1.0,50.857142857142854,48.266666666666666,47.87179487179487,356.0,48.266666666666666,47.87179487179487,337.8666666666667,335.1025641025641,1.0536700868192581,1.0623613130308365,18.133333333333326,20.897435897435912,64.62994572995919,61.191321833625146,170.99476364907287,161.89701996708905,0.10604613232805064,0.12907857044980822,normal,normal
2024-05-28,0.0,0.0,0.0,,,32.0,48.56666666666667,46.9,224.0,48.56666666666667,46.9,339.9666666666667,328.3,0.6588881262868909,0.6823027718550106,-115.9666666666667,-104.30000000000001,64.4187182763505,60.71361947490522,170.43590833675486,160.63313832520717,-0.6804121725190362,-0.6493056232820477,under baseline,under baseline
2024-05-29,187.0,40.0,22.0,4.675,10.0,32.0,48.56666666666667,45.75609756097561,224.0,48.56666666666667,45.75609756097561,339.9666666666667,320.2926829268293,0.6588881262868909,0.6993603411513859,-115.9666666666667,-96.29268292682929,64.4187182763505,60.39568713401847,170.43590833675486,159.7919684174762,-0.6804121725190362,-0.6026127838619072,under baseline,under baseline
2024-05-30,0.0,0.0,0.0,,,58.714285714285715,54.03333333333333,49.11904761904762,411.0,54.03333333333333,49.11904761904762,378.23333333333335,343.83333333333337,1.086630827531506,1.195346582646631,32.76666666666665,67.16666666666663,68.9719999826683,63.51116759143187,182.48275938089157,168.0347549222738,0.1795603419075532,0.39971889563998386,normal,normal
2024-05-31,0.0,0.0,0.0,,,50.285714285714285,48.43333333333333,47.97674418604651,352.0,48.43333333333333,47.97674418604651,339.0333333333333,335.83720930232556,1.0382459935109627,1.048126861020705,12.966666666666697,16.16279069767444,66.16264355585295,63.196024728840655,175.04990093139713,167.20096528040045,0.07407411599592047,0.09666685040106682,normal,normal
2024-06-01,0.0,0.0,0.0,,,50.285714285714285,48.43333333333333,46.88636363636363,352.0,48.43333333333333,46.88636363636363,339.0333333333333,328.20454545454544,1.0382459935109627,1.0725019043002562,12.966666666666697,23.79545454545456,66.16264355585295,62.87426208696984,175.04990093139713,166.34966134881915,0.07407411599592047,0.1430448030522755,normal,normal
2024-06-02,144.0,15.0,0.0,9.6,10.0,50.285714285714285,48.43333333333333,45.84444444444444,352.0,48.43333333333333,45.84444444444444,339.0333333333333,320.9111111111111,1.0382459935109627,1.0968769475798075,12.966666666666697,31.088888888888903,66.16264355585295,62.54742039428803,175.04990093139713,165.48491951189567,0.07407411599592047,0.18786538967168012,normal,normal
2024-06-03,0.0,0.0,0.0,,,48.57142857142857,51.233333333333334,47.97826086956522,340.0,51.233333333333334,47.97826086956522,358.6333333333333,335.8478260869565,0.9480434984664002,1.0123632597579133,-18.633333333333326,4.152173913043498,68.40834962817459,63.51919714383284,180.99148071650782,168.05599912106595,-0.10295143870621874,0.024707085345119464,normal,normal
2024-06-04,66.0,9.0,1.0,7.333333333333333,8.0,47.285714285714285,51.233333333333334,46.95744680851064,331.0,51.233333333333334,46.95744680851064,358.6333333333333,328.70212765957444,0.9229482293893485,1.0069907437374588,-27.633333333333326,2.297872340425556,68.40834962817459,63.213563984325155,180.99148071650782,167.24736978859366,-0.1526775361135158,0.0137393630962935,normal,normal
2024-06-05,72.0,10.0,2.0,7.2,8.0,56.714285714285715,49.46666666666667,47.354166666666664,397.0,49.46666666666667,47.354166666666664,346.26666666666665,331.47916666666663,1.146515209857528,1.197661994846333,50.73333333333335,65.52083333333337,67.27285322928702,62.59783477437312,177.98723963044193,165.61830342410232,0.285039160327852,0.3956134797828038,normal,normal
2024-06-06,0.0,0.0,0.0,,,40.285714285714285,51.86666666666667,47.857142857142854,282.0,51.86666666666667,47.857142857142854,363.06666666666666,335.0,0.7767168564083732,0.8417910447761194,-81.06666666666666,-53.0,66.72937280839899,62.04232426336074,176.54932559433948,164.14856076128115,-0.4591729047605369,-0.32287824976471846,under baseline,normal
2024-06-07,124.0,24.0,20.0,5.166666666666667,7.0,40.285714285714285,51.86666666666667,46.9,282.0,51.86666666666667,46.9,363.06666666666666,328.3,0.7767168564083732,0.858970453853183,-81.06666666666666,-46.30000000000001,66.72937280839899,61.77782773778956,176.54932559433948,163.44876873197916,-0.4591729047605369,-0.28326918801035483,under baseline,normal
2024-06-08,0.0,0.0,0.0,,,58.0,52.266666666666666,48.411764705882355,406.0,52.266666666666666,48.411764705882355,365.8666666666667,338.88235294117646,1.1096938775510203,1.1980558930741192,40.133333333333326,67.11764705882354,67.13698468537054,62.10255275609474,177.62776525224245,164.30791037489556,0.2259406533451654,0.40848701018522826,normal,normal
2024-06-09,165.0,21.0,1.0,7.857142857142857,8.0,58.0,52.266666666666666,47.48076923076923,406.0,52.266666666666666,47.48076923076923,365.8666666666667,332.36538461538464,1.1096938775510203,1.2215471850951802,40.133333333333326,73.63461538461536,67.13698468537054,61.8560918060164,177.62776525224245,163.65583599309957,0.2259406533451654,0.4499357749009336,normal,normal
2024-06-10,0.0,0.0,0.0,,,61.0,54.266666666666666,49.698113207547166,427.0,54.266666666666666,49.698113207547166,379.8666666666667,347.88679245283015,1.124078624078624,1.227410782080486,47.133333333333326,79.11320754716985,69.61021196056942,63.34963569370703,184.17130955816057,167.60738169208958,0.2559211499685232,0.47201505535423377,normal,normal
2024-06-11,16.0,3.0,2.0,5.333333333333333,8.0,61.0,54.266666666666666,48.77777777777778,427.0,54.266666666666666,48.77777777777778,379.8666666666667,341.44444444444446,1.124078624078624,1.2505694760820045,47.133333333333326,85.55555555555554,69.61021196056942,63.11255793068017,184.17130955816057,166.98013288973698,0.2559211499685232,0.5123696698220439,normal,normal
2024-06-12,0.0,0.0,0.0,,,53.857142857142854,54.8,48.18181818181818,377.0,54.8,48.18181818181818,383.59999999999997,337.27272727272725,0.9827945776850887,1.117789757412399,-6.599999999999966,39.72727272727275,69.24041076393625,62.681467196982,183.19290755733513,165.83957401586727,-0.036027595653146775,0.23955242868310614,normal,normal
2024-06-13,125.0,16.0,1.0,7.8125,8.0,43.57142857142857,51.6,47.32142857142857,305.0,51.6,47.32142857142857,361.2,331.25,0.8444075304540422,0.9207547169811321,-56.19999999999999,-26.25,69.48857509666978,62.44185867097259,183.84948866602434,165.20562944403562,-0.3056848316945351,-0.15889289056516287,normal,normal
2024-06-14,157.0,29.0,20.0,5.413793103448276,7.0,61.42857142857143,55.766666666666666,48.68421052631579,430.0,55.766666666666666,48.68421052631579,390.3666666666667,340.7894736842105,1.1015284774997864,1.2617760617760618,39.633333333333326,89.21052631578948,70.03333360687574,62.73133128518819,185.29078420861535,165.97150199261384,0.2138980279165472,0.5375050851787772,normal,normal
2024-06-15,0.0,0.0,0.0,,,66.14285714285714,61.0,50.55172413793103,463.0,61.0,50.55172413793103,427.0,353.8620689655172,1.0843091334894615,1.308419411420776,36.0,109.13793103448279,71.57152198060824,63.784498037984534,189.36044811508242,168.7579193095944,0.19011361854256525,0.6467129452708177,normal,moderate overshoot
2024-06-16,125.0,16.0,1.0,7.8125,8.0,66.14285714285714,55.56666666666667,49.69491525423729,463.0,55.56666666666667,49.69491525423729,388.9666666666667,347.864406779661,1.1903333618990486,1.3309783667900994,74.0333333333333,115.13559322033899,69.72442471830692,63.57381108961623,184.4734881116849,168.20049403972476,0.40132234767801245,0.6845140014460768,normal,moderate overshoot
2024-06-17,0.0,0.0,0.0,,,60.42857142857143,57.63333333333333,50.95,423.0,57.63333333333333,50.95,403.43333333333334,356.65000000000003,1.0485003718086425,1.18603673068835,19.566666666666663,66.34999999999997,70.86192661562455,63.778064610206926,187.4830352478515,168.74089805961714,0.10436499836264995,0.39320639372535593,normal,normal
2024-06-18,112.0,14.0,2.0,8.0,9.0,60.42857142857143,57.63333333333333,50.114754098360656,423.0,57.63333333333333,50.114754098360656,403.43333333333334,350.8032786885246,1.0485003718086425,1.2058040095331557,19.566666666666663,72.19672131147541,70.86192661562455,63.579896812502966,187.4830352478515,168.2165953490311,0.10436499836264995,0.42918905332541707,normal,normal
2024-06-19,101.0,16.0,7.0,6.3125,10.0,74.14285714285714,55.266666666666666,51.11290322580645,519.0,55.266666666666666,51.11290322580645,386.8666666666667,357.7903225806451,1.341547475443736,1.4505702565027274,132.13333333333333,161.20967741935488,67.6430455345958,63.54451256150295,178.96667640755865,168.12297742055677,0.7383124947374431,0.9588795053045701,moderate overshoot,moderate overshoot
2024-06-20,0.0,0.0,0.0,,,88.57142857142857,53.93333333333333,51.904761904761905,620.0,53.93333333333333,51.904761904761905,377.5333333333333,363.3333333333333,1.642239095885573,1.7064220183486238,242.4666666666667,256.6666666666667,66.2752532654708,63.34256946154603,175.34783821825715,167.58868619908532,1.3827753403202274,1.5315274108764243,large overshoot,large overshoot
2024-06-21,0.0,0.0,0.0,,,70.71428571428571,53.93333333333333,51.09375,495.0,53.93333333333333,51.09375,377.5333333333333,357.65625,1.3111425039731592,1.3840104849279162,117.4666666666667,137.34375,66.2752532654708,63.171904230654505,175.34783821825715,167.1371484407009,0.6699065575046029,0.8217428099099621,moderate overshoot,moderate overshoot
2024-06-22,0.0,0.0,0.0,,,48.285714285714285,53.93333333333333,50.30769230769231,338.0,53.93333333333333,50.30769230769231,377.5333333333333,352.15384615384613,0.8952851845311673,0.9598077763215378,-39.5333333333333,-14.153846153846132,66.2752532654708,62.99601254169859,175.34783821825715,166.67178277404045,-0.2254566337118213,-0.08492047014961568,normal,normal
2024-06-23,0.0,0.0,0.0,,,48.285714285714285,51.96666666666667,49.54545454545455,338.0,51.96666666666667,49.54545454545455,363.76666666666665,346.8181818181818,0.9291670484742968,0.9745740498034077,-25.76666666666665,-8.818181818181813,66.99124149306093,62.815525228960794,177.24216501011057,166.1942582297339,-0.1453754904494471,-0.05305948540046583,normal,normal
2024-06-24,0.0,0.0,0.0,,,30.428571428571427,51.96666666666667,48.80597014925373,213.0,51.96666666666667,48.80597014925373,363.76666666666665,341.64179104477614,0.5855401814349859,0.6234600262123198,-150.76666666666665,-128.64179104477614,66.99124149306093,62.631011489364546,177.24216501011057,165.7060807612877,-0.8506252824098958,-0.7763251080091291,under baseline,under baseline
2024-06-25,0.0,0.0,0.0,,,30.428571428571427,51.96666666666667,48.088235294117645,213.0,51.96666666666667,48.088235294117645,363.76666666666665,336.61764705882354,0.5855401814349859,0.6327653997378768,-150.76666666666665,-123.61764705882354,66.99124149306093,62.442985408211214,177.24216501011057,165.20861051056193,-0.8506252824098958,-0.7482518415765053,under baseline,under baseline
2024-06-26,0.0,1.0,0.0,0.0,0.0,14.428571428571429,46.766666666666666,47.391304347826086,101.0,46.766666666666666,47.391304347826086,327.3666666666667,331.7391304347826,0.30852255371143467,0.3044560943643512,-226.36666666666667,-230.73913043478262,64.65115052624984,62.25191170967323,171.0508662666597,164.7030770221451,-1.3233880167187952,-1.4009400103906904,under baseline,under baseline
2024-06-27,0.0,0.0,0.0,,,0.0,46.46666666666667,46.714285714285715,0.0,46.46666666666667,46.714285714285715,325.26666666666665,327.0,0.0,0.0,-325.26666666666665,-327.0,64.8530079771028,62.05821083540113,171.5849308819021,164.19059268008533,-1.8956598635724025,-1.9915879141574098,under baseline,under baseline
2024-06-28,0.0,0.0,0.0,,,0.0,46.46666666666667,46.056338028169016,0.0,46.46666666666667,46.056338028169016,325.26666666666665,322.3943661971831,0.0,0.0,-325.26666666666665,-322.3943661971831,64.8530079771028,61.86226343924834,171.5849308819021,163.67216459981438,-1.8956598635724025,-1.969756842804954,under baseline,under baseline
2024-06-29,0.0,0.0,0.0,,,0.0,40.233333333333334,45.416666666666664,0.0,40.233333333333334,45.416666666666664,281.6333333333333,317.91666666666663,0.0,0.0,-281.6333333333333,-317.91666666666663,59.658616935968624,61.6644143732834,157.84186397463918,163.14870517414474,-1.7842752628579197,-1.9486312583806458,under baseline,under baseline
2024-06-30,56.0,11.0,6.0,5.090909090909091,9.0,0.0,40.233333333333334,44.794520547945204,0.0,40.233333333333334,44.794520547945204,281.6333333333333,313.56164383561645,0.0,0.0,-281.6333333333333,-313.56164383561645,59.658616935968624,61.46497622949131,157.84186397463918,162.62104144373055,-1.7842752628579197,-1.9281738762207703,under baseline,under baseline
2024-07-01,5.0,5.0,5.0,1.0,1.0,8.0,42.1,44.945945945945944,56.0,42.1,44.945945945945944,294.7,314.6216216216216,0.19002375296912113,0.17799158147925437,-238.7,-258.6216216216216,59.230904095750546,61.05642840105313,156.71024216687303,161.54012549100764,-1.5231933580054078,-1.6009744998992101,under baseline,under baseline
2024-07-02,0.0,0.0,0.0,,,8.714285714285714,42.266666666666666,44.413333333333334,61.0,42.266666666666666,44.413333333333334,295.8666666666667,310.8933333333333,0.20617395223073456,0.1962087747137282,-234.86666666666667,-249.89333333333332,59.11527799100688,60.81764798400465,156.40432424865418,160.90837188954507,-1.5016635108711684,-1.5530163558231243,under baseline,under baseline
2024-07-03,0.0,0.0,0.0,,,8.714285714285714,37.46666666666667,43.828947368421055,61.0,37.46666666666667,43.828947368421055,262.26666666666665,306.8026315789474,0.2325876970005084,0.19882489170991122,-201.26666666666665,-245.8026315789474,56.35156475710955,60.62527265266957,149.09222633666377,160.3993946044488,-1.3499474225583583,-1.5324411428428788,under baseline,under baseline
2024-07-04,0.0,0.0,0.0,,,8.714285714285714,37.46666666666667,43.25974025974026,61.0,37.46666666666667,43.25974025974026,262.26666666666665,302.8181818181818,0.2325876970005084,0.20144100870609427,-201.26666666666665,-241.8181818181818,56.35156475710955,60.4318673769766,149.09222633666377,159.88769234271732,-1.3499474225583583,-1.5124252422121867,under baseline,under baseline
2024-07-05,201.0,32.0,7.0,6.28125,9.0,8.714285714285714,35.266666666666666,42.705128205128204,61.0,35.266666666666666,42.705128205128204,246.86666666666667,298.93589743589746,0.24709694842019983,0.2040571257022773,-185.86666666666667,-237.93589743589746,56.48737016808045,60.237648186779815,149.4515336807897,159.37383666562027,-1.2436584763569924,-1.4929420186771747,under baseline,under baseline
2024-07-06,0.0,0.0,0.0,,,37.42857142857143,39.56666666666667,44.70886075949367,262.0,39.56666666666667,44.70886075949367,276.9666666666667,312.96202531645565,0.9459622096521842,0.8371622714771074,-14.966666666666697,-50.96202531645565,63.81475525696033,62.44385209186014,168.8379723863688,165.21090353996235,-0.08864514572833758,-0.3084664766337811,normal,normal
2024-07-07,77.0,15.0,8.0,5.133333333333334,9.0,37.42857142857143,39.56666666666667,44.15,262.0,39.56666666666667,44.15,276.9666666666667,309.05,0.9459622096521842,0.8477592622552985,-14.966666666666697,-47.05000000000001,63.81475525696033,62.24839990826462,168.8379723863688,164.69378566896407,-0.08864514572833758,-0.28568169593581944,normal,normal
2024-07-08,0.0,0.0,0.0,,,40.42857142857143,38.0,44.55555555555556,283.0,38.0,44.55555555555556,266.0,311.8888888888889,1.0639097744360901,0.9073744210901318,17.0,-28.888888888888914,62.22761334061403,61.965716327659756,164.63878958035,163.9458752149623,0.103256347081581,-0.17620991593115973,normal,normal
2024-07-09,25.0,16.0,16.0,1.5625,3.0,39.714285714285715,38.0,44.01219512195122,278.0,38.0,44.01219512195122,266.0,308.0853658536586,1.0451127819548873,0.9023473063373312,12.0,-30.085365853658573,62.22761334061403,61.778276157549854,164.63878958035,163.44995513914787,0.07288683323405717,-0.18406469324538122,normal,normal
2024-07-10,54.0,11.0,5.0,4.909090909090909,6.0,43.285714285714285,33.333333333333336,43.78313253012048,303.0,33.333333333333336,43.78313253012048,233.33333333333334,306.48192771084337,1.2985714285714285,0.9886390439499961,69.66666666666666,-3.4819277108433653,57.440423909043126,61.435877377082974,151.9730768654567,162.54405311682072,0.4584145304127998,-0.021421440182378727,normal,normal
2024-07-11,0.0,0.0,0.0,,,51.0,35.13333333333333,43.904761904761905,357.0,35.13333333333333,43.904761904761905,245.93333333333334,307.3333333333333,1.4516129032258065,1.1616052060737527,111.06666666666666,49.666666666666686,57.20545750027781,61.07483441432982,151.35141418140975,161.58882322476592,0.7338330286993037,0.3073644926393308,moderate overshoot,normal
2024-07-12,113.0,16.0,2.0,7.0625,9.0,51.0,34.6,43.38823529411765,357.0,34.6,43.38823529411765,242.20000000000002,303.71764705882356,1.4739884393063583,1.1754338394793926,114.79999999999998,53.28235294117644,57.46399172375328,60.89669123032152,152.03543144212503,161.11750066211874,0.7550871458782332,0.33070493721793415,moderate overshoot,normal
2024-07-13,0.0,0.0,0.0,,,38.42857142857143,38.36666666666667,44.19767441860465,269.0,38.36666666666667,44.19767441860465,268.56666666666666,309.3837209302325,1.001613503785528,0.8694704401097456,0.4333333333333371,-40.38372093023253,58.80563152326972,61.00102598316384,155.5850767006721,161.3935444712409,0.002785185716539003,-0.25021893572347065,normal,normal
2024-07-14,35.0,9.0,8.0,3.888888888888889,7.0,38.42857142857143,34.2,43.689655172413794,269.0,34.2,43.689655172413794,239.40000000000003,305.82758620689657,1.1236424394319129,0.8795805615063704,29.599999999999966,-36.82758620689657,56.85153077731625,60.830169676756334,150.4150120901134,160.9415011745596,0.19678886826978845,-0.22882591462193963,normal,normal
2024-07-15,0.0,0.0,0.0,,,32.42857142857143,30.133333333333333,43.59090909090909,227.0,30.133333333333333,43.59090909090909,210.93333333333334,305.1363636363636,1.0761694058154234,0.7439296886637867,16.066666666666663,-78.13636363636363,51.913544397912396,60.48665405446298,137.35032815278657,160.03264426650577,0.11697581565873165,-0.48825265616583496,normal,under baseline
2024-07-16,0.0,0.0,0.0,,,32.42857142857143,30.133333333333333,43.10112359550562,227.0,30.133333333333333,43.10112359550562,210.93333333333334,301.70786516853934,1.0761694058154234,0.7523834351258751,16.066666666666663,-74.70786516853934,51.913544397912396,60.31923501139209,137.35032815278657,159.58969511380377,0.11697581565873165,-0.4681246186682981,normal,under baseline
2024-07-17,109.0,20.0,10.0,5.45,7.0,28.857142857142858,25.966666666666665,42.62222222222222,202.0,25.966666666666665,42.62222222222222,181.76666666666665,298.35555555555555,1.1113148725472217,0.6770445404439148,20.23333333333335,-96.35555555555555,48.969718534348665,60.1512284757433,129.56169701471697,159.14519160184358,0.1561675541424487,-0.6054569075302138,normal,under baseline
2024-07-18,92.0,15.0,4.0,6.133333333333334,8.0,36.714285714285715,29.6,43.022222222222226,257.0,29.6,43.022222222222226,207.20000000000002,301.15555555555557,1.2403474903474903,0.853379574970484,49.79999999999998,-44.155555555555566,50.97910322394108,60.47433809509575,134.87802919163923,160.00005930086292,0.3692224767700488,-0.27597211993856696,normal,normal
2024-07-19,0.0,0.0,0.0,,,49.857142857142854,28.933333333333334,44.044444444444444,349.0,28.933333333333334,44.044444444444444,202.53333333333333,308.31111111111113,1.7231731402238315,1.1319734755658064,146.46666666666667,40.68888888888887,49.98546915291263,60.51648695610241,132.24912054549725,160.11157470513115,1.107505789547222,0.2541283412134532,large overshoot,normal
2024-07-20,0.0,0.0,0.0,,,33.714285714285715,25.566666666666666,43.233333333333334,236.0,25.566666666666666,43.233333333333334,178.96666666666667,302.6333333333333,1.3186813186813187,0.7798215662517899,57.03333333333333,-66.63333333333333,48.33837865066133,60.613168369383885,127.89132868972385,160.36736968107618,0.4459515271101879,-0.415504310296088,moderate overshoot,under baseline
2024-07-21,0.0,0.0,0.0,,,33.714285714285715,25.566666666666666,43.233333333333334,236.0,25.566666666666666,43.233333333333334,178.96666666666667,302.6333333333333,1.3186813186813187,0.7798215662517899,57.03333333333333,-66.63333333333333,48.33837865066133,60.613168369383885,127.89132868972385,160.36736968107618,0.4459515271101879,-0.415504310296088,moderate overshoot,under baseline
2024-07-22,0.0,0.0,0.0,,,28.714285714285715,25.566666666666666,43.233333333333334,201.0,25.566666666666666,43.233333333333334,178.96666666666667,302.6333333333333,1.1231141739616315,0.6641700627822448,22.03333333333333,-101.63333333333333,48.33837865066133,60.613168369383885,127.89132868972385,160.36736968107618,0.17228168288710355,-0.6337531976452088,normal,under baseline
2024-07-23,0.0,0.0,0.0,,,28.714285714285715,25.566666666666666,41.63333333333333,201.0,25.566666666666666,41.63333333333333,178.96666666666667,291.43333333333334,1.1231141739616315,0.6896946128331236,22.03333333333333,-90.43333333333334,48.33837865066133,59.818724286638684,127.89132868972385,158.26546820758557,0.17228168288710355,-0.5714028104647463,normal,under baseline
2024-07-24,0.0,0.0,0.0,,,28.714285714285715,25.566666666666666,41.15555555555556,201.0,25.566666666666666,41.15555555555556,178.96666666666667,288.0888888888889,1.1231141739616315,0.6977013267510027,22.03333333333333,-87.0888888888889,48.33837865066133,59.979193229605926,127.89132868972385,158.6900291238263,0.17228168288710355,-0.5487987453889317,normal,under baseline
2024-07-25,22.0,8.0,7.0,2.75,7.0,13.142857142857142,25.566666666666666,41.15555555555556,92.0,25.566666666666666,41.15555555555556,178.96666666666667,288.0888888888889,0.5140622089774632,0.3193458809009565,-86.96666666666667,-196.0888888888889,48.33837865066133,59.979193229605926,127.89132868972385,158.6900291238263,-0.6800044034076448,-1.235672398395492,under baseline,under baseline
2024-07-26,0.0,0.0,0.0,,,3.142857142857143,26.3,40.44444444444444,22.0,26.3,40.44444444444444,184.1,283.1111111111111,0.11950027159152635,0.07770800627943486,-162.1,-261.1111111111111,48.103444568038405,59.8207267659921,127.26975153261047,158.27076626996026,-1.2736726366474043,-1.649774732661226,under baseline,under baseline
2024-07-27,0.0,0.0,0.0,,,3.142857142857143,26.3,40.44444444444444,22.0,26.3,40.44444444444444,184.1,283.1111111111111,0.11950027159152635,0.07770800627943486,-162.1,-261.1111111111111,48.103444568038405,59.8207267659921,127.26975153261047,158.27076626996026,-1.2736726366474043,-1.649774732661226,under baseline,under baseline
2024-07-28,194.0,26.0,6.0,7.461538461538462,11.0,3.142857142857143,26.3,40.44444444444444,22.0,26.3,40.44444444444444,184.1,283.1111111111111,0.11950027159152635,0.07770800627943486,-162.1,-261.1111111111111,48.103444568038405,59.8207267659921,127.26975153261047,158.27076626996026,-1.2736726366474043,-1.649774732661226,under baseline,under baseline
2024-07-29,0.0,0.0,0.0,,,30.857142857142858,32.766666666666666,42.34444444444444,216.0,32.766666666666666,42.34444444444444,229.36666666666667,296.4111111111111,0.9417235866879814,0.7287176219215055,-13.366666666666674,-80.4111111111111,56.715067227102104,61.93856345562362,150.05396347322178,163.87403546817356,-0.08907906433975703,-0.49068853941006396,normal,under baseline
2024-07-30,93.0,15.0,6.0,6.2,8.0,30.857142857142858,32.766666666666666,40.477777777777774,216.0,32.766666666666666,40.477777777777774,229.36666666666667,283.34444444444443,0.9417235866879814,0.7623230461550528,-13.366666666666674,-67.34444444444443,56.715067227102104,60.62673192758886,150.05396347322178,160.4032554829797,-0.08907906433975703,-0.41984462373701836,normal,under baseline
2024-07-31,0.0,0.0,0.0,,,44.142857142857146,34.0,41.51111111111111,309.0,34.0,41.51111111111111,238.0,290.5777777777778,1.2983193277310925,1.0633985928418477,71.0,18.422222222222217,57.632605713947285,60.72154985447165,152.48154212774466,160.65412013734226,0.46563012814048166,0.11467008879992102,normal,normal
2024-08-01,89.0,14.0,7.0,6.357142857142857,9.0,44.142857142857146,33.833333333333336,41.51111111111111,309.0,33.833333333333336,41.51111111111111,236.83333333333334,290.5777777777778,1.3047149894440535,1.0633985928418477,72.16666666666666,18.422222222222217,57.726515352242096,60.72154985447165,152.73000367638474,160.65412013734226,0.4725113921923197,0.11467008879992102,moderate overshoot,normal
2024-08-02,0.0,0.0,0.0,,,53.714285714285715,36.8,41.833333333333336,376.0,36.8,41.833333333333336,257.59999999999997,292.83333333333337,1.4596273291925468,1.2840068298235627,118.40000000000003,83.16666666666663,58.21268969373696,60.897454790820255,154.01630007780076,161.11952085330933,0.7687498007690791,0.5161799527841534,moderate overshoot,normal
2024-08-03,204.0,23.0,1.0,8.869565217391305,12.0,53.714285714285715,36.8,41.833333333333336,376.0,36.8,41.833333333333336,257.59999999999997,292.83333333333337,1.4596273291925468,1.2840068298235627,118.40000000000003,83.16666666666663,58.21268969373696,60.897454790820255,154.01630007780076,161.11952085330933,0.7687498007690791,0.5161799527841534,moderate overshoot,normal
2024-08-04,0.0,0.0,0.0,,,82.85714285714286,43.6,42.77777777777778,580.0,43.6,42.77777777777778,305.2,299.44444444444446,1.9003931847968545,1.9369202226345084,274.8,280.55555555555554,65.25472634487733,62.73894150783143,172.64777778012026,165.99163674914968,1.5916799134824555,1.6901788611165842,large overshoot,large overshoot
2024-08-05,0.0,0.0,0.0,,,55.142857142857146,36.9,42.77777777777778,386.0,36.9,42.77777777777778,258.3,299.44444444444446,1.494386372435153,1.2890538033395176,127.69999999999999,86.55555555555554,58.506321497530614,62.73894150783143,154.79317680765806,165.99163674914968,0.8249717631848635,0.5214452803207204,moderate overshoot,normal
2024-08-06,0.0,0.0,0.0,,,55.142857142857146,36.9,42.77777777777778,386.0,36.9,42.77777777777778,258.3,299.44444444444446,1.494386372435153,1.2890538033395176,127.69999999999999,86.55555555555554,58.506321497530614,62.73894150783143,154.79317680765806,165.99163674914968,0.8249717631848635,0.5214452803207204,moderate overshoot,normal
2024-08-07,0.0,0.0,0.0,,,41.857142857142854,34.333333333333336,41.53333333333333,293.0,34.333333333333336,41.53333333333333,240.33333333333334,290.73333333333335,1.219140083217753,1.0077963769777574,52.66666666666666,2.2666666666666515,58.37532150592011,62.460630296840975,154.44658340810514,165.2552944977877,0.3410024715632705,0.013716151567519042,normal,normal
2024-08-08,55.0,11.0,6.0,5.0,9.0,41.857142857142854,34.333333333333336,41.53333333333333,293.0,34.333333333333336,41.53333333333333,240.33333333333334,290.73333333333335,1.219140083217753,1.0077963769777574,52.66666666666666,2.2666666666666515,58.37532150592011,62.460630296840975,154.44658340810514,165.2552944977877,0.3410024715632705,0.013716151567519042,normal,normal
2024-08-09,0.0,0.0,0.0,,,37.0,35.333333333333336,40.977777777777774,259.0,35.333333333333336,40.977777777777774,247.33333333333334,286.84444444444443,1.0471698113207546,0.9029284164859003,11.666666666666657,-27.844444444444434,58.466809525507315,62.11116850803248,154.68863795587467,164.33070551188064,0.07542032059261265,-0.16944151951219708,normal,normal
2024-08-10,0.0,0.0,0.0,,,37.0,33.53333333333333,40.977777777777774,259.0,33.53333333333333,40.977777777777774,234.73333333333332,286.84444444444443,1.10337972166998,0.9029284164859003,24.26666666666668,-27.844444444444434,58.7030712545148,62.11116850803248,155.31372773515062,164.33070551188064,0.15624289636552613,-0.16944151951219708,normal,normal
2024-08-11,0.0,0.0,0.0,,,7.857142857142857,33.53333333333333,40.977777777777774,55.0,33.53333333333333,40.977777777777774,234.73333333333332,286.84444444444443,0.23430843510366375,0.19174155562441897,-179.73333333333332,-231.84444444444443,58.7030712545148,62.11116850803248,155.31372773515062,164.33070551188064,-1.157227606047962,-1.4108406808226277,under baseline,under baseline
2024-08-12,59.0,10.0,4.0,5.9,9.0,7.857142857142857,29.766666666666666,39.91111111111111,55.0,29.766666666666666,39.91111111111111,208.36666666666667,279.3777777777778,0.2639577667573188,0.19686605154311165,-153.36666666666667,-224.3777777777778,57.02974622092393,61.97981629502496,150.88652583369037,163.98318022210478,-1.0164371259744556,-1.368297513646658,under baseline,under baseline
2024-08-13,108.0,17.0,3.0,6.352941176470588,7.0,16.285714285714285,31.733333333333334,40.56666666666667,114.0,31.733333333333334,40.56666666666667,222.13333333333333,283.9666666666667,0.5132052821128451,0.4014555699025707,-108.13333333333333,-169.9666666666667,56.985136194681814,61.86484907087218,150.76849879827367,163.6790055380731,-0.7172143663645172,-1.038414585352127,under baseline,under baseline
2024-08-14,66.0,10.0,2.0,6.6,8.0,31.714285714285715,34.166666666666664,41.766666666666666,222.0,34.166666666666664,41.766666666666666,239.16666666666666,292.3666666666667,0.9282229965156795,0.759320487971725,-17.166666666666657,-70.36666666666667,58.66331952311651,62.11606569944305,155.2085545396865,164.3436622624757,-0.11060386921055422,-0.42816781431025325,normal,under baseline
2024-08-15,36.0,6.0,0.0,6.0,6.0,41.142857142857146,36.36666666666667,40.68888888888889,288.0,36.36666666666667,40.68888888888889,254.56666666666666,284.82222222222225,1.131334293570774,1.011157057033627,33.43333333333334,3.1777777777777487,58.57531746471335,60.81684502833895,154.97572297828995,160.90624746853982,0.21573271407171887,0.01974925043478541,normal,normal
2024-08-16,74.0,14.0,4.0,5.285714285714286,8.0,38.42857142857143,37.56666666666667,40.388888888888886,269.0,37.56666666666667,40.388888888888886,262.9666666666667,282.7222222222222,1.0229433388262137,0.9514639418353312,6.033333333333303,-13.722222222222172,58.171970577929876,60.772128155506536,153.90856742376877,160.78793774361674,0.03920076337739694,-0.08534360484244063,normal,normal
2024-08-17,7.0,2.0,2.0,3.5,4.0,49.0,36.4,41.21111111111111,343.0,36.4,41.21111111111111,254.79999999999998,288.47777777777776,1.3461538461538463,1.1889997303855488,88.20000000000002,54.52222222222224,57.02969583380706,60.72011577249928,150.88639252190987,160.6503259130837,0.5845457534362662,0.33938444825639685,moderate overshoot,normal
2024-08-18,178.0,27.0,5.0,6.592592592592593,8.0,50.0,33.56666666666667,39.25555555555555,350.0,33.56666666666667,39.25555555555555,234.9666666666667,274.7888888888889,1.4895729890764646,1.273705066515709,115.0333333333333,75.21111111111111,56.27866830111677,58.909483243192874,148.8993604426489,155.8598425248151,0.7725576052936797,0.482556057370175,moderate overshoot,normal
2024-08-19,0.0,0.0,0.0,,,75.42857142857143,39.5,39.666666666666664,528.0,39.5,39.666666666666664,276.5,277.66666666666663,1.9095840867992766,1.9015606242497,251.5,250.33333333333337,61.73622979228255,59.750605281123896,163.33871091311642,158.0852422594364,1.5397452238604883,1.5835338565158856,large overshoot,large overshoot
2024-08-20,0.0,0.0,0.0,,,67.0,39.5,39.666666666666664,469.0,39.5,39.666666666666664,276.5,277.66666666666663,1.6962025316455696,1.689075630252101,192.5,191.33333333333337,61.73622979228255,59.750605281123896,163.33871091311642,158.0852422594364,1.1785326266128986,1.2103174882025545,large overshoot,large overshoot
2024-08-21,0.0,0.0,0.0,,,51.57142857142857,39.5,39.666666666666664,361.0,39.5,39.666666666666664,276.5,277.66666666666663,1.305605786618445,1.3001200480192079,84.5,83.33333333333337,61.73622979228255,59.750605281123896,163.33871091311642,158.0852422594364,0.5173299062274801,0.5271417631544227,moderate overshoot,moderate overshoot
2024-08-22,0.0,0.0,0.0,,,42.142857142857146,39.5,39.01111111111111,295.0,39.5,39.01111111111111,276.5,273.0777777777778,1.0669077757685352,1.0802783089880783,18.5,21.922222222222217,61.73622979228255,59.85966630743067,163.33871091311642,158.3737906127736,0.11326157710305777,0.13842077112255521,normal,normal
2024-08-23,0.0,0.0,0.0,,,37.0,39.5,39.01111111111111,259.0,39.5,39.01111111111111,276.5,273.0777777777778,0.9367088607594937,0.9484477356878382,-17.5,-14.077777777777783,61.73622979228255,59.85966630743067,163.33871091311642,158.3737906127736,-0.10713932969208169,-0.08888956766967945,normal,normal
2024-08-24,0.0,0.0,0.0,,,26.428571428571427,39.5,39.01111111111111,185.0,39.5,39.01111111111111,276.5,273.0777777777778,0.6690777576853526,0.6774626683484558,-91.5,-88.07777777777778,61.73622979228255,59.85966630743067,163.33871091311642,158.3737906127736,-0.5601856381043128,-0.5561385974092729,under baseline,under baseline
2024-08-25,0.0,0.0,0.0,,,25.428571428571427,38.766666666666666,37.27777777777778,178.0,38.766666666666666,37.27777777777778,271.3666666666667,260.94444444444446,0.6559390738238545,0.6821375345965509,-93.36666666666667,-82.94444444444446,62.08097233804236,58.68101309944321,164.25081395554017,155.2553673424503,-0.5684395980645758,-0.534245262268402,under baseline,under baseline
2024-08-26,0.0,0.0,0.0,,,0.0,38.766666666666666,37.17777777777778,0.0,38.766666666666666,37.17777777777778,271.3666666666667,260.2444444444444,0.0,0.0,-271.3666666666667,-260.2444444444444,62.08097233804236,58.73738502436605,164.25081395554017,155.40451343672214,-1.65214807848758,-1.6746260368455204,under baseline,under baseline
2024-08-27,47.0,12.0,8.0,3.9166666666666665,7.0,0.0,38.766666666666666,37.17777777777778,0.0,38.766666666666666,37.17777777777778,271.3666666666667,260.2444444444444,0.0,0.0,-271.3666666666667,-260.2444444444444,62.08097233804236,58.73738502436605,164.25081395554017,155.40451343672214,-1.65214807848758,-1.6746260368455204,under baseline,under baseline
2024-08-28,131.0,20.0,2.0,6.55,8.0,6.714285714285714,33.86666666666667,35.62222222222222,47.0,33.86666666666667,35.62222222222222,237.06666666666666,249.35555555555555,0.1982564679415073,0.18848587469922468,-190.06666666666666,-202.35555555555555,54.7777536856941,56.5376632501977,144.92831363109838,149.5845966687389,-1.3114529652947167,-1.3527833751738494,under baseline,under baseline
2024-08-29,0.0,0.0,0.0,,,25.428571428571427,38.233333333333334,37.077777777777776,178.0,38.233333333333334,37.077777777777776,267.6333333333333,259.5444444444444,0.6650890521858264,0.6858170298386062,-89.63333333333333,-81.54444444444442,57.15477072031654,57.291532754354876,151.21730956687358,151.57914789773434,-0.5927451929284215,-0.5379661092926837,under baseline,under baseline
2024-08-30,103.0,22.0,13.0,4.681818181818182,8.0,25.428571428571427,35.13333333333333,37.077777777777776,178.0,35.13333333333333,37.077777777777776,245.93333333333334,259.5444444444444,0.7237733803198698,0.6858170298386062,-67.93333333333334,-81.54444444444442,56.60128750414107,57.291532754354876,149.75293062202508,151.57914789773434,-0.4536360861263971,-0.5379661092926837,under baseline,under baseline
2024-08-31,0.0,0.0,0.0,,,40.142857142857146,38.56666666666667,38.22222222222222,281.0,38.56666666666667,38.22222222222222,269.9666666666667,267.55555555555554,1.040869243116434,1.050249169435216,11.033333333333303,13.444444444444457,57.513226864503224,57.57062644017437,152.16569538031465,152.31756038290115,0.07250867750288388,0.08826588615683804,normal,normal
2024-09-01,64.0,12.0,1.0,5.333333333333333,8.0,40.142857142857146,35.6,36.62222222222222,281.0,35.6,36.62222222222222,249.20000000000002,256.35555555555555,1.1276083467094702,1.0961338418862692,31.799999999999983,24.644444444444446,57.11609471823216,56.59050179917689,151.11498248365208,149.72439432897534,0.21043578523684883,0.16459872524376706,normal,normal
2024-09-02,0.0,0.0,0.0,,,49.285714285714285,37.733333333333334,37.333333333333336,345.0,37.733333333333334,37.333333333333336,264.1333333333333,261.33333333333337,1.306158505805149,1.3201530612244896,80.86666666666667,83.66666666666663,56.93549485788845,56.52721329321503,150.63716016636963,149.55694868135143,0.5368307964472666,0.559430152890644,moderate overshoot,moderate overshoot
2024-09-03,123.0,20.0,7.0,6.15,9.0,49.285714285714285,30.933333333333334,36.6,345.0,30.933333333333334,36.6,216.53333333333333,256.2,1.5932881773399015,1.3466042154566746,128.46666666666667,88.80000000000001,47.850293360779325,56.57922753771071,126.59997639410719,149.6945654369199,1.0147447916320969,0.5932079079879464,large overshoot,moderate overshoot
2024-09-04,28.0,12.0,12.0,2.3333333333333335,3.0,60.142857142857146,35.03333333333333,37.166666666666664,421.0,35.03333333333333,37.166666666666664,245.23333333333332,260.16666666666663,1.7167323637352183,1.6181934657270982,175.76666666666668,160.83333333333337,50.31451654058342,57.18985727627666,133.11969810282963,151.3101398683058,1.3203655745289775,1.062938237142046,large overshoot,large overshoot
2024-09-05,0.0,0.0,0.0,,,45.42857142857143,35.96666666666667,37.477777777777774,318.0,35.96666666666667,37.477777777777774,251.76666666666668,262.34444444444443,1.2630742751224677,1.2121468806912032,66.23333333333332,55.655555555555566,49.90023380038747,57.06141532245536,132.02360899980474,150.9703144005874,0.5016779486268345,0.3686523127181023,normal,normal
2024-09-06,140.0,14.0,0.0,10.0,10.0,45.42857142857143,35.96666666666667,36.1,318.0,35.96666666666667,36.1,251.76666666666668,252.70000000000002,1.2630742751224677,1.2584091808468538,66.23333333333332,65.29999999999998,49.90023380038747,56.44248340199309,132.02360899980474,149.33277446056462,0.5016779486268345,0.43727842220760604,normal,normal
2024-09-07,0.0,0.0,0.0,,,50.714285714285715,40.63333333333333,37.65555555555556,355.0,40.63333333333333,37.65555555555556,284.43333333333334,263.5888888888889,1.2480956287354974,1.3467942503056105,70.56666666666666,91.4111111111111,52.878183581232946,57.35816137790836,139.90252353676118,151.7554306658554,0.5043988119922966,0.6023580883400858,normal,moderate overshoot
2024-09-08,42.0,7.0,3.0,6.0,9.0,50.714285714285715,38.8,35.82222222222222,355.0,38.8,35.82222222222222,271.59999999999997,250.75555555555556,1.3070692194403537,1.4157213753987947,83.40000000000003,104.24444444444444,53.31455129052802,55.859490211526555,141.05704397573487,147.79031946254605,0.5912501612776374,0.7053536714958026,moderate overshoot,moderate overshoot
2024-09-09,56.0,17.0,14.0,3.2941176470588234,6.0,47.57142857142857,40.2,36.28888888888889,333.0,40.2,36.28888888888889,281.40000000000003,254.02222222222224,1.183368869936034,1.3109089318519813,51.599999999999966,78.97777777777776,52.8096125001291,55.73215327675682,139.72110150902955,147.4534176004321,0.36930713716614444,0.5356117142824794,normal,moderate overshoot
2024-09-10,0.0,0.0,0.0,,,55.57142857142857,42.06666666666667,36.733333333333334,389.0,42.06666666666667,36.733333333333334,294.4666666666667,257.1333333333333,1.3210323749151005,1.51283380865958,94.5333333333333,131.86666666666667,52.32717585856638,55.72803139485607,138.4446941321094,147.4425121259891,0.682823808640336,0.894359874674321,moderate overshoot,large overshoot
2024-09-11,0.0,0.0,0.0,,,38.0,42.06666666666667,36.733333333333334,266.0,42.06666666666667,36.733333333333334,294.4666666666667,257.1333333333333,0.9033280507131536,1.0344827586206897,-28.466666666666697,8.866666666666674,52.32717585856638,55.72803139485607,138.4446941321094,147.4425121259891,-0.20561760669211837,0.06013643242248978,normal,normal
2024-09-12,200.0,20.0,0.0,10.0,10.0,34.0,40.1,35.34444444444444,238.0,40.1,35.34444444444444,280.7,247.4111111111111,0.8478802992518704,0.9619616472807294,-42.69999999999999,-9.411111111111097,52.77561479737946,55.05710235156594,139.6311520424065,145.66740073007293,-0.30580568430053373,-0.06460684452350622,normal,normal
2024-09-13,54.0,18.0,16.0,3.0,7.0,62.57142857142857,43.166666666666664,35.82222222222222,438.0,43.166666666666664,35.82222222222222,302.16666666666663,250.75555555555556,1.4495311638168782,1.7467210209145694,135.83333333333337,187.24444444444444,59.14568998395538,56.297280309861655,156.48478681886976,148.94860318918725,0.8680290020176828,1.257107756872454,moderate overshoot,large overshoot
2024-09-14,0.0,0.0,0.0,,,50.285714285714285,42.766666666666666,36.422222222222224,352.0,42.766666666666666,36.422222222222224,299.3666666666667,254.95555555555558,1.1758156107337712,1.3806327900287632,52.633333333333326,97.04444444444442,59.02640165175259,56.19887994760917,156.16917955754954,148.6882603017485,0.33702766117137434,0.6526705218522436,normal,moderate overshoot
2024-09-15,82.0,10.0,0.0,8.2,10.0,50.285714285714285,41.56666666666667,35.03333333333333,352.0,41.56666666666667,35.03333333333333,290.9666666666667,245.23333333333332,1.2097605682208727,1.4353676770422727,61.0333333333333,106.76666666666668,59.532479302931954,55.52577091725114,157.50813516665784,146.90738120218933,0.3874932127712294,0.7267617582790017,normal,moderate overshoot
2024-09-16,0.0,0.0,0.0,,,56.0,41.833333333333336,35.94444444444444,392.0,41.833333333333336,35.94444444444444,292.83333333333337,251.6111111111111,1.3386454183266931,1.5579598145285936,99.16666666666663,140.3888888888889,59.70044956414414,55.617142517597195,157.95254270547983,147.14912773359896,0.6278257061779243,0.9540585870345838,moderate overshoot,large overshoot
2024-09-17,49.0,11.0,9.0,4.454545454545454,9.0,48.0,41.6,34.7,336.0,41.6,34.7,291.2,242.90000000000003,1.153846153846154,1.3832853025936598,44.80000000000001,93.09999999999997,59.854766756276604,55.14729001053101,158.36082761888412,145.90601484702162,0.28289824367309463,0.6380819878989411,normal,moderate overshoot
2024-09-18,0.0,0.0,0.0,,,55.0,37.3,34.12222222222222,385.0,37.3,34.12222222222222,261.09999999999997,238.85555555555555,1.4745308310991958,1.6118528166720938,123.90000000000003,146.14444444444445,54.07220587580888,54.71557257898968,143.0616095880758,144.76379788651172,0.8660604361767722,1.0095372363677215,moderate overshoot,large overshoot
2024-09-19,0.0,0.0,0.0,,,55.0,37.3,34.12222222222222,385.0,37.3,34.12222222222222,261.09999999999997,238.85555555555555,1.4745308310991958,1.6118528166720938,123.90000000000003,146.14444444444445,54.07220587580888,54.71557257898968,143.0616095880758,144.76379788651172,0.8660604361767722,1.0095372363677215,moderate overshoot,large overshoot
2024-09-20,74.0,13.0,8.0,5.6923076923076925,9.0,26.428571428571427,37.3,34.12222222222222,185.0,37.3,34.12222222222222,261.09999999999997,238.85555555555555,0.7085407889697435,0.774526678141136,-76.09999999999997,-53.855555555555554,54.07220587580888,54.71557257898968,143.0616095880758,144.76379788651172,-0.5319386536969517,-0.3720236436306809,under baseline,under baseline
2024-09-21,0.0,0.0,0.0,,,29.285714285714285,39.766666666666666,34.94444444444444,205.0,39.766666666666666,34.94444444444444,278.3666666666667,244.6111111111111,0.7364387498503173,0.8380649557120147,-73.36666666666667,-39.611111111111086,53.99979778591341,54.75304334286692,142.8700357893032,144.86293620916652,-0.5135203211880185,-0.27343854920845245,under baseline,normal
2024-09-22,130.0,22.0,6.0,5.909090909090909,8.0,29.285714285714285,39.766666666666666,34.94444444444444,205.0,39.766666666666666,34.94444444444444,278.3666666666667,244.6111111111111,0.7364387498503173,0.8380649557120147,-73.36666666666667,-39.611111111111086,53.99979778591341,54.75304334286692,142.8700357893032,144.86293620916652,-0.5135203211880185,-0.27343854920845245,under baseline,normal
2024-09-23,50.0,21.0,20.0,2.380952380952381,5.0,36.142857142857146,44.1,36.388888888888886,253.0,44.1,36.388888888888886,308.7,254.7222222222222,0.8195659216067379,0.9932388222464559,-55.69999999999999,-1.7222222222222001,55.881864308742315,55.530069684820255,147.84951575958854,146.91875467212128,-0.3767344094015922,-0.011722276206776221,normal,normal
2024-09-24,0.0,0.0,0.0,,,43.285714285714285,45.766666666666666,36.94444444444444,303.0,45.766666666666666,36.94444444444444,320.3666666666667,258.6111111111111,0.9457912808240557,1.1716433941997852,-17.366666666666674,44.388888888888914,55.263433900154816,55.4119123020383,146.21330269526595,146.60613962171396,-0.11877624228803475,0.3027764662750484,normal,normal
2024-09-25,32.0,4.0,1.0,8.0,8.0,36.285714285714285,45.766666666666666,36.94444444444444,254.0,45.766666666666666,36.94444444444444,320.3666666666667,258.6111111111111,0.7928415357402976,0.982169709989259,-66.36666666666667,-4.611111111111086,55.263433900154816,55.4119123020383,146.21330269526595,146.60613962171396,-0.45390306793757607,-0.03145237384334026,under baseline,normal
2024-09-26,0.0,0.0,0.0,,,40.857142857142854,46.833333333333336,37.3,286.0,46.833333333333336,37.3,327.83333333333337,261.09999999999997,0.8723945094051855,1.095365760245117,-41.83333333333337,24.900000000000034,54.65508357801257,55.27468689405622,144.60375903287155,146.243075318634,-0.28929630607890183,0.1702644719809672,normal,normal
2024-09-27,0.0,0.0,0.0,,,40.857142857142854,45.266666666666666,37.3,286.0,45.266666666666666,37.3,316.8666666666667,261.09999999999997,0.9025878392594151,1.095365760245117,-30.866666666666674,24.900000000000034,55.319718585399684,55.27468689405622,146.3622179750454,146.243075318634,-0.21089231287769503,0.1702644719809672,normal,normal
2024-09-28,0.0,0.0,0.0,,,30.285714285714285,40.9,37.3,212.0,40.9,37.3,286.3,261.09999999999997,0.7404820118756549,0.8119494446572195,-74.30000000000001,-49.099999999999966,53.45791125607198,55.27468689405622,141.43633879252698,146.243075318634,-0.5253246841251364,-0.33574239254078203,under baseline,normal
2024-09-29,0.0,0.0,0.0,,,30.285714285714285,40.9,36.67777777777778,212.0,40.9,36.67777777777778,286.3,256.7444444444444,0.7404820118756549,0.8257238066386811,-74.30000000000001,-44.74444444444441,53.45791125607198,55.37691641298504,141.43633879252698,146.51354920236943,-0.5253246841251364,-0.3053945842417747,under baseline,normal
2024-09-30,43.0,10.0,7.0,4.3,7.0,11.714285714285714,37.46666666666667,36.62222222222222,82.0,37.46666666666667,36.62222222222222,262.26666666666665,256.35555555555555,0.31265887137773263,0.31986823855755897,-180.26666666666665,-174.35555555555555,52.63323542462848,55.41155069173229,139.25445163028206,146.60518289077274,-1.2945127753996062,-1.1892864366565952,under baseline,under baseline
2024-10-01,93.0,12.0,2.0,7.75,10.0,10.714285714285714,38.9,37.1,75.0,38.9,37.1,272.3,259.7,0.2754315093646713,0.2887947631882942,-197.3,-184.7,52.161123057509876,55.277451363222944,138.0053597160082,146.25038941655626,-1.429654619255442,-1.262902620203834,under baseline,under baseline
2024-10-02,0.0,0.0,0.0,,,24.0,39.86666666666667,38.13333333333333,168.0,39.86666666666667,38.13333333333333,279.06666666666666,266.93333333333334,0.6020066889632107,0.6293706293706294,-111.06666666666666,-98.93333333333334,52.90572834725954,55.44512420179798,139.97540013758902,146.69401004904608,-0.7934727570522644,-0.6744197210251168,under baseline,under baseline
2024-10-03,0.0,0.0,0.0,,,19.428571428571427,39.86666666666667,38.13333333333333,136.0,39.86666666666667,38.13333333333333,279.06666666666666,266.93333333333334,0.4873387482083134,0.5094905094905094,-143.06666666666666,-130.93333333333334,52.90572834725954,55.44512420179798,139.97540013758902,146.69401004904608,-1.0220843557227848,-0.8925608706828365,under baseline,under baseline
2024-10-04,92.0,16.0,5.0,5.75,8.0,19.428571428571427,35.766666666666666,35.9,136.0,35.766666666666666,35.9,250.36666666666667,251.29999999999998,0.5432033018239915,0.5411858336649423,-114.36666666666667,-115.29999999999998,50.97171855013348,52.79599278290521,134.858491181231,139.68506712432813,-0.8480494306656141,-0.8254282463663495,under baseline,under baseline
2024-10-05,73.0,15.0,9.0,4.866666666666666,11.0,32.57142857142857,37.9,36.922222222222224,228.0,37.9,36.922222222222224,265.3,258.4555555555556,0.8594044477949491,0.8821632775890975,-37.30000000000001,-30.455555555555577,51.96507447812655,52.98340375681731,137.48666393007244,140.18090995426397,-0.27129904045799885,-0.2172589375079113,normal,normal
2024-10-06,0.0,0.0,0.0,,,43.0,40.333333333333336,36.87777777777778,301.0,40.333333333333336,36.87777777777778,282.33333333333337,258.14444444444445,1.0661157024793386,1.166013859596264,18.66666666666663,42.855555555555554,51.83816549897237,52.95107510293629,137.1508943320894,140.0953763758733,0.13610313485428846,0.3059027118823315,normal,normal
2024-10-07,32.0,15.0,15.0,2.1333333333333333,4.0,43.0,35.666666666666664,36.87777777777778,301.0,35.666666666666664,36.87777777777778,249.66666666666666,258.14444444444445,1.205607476635514,1.166013859596264,51.33333333333334,42.855555555555554,48.76709838669377,52.95107510293629,129.02561449341093,140.0953763758733,0.3978538179018309,0.3059027118823315,normal,normal
2024-10-08,0.0,0.0,0.0,,,41.42857142857143,36.733333333333334,36.955555555555556,290.0,36.733333333333334,36.955555555555556,257.1333333333333,258.68888888888887,1.1278195488721805,1.1210377115368095,32.866666666666674,31.31111111111113,48.30787280260478,52.93857180279183,127.81061780223307,140.06229575312346,0.257151301134642,0.22355132009474346,normal,normal
2024-10-09,0.0,0.0,0.0,,,28.142857142857142,35.333333333333336,36.355555555555554,197.0,35.333333333333336,36.355555555555554,247.33333333333334,254.48888888888888,0.7964959568733153,0.7741005937827454,-50.33333333333334,-57.48888888888888,48.75649087351189,53.0491209960347,128.99754965150285,140.35478142608292,-0.39018829015987394,-0.40959693930459423,under baseline,under baseline
2024-10-10,72.0,9.0,0.0,8.0,8.0,28.142857142857142,33.46666666666667,36.355555555555554,197.0,33.46666666666667,36.355555555555554,234.26666666666668,254.48888888888888,0.8409220261809903,0.7741005937827454,-37.26666666666668,-57.48888888888888,49.009311805800316,53.0491209960347,129.66645096456952,140.35478142608292,-0.2874040770719447,-0.40959693930459423,normal,under baseline
2024-10-11,0.0,0.0,0.0,,,38.42857142857143,35.86666666666667,35.9,269.0,35.86666666666667,35.9,251.06666666666666,251.29999999999998,1.0714285714285714,1.0704337445284522,17.933333333333337,17.700000000000017,49.07681054564703,52.557309544123825,129.84503584401415,139.05357063239313,0.13811335348143047,0.1272890722582907,normal,normal
2024-10-12,0.0,0.0,0.0,,,25.285714285714285,35.86666666666667,35.9,177.0,35.86666666666667,35.9,251.06666666666666,251.29999999999998,0.7049920339883166,0.7043374452845206,-74.06666666666666,-74.29999999999998,49.07681054564703,52.557309544123825,129.84503584401415,139.05357063239313,-0.5704235528545324,-0.5343264445644625,under baseline,under baseline
2024-10-13,158.0,24.0,7.0,6.583333333333333,10.0,14.857142857142858,29.2,35.51111111111111,104.0,29.2,35.51111111111111,204.4,248.57777777777778,0.5088062622309197,0.41838011800464864,-100.4,-144.57777777777778,38.444227403989444,52.69335596445248,101.71386505697033,139.41351562734332,-0.9870827339396214,-1.037042765381792,under baseline,under baseline
2024-10-14,99.0,13.0,3.0,7.615384615384615,10.0,37.42857142857143,32.666666666666664,37.266666666666666,262.0,32.666666666666664,37.266666666666666,228.66666666666666,260.8666666666667,1.1457725947521866,1.0043444927165857,33.33333333333334,1.1333333333333258,44.90398441220948,54.10991726169438,118.80477563062718,143.16138453672443,0.2805723352146141,0.007916473684582157,normal,normal
2024-10-15,0.0,0.0,0.0,,,47.0,35.96666666666667,38.36666666666667,329.0,35.96666666666667,38.36666666666667,251.76666666666668,268.56666666666666,1.3067655236329934,1.2250217202432667,77.23333333333332,60.43333333333334,46.04381970833145,54.34956559990955,121.82049635973956,143.79543444175167,0.6339929292790023,0.4202729632408012,moderate overshoot,normal
2024-10-16,0.0,0.0,0.0,,,47.0,33.233333333333334,37.15555555555556,329.0,33.233333333333334,37.15555555555556,232.63333333333333,260.0888888888889,1.4142427281845538,1.2649521531100478,96.36666666666667,68.9111111111111,45.64909889455711,53.971051564623565,120.77616324919164,142.79398043663744,0.7978947507037293,0.4825911491534428,moderate overshoot,normal
2024-10-17,0.0,0.0,0.0,,,47.0,33.233333333333334,36.13333333333333,329.0,33.233333333333334,36.13333333333333,232.63333333333333,252.93333333333334,1.4142427281845538,1.3007380073800738,96.36666666666667,76.06666666666666,45.64909889455711,53.79156610724081,120.77616324919164,142.31910655244997,0.7978947507037293,0.5344796528682059,moderate overshoot,moderate overshoot
2024-10-18,51.0,17.0,15.0,3.0,8.0,36.714285714285715,31.6,36.13333333333333,257.0,31.6,36.13333333333333,221.20000000000002,252.93333333333334,1.1618444846292946,1.0160780179230364,35.79999999999998,4.066666666666663,45.94119179394755,53.79156610724081,121.54896842070656,142.31910655244997,0.2945315000624987,0.028574284684452698,normal,normal
2024-10-19,62.0,13.0,3.0,4.769230769230769,10.0,44.0,33.3,36.7,308.0,33.3,36.7,233.09999999999997,256.90000000000003,1.3213213213213215,1.1989100817438691,74.90000000000003,51.099999999999966,45.674372199977384,53.67514646756543,120.84303013014225,142.01108913814517,0.6198123294271607,0.3598310548149592,moderate overshoot,normal
2024-10-20,0.0,0.0,0.0,,,52.857142857142854,35.36666666666667,37.388888888888886,370.0,35.36666666666667,37.388888888888886,247.56666666666666,261.7222222222222,1.4945469233876396,1.4137125875610277,122.43333333333334,108.27777777777783,45.518077752678096,53.596640521174926,120.42951389128805,141.80338192755613,1.0166389398852356,0.7635768365037604,moderate overshoot,moderate overshoot
2024-10-21,0.0,0.0,0.0,,,30.285714285714285,32.9,37.388888888888886,212.0,32.9,37.388888888888886,230.29999999999998,261.7222222222222,0.9205384281372124,0.8100191042241563,-18.299999999999983,-49.72222222222217,45.35708894143646,53.596640521174926,120.00357753287877,141.80338192755613,-0.1524954536875046,-0.350642005475046,normal,normal
2024-10-22,34.0,7.0,2.0,4.857142857142857,6.0,16.142857142857142,32.9,37.388888888888886,113.0,32.9,37.388888888888886,230.29999999999998,261.7222222222222,0.4906643508467217,0.43175546593080033,-117.29999999999998,-148.72222222222217,45.35708894143646,53.596640521174926,120.00357753287877,141.80338192755613,-0.9774708588822025,-1.0487917862086018,under baseline,under baseline
2024-10-23,0.0,0.0,0.0,,,21.0,29.7,37.766666666666666,147.0,29.7,37.766666666666666,207.9,264.3666666666667,0.7070707070707071,0.556045895851721,-60.900000000000006,-117.36666666666667,41.492126382292525,53.44976639883362,109.77784777480814,141.41478952581016,-0.5547567312936095,-0.8299461962940279,under baseline,under baseline
2024-10-24,76.0,13.0,6.0,5.846153846153846,9.0,21.0,28.033333333333335,37.522222222222226,147.0,28.033333333333335,37.522222222222226,196.23333333333335,262.65555555555557,0.7491082045184304,0.5596683446846313,-49.23333333333335,-115.65555555555557,41.65248954213264,53.57284818284322,110.20212881520159,141.74043331722172,-0.44675483008039646,-0.8159672779940853,under baseline,under baseline
2024-10-25,0.0,0.0,0.0,,,31.857142857142858,30.566666666666666,38.36666666666667,223.0,30.566666666666666,38.36666666666667,213.96666666666667,268.56666666666666,1.0422184140831905,0.8303338711679286,9.033333333333331,-45.56666666666666,42.1963254923633,53.5737337117754,111.64098349352841,141.74277620655502,0.08091413252246182,-0.3214743487192922,normal,normal
2024-10-26,80.0,14.0,2.0,5.714285714285714,12.0,24.571428571428573,29.5,38.36666666666667,172.0,29.5,38.36666666666667,206.5,268.56666666666666,0.8329297820823245,0.6404368871788507,-34.5,-96.56666666666666,42.56171989006081,53.5737337117754,112.60772620029225,141.74277620655502,-0.306373293948195,-0.6812810447986756,normal,under baseline
2024-10-27,120.0,16.0,1.0,7.5,10.0,27.142857142857142,32.166666666666664,37.1,190.0,32.166666666666664,37.1,225.16666666666666,259.7,0.843819393042191,0.7316134000770119,-35.16666666666666,-69.69999999999999,43.15176372575837,51.145320609267024,114.16883545217466,135.31779905678707,-0.3080233456650959,-0.5150837545824248,normal,under baseline
2024-10-28,0.0,0.0,0.0,,,44.285714285714285,36.166666666666664,38.43333333333333,310.0,36.166666666666664,38.43333333333333,253.16666666666666,269.0333333333333,1.2244897959183674,1.1522735720480735,56.83333333333334,40.9666666666667,45.561692419092076,51.72812461712187,120.54490745213448,136.85975352466272,0.47147021416811413,0.29933319044947954,normal,normal
2024-10-29,0.0,0.0,0.0,,,44.285714285714285,36.166666666666664,37.4,310.0,36.166666666666664,37.4,253.16666666666666,261.8,1.2244897959183674,1.1841100076394193,56.83333333333334,48.19999999999999,45.561692419092076,51.5544437867125,120.54490745213448,136.40023723990032,0.47147021416811413,0.35337181939959517,normal,normal
2024-10-30,67.0,30.0,30.0,2.2333333333333334,4.0,39.42857142857143,36.166666666666664,37.4,276.0,36.166666666666664,37.4,253.16666666666666,261.8,1.0901909150757076,1.0542398777692894,22.833333333333343,14.199999999999989,45.561692419092076,51.5544437867125,120.54490745213448,136.40023723990032,0.18941765202648578,0.10410539077747404,normal,normal
2024-10-31,0.0,0.0,0.0,,,49.0,36.96666666666667,37.15555555555556,343.0,36.96666666666667,37.15555555555556,258.76666666666665,260.0888888888889,1.3255184851217314,1.31877990430622,84.23333333333335,82.9111111111111,45.895295629503664,51.35881949164648,121.4275385834563,135.88266400475334,0.6936921749051215,0.6101669533665514,moderate overshoot,moderate overshoot
2024-11-01,0.0,0.0,0.0,,,38.142857142857146,33.86666666666667,37.15555555555556,267.0,33.86666666666667,37.15555555555556,237.06666666666666,260.0888888888889,1.1262654668166479,1.026572112098428,29.933333333333337,6.911111111111097,45.114210111925786,51.35881949164648,119.36098055127107,135.88266400475334,0.2507798879925889,0.05086087442964276,normal,normal
2024-11-02,157.0,16.0,0.0,9.8125,10.0,38.142857142857146,33.86666666666667,34.888888888888886,267.0,33.86666666666667,34.888888888888886,237.06666666666666,244.2222222222222,1.1262654668166479,1.0932666060054597,29.933333333333337,22.7777777777778,45.114210111925786,48.32461499569234,119.36098055127107,127.8549134815446,0.2507798879925889,0.17815332361916378,normal,normal
2024-11-03,0.0,0.0,0.0,,,49.142857142857146,39.1,36.63333333333333,344.0,39.1,36.63333333333333,273.7,256.43333333333334,1.256850566313482,1.341479266865982,70.30000000000001,87.56666666666666,49.90221472522795,49.86035555609055,132.02885003429859,131.91810108267322,0.5324593827919989,0.663795687991207,normal,moderate overshoot
2024-11-04,88.0,16.0,9.0,5.5,8.0,32.0,36.03333333333333,36.63333333333333,224.0,36.03333333333333,36.63333333333333,252.23333333333332,256.43333333333334,0.8880666049953747,0.8735213830755232,-28.23333333333332,-32.43333333333334,49.363174416823576,49.86035555609055,130.60268343162105,131.91810108267322,-0.21617728358633073,-0.24585961340519397,normal,normal
2024-11-05,0.0,0.0,0.0,,,44.57142857142857,36.53333333333333,37.611111111111114,312.0,36.53333333333333,37.611111111111114,255.73333333333332,263.2777777777778,1.2200208550573515,1.1850601392698878,56.26666666666668,48.72222222222217,49.82433509657796,49.99656043100696,131.82279990469263,132.2784653090567,0.42683562105604844,0.36833071889961144,normal,normal
2024-11-06,31.0,11.0,9.0,2.8181818181818183,4.0,44.57142857142857,36.53333333333333,37.611111111111114,312.0,36.53333333333333,37.611111111111114,255.73333333333332,263.2777777777778,1.2200208550573515,1.1850601392698878,56.26666666666668,48.72222222222217,49.82433509657796,49.99656043100696,131.82279990469263,132.2784653090567,0.42683562105604844,0.36833071889961144,normal,normal
2024-11-07,0.0,0.0,0.0,,,39.42857142857143,36.5,37.34444444444444,276.0,36.5,37.34444444444444,255.5,261.4111111111111,1.0802348336594911,1.0558082203425851,20.5,14.588888888888903,49.827806943789774,49.96676673327756,131.8319855490051,132.19963859422768,0.1555009576365643,0.1103549831453617,normal,normal
2024-11-08,125.0,25.0,10.0,5.0,7.0,39.42857142857143,36.5,37.34444444444444,276.0,36.5,37.34444444444444,255.5,261.4111111111111,1.0802348336594911,1.0558082203425851,20.5,14.588888888888903,49.827806943789774,49.96676673327756,131.8319855490051,132.19963859422768,0.1555009576365643,0.1103549831453617,normal,normal
2024-11-09,0.0,0.0,0.0,,,57.285714285714285,40.666666666666664,38.733333333333334,401.0,40.666666666666664,38.733333333333334,284.66666666666663,271.1333333333333,1.408665105386417,1.4789771330218835,116.33333333333337,129.86666666666667,51.8554578202442,50.64966696874659,137.19664551376567,134.00642278754617,0.847931324397148,0.9691077783081885,moderate overshoot,moderate overshoot
2024-11-10,0.0,0.0,0.0,,,34.857142857142854,38.266666666666666,38.733333333333334,244.0,38.266666666666666,38.733333333333334,267.8666666666667,271.1333333333333,0.9109009457441513,0.8999262355544628,-23.866666666666674,-27.133333333333326,52.02117164050203,50.64966696874659,137.63508307097436,134.00642278754617,-0.17340540023766568,-0.20247785717219333,normal,normal
2024-11-11,30.0,3.0,0.0,10.0,10.0,34.857142857142854,38.266666666666666,38.077777777777776,244.0,38.266666666666666,38.077777777777776,267.8666666666667,266.5444444444444,0.9109009457441513,0.9154195673016801,-23.866666666666674,-22.544444444444423,52.02117164050203,50.76609232388975,137.63508307097436,134.31445532355735,-0.17340540023766568,-0.16784823636544474,normal,normal
2024-11-12,0.0,0.0,0.0,,,26.571428571428573,39.266666666666666,37.21111111111111,186.0,39.266666666666666,37.21111111111111,274.8666666666667,260.47777777777776,0.6766917293233082,0.714072431002858,-88.86666666666667,-74.47777777777776,51.54638576134577,50.221866056651365,136.37891770872173,132.87456796349562,-0.6516158667314563,-0.5605119092333674,under baseline,under baseline
2024-11-13,0.0,0.0,0.0,,,26.571428571428573,34.0,36.477777777777774,186.0,34.0,36.477777777777774,238.0,255.34444444444443,0.7815126050420168,0.7284278316870458,-52.0,-69.34444444444443,46.85487499017392,50.278600844409006,123.96634693502014,133.02467410258836,-0.4194686806997468,-0.5212900908215429,under baseline,under baseline
2024-11-14,0.0,0.0,0.0,,,22.142857142857142,30.7,36.077777777777776,155.0,30.7,36.077777777777776,214.9,252.54444444444442,0.7212657049790601,0.6137533547450394,-59.900000000000006,-97.54444444444442,45.58822443237453,50.425432271080616,120.61510456106173,133.41315354221027,-0.4966210510531495,-0.731145631855427,under baseline,under baseline
2024-11-15,0.0,0.0,0.0,,,22.142857142857142,30.7,35.25555555555555,155.0,30.7,35.25555555555555,214.9,246.78888888888886,0.7212657049790601,0.6280671739228311,-59.900000000000006,-91.78888888888886,45.58822443237453,50.40344225606936,120.61510456106173,133.3549734311639,-0.4966210510531495,-0.6883049542675593,under baseline,under baseline
2024-11-16,0.0,0.0,0.0,,,4.285714285714286,30.7,35.17777777777778,30.0,30.7,35.17777777777778,214.9,246.24444444444444,0.13959981386691483,0.1218301597328761,-184.9,-216.24444444444444,45.58822443237453,50.45291002348326,120.61510456106173,133.48585284165466,-1.5329754981590542,-1.6199802439061521,under baseline,under baseline
2024-11-17,0.0,0.0,0.0,,,4.285714285714286,30.7,33.2,30.0,30.7,33.2,214.9,232.40000000000003,0.13959981386691483,0.1290877796901893,-184.9,-202.40000000000003,45.58822443237453,48.231231431441316,120.61510456106173,127.60784379399556,-1.5329754981590542,-1.5861093956476973,under baseline,under baseline
2024-11-18,0.0,0.0,0.0,,,4.285714285714286,29.0,33.2,30.0,29.0,33.2,203.0,232.40000000000003,0.1477832512315271,0.1290877796901893,-173.0,-202.40000000000003,45.75572321465971,48.231231431441316,121.05826468389446,127.60784379399556,-1.4290639342281588,-1.5861093956476973,under baseline,under baseline
2024-11-19,0.0,0.0,0.0,,,0.0,26.933333333333334,33.2,0.0,26.933333333333334,33.2,188.53333333333333,232.40000000000003,0.0,0.0,-188.53333333333333,-232.40000000000003,45.613770858744196,48.231231431441316,120.68269405212227,127.60784379399556,-1.5622234390285212,-1.8212046618010118,under baseline,under baseline
2024-11-20,0.0,0.0,0.0,,,0.0,26.933333333333334,33.2,0.0,26.933333333333334,33.2,188.53333333333333,232.40000000000003,0.0,0.0,-188.53333333333333,-232.40000000000003,45.613770858744196,48.231231431441316,120.68269405212227,127.60784379399556,-1.5622234390285212,-1.8212046618010118,under baseline,under baseline
2024-11-21,0.0,0.0,0.0,,,0.0,26.933333333333334,33.2,0.0,26.933333333333334,33.2,188.53333333333333,232.40000000000003,0.0,0.0,-188.53333333333333,-232.40000000000003,45.613770858744196,48.231231431441316,120.68269405212227,127.60784379399556,-1.5622234390285212,-1.8212046618010118,under baseline,under baseline
2024-11-22,0.0,0.0,0.0,,,0.0,25.8,33.2,0.0,25.8,33.2,180.6,232.40000000000003,0.0,0.0,-180.6,-232.40000000000003,45.85389089646402,48.231231431441316,121.31799195673239,127.60784379399556,-1.488649763214102,-1.8212046618010118,under baseline,under baseline
2024-11-23,0.0,0.0,0.0,,,0.0,25.8,33.2,0.0,25.8,33.2,180.6,232.40000000000003,0.0,0.0,-180.6,-232.40000000000003,45.85389089646402,48.231231431441316,121.31799195673239,127.60784379399556,-1.488649763214102,-1.8212046618010118,under baseline,under baseline
2024-11-24,68.0,11.0,5.0,6.181818181818182,8.0,0.0,23.266666666666666,33.2,0.0,23.266666666666666,33.2,162.86666666666667,232.40000000000003,0.0,0.0,-162.86666666666667,-232.40000000000003,45.07765968080917,48.231231431441316,119.2642772002243,127.60784379399556,-1.3655947152829462,-1.8212046618010118,under baseline,under baseline
2024-11-25,0.0,0.0,0.0,,,9.714285714285714,25.533333333333335,33.955555555555556,68.0,25.533333333333335,33.955555555555556,178.73333333333335,237.6888888888889,0.38045505408429686,0.28608825729244575,-110.73333333333335,-169.6888888888889,45.57429200716146,48.237919512571935,120.57824282878794,127.6255387934154,-0.9183525214458995,-1.3295841137529731,under baseline,under baseline
2024-11-26,0.0,0.0,0.0,,,9.714285714285714,22.866666666666667,33.43333333333333,68.0,22.866666666666667,33.43333333333333,160.06666666666666,234.0333333333333,0.4248229904206581,0.2905569007263923,-92.06666666666666,-166.0333333333333,44.607663894906196,48.349395497191225,118.02078523347667,127.92047652587411,-0.7800885791814905,-1.2979417982370494,under baseline,under baseline
2024-11-27,0.0,0.0,0.0,,,9.714285714285714,18.866666666666667,31.977777777777778,68.0,18.866666666666667,31.977777777777778,132.06666666666666,223.84444444444443,0.5148914689550732,0.30378238856348655,-64.06666666666666,-155.84444444444443,40.81643797779762,47.340501646368644,107.9901442927446,125.25119429733526,-0.5932640157697338,-1.2442551571562943,under baseline,under baseline
2024-11-28,0.0,0.0,0.0,,,9.714285714285714,18.866666666666667,31.977777777777778,68.0,18.866666666666667,31.977777777777778,132.06666666666666,223.84444444444443,0.5148914689550732,0.30378238856348655,-64.06666666666666,-155.84444444444443,40.81643797779762,47.340501646368644,107.9901442927446,125.25119429733526,-0.5932640157697338,-1.2442551571562943,under baseline,under baseline
2024-11-29,0.0,0.0,0.0,,,9.714285714285714,18.866666666666667,30.833333333333332,68.0,18.866666666666667,30.833333333333332,132.06666666666666,215.83333333333331,0.5148914689550732,0.3150579150579151,-64.06666666666666,-147.83333333333331,40.81643797779762,46.84668995297914,107.9901442927446,123.94469136213095,-0.5932640157697338,-1.1927363060787055,under baseline,under baseline
2024-11-30,0.0,0.0,0.0,,,9.714285714285714,16.633333333333333,30.833333333333332,68.0,16.633333333333333,30.833333333333332,116.43333333333334,215.83333333333331,0.5840251932436301,0.3150579150579151,-48.43333333333334,-147.83333333333331,39.914981487236524,46.84668995297914,105.6051146009749,123.94469136213095,-0.45862677689747255,-1.1927363060787055,under baseline,under baseline
2024-12-01,0.0,0.0,0.0,,,9.714285714285714,16.633333333333333,30.122222222222224,68.0,16.633333333333333,30.122222222222224,116.43333333333334,210.85555555555555,0.5840251932436301,0.32249565263213364,-48.43333333333334,-142.85555555555555,39.914981487236524,46.8233178675949,105.6051146009749,123.88285463658329,-0.45862677689747255,-1.1531503368616234,under baseline,under baseline
2024-12-02,90.0,17.0,10.0,5.294117647058823,10.0,0.0,16.633333333333333,30.122222222222224,0.0,16.633333333333333,30.122222222222224,116.43333333333334,210.85555555555555,0.0,0.0,-116.43333333333334,-210.85555555555555,39.914981487236524,46.8233178675949,105.6051146009749,123.88285463658329,-1.1025349839661882,-1.7020559961595263,under baseline,under baseline
2024-12-03,26.0,5.0,2.0,5.2,6.0,12.857142857142858,14.4,29.755555555555556,90.0,14.4,29.755555555555556,100.8,208.2888888888889,0.8928571428571429,0.4320921796649952,-10.799999999999997,-118.28888888888889,33.07942375347652,46.213065692497835,87.51992876502166,122.26827914424021,-0.12340046606980719,-0.9674536168889984,normal,under baseline
2024-12-04,0.0,0.0,0.0,,,16.571428571428573,15.266666666666667,29.733333333333334,116.0,15.266666666666667,29.733333333333334,106.86666666666667,208.13333333333333,1.0854647535870243,0.5573350416399744,9.133333333333326,-92.13333333333333,33.02969753933916,46.2144002072606,87.38836556877347,122.27180993842343,0.10451429402401989,-0.7535124684891149,normal,under baseline
2024-12-05,40.0,26.0,24.0,1.5384615384615385,3.0,16.571428571428573,12.333333333333334,29.733333333333334,116.0,12.333333333333334,29.733333333333334,86.33333333333334,208.13333333333333,1.3436293436293434,0.5573350416399744,29.666666666666657,-92.13333333333333,30.127697570832353,46.2144002072606,79.71039534738718,122.27180993842343,0.3721806489276069,-0.7535124684891149,moderate overshoot,under baseline
2024-12-06,0.0,0.0,0.0,,,22.285714285714285,13.666666666666666,28.622222222222224,156.0,13.666666666666666,28.622222222222224,95.66666666666666,200.35555555555555,1.6306620209059235,0.7786157941437445,60.33333333333334,-44.355555555555554,30.44648593429337,44.711202572237696,80.55383007796631,118.29472282477238,0.7489815602180308,-0.37495802430053077,large overshoot,under baseline
2024-12-07,61.0,12.0,3.0,5.083333333333333,7.0,22.285714285714285,12.633333333333333,28.622222222222224,156.0,12.633333333333333,28.622222222222224,88.43333333333334,200.35555555555555,1.7640407086317376,0.7786157941437445,67.56666666666666,-44.355555555555554,30.363866153968097,44.711202572237696,80.33523868585084,118.29472282477238,0.8410588898712881,-0.37495802430053077,large overshoot,under baseline
2024-12-08,111.0,14.0,0.0,7.928571428571429,10.0,31.0,14.666666666666666,28.833333333333332,217.0,14.666666666666666,28.833333333333332,102.66666666666666,201.83333333333331,2.1136363636363638,1.0751445086705202,114.33333333333334,15.166666666666686,31.50953148989431,44.819801502701544,83.36638425041888,118.58204858742732,1.3714560654315395,0.12790019102667732,large overshoot,normal
2024-12-09,0.0,0.0,0.0,,,46.857142857142854,14.2,29.444444444444443,328.0,14.2,29.444444444444443,99.39999999999999,206.1111111111111,3.2997987927565395,1.5913746630727765,228.60000000000002,121.88888888888891,29.8806822615179,45.56317039977459,79.05685426891544,120.54881782146298,2.891589883179602,1.0111164181585806,large overshoot,large overshoot
2024-12-10,6.0,3.0,3.0,2.0,3.0,34.0,14.2,29.444444444444443,238.0,14.2,29.444444444444443,99.39999999999999,206.1111111111111,2.394366197183099,1.1547169811320757,138.60000000000002,31.888888888888914,29.8806822615179,45.56317039977459,79.05685426891544,120.54881782146298,1.753168669329365,0.26453091341067714,large overshoot,normal
2024-12-11,0.0,0.0,0.0,,,31.142857142857142,14.4,29.511111111111113,218.0,14.4,29.511111111111113,100.8,206.57777777777778,2.1626984126984126,1.0552925989672977,117.2,11.422222222222217,29.802337330230078,45.523976753198006,78.84957306424542,120.44512117964757,1.4863745667272954,0.09483341550369337,large overshoot,normal
2024-12-12,120.0,18.0,3.0,6.666666666666667,10.0,31.142857142857142,13.4,27.288888888888888,218.0,13.4,27.288888888888888,93.8,191.0222222222222,2.3240938166311302,1.141228478362029,124.2,26.97777777777779,29.764130228781415,41.84058683403859,78.74848657549565,110.69978747186946,1.5771731673970686,0.24370216414944124,large overshoot,normal
2024-12-13,0.0,0.0,0.0,,,42.57142857142857,17.4,28.022222222222222,298.0,17.4,28.022222222222222,121.79999999999998,196.15555555555557,2.446633825944171,1.5192024470374985,176.20000000000002,101.84444444444443,35.42607650519207,42.87949610265345,93.72858835948642,113.44848303138437,1.879896017682491,0.8977153481749968,large overshoot,large overshoot
2024-12-14,0.0,0.0,0.0,,,42.57142857142857,17.4,28.022222222222222,298.0,17.4,28.022222222222222,121.79999999999998,196.15555555555557,2.446633825944171,1.5192024470374985,176.20000000000002,101.84444444444443,35.42607650519207,42.87949610265345,93.72858835948642,113.44848303138437,1.879896017682491,0.8977153481749968,large overshoot,large overshoot
2024-12-15,0.0,0.0,0.0,,,33.857142857142854,17.4,27.11111111111111,237.0,17.4,27.11111111111111,121.79999999999998,189.77777777777777,1.9458128078817736,1.2488290398126465,115.20000000000002,47.22222222222223,35.42607650519207,42.58987705975491,93.72858835948642,112.68222306892629,1.2290807107663053,0.4190742863968613,large overshoot,normal
2024-12-16,0.0,1.0,1.0,0.0,0.0,18.0,17.4,27.11111111111111,126.0,17.4,27.11111111111111,121.79999999999998,189.77777777777777,1.0344827586206897,0.6639344262295083,4.200000000000017,-63.77777777777777,35.42607650519207,42.58987705975491,93.72858835948642,112.68222306892629,0.04481023424668839,-0.5659968009218784,normal,under baseline
2024-12-17,37.0,7.0,4.0,5.285714285714286,7.0,18.0,17.4,26.566666666666666,126.0,17.4,26.566666666666666,121.79999999999998,185.96666666666667,1.0344827586206897,0.6775407779171895,4.200000000000017,-59.96666666666667,35.42607650519207,42.62010128692633,93.72858835948642,112.76218885759098,0.04481023424668839,-0.5317976466597278,normal,under baseline
2024-12-18,0.0,0.0,0.0,,,22.428571428571427,18.633333333333333,26.977777777777778,157.0,18.633333333333333,26.977777777777778,130.43333333333334,188.84444444444443,1.203680040889343,0.8313720875500118,26.566666666666663,-31.844444444444434,35.443479370471735,42.53933481193836,93.77463201311637,112.5485008505015,0.2833033422402633,-0.28293974778698744,normal,normal
2024-12-19,0.0,0.0,0.0,,,22.428571428571427,18.633333333333333,26.977777777777778,157.0,18.633333333333333,26.977777777777778,130.43333333333334,188.84444444444443,1.203680040889343,0.8313720875500118,26.566666666666663,-31.844444444444434,35.443479370471735,42.53933481193836,93.77463201311637,112.5485008505015,0.2833033422402633,-0.28293974778698744,normal,normal
2024-12-20,0.0,0.0,0.0,,,5.285714285714286,18.633333333333333,26.155555555555555,37.0,18.633333333333333,26.155555555555555,130.43333333333334,183.08888888888887,0.28366981855353945,0.20208763199417407,-93.43333333333334,-146.08888888888887,35.443479370471735,42.33491695407124,93.77463201311637,112.00766203504455,-0.996360437013122,-1.3042758525142781,under baseline,under baseline
2024-12-21,0.0,0.0,0.0,,,5.285714285714286,18.633333333333333,26.155555555555555,37.0,18.633333333333333,26.155555555555555,130.43333333333334,183.08888888888887,0.28366981855353945,0.20208763199417407,-93.43333333333334,-146.08888888888887,35.443479370471735,42.33491695407124,93.77463201311637,112.00766203504455,-0.996360437013122,-1.3042758525142781,under baseline,under baseline
2024-12-22,0.0,0.0,0.0,,,5.285714285714286,18.633333333333333,24.711111111111112,37.0,18.633333333333333,24.711111111111112,130.43333333333334,172.9777777777778,0.28366981855353945,0.21390030832476875,-93.43333333333334,-135.9777777777778,35.443479370471735,40.947004512257486,93.77463201311637,108.33559087247295,-0.996360437013122,-1.2551533312615961,under baseline,under baseline
2024-12-23,0.0,0.0,0.0,,,5.285714285714286,18.633333333333333,24.155555555555555,37.0,18.633333333333333,24.155555555555555,130.43333333333334,169.08888888888887,0.28366981855353945,0.218819818635826,-93.43333333333334,-132.08888888888887,35.443479370471735,40.93922904021258,93.77463201311637,108.315018907116,-0.996360437013122,-1.2194882133765754,under baseline,under baseline
2024-12-24,0.0,0.0,0.0,,,5.285714285714286,18.633333333333333,24.155555555555555,37.0,18.633333333333333,24.155555555555555,130.43333333333334,169.08888888888887,0.28366981855353945,0.218819818635826,-93.43333333333334,-132.08888888888887,35.443479370471735,40.93922904021258,93.77463201311637,108.315018907116,-0.996360437013122,-1.2194882133765754,under baseline,under baseline
2024-12-25,17.0,5.0,3.0,3.4,4.0,0.0,16.366666666666667,23.8,0.0,16.366666666666667,23.8,114.56666666666666,166.6,0.0,0.0,-114.56666666666666,-166.6,34.334544114349725,41.00923436703958,90.8406651053458,108.50023559235005,-1.2611826051009905,-1.5354805368896944,under baseline,under baseline
2024-12-26,179.0,30.0,7.0,5.966666666666667,10.0,2.4285714285714284,16.933333333333334,23.988888888888887,17.0,16.933333333333334,23.988888888888887,118.53333333333333,167.92222222222222,0.14341957255343082,0.10123734533183353,-101.53333333333333,-150.92222222222222,34.19511291290664,40.937467919382,90.47176482132446,108.31035941936955,-1.1222654220778683,-1.3934237041709256,under baseline,under baseline
2024-12-27,96.0,21.0,6.0,4.571428571428571,8.0,28.0,22.9,25.977777777777778,196.0,22.9,25.977777777777778,160.29999999999998,181.84444444444443,1.2227074235807862,1.0778443113772456,35.70000000000002,14.155555555555566,45.03665174055458,43.99309899349192,119.15578038853167,116.39479933982557,0.2996077897655733,0.12161673576348621,normal,normal
2024-12-28,0.0,0.0,0.0,,,41.714285714285715,26.1,27.044444444444444,292.0,26.1,27.044444444444444,182.70000000000002,189.3111111111111,1.5982484948002187,1.5424345580467191,109.29999999999998,102.6888888888889,46.73206829251782,44.516859856526686,123.64143095368902,117.78054032988413,0.884007886004969,0.8718663422775446,large overshoot,large overshoot
2024-12-29,0.0,0.0,0.0,,,41.714285714285715,26.1,27.044444444444444,292.0,26.1,27.044444444444444,182.70000000000002,189.3111111111111,1.5982484948002187,1.5424345580467191,109.29999999999998,102.6888888888889,46.73206829251782,44.516859856526686,123.64143095368902,117.78054032988413,0.884007886004969,0.8718663422775446,large overshoot,large overshoot
2024-12-30,146.0,24.0,9.0,6.083333333333333,9.0,41.714285714285715,26.1,26.566666666666666,292.0,26.1,26.566666666666666,182.70000000000002,185.96666666666667,1.5982484948002187,1.5701738662842804,109.29999999999998,106.03333333333333,46.73206829251782,44.574404405329766,123.64143095368902,117.93278889532449,0.884007886004969,0.899099684884473,large overshoot,large overshoot
2024-12-31,0.0,0.0,0.0,,,62.57142857142857,30.966666666666665,27.155555555555555,438.0,30.966666666666665,27.155555555555555,216.76666666666665,190.08888888888887,2.020605874211902,2.304185176525602,221.23333333333335,247.91111111111113,51.2993132530045,45.79532165672538,135.72522529584978,121.16303231390582,1.6300089600226897,2.046095301319547,large overshoot,large overshoot
2025-01-01,0.0,0.0,0.0,,,62.57142857142857,30.966666666666665,27.155555555555555,438.0,30.966666666666665,27.155555555555555,216.76666666666665,190.08888888888887,2.020605874211902,2.304185176525602,221.23333333333335,247.91111111111113,51.2993132530045,45.79532165672538,135.72522529584978,121.16303231390582,1.6300089600226897,2.046095301319547,large overshoot,large overshoot
2025-01-02,49.0,7.0,0.0,7.0,7.0,60.142857142857146,27.966666666666665,27.155555555555555,421.0,27.966666666666665,27.155555555555555,195.76666666666665,190.08888888888887,2.1505193257279074,2.2147533317746086,225.23333333333335,230.91111111111113,50.350826677686584,45.79532165672538,133.21576569567526,121.16303231390582,1.6907408230334209,1.9057884793843145,large overshoot,large overshoot
2025-01-03,0.0,0.0,0.0,,,41.57142857142857,28.733333333333334,26.677777777777777,291.0,28.733333333333334,26.677777777777777,201.13333333333333,186.74444444444444,1.4468014584023865,1.5582792883917416,89.86666666666667,104.25555555555556,50.494747649927746,45.33318049103992,133.596544796672,119.94032171889658,0.6726720874663319,0.8692285801925618,moderate overshoot,large overshoot
2025-01-04,0.0,0.0,0.0,,,27.857142857142858,28.733333333333334,25.866666666666667,195.0,28.733333333333334,25.866666666666667,201.13333333333333,181.06666666666666,0.969506131919125,1.0769513991163475,-6.133333333333326,13.933333333333337,50.494747649927746,45.147747464558954,133.596544796672,119.4497120459699,-0.04590937095467541,0.1166460186021305,normal,normal
2025-01-05,0.0,0.0,0.0,,,27.857142857142858,27.4,25.866666666666667,195.0,27.4,25.866666666666667,191.79999999999998,181.06666666666666,1.0166840458811262,1.0769513991163475,3.200000000000017,13.933333333333337,50.71461735824398,45.147747464558954,134.17826536571306,119.4497120459699,0.02384886994386292,0.1166460186021305,normal,normal
2025-01-06,54.0,11.0,8.0,4.909090909090909,7.0,27.857142857142858,27.4,25.511111111111113,195.0,27.4,25.511111111111113,191.79999999999998,178.57777777777778,1.0166840458811262,1.0919611747137878,3.200000000000017,16.422222222222217,50.71461735824398,45.22484264218043,134.17826536571306,119.65368671323867,0.02384886994386292,0.13724794173354324,normal,normal
2025-01-07,30.0,10.0,10.0,3.0,3.0,14.714285714285714,27.166666666666668,26.11111111111111,103.0,27.166666666666668,26.11111111111111,190.16666666666669,182.77777777777777,0.5416301489921121,0.5635258358662614,-87.16666666666669,-79.77777777777777,50.57059479056245,45.24079009742419,133.79721746844677,119.695879713858,-0.6514834038848609,-0.6665039596057319,under baseline,under baseline
2025-01-08,0.0,0.0,0.0,,,19.0,24.466666666666665,26.444444444444443,133.0,24.466666666666665,26.444444444444443,171.26666666666665,185.1111111111111,0.776566757493188,0.7184873949579833,-38.26666666666665,-52.111111111111086,48.03930383179669,45.156683806326086,127.1000510956063,119.47335538391641,-0.3010751477816635,-0.4361734961210131,under baseline,under baseline
2025-01-09,90.0,16.0,10.0,5.625,7.0,19.0,24.466666666666665,25.644444444444446,133.0,24.466666666666665,25.644444444444446,171.26666666666665,179.51111111111112,0.776566757493188,0.7409012131715771,-38.26666666666665,-46.51111111111112,48.03930383179669,44.97797491234986,127.1000510956063,119.0005360933799,-0.3010751477816635,-0.39084791243809003,under baseline,under baseline
2025-01-10,0.0,0.0,0.0,,,24.857142857142858,27.266666666666666,26.644444444444446,174.0,27.266666666666666,26.644444444444446,190.86666666666667,186.51111111111112,0.9116311561299336,0.9329202907184558,-16.866666666666674,-12.51111111111112,49.35580413992713,45.39992355364321,130.58318351185935,120.11690726428372,-0.1291641558511619,-0.1041577859108869,normal,normal
2025-01-11,0.0,0.0,0.0,,,24.857142857142858,27.266666666666666,26.644444444444446,174.0,27.266666666666666,26.644444444444446,190.86666666666667,186.51111111111112,0.9116311561299336,0.9329202907184558,-16.866666666666674,-12.51111111111112,49.35580413992713,45.39992355364321,130.58318351185935,120.11690726428372,-0.1291641558511619,-0.1041577859108869,normal,normal
2025-01-12,124.0,14.0,0.0,8.857142857142858,10.0,24.857142857142858,23.266666666666666,24.88888888888889,174.0,23.266666666666666,24.88888888888889,162.86666666666667,174.22222222222223,1.0683585755218992,0.9987244897959183,11.133333333333326,-0.22222222222222854,46.35242309132047,43.26828883808872,122.63698416488174,114.47713192089464,0.09078283691618586,-0.0019411931317058792,normal,normal
2025-01-13,0.0,0.0,0.0,,,42.57142857142857,27.4,25.166666666666668,298.0,27.4,25.166666666666668,191.79999999999998,176.16666666666669,1.553701772679875,1.6915799432355723,106.20000000000002,121.83333333333331,49.61965683907521,43.82607350768623,131.28127213655833,115.95289144177397,0.8089501135358526,1.0507140599810934,large overshoot,large overshoot
2025-01-14,0.0,0.0,0.0,,,34.857142857142854,27.4,25.166666666666668,244.0,27.4,25.166666666666668,191.79999999999998,176.16666666666669,1.272158498435871,1.3850520340586565,52.20000000000002,67.83333333333331,49.61965683907521,43.82607350768623,131.28127213655833,115.95289144177397,0.3976195473311818,0.5850076913985021,normal,moderate overshoot
2025-01-15,38.0,6.0,3.0,6.333333333333333,8.0,30.571428571428573,27.4,25.166666666666668,214.0,27.4,25.166666666666668,191.79999999999998,176.16666666666669,1.115745568300313,1.2147587511825921,22.200000000000017,37.833333333333314,49.61965683907521,43.82607350768623,131.28127213655833,115.95289144177397,0.16910256610636476,0.3262819310748401,normal,normal
2025-01-16,0.0,0.0,0.0,,,36.0,28.666666666666668,25.58888888888889,252.0,28.666666666666668,25.58888888888889,200.66666666666669,179.1222222222222,1.2558139534883719,1.4068606165870605,51.333333333333314,72.8777777777778,49.38053039011623,43.763895243013295,130.6486030207149,115.78838321649583,0.39291145979719505,0.6294049174303976,normal,moderate overshoot
2025-01-17,0.0,0.0,0.0,,,23.142857142857142,27.433333333333334,25.022222222222222,162.0,27.433333333333334,25.022222222222222,192.03333333333333,175.15555555555557,0.8436035410519007,0.9248921593504186,-30.03333333333333,-13.155555555555566,49.62666367111972,43.76134916109756,131.2998104716265,115.7816469169292,-0.22873858861984758,-0.11362384199798427,normal,normal
2025-01-18,60.0,20.0,14.0,3.0,3.0,23.142857142857142,27.433333333333334,24.333333333333332,162.0,27.433333333333334,24.333333333333332,192.03333333333333,170.33333333333331,0.8436035410519007,0.9510763209393347,-30.03333333333333,-8.333333333333314,49.62666367111972,43.66059082297478,131.2998104716265,115.51506541174017,-0.22873858861984758,-0.07214066237706836,normal,normal
2025-01-19,0.0,0.0,0.0,,,31.714285714285715,29.433333333333334,25.0,222.0,29.433333333333334,25.0,206.03333333333333,175.0,1.0774955508817343,1.2685714285714285,15.966666666666669,47.0,49.691936023334044,43.74286458666356,131.4725048830738,115.73274132988597,0.12144491109275479,0.40610806812249134,normal,normal
2025-01-20,46.0,11.0,5.0,4.181818181818182,7.0,14.0,29.433333333333334,25.0,98.0,29.433333333333334,25.0,206.03333333333333,175.0,0.47565118912797283,0.56,-108.03333333333333,-77.0,49.691936023334044,43.74286458666356,131.4725048830738,115.73274132988597,-0.8217180727591195,-0.6653259839453581,under baseline,under baseline
2025-01-21,0.0,0.0,0.0,,,20.571428571428573,30.966666666666665,25.133333333333333,144.0,30.966666666666665,25.133333333333333,216.76666666666665,175.93333333333334,0.6643087805628172,0.8184918529746116,-72.76666666666665,-31.933333333333337,49.46157221962095,43.78887037295344,130.86301954737806,115.85446119927897,-0.5560521751549679,-0.27563317806472243,under baseline,normal
2025-01-22,60.0,20.0,18.0,3.0,3.0,20.571428571428573,30.966666666666665,25.133333333333333,144.0,30.966666666666665,25.133333333333333,216.76666666666665,175.93333333333334,0.6643087805628172,0.8184918529746116,-72.76666666666665,-31.933333333333337,49.46157221962095,43.78887037295344,130.86301954737806,115.85446119927897,-0.5560521751549679,-0.27563317806472243,under baseline,normal
2025-01-23,0.0,0.0,0.0,,,23.714285714285715,32.96666666666667,24.955555555555556,166.0,32.96666666666667,24.955555555555556,230.76666666666668,174.6888888888889,0.7193413260147334,0.9502607810711104,-64.76666666666668,-8.688888888888897,49.379238505694836,43.61215970812481,130.64518501581324,115.38692872612953,-0.49574476593857897,-0.07530219397304477,under baseline,normal
2025-01-24,0.0,0.0,0.0,,,23.714285714285715,32.96666666666667,24.955555555555556,166.0,32.96666666666667,24.955555555555556,230.76666666666668,174.6888888888889,0.7193413260147334,0.9502607810711104,-64.76666666666668,-8.688888888888897,49.379238505694836,43.61215970812481,130.64518501581324,115.38692872612953,-0.49574476593857897,-0.07530219397304477,under baseline,normal
2025-01-25,0.0,0.0,0.0,,,23.714285714285715,32.4,24.066666666666666,166.0,32.4,24.066666666666666,226.79999999999998,168.46666666666667,0.7319223985890653,0.9853581321725365,-60.79999999999998,-2.4666666666666686,49.665501799191695,43.29174610591342,131.4025664998922,114.53919401799581,-0.4627002471831466,-0.021535568569472547,under baseline,normal
2025-01-26,79.0,15.0,12.0,5.266666666666667,7.0,15.142857142857142,26.433333333333334,22.733333333333334,106.0,26.433333333333334,22.733333333333334,185.03333333333333,159.13333333333333,0.572869753197622,0.6661080854629242,-79.03333333333333,-53.133333333333326,41.53244127379121,42.13642903338377,109.88451095184621,111.4825123586552,-0.7192399788535025,-0.47660688846332944,under baseline,under baseline
2025-01-27,0.0,0.0,0.0,,,26.428571428571427,25.866666666666667,23.61111111111111,185.0,25.866666666666667,23.61111111111111,181.06666666666666,165.27777777777777,1.021723122238586,1.119327731092437,3.933333333333337,19.72222222222223,40.657300598465945,42.47899532351694,107.56910636273844,112.38885756990156,0.036565641068631485,0.17548200638978612,normal,normal
2025-01-28,0.0,0.0,0.0,,,19.857142857142858,25.866666666666667,23.61111111111111,139.0,25.866666666666667,23.61111111111111,181.06666666666666,165.27777777777777,0.7676730486008837,0.8410084033613445,-42.06666666666666,-26.27777777777777,40.657300598465945,42.47899532351694,107.56910636273844,112.38885756990156,-0.3910664324458719,-0.233811236682729,under baseline,normal
2025-01-29,9.0,2.0,1.0,4.5,7.0,19.857142857142858,25.866666666666667,22.866666666666667,139.0,25.866666666666667,22.866666666666667,181.06666666666666,160.06666666666666,0.7676730486008837,0.8683881715951687,-42.06666666666666,-21.066666666666663,40.657300598465945,42.296757917564705,107.56910636273844,111.90670271417842,-0.3910664324458719,-0.18825205421763844,under baseline,normal
2025-01-30,148.0,28.0,13.0,5.285714285714286,8.0,12.571428571428571,21.3,22.966666666666665,88.0,21.3,22.966666666666665,149.1,160.76666666666665,0.5902079141515761,0.5473771511507362,-61.099999999999994,-72.76666666666665,33.81710442548466,42.252704188441584,89.4716483701342,111.79014750259364,-0.6828978912653552,-0.6509220024508725,under baseline,under baseline
2025-01-31,16.0,7.0,7.0,2.2857142857142856,4.0,33.714285714285715,26.233333333333334,24.61111111111111,236.0,26.233333333333334,24.61111111111111,183.63333333333333,172.27777777777777,1.2851697222726448,1.3698806836504354,52.366666666666674,63.72222222222223,40.697948210023355,44.184672324398605,107.67664983430811,116.90165473123695,0.4863326147985477,0.5450925597992857,normal,moderate overshoot
2025-02-01,133.0,14.0,2.0,9.5,10.0,36.0,26.766666666666666,23.044444444444444,252.0,26.766666666666666,23.044444444444444,187.36666666666667,161.3111111111111,1.3449564134495642,1.5621986499517841,64.63333333333333,90.6888888888889,40.44637431714115,41.87727149260577,107.01104787738538,110.79684595536953,0.6039874818102055,0.8185150769131064,moderate overshoot,large overshoot
2025-02-02,65.0,7.0,1.0,9.285714285714286,10.0,55.0,29.566666666666666,24.522222222222222,385.0,29.566666666666666,24.522222222222222,206.96666666666667,171.65555555555557,1.8602029312288613,2.2428636157680106,178.03333333333333,213.34444444444443,44.72034431220644,43.37483031803808,118.3189095952801,114.7590141811534,1.5046904500921408,1.8590648060784882,large overshoot,large overshoot
2025-02-03,0.0,0.0,0.0,,,53.0,31.733333333333334,24.266666666666666,371.0,31.733333333333334,24.266666666666666,222.13333333333333,169.86666666666667,1.6701680672268908,2.184065934065934,148.86666666666667,201.13333333333333,44.81297020786025,43.06326675741424,118.56397468014471,113.93469448215293,1.2555809390522785,1.7653387692617146,large overshoot,large overshoot
2025-02-04,57.0,8.0,1.0,7.125,8.0,53.0,31.733333333333334,24.266666666666666,371.0,31.733333333333334,24.266666666666666,222.13333333333333,169.86666666666667,1.6701680672268908,2.184065934065934,148.86666666666667,201.13333333333333,44.81297020786025,43.06326675741424,118.56397468014471,113.93469448215293,1.2555809390522785,1.7653387692617146,large overshoot,large overshoot
2025-02-05,0.0,0.0,0.0,,,61.142857142857146,33.63333333333333,24.555555555555557,428.0,33.63333333333333,24.555555555555557,235.43333333333334,171.8888888888889,1.8179243947331163,2.489980607627666,192.56666666666666,256.1111111111111,44.629110133010315,43.19595047372304,118.07752664605805,114.28574259853386,1.6308494269522829,2.2409716670502404,large overshoot,large overshoot
2025-02-06,0.0,0.0,0.0,,,59.857142857142854,31.833333333333332,24.555555555555557,419.0,31.833333333333332,24.555555555555557,222.83333333333331,171.8888888888889,1.880329094988781,2.4376212023270845,196.16666666666669,247.1111111111111,44.86768542506171,43.19595047372304,118.70873753779064,114.28574259853386,1.6525040256974977,2.162221686559538,large overshoot,large overshoot
2025-02-07,0.0,0.0,0.0,,,38.714285714285715,30.833333333333332,23.166666666666668,271.0,30.833333333333332,23.166666666666668,215.83333333333331,162.16666666666669,1.2555984555984556,1.6711202466598147,55.166666666666686,108.83333333333331,45.242704371540064,41.92080548587138,119.70094440710982,110.91202607512788,0.46087077207212057,0.9812581843885303,normal,large overshoot
2025-02-08,0.0,0.0,0.0,,,36.42857142857143,30.833333333333332,23.166666666666668,255.0,30.833333333333332,23.166666666666668,215.83333333333331,162.16666666666669,1.1814671814671815,1.5724563206577593,39.166666666666686,92.83333333333331,45.242704371540064,41.92080548587138,119.70094440710982,110.91202607512788,0.32720432458292553,0.8369997070511659,normal,large overshoot
2025-02-09,0.0,0.0,0.0,,,17.428571428571427,27.833333333333332,23.166666666666668,122.0,27.833333333333332,23.166666666666668,194.83333333333331,162.16666666666669,0.6261762189905903,0.7523124357656731,-72.83333333333331,-40.166666666666686,44.15496483454862,41.92080548587138,116.82305610101791,110.91202607512788,-0.6234499915012812,-0.3621488858156753,under baseline,under baseline
2025-02-10,0.0,0.0,0.0,,,8.142857142857142,27.833333333333332,22.833333333333332,57.0,27.833333333333332,22.833333333333332,194.83333333333331,159.83333333333331,0.2925577416595381,0.356621480709072,-137.83333333333331,-102.83333333333331,44.15496483454862,41.985082958251134,116.82305610101791,111.08208828194854,-1.1798470090882371,-0.9257418088172934,under baseline,under baseline
2025-02-11,0.0,0.0,0.0,,,8.142857142857142,27.833333333333332,22.833333333333332,57.0,27.833333333333332,22.833333333333332,194.83333333333331,159.83333333333331,0.2925577416595381,0.356621480709072,-137.83333333333331,-102.83333333333331,44.15496483454862,41.985082958251134,116.82305610101791,111.08208828194854,-1.1798470090882371,-0.9257418088172934,under baseline,under baseline
2025-02-12,0.0,0.0,0.0,,,0.0,23.7,22.833333333333332,0.0,23.7,22.833333333333332,165.9,159.83333333333331,0.0,0.0,-165.9,-159.83333333333331,40.49448664047808,41.985082958251134,107.13834111993243,111.08208828194854,-1.5484652671100143,-1.4388758422297965,under baseline,under baseline
2025-02-13,0.0,0.0,0.0,,,0.0,23.7,22.833333333333332,0.0,23.7,22.833333333333332,165.9,159.83333333333331,0.0,0.0,-165.9,-159.83333333333331,40.49448664047808,41.985082958251134,107.13834111993243,111.08208828194854,-1.5484652671100143,-1.4388758422297965,under baseline,under baseline
2025-02-14,0.0,0.0,0.0,,,0.0,23.7,22.833333333333332,0.0,23.7,22.833333333333332,165.9,159.83333333333331,0.0,0.0,-165.9,-159.83333333333331,40.49448664047808,41.985082958251134,107.13834111993243,111.08208828194854,-1.5484652671100143,-1.4388758422297965,under baseline,under baseline
2025-02-15,0.0,0.0,0.0,,,0.0,22.433333333333334,22.833333333333332,0.0,22.433333333333334,22.833333333333332,157.03333333333333,159.83333333333331,0.0,0.0,-157.03333333333333,-159.83333333333331,40.6258651543598,41.985082958251134,107.48593599528071,111.08208828194854,-1.460966329029577,-1.4388758422297965,under baseline,under baseline
2025-02-16,0.0,0.0,0.0,,,0.0,22.433333333333334,22.833333333333332,0.0,22.433333333333334,22.833333333333332,157.03333333333333,159.83333333333331,0.0,0.0,-157.03333333333333,-159.83333333333331,40.6258651543598,41.985082958251134,107.48593599528071,111.08208828194854,-1.460966329029577,-1.4388758422297965,under baseline,under baseline
2025-02-17,0.0,0.0,0.0,,,0.0,22.433333333333334,22.833333333333332,0.0,22.433333333333334,22.833333333333332,157.03333333333333,159.83333333333331,0.0,0.0,-157.03333333333333,-159.83333333333331,40.6258651543598,41.985082958251134,107.48593599528071,111.08208828194854,-1.460966329029577,-1.4388758422297965,under baseline,under baseline
2025-02-18,19.0,7.0,7.0,2.7142857142857144,4.0,0.0,20.433333333333334,22.833333333333332,0.0,20.433333333333334,22.833333333333332,143.03333333333333,159.83333333333331,0.0,0.0,-143.03333333333333,-159.83333333333331,40.18721990481746,41.985082958251134,106.32538975121182,111.08208828194854,-1.3452415614747666,-1.4388758422297965,under baseline,under baseline
2025-02-19,0.0,0.0,0.0,,,2.7142857142857144,21.066666666666666,23.044444444444444,19.0,21.066666666666666,23.044444444444444,147.46666666666667,161.3111111111111,0.12884267631103075,0.11778481884557102,-128.46666666666667,-142.3111111111111,40.00339066089038,41.91669403056411,105.83902328807973,110.9011481868583,-1.213793010135756,-1.2832248668095834,under baseline,under baseline
2025-02-20,0.0,0.0,0.0,,,2.7142857142857144,19.533333333333335,23.044444444444444,19.0,19.533333333333335,23.044444444444444,136.73333333333335,161.3111111111111,0.13895660653339834,0.11778481884557102,-117.73333333333335,-142.3111111111111,39.89618712516815,41.91669403056411,105.55538939289187,110.9011481868583,-1.1153701768378066,-1.2832248668095834,under baseline,under baseline
2025-02-21,26.0,8.0,8.0,3.25,5.0,2.7142857142857144,19.533333333333335,23.044444444444444,19.0,19.533333333333335,23.044444444444444,136.73333333333335,161.3111111111111,0.13895660653339834,0.11778481884557102,-117.73333333333335,-142.3111111111111,39.89618712516815,41.91669403056411,105.55538939289187,110.9011481868583,-1.1153701768378066,-1.2832248668095834,under baseline,under baseline
2025-02-22,0.0,0.0,0.0,,,6.428571428571429,18.4,23.333333333333332,45.0,18.4,23.333333333333332,128.79999999999998,163.33333333333331,0.34937888198757766,0.2755102040816327,-83.79999999999998,-118.33333333333331,39.183564464427256,41.84562318540942,103.66996705394232,110.71311240511181,-0.8083343940525857,-1.0688285313517178,under baseline,under baseline
2025-02-23,0.0,0.0,0.0,,,6.428571428571429,18.4,22.57777777777778,45.0,18.4,22.57777777777778,128.79999999999998,158.04444444444445,0.34937888198757766,0.28473003374578176,-83.79999999999998,-113.04444444444445,39.183564464427256,41.643478191730246,103.66996705394232,110.17828702306,-0.8083343940525857,-1.0260138135999934,under baseline,under baseline
2025-02-24,0.0,0.0,0.0,,,6.428571428571429,18.4,22.57777777777778,45.0,18.4,22.57777777777778,128.79999999999998,158.04444444444445,0.34937888198757766,0.28473003374578176,-83.79999999999998,-113.04444444444445,39.183564464427256,41.643478191730246,103.66996705394232,110.17828702306,-0.8083343940525857,-1.0260138135999934,under baseline,under baseline
2025-02-25,0.0,0.0,0.0,,,6.428571428571429,18.4,22.57777777777778,45.0,18.4,22.57777777777778,128.79999999999998,158.04444444444445,0.34937888198757766,0.28473003374578176,-83.79999999999998,-113.04444444444445,39.183564464427256,41.643478191730246,103.66996705394232,110.17828702306,-0.8083343940525857,-1.0260138135999934,under baseline,under baseline
2025-02-26,0.0,0.0,0.0,,,3.7142857142857144,15.766666666666667,22.57777777777778,26.0,15.766666666666667,22.57777777777778,110.36666666666667,158.04444444444445,0.23557837511325883,0.16451068616422945,-84.36666666666667,-132.04444444444445,37.59281234797259,41.643478191730246,99.46123255625362,110.17828702306,-0.848236689797206,-1.1984615845117281,under baseline,under baseline
2025-02-27,0.0,0.0,0.0,,,3.7142857142857144,15.766666666666667,22.57777777777778,26.0,15.766666666666667,22.57777777777778,110.36666666666667,158.04444444444445,0.23557837511325883,0.16451068616422945,-84.36666666666667,-132.04444444444445,37.59281234797259,41.643478191730246,99.46123255625362,110.17828702306,-0.848236689797206,-1.1984615845117281,under baseline,under baseline
2025-02-28,27.0,6.0,5.0,4.5,7.0,3.7142857142857144,15.766666666666667,22.57777777777778,26.0,15.766666666666667,22.57777777777778,110.36666666666667,158.04444444444445,0.23557837511325883,0.16451068616422945,-84.36666666666667,-132.04444444444445,37.59281234797259,41.643478191730246,99.46123255625362,110.17828702306,-0.848236689797206,-1.1984615845117281,under baseline,under baseline
2025-03-01,0.0,0.0,0.0,,,3.857142857142857,16.366666666666667,22.877777777777776,27.0,16.366666666666667,22.877777777777776,114.56666666666666,160.14444444444445,0.23567064300261856,0.16859779365850275,-87.56666666666666,-133.14444444444445,37.62471980267601,41.57619991654622,99.54565174636792,110.0002854382857,-0.8796634019713641,-1.210400899542606,under baseline,under baseline
2025-03-02,0.0,0.0,0.0,,,3.857142857142857,11.433333333333334,22.877777777777776,27.0,11.433333333333334,22.877777777777776,80.03333333333333,160.14444444444445,0.3373594335693461,0.16859779365850275,-53.03333333333333,-133.14444444444445,28.32287163179715,41.57619991654622,74.93527475294141,110.0002854382857,-0.7077218774226437,-1.210400899542606,under baseline,under baseline
2025-03-03,0.0,0.0,0.0,,,3.857142857142857,10.9,21.877777777777776,27.0,10.9,21.877777777777776,76.3,153.14444444444445,0.35386631716906947,0.17630414278458972,-49.3,-126.14444444444445,28.38449066558748,41.02228163464161,75.09830339237871,108.53475541771391,-0.6564728865100189,-1.16224930861047,under baseline,under baseline
2025-03-04,41.0,10.0,7.0,4.1,8.0,3.857142857142857,6.466666666666667,21.58888888888889,27.0,6.466666666666667,21.58888888888889,45.266666666666666,151.1222222222222,0.5964653902798233,0.17866333357841338,-18.266666666666666,-124.1222222222222,16.594002517181476,41.084427855754555,43.90360391564201,108.6991788637012,-0.4160630344097698,-1.1418873952843753,under baseline,under baseline
2025-03-05,0.0,0.0,0.0,,,9.714285714285714,5.666666666666667,22.044444444444444,68.0,5.666666666666667,22.044444444444444,39.66666666666667,154.3111111111111,1.7142857142857142,0.440668202764977,28.33333333333333,-86.3111111111111,14.059806574755411,41.069661596127965,37.198751678473684,108.66011101293464,0.7616743050474291,-0.7943219485652544,large overshoot,under baseline
2025-03-06,0.0,0.0,0.0,,,9.714285714285714,5.666666666666667,21.6,68.0,5.666666666666667,21.6,39.66666666666667,151.20000000000002,1.7142857142857142,0.4497354497354497,28.33333333333333,-83.20000000000002,14.059806574755411,41.08959790725348,37.198751678473684,108.71285753423275,0.7616743050474291,-0.7653188582022237,large overshoot,under baseline
2025-03-07,0.0,0.0,0.0,,,9.714285714285714,3.7666666666666666,21.6,68.0,3.7666666666666666,21.6,26.366666666666667,151.20000000000002,2.5790139064475346,0.4497354497354497,41.63333333333333,-83.20000000000002,10.207108183577734,41.08959790725348,27.005469858878904,108.71285753423275,1.5416629871983158,-0.7653188582022237,large overshoot,under baseline
2025-03-08,0.0,0.0,0.0,,,5.857142857142857,3.7666666666666666,20.92222222222222,41.0,3.7666666666666666,20.92222222222222,26.366666666666667,146.45555555555555,1.554993678887484,0.27994841059100223,14.633333333333333,-105.45555555555555,10.207108183577734,40.93519893514832,27.005469858878904,108.30435625135851,0.5418655335308732,-0.9736963424703683,large overshoot,under baseline
2025-03-09,0.0,0.0,0.0,,,5.857142857142857,3.7666666666666666,19.68888888888889,41.0,3.7666666666666666,19.68888888888889,26.366666666666667,137.82222222222222,1.554993678887484,0.2974846823605289,14.633333333333333,-96.82222222222222,10.207108183577734,39.84848958677179,27.005469858878904,105.42919356814515,0.5418655335308732,-0.9183625421514798,large overshoot,under baseline
2025-03-10,0.0,0.0,0.0,,,5.857142857142857,3.7666666666666666,19.68888888888889,41.0,3.7666666666666666,19.68888888888889,26.366666666666667,137.82222222222222,1.554993678887484,0.2974846823605289,14.633333333333333,-96.82222222222222,10.207108183577734,39.84848958677179,27.005469858878904,105.42919356814515,0.5418655335308732,-0.9183625421514798,large overshoot,under baseline
2025-03-11,0.0,0.0,0.0,,,5.857142857142857,3.7666666666666666,19.622222222222224,41.0,3.7666666666666666,19.622222222222224,26.366666666666667,137.35555555555555,1.554993678887484,0.2984953890956156,14.633333333333333,-96.35555555555555,10.207108183577734,39.87665752330498,27.005469858878904,105.50371892315782,0.5418655335308732,-0.9132906075636518,large overshoot,under baseline
2025-03-12,70.0,10.0,2.0,7.0,8.0,0.0,3.7666666666666666,19.622222222222224,0.0,3.7666666666666666,19.622222222222224,26.366666666666667,137.35555555555555,0.0,0.0,-26.366666666666667,-137.35555555555555,10.207108183577734,39.87665752330498,27.005469858878904,105.50371892315782,-0.9763454146307989,-1.301902501234071,under baseline,under baseline
2025-03-13,0.0,0.0,0.0,,,10.0,6.1,19.066666666666666,70.0,6.1,19.066666666666666,42.699999999999996,133.46666666666667,1.6393442622950822,0.5244755244755245,27.300000000000004,-63.46666666666667,15.790328772974169,38.796154101066534,41.77728305323734,102.64497557716068,0.6534651850196016,-0.6183124532866907,large overshoot,under baseline
2025-03-14,0.0,0.0,0.0,,,10.0,6.1,19.066666666666666,70.0,6.1,19.066666666666666,42.699999999999996,133.46666666666667,1.6393442622950822,0.5244755244755245,27.300000000000004,-63.46666666666667,15.790328772974169,38.796154101066534,41.77728305323734,102.64497557716068,0.6534651850196016,-0.6183124532866907,large overshoot,under baseline
2025-03-15,45.0,6.0,0.0,7.5,8.0,10.0,6.1,19.066666666666666,70.0,6.1,19.066666666666666,42.699999999999996,133.46666666666667,1.6393442622950822,0.5244755244755245,27.300000000000004,-63.46666666666667,15.790328772974169,38.796154101066534,41.77728305323734,102.64497557716068,0.6534651850196016,-0.6183124532866907,large overshoot,under baseline
2025-03-16,0.0,0.0,0.0,,,16.428571428571427,7.6,19.566666666666666,115.0,7.6,19.566666666666666,53.199999999999996,136.96666666666667,2.161654135338346,0.8396203455828669,61.800000000000004,-21.96666666666667,17.259879729472548,38.83761931629302,45.665349423069145,102.75468222470974,1.3533237078172884,-0.2137777684780215,large overshoot,normal
2025-03-17,0.0,0.0,0.0,,,16.428571428571427,7.6,19.566666666666666,115.0,7.6,19.566666666666666,53.199999999999996,136.96666666666667,2.161654135338346,0.8396203455828669,61.800000000000004,-21.96666666666667,17.259879729472548,38.83761931629302,45.665349423069145,102.75468222470974,1.3533237078172884,-0.2137777684780215,large overshoot,normal
2025-03-18,21.0,6.0,6.0,3.5,4.0,16.428571428571427,7.6,19.155555555555555,115.0,7.6,19.155555555555555,53.199999999999996,134.08888888888887,2.161654135338346,0.8576400397746107,61.800000000000004,-19.088888888888874,17.259879729472548,38.846835832307704,45.665349423069145,102.77906683403903,1.3533237078172884,-0.18572740030528176,large overshoot,normal
2025-03-19,0.0,0.0,0.0,,,19.428571428571427,8.3,19.38888888888889,136.0,8.3,19.38888888888889,58.10000000000001,135.72222222222223,2.3407917383820993,1.0020466639377814,77.89999999999999,0.27777777777777146,17.366535397831466,38.793516904345424,45.94753379746223,102.63799821047827,1.6954119962865681,0.002706383431291563,large overshoot,normal
2025-03-20,0.0,0.0,0.0,,,9.428571428571429,8.3,19.38888888888889,66.0,8.3,19.38888888888889,58.10000000000001,135.72222222222223,1.135972461273666,0.4862873516168645,7.8999999999999915,-69.72222222222223,17.366535397831466,38.793516904345424,45.94753379746223,102.63799821047827,0.17193523453997273,-0.6793022412541978,normal,under baseline
2025-03-21,34.0,9.0,6.0,3.7777777777777777,8.0,9.428571428571429,7.666666666666667,19.38888888888889,66.0,7.666666666666667,19.38888888888889,53.66666666666667,135.72222222222223,1.2298136645962732,0.4862873516168645,12.333333333333329,-69.72222222222223,17.30922284223917,38.793516904345424,45.79589902836344,102.63799821047827,0.2693108683311304,-0.6793022412541978,normal,under baseline
2025-03-22,0.0,0.0,0.0,,,14.285714285714286,8.8,19.766666666666666,100.0,8.8,19.766666666666666,61.60000000000001,138.36666666666667,1.6233766233766231,0.7227174174897615,38.39999999999999,-38.366666666666674,17.89316956945791,38.76812370660116,47.34087684749431,102.57081412425426,0.8111383345032498,-0.37405052298979813,large overshoot,under baseline
2025-03-23,8.0,3.0,3.0,2.6666666666666665,3.0,7.857142857142857,8.8,19.766666666666666,55.0,8.8,19.766666666666666,61.60000000000001,138.36666666666667,0.8928571428571427,0.3974945796193688,-6.6000000000000085,-83.36666666666667,17.89316956945791,38.76812370660116,47.34087684749431,102.57081412425426,-0.13941440124274626,-0.8127718140725325,normal,under baseline
2025-03-24,0.0,0.0,0.0,,,9.0,8.2,19.855555555555554,63.0,8.2,19.855555555555554,57.39999999999999,138.98888888888888,1.0975609756097562,0.4532736429770565,5.6000000000000085,-75.98888888888888,17.595845904742504,38.731446768601444,46.554232371762986,102.47377606745567,0.12028981501146249,-0.7415447327603842,normal,under baseline
2025-03-25,0.0,0.0,0.0,,,9.0,8.2,19.855555555555554,63.0,8.2,19.855555555555554,57.39999999999999,138.98888888888888,1.0975609756097562,0.4532736429770565,5.6000000000000085,-75.98888888888888,17.595845904742504,38.731446768601444,46.554232371762986,102.47377606745567,0.12028981501146249,-0.7415447327603842,normal,under baseline
2025-03-26,38.0,16.0,16.0,2.375,4.0,6.0,8.2,19.666666666666668,42.0,8.2,19.666666666666668,57.39999999999999,137.66666666666669,0.7317073170731708,0.30508474576271183,-15.399999999999991,-95.66666666666669,17.595845904742504,38.78694324501647,46.554232371762986,102.62060594269019,-0.3307969912815212,-0.9322364235511627,under baseline,under baseline
2025-03-27,0.0,0.0,0.0,,,11.428571428571429,9.466666666666667,18.1,80.0,9.466666666666667,18.1,66.26666666666667,126.70000000000002,1.2072434607645874,0.6314127861089186,13.733333333333334,-46.70000000000002,18.337324539429495,34.935269194724384,48.516000441612476,92.43003427433645,0.2830681261506909,-0.5052470267553114,normal,under baseline
2025-03-28,56.0,7.0,0.0,8.0,8.0,11.428571428571429,9.466666666666667,17.033333333333335,80.0,9.466666666666667,17.033333333333335,66.26666666666667,119.23333333333335,1.2072434607645874,0.670953312831982,13.733333333333334,-39.23333333333335,18.337324539429495,33.9826294027344,48.516000441612476,89.90958629570666,0.2830681261506909,-0.4363642960640206,normal,under baseline
2025-03-29,0.0,0.0,0.0,,,14.571428571428571,11.333333333333334,17.655555555555555,102.0,11.333333333333334,17.655555555555555,79.33333333333334,123.58888888888889,1.2857142857142856,0.8253169109053313,22.666666666666657,-21.58888888888889,20.105469033510925,34.17935545874913,53.19407105498006,90.43007451632818,0.42611265160056955,-0.23873571933185536,normal,normal
2025-03-30,0.0,0.0,0.0,,,14.571428571428571,11.333333333333334,17.655555555555555,102.0,11.333333333333334,17.655555555555555,79.33333333333334,123.58888888888889,1.2857142857142856,0.8253169109053313,22.666666666666657,-21.58888888888889,20.105469033510925,34.17935545874913,53.19407105498006,90.43007451632818,0.42611265160056955,-0.23873571933185536,normal,normal
2025-03-31,0.0,0.0,0.0,,,13.428571428571429,10.433333333333334,16.033333333333335,94.0,10.433333333333334,16.033333333333335,73.03333333333333,112.23333333333335,1.2870835235052487,0.8375408375408374,20.96666666666667,-18.23333333333335,19.983930325748315,31.368577278056964,52.872509859572034,82.99345445965014,0.3965513784451234,-0.21969604051362934,normal,normal
2025-04-01,0.0,0.0,0.0,,,13.428571428571429,10.433333333333334,16.033333333333335,94.0,10.433333333333334,16.033333333333335,73.03333333333333,112.23333333333335,1.2870835235052487,0.8375408375408374,20.96666666666667,-18.23333333333335,19.983930325748315,31.368577278056964,52.872509859572034,82.99345445965014,0.3965513784451234,-0.21969604051362934,normal,normal
2025-04-02,0.0,0.0,0.0,,,13.428571428571429,10.433333333333334,16.033333333333335,94.0,10.433333333333334,16.033333333333335,73.03333333333333,112.23333333333335,1.2870835235052487,0.8375408375408374,20.96666666666667,-18.23333333333335,19.983930325748315,31.368577278056964,52.872509859572034,82.99345445965014,0.3965513784451234,-0.21969604051362934,normal,normal
2025-04-03,0.0,0.0,0.0,,,8.0,10.433333333333334,15.488888888888889,56.0,10.433333333333334,15.488888888888889,73.03333333333333,108.42222222222222,0.7667731629392971,0.5164992826398852,-17.03333333333333,-52.42222222222222,19.983930325748315,31.214820898018527,52.872509859572034,82.5866533155789,-0.3221585920277552,-0.6347541656871262,under baseline,under baseline
2025-04-04,34.0,8.0,6.0,4.25,6.0,8.0,9.066666666666666,15.488888888888889,56.0,9.066666666666666,15.488888888888889,63.46666666666667,108.42222222222222,0.8823529411764706,0.5164992826398852,-7.466666666666669,-52.42222222222222,19.208355461627246,31.214820898018527,50.820531645994976,82.5866533155789,-0.14692224628183512,-0.6347541656871262,normal,under baseline
2025-04-05,0.0,0.0,0.0,,,4.857142857142857,10.2,15.866666666666667,34.0,10.2,15.866666666666667,71.39999999999999,111.06666666666666,0.4761904761904763,0.30612244897959184,-37.39999999999999,-77.06666666666666,19.652849227494116,31.230998717602194,51.99655160979729,82.62945580295256,-0.7192784683235227,-0.9326778921362916,under baseline,under baseline
2025-04-06,51.0,10.0,4.0,5.1,8.0,4.857142857142857,10.2,15.866666666666667,34.0,10.2,15.866666666666667,71.39999999999999,111.06666666666666,0.4761904761904763,0.30612244897959184,-37.39999999999999,-77.06666666666666,19.652849227494116,31.230998717602194,51.99655160979729,82.62945580295256,-0.7192784683235227,-0.9326778921362916,under baseline,under baseline
2025-04-07,0.0,0.0,0.0,,,12.142857142857142,11.9,15.833333333333334,85.0,11.9,15.833333333333334,83.3,110.83333333333334,1.0204081632653061,0.7669172932330827,1.7000000000000028,-25.833333333333343,20.905947017287943,31.191416998623453,55.31193673003644,82.52473241807036,0.03073477626171856,-0.3130374686034928,normal,under baseline
2025-04-08,0.0,0.0,0.0,,,12.142857142857142,11.9,15.5,85.0,11.9,15.5,83.3,108.5,1.0204081632653061,0.783410138248848,1.7000000000000028,-23.5,20.905947017287943,31.198620684002414,55.31193673003644,82.54379157810625,0.03073477626171856,-0.2846973654919081,normal,under baseline
2025-04-09,0.0,0.0,0.0,,,12.142857142857142,11.9,15.5,85.0,11.9,15.5,83.3,108.5,1.0204081632653061,0.783410138248848,1.7000000000000028,-23.5,20.905947017287943,31.198620684002414,55.31193673003644,82.54379157810625,0.03073477626171856,-0.2846973654919081,normal,under baseline
2025-04-10,0.0,0.0,0.0,,,12.142857142857142,11.9,14.5,85.0,11.9,14.5,83.3,101.5,1.0204081632653061,0.8374384236453202,1.7000000000000028,-16.5,20.905947017287943,30.210590449060945,55.31193673003644,79.92970928863839,0.03073477626171856,-0.20643137760473992,normal,normal
2025-04-11,36.0,13.0,7.0,2.769230769230769,5.0,12.142857142857142,11.9,14.5,85.0,11.9,14.5,83.3,101.5,1.0204081632653061,0.8374384236453202,1.7000000000000028,-16.5,20.905947017287943,30.210590449060945,55.31193673003644,79.92970928863839,0.03073477626171856,-0.20643137760473992,normal,normal
2025-04-12,0.0,0.0,0.0,,,12.428571428571429,10.766666666666667,14.9,87.0,10.766666666666667,14.9,75.36666666666667,104.3,1.1543564794338788,0.8341323106423778,11.633333333333326,-17.299999999999997,18.421657668743148,30.25474240845955,48.73912492906025,80.04652439310333,0.23868572425675738,-0.216124311844457,normal,normal
2025-04-13,42.0,11.0,4.0,3.8181818181818183,7.0,12.428571428571429,10.766666666666667,13.522222222222222,87.0,10.766666666666667,13.522222222222222,75.36666666666667,94.65555555555555,1.1543564794338788,0.9191219626716751,11.633333333333326,-7.6555555555555515,18.421657668743148,27.96756860870534,48.73912492906025,73.99523131377104,0.23868572425675738,-0.1034601206001068,normal,normal
2025-04-14,0.0,0.0,0.0,,,11.142857142857142,12.166666666666666,13.988888888888889,78.0,12.166666666666666,13.988888888888889,85.16666666666666,97.92222222222222,0.9158512720156556,0.796550550323386,-7.166666666666657,-19.922222222222217,19.156494052091357,28.089541595870887,50.68331925372174,74.31794150447875,-0.14140089426247274,-0.26806746552609517,normal,under baseline
2025-04-15,0.0,0.0,0.0,,,11.142857142857142,10.666666666666666,13.988888888888889,78.0,10.666666666666666,13.988888888888889,74.66666666666666,97.92222222222222,1.0446428571428572,0.796550550323386,3.333333333333343,-19.922222222222217,18.23663106617211,28.089541595870887,48.249590552726104,74.31794150447875,0.06908521492406756,-0.26806746552609517,normal,under baseline
2025-04-16,45.0,12.0,6.0,3.75,5.0,11.142857142857142,10.666666666666666,13.566666666666666,78.0,10.666666666666666,13.566666666666666,74.66666666666666,94.96666666666667,1.0446428571428572,0.8213408213408213,3.333333333333343,-16.96666666666667,18.23663106617211,28.01005036318764,48.249590552726104,74.10762747138892,0.06908521492406756,-0.22894629399945463,normal,normal
2025-04-17,0.0,0.0,0.0,,,17.571428571428573,12.166666666666666,14.066666666666666,123.0,12.166666666666666,14.066666666666666,85.16666666666666,98.46666666666667,1.4442270058708417,1.2491536899119837,37.83333333333334,24.53333333333333,19.156494052091357,28.16635972618245,50.68331925372174,74.5211831734641,0.7464651859902642,0.3292128799971777,moderate overshoot,normal
2025-04-18,27.0,12.0,12.0,2.25,3.0,17.571428571428573,11.466666666666667,14.066666666666666,123.0,11.466666666666667,14.066666666666666,80.26666666666667,98.46666666666667,1.532392026578073,1.2491536899119837,42.733333333333334,24.53333333333333,19.20620110588077,28.16635972618245,50.81483175645424,74.5211831734641,0.8409618187490223,0.3292128799971777,large overshoot,normal
2025-04-19,0.0,0.0,0.0,,,16.285714285714285,12.366666666666667,13.7,114.0,12.366666666666667,13.7,86.56666666666666,95.89999999999999,1.3169041201386216,1.18873826903024,27.433333333333337,18.10000000000001,19.282801580206254,27.77374477589218,51.01749756182906,73.48242165399006,0.5377240092986992,0.24631741296208612,moderate overshoot,normal
2025-04-20,72.0,12.0,3.0,6.0,8.0,16.285714285714285,12.366666666666667,13.7,114.0,12.366666666666667,13.7,86.56666666666666,95.89999999999999,1.3169041201386216,1.18873826903024,27.433333333333337,18.10000000000001,19.282801580206254,27.77374477589218,51.01749756182906,73.48242165399006,0.5377240092986992,0.24631741296208612,moderate overshoot,normal
2025-04-21,0.0,0.0,0.0,,,20.571428571428573,13.633333333333333,13.988888888888889,144.0,13.633333333333333,13.988888888888889,95.43333333333334,97.92222222222222,1.5089067411805797,1.4705548621354818,48.56666666666666,46.07777777777778,21.832407631511952,28.244714905622057,57.76312111476932,74.72849149219515,0.8407902088630174,0.6166025415164479,large overshoot,moderate overshoot
2025-04-22,38.0,6.0,2.0,6.333333333333333,8.0,20.571428571428573,13.633333333333333,13.988888888888889,144.0,13.633333333333333,13.988888888888889,95.43333333333334,97.92222222222222,1.5089067411805797,1.4705548621354818,48.56666666666666,46.07777777777778,21.832407631511952,28.244714905622057,57.76312111476932,74.72849149219515,0.8407902088630174,0.6166025415164479,large overshoot,moderate overshoot
2025-04-23,0.0,0.0,0.0,,,26.0,14.633333333333333,13.744444444444444,182.0,14.633333333333333,13.744444444444444,102.43333333333334,96.21111111111111,1.7767653758542141,1.8916734033953113,79.56666666666666,85.78888888888889,22.248569629859542,27.93554423508437,58.86418226751272,73.91050278527734,1.3516991759958534,1.1607131010611615,large overshoot,large overshoot
2025-04-24,0.0,0.0,0.0,,,19.571428571428573,14.633333333333333,13.744444444444444,137.0,14.633333333333333,13.744444444444444,102.43333333333334,96.21111111111111,1.3374552554506995,1.4239519575008661,34.56666666666666,40.78888888888889,22.248569629859542,27.93554423508437,58.86418226751272,73.91050278527734,0.5872275012600334,0.5518686431803554,moderate overshoot,moderate overshoot
2025-04-25,0.0,0.0,0.0,,,19.571428571428573,14.633333333333333,13.744444444444444,137.0,14.633333333333333,13.744444444444444,102.43333333333334,96.21111111111111,1.3374552554506995,1.4239519575008661,34.56666666666666,40.78888888888889,22.248569629859542,27.93554423508437,58.86418226751272,73.91050278527734,0.5872275012600334,0.5518686431803554,moderate overshoot,moderate overshoot
2025-04-26,62.0,14.0,6.0,4.428571428571429,7.0,15.714285714285714,13.366666666666667,13.744444444444444,110.0,13.366666666666667,13.744444444444444,93.56666666666666,96.21111111111111,1.1756323477021733,1.1433190899641992,16.433333333333337,13.788888888888891,21.952116123482178,27.93554423508437,58.07984001434511,73.91050278527734,0.2829438464237243,0.18656196845187176,normal,normal
2025-04-27,0.0,0.0,0.0,,,24.571428571428573,15.433333333333334,13.555555555555555,172.0,15.433333333333334,13.555555555555555,108.03333333333333,94.88888888888889,1.592101203332305,1.8126463700234192,63.96666666666667,77.11111111111111,23.51328800154657,27.544085647961992,62.21031255753115,72.87480071517082,1.0282325234664473,1.0581313479332561,large overshoot,large overshoot
2025-04-28,67.0,13.0,10.0,5.153846153846154,7.0,14.285714285714286,13.566666666666666,13.555555555555555,100.0,13.566666666666666,13.555555555555555,94.96666666666667,94.88888888888889,1.053001053001053,1.053864168618267,5.033333333333331,5.111111111111114,22.37714864787717,27.544085647961992,59.20437037300826,72.87480071517082,0.08501624629434566,0.07013550721171442,normal,normal
2025-04-29,0.0,0.0,0.0,,,23.857142857142858,15.8,14.3,167.0,15.8,14.3,110.60000000000001,100.10000000000001,1.5099457504520795,1.6683316683316682,56.39999999999999,66.89999999999999,24.242169016420238,28.073919281429486,64.13875045824325,74.27660874556355,0.8793436042493301,0.9006873244464846,large overshoot,large overshoot
2025-04-30,0.0,0.0,0.0,,,18.428571428571427,15.8,14.2,129.0,15.8,14.2,110.60000000000001,99.39999999999999,1.1663652802893307,1.2977867203219318,18.39999999999999,29.60000000000001,24.242169016420238,28.109017306419265,64.13875045824325,74.36946939119603,0.2868780552870154,0.39801278995684347,normal,normal
2025-05-01,0.0,0.0,0.0,,,18.428571428571427,15.8,12.555555555555555,129.0,15.8,12.555555555555555,110.60000000000001,87.88888888888889,1.1663652802893307,1.467762326169406,18.39999999999999,41.111111111111114,24.242169016420238,24.258954612706766,64.13875045824325,64.18316097162533,0.2868780552870154,0.640527990344475,normal,moderate overshoot
2025-05-02,0.0,0.0,0.0,,,18.428571428571427,15.8,12.377777777777778,129.0,15.8,12.377777777777778,110.60000000000001,86.64444444444445,1.1663652802893307,1.4888432931520903,18.39999999999999,42.355555555555554,24.242169016420238,24.292033085164572,64.13875045824325,64.27067838349858,0.2868780552870154,0.659018336523896,normal,moderate overshoot
2025-05-03,0.0,0.0,0.0,,,18.428571428571427,15.8,10.9,129.0,15.8,10.9,110.60000000000001,76.3,1.1663652802893307,1.6906946264744431,18.39999999999999,52.7,24.242169016420238,20.643060699813226,64.13875045824325,54.61640491091677,0.2868780552870154,0.9649115515010085,normal,large overshoot
2025-05-04,42.0,8.0,2.0,5.25,7.0,9.571428571428571,15.8,10.177777777777777,67.0,15.8,10.177777777777777,110.60000000000001,71.24444444444444,0.6057866184448463,0.9404242046163445,-43.60000000000001,-4.24444444444444,24.242169016420238,19.850892362574164,64.13875045824325,52.520524494082665,-0.6797762614409717,-0.08081496682164035,under baseline,normal
2025-05-05,0.0,0.0,0.0,,,15.571428571428571,16.066666666666666,10.644444444444444,109.0,16.066666666666666,10.644444444444444,112.46666666666667,74.5111111111111,0.969176052163604,1.462869072472413,-3.4666666666666686,34.488888888888894,24.491987899400154,20.10104313415456,64.79970909541605,53.18236122595531,-0.05349818255452479,0.6485023999283585,normal,moderate overshoot
2025-05-06,0.0,0.0,0.0,,,6.0,16.066666666666666,10.011111111111111,42.0,16.066666666666666,10.011111111111111,112.46666666666667,70.07777777777778,0.37344398340248963,0.5993340732519422,-70.46666666666667,-28.077777777777783,24.491987899400154,19.513460893827236,64.79970909541605,51.62776474325103,-1.087453441541013,-0.543850347141907,under baseline,under baseline
2025-05-07,0.0,0.0,0.0,,,6.0,14.366666666666667,10.011111111111111,42.0,14.366666666666667,10.011111111111111,100.56666666666666,70.07777777777778,0.41763341067285387,0.5993340732519422,-58.56666666666666,-28.077777777777783,23.742125131232925,19.513460893827236,62.81575869341908,51.62776474325103,-0.932356273089199,-0.543850347141907,under baseline,under baseline
2025-05-08,0.0,0.0,0.0,,,6.0,14.366666666666667,10.011111111111111,42.0,14.366666666666667,10.011111111111111,100.56666666666666,70.07777777777778,0.41763341067285387,0.5993340732519422,-58.56666666666666,-28.077777777777783,23.742125131232925,19.513460893827236,62.81575869341908,51.62776474325103,-0.932356273089199,-0.543850347141907,under baseline,under baseline
2025-05-09,0.0,0.0,0.0,,,6.0,14.366666666666667,10.011111111111111,42.0,14.366666666666667,10.011111111111111,100.56666666666666,70.07777777777778,0.41763341067285387,0.5993340732519422,-58.56666666666666,-28.077777777777783,23.742125131232925,19.513460893827236,62.81575869341908,51.62776474325103,-0.932356273089199,-0.543850347141907,under baseline,under baseline
2025-05-10,0.0,0.0,0.0,,,6.0,14.366666666666667,10.011111111111111,42.0,14.366666666666667,10.011111111111111,100.56666666666666,70.07777777777778,0.41763341067285387,0.5993340732519422,-58.56666666666666,-28.077777777777783,23.742125131232925,19.513460893827236,62.81575869341908,51.62776474325103,-0.932356273089199,-0.543850347141907,under baseline,under baseline
2025-05-11,56.0,11.0,3.0,5.090909090909091,6.0,6.0,14.366666666666667,10.011111111111111,42.0,14.366666666666667,10.011111111111111,100.56666666666666,70.07777777777778,0.41763341067285387,0.5993340732519422,-58.56666666666666,-28.077777777777783,23.742125131232925,19.513460893827236,62.81575869341908,51.62776474325103,-0.932356273089199,-0.543850347141907,under baseline,under baseline
2025-05-12,0.0,0.0,0.0,,,8.0,15.033333333333333,10.633333333333333,56.0,15.033333333333333,10.633333333333333,105.23333333333333,74.43333333333334,0.532150776053215,0.7523510971786833,-49.233333333333334,-18.433333333333337,24.634547276948798,20.075391610491693,65.17688575546993,53.11449367359348,-0.755380266526488,-0.34704902670469573,under baseline,under baseline
2025-05-13,129.0,20.0,2.0,6.45,11.0,8.0,15.033333333333333,10.633333333333333,56.0,15.033333333333333,10.633333333333333,105.23333333333333,74.43333333333334,0.532150776053215,0.7523510971786833,-49.233333333333334,-18.433333333333337,24.634547276948798,20.075391610491693,65.17688575546993,53.11449367359348,-0.755380266526488,-0.34704902670469573,under baseline,under baseline
2025-05-14,0.0,0.0,0.0,,,26.428571428571427,17.933333333333334,12.066666666666666,185.0,17.933333333333334,12.066666666666666,125.53333333333333,84.46666666666667,1.4737121614445035,2.1902131018153117,59.46666666666667,100.53333333333333,31.952479082854047,23.60289450922231,84.53831342522501,62.44738909269415,0.7034285906267285,1.6098884964446805,moderate overshoot,large overshoot
2025-05-15,0.0,0.0,0.0,,,26.428571428571427,17.933333333333334,12.066666666666666,185.0,17.933333333333334,12.066666666666666,125.53333333333333,84.46666666666667,1.4737121614445035,2.1902131018153117,59.46666666666667,100.53333333333333,31.952479082854047,23.60289450922231,84.53831342522501,62.44738909269415,0.7034285906267285,1.6098884964446805,moderate overshoot,large overshoot
2025-05-16,0.0,0.0,0.0,,,26.428571428571427,17.933333333333334,12.066666666666666,185.0,17.933333333333334,12.066666666666666,125.53333333333333,84.46666666666667,1.4737121614445035,2.1902131018153117,59.46666666666667,100.53333333333333,31.952479082854047,23.60289450922231,84.53831342522501,62.44738909269415,0.7034285906267285,1.6098884964446805,moderate overshoot,large overshoot
2025-05-17,53.0,11.0,5.0,4.818181818181818,9.0,26.428571428571427,16.433333333333334,12.066666666666666,185.0,16.433333333333334,12.066666666666666,115.03333333333333,84.46666666666667,1.6082294986960302,2.1902131018153117,69.96666666666667,100.53333333333333,31.693231446796734,23.60289450922231,83.85240865223598,62.44738909269415,0.8344025865356101,1.6098884964446805,large overshoot,large overshoot
2025-05-18,0.0,0.0,0.0,,,34.0,18.2,12.655555555555555,238.0,18.2,12.655555555555555,127.39999999999999,88.58888888888889,1.8681318681318682,2.6865671641791047,110.60000000000001,149.4111111111111,32.21843550216075,23.956965683159115,85.24196797029177,63.384173365347635,1.2974829492269107,2.357230570002112,large overshoot,large overshoot
2025-05-19,37.0,10.0,7.0,3.7,6.0,26.0,17.3,12.655555555555555,182.0,17.3,12.655555555555555,121.10000000000001,88.58888888888889,1.5028901734104045,2.054433713784021,60.89999999999999,93.41111111111111,32.34101698014984,23.956965683159115,85.56628807639362,63.384173365347635,0.7117288989517513,1.4737292631819556,large overshoot,large overshoot
2025-05-20,0.0,0.0,0.0,,,31.285714285714285,18.533333333333335,12.855555555555556,219.0,18.533333333333335,12.855555555555556,129.73333333333335,89.9888888888889,1.688078108941418,2.4336337819483886,89.26666666666665,129.01111111111112,32.36402145990926,24.08531703920243,85.62715220887748,63.72375913387616,1.0425042099836628,2.0245370465366594,large overshoot,large overshoot
2025-05-21,123.0,18.0,3.0,6.833333333333333,8.0,12.857142857142858,16.133333333333333,12.855555555555556,90.0,16.133333333333333,12.855555555555556,112.93333333333334,89.9888888888889,0.7969303423848878,1.0001234720335843,-22.933333333333337,0.011111111111105743,30.898871013113943,24.08531703920243,81.75072849336189,63.72375913387616,-0.2805275715089867,0.0001743637108376265,under baseline,normal
2025-05-22,0.0,0.0,0.0,,,30.428571428571427,20.233333333333334,14.222222222222221,213.0,20.233333333333334,14.222222222222221,141.63333333333333,99.55555555555554,1.5038832666509767,2.139508928571429,71.36666666666667,113.44444444444446,36.36186267879109,26.695864165551217,96.20444585516213,70.63061761600936,0.7418229587238695,1.6061652619434377,large overshoot,large overshoot
2025-05-23,62.0,8.0,3.0,7.75,8.0,30.428571428571427,18.966666666666665,13.933333333333334,213.0,18.966666666666665,13.933333333333334,132.76666666666665,97.53333333333333,1.6043183530002512,2.183868762816131,80.23333333333335,115.46666666666667,36.383477998459185,26.707655763928212,96.26163461551307,70.66181525287485,0.8334923217728459,1.6340744467637909,large overshoot,large overshoot
2025-05-24,0.0,0.0,0.0,,,39.285714285714285,21.033333333333335,14.622222222222222,275.0,21.033333333333335,14.622222222222222,147.23333333333335,102.35555555555555,1.867783563504641,2.6867129830655667,127.76666666666665,172.64444444444445,37.024207675829935,27.14032522710813,97.95684599945473,71.80655105234072,1.3043158480968022,2.404299355898624,large overshoot,large overshoot
2025-05-25,0.0,0.0,0.0,,,31.714285714285715,21.033333333333335,14.622222222222222,222.0,21.033333333333335,14.622222222222222,147.23333333333335,102.35555555555555,1.5078107312655646,2.1689101172383847,74.76666666666665,119.64444444444445,37.024207675829935,27.14032522710813,97.95684599945473,71.80655105234072,0.763261269835932,1.6662051399354088,large overshoot,large overshoot
2025-05-26,72.0,9.0,0.0,8.0,8.0,31.714285714285715,21.033333333333335,14.622222222222222,222.0,21.033333333333335,14.622222222222222,147.23333333333335,102.35555555555555,1.5078107312655646,2.1689101172383847,74.76666666666665,119.64444444444445,37.024207675829935,27.14032522710813,97.95684599945473,71.80655105234072,0.763261269835932,1.6662051399354088,large overshoot,large overshoot
2025-05-27,0.0,0.0,0.0,,,36.714285714285715,21.366666666666667,15.422222222222222,257.0,21.366666666666667,15.422222222222222,149.56666666666666,107.95555555555556,1.7182973033207043,2.380609304240428,107.43333333333334,149.04444444444442,37.448339895375014,27.758581132091564,99.07899437538086,73.44230242352407,1.08431998135044,2.0294086585812767,large overshoot,large overshoot
2025-05-28,0.0,0.0,0.0,,,36.714285714285715,21.366666666666667,15.422222222222222,257.0,21.366666666666667,15.422222222222222,149.56666666666666,107.95555555555556,1.7182973033207043,2.380609304240428,107.43333333333334,149.04444444444442,37.448339895375014,27.758581132091564,99.07899437538086,73.44230242352407,1.08431998135044,2.0294086585812767,large overshoot,large overshoot
2025-05-29,0.0,0.0,0.0,,,19.142857142857142,19.133333333333333,15.422222222222222,134.0,19.133333333333333,15.422222222222222,133.93333333333334,107.95555555555556,1.0004977600796416,1.2412515438452036,0.06666666666666288,26.044444444444437,36.62176979596291,27.758581132091564,96.8920954511745,73.44230242352407,0.0006880506232859552,0.35462456356899597,normal,normal
2025-05-30,0.0,0.0,0.0,,,19.142857142857142,19.133333333333333,15.122222222222222,134.0,19.133333333333333,15.122222222222222,133.93333333333334,105.85555555555555,1.0004977600796416,1.2658759315629264,0.06666666666666288,28.144444444444446,36.62176979596291,27.777942820982734,96.8920954511745,73.4935286372923,0.0006880506232859552,0.3829513287264222,normal,normal
2025-05-31,0.0,0.0,0.0,,,10.285714285714286,19.133333333333333,15.122222222222222,72.0,19.133333333333333,15.122222222222222,133.93333333333334,105.85555555555555,0.5375808860129417,0.6801721423323187,-61.93333333333334,-33.855555555555554,36.62176979596291,27.777942820982734,96.8920954511745,73.4935286372923,-0.6391990290326888,-0.4606603626645907,under baseline,under baseline
2025-06-01,0.0,0.0,0.0,,,10.285714285714286,19.133333333333333,15.122222222222222,72.0,19.133333333333333,15.122222222222222,133.93333333333334,105.85555555555555,0.5375808860129417,0.6801721423323187,-61.93333333333334,-33.855555555555554,36.62176979596291,27.777942820982734,96.8920954511745,73.4935286372923,-0.6391990290326888,-0.4606603626645907,under baseline,under baseline
2025-06-02,0.0,0.0,0.0,,,10.285714285714286,19.133333333333333,15.122222222222222,72.0,19.133333333333333,15.122222222222222,133.93333333333334,105.85555555555555,0.5375808860129417,0.6801721423323187,-61.93333333333334,-33.855555555555554,36.62176979596291,27.777942820982734,96.8920954511745,73.4935286372923,-0.6391990290326888,-0.4606603626645907,under baseline,under baseline
2025-06-03,66.0,16.0,12.0,4.125,9.0,0.0,19.133333333333333,14.666666666666666,0.0,19.133333333333333,14.666666666666666,133.93333333333334,102.66666666666666,0.0,0.0,-133.93333333333334,-102.66666666666666,36.62176979596291,27.684823246722033,96.8920954511745,73.24715740160627,-1.3822937021815627,-1.4016471124436458,under baseline,under baseline
2025-06-04,0.0,0.0,0.0,,,9.428571428571429,19.933333333333334,15.4,66.0,19.933333333333334,15.4,139.53333333333333,107.8,0.4730052556139513,0.6122448979591837,-73.53333333333333,-41.8,37.39254335894484,28.16197133038589,98.93137061596786,74.50957256953188,-0.7432762012241322,-0.5610017419035989,under baseline,under baseline
2025-06-05,0.0,0.0,0.0,,,9.428571428571429,19.933333333333334,15.4,66.0,19.933333333333334,15.4,139.53333333333333,107.8,0.4730052556139513,0.6122448979591837,-73.53333333333333,-41.8,37.39254335894484,28.16197133038589,98.93137061596786,74.50957256953188,-0.7432762012241322,-0.5610017419035989,under baseline,under baseline
2025-06-06,0.0,0.0,0.0,,,9.428571428571429,19.933333333333334,15.4,66.0,19.933333333333334,15.4,139.53333333333333,107.8,0.4730052556139513,0.6122448979591837,-73.53333333333333,-41.8,37.39254335894484,28.16197133038589,98.93137061596786,74.50957256953188,-0.7432762012241322,-0.5610017419035989,under baseline,under baseline
2025-06-07,69.0,13.0,3.0,5.3076923076923075,7.0,9.428571428571429,19.933333333333334,15.4,66.0,19.933333333333334,15.4,139.53333333333333,107.8,0.4730052556139513,0.6122448979591837,-73.53333333333333,-41.8,37.39254335894484,28.16197133038589,98.93137061596786,74.50957256953188,-0.7432762012241322,-0.5610017419035989,under baseline,under baseline
2025-06-08,0.0,0.0,0.0,,,19.285714285714285,22.233333333333334,16.166666666666668,135.0,22.233333333333334,16.166666666666668,155.63333333333333,113.16666666666667,0.8674234311415722,1.1929307805596465,-20.633333333333326,21.83333333333333,38.236724839305694,28.672599769258518,101.16486487440905,75.860568431146,-0.20395750401039475,0.28780872309373884,normal,normal
2025-06-09,43.0,11.0,9.0,3.909090909090909,7.0,19.285714285714285,22.233333333333334,16.166666666666668,135.0,22.233333333333334,16.166666666666668,155.63333333333333,113.16666666666667,0.8674234311415722,1.1929307805596465,-20.633333333333326,21.83333333333333,38.236724839305694,28.672599769258518,101.16486487440905,75.860568431146,-0.20395750401039475,0.28780872309373884,normal,normal
2025-06-10,56.0,7.0,0.0,8.0,8.0,25.428571428571427,23.666666666666668,16.644444444444446,178.0,23.666666666666668,16.644444444444446,165.66666666666669,116.51111111111112,1.0744466800804828,1.52775128743086,12.333333333333314,61.48888888888888,38.180454769905204,28.75831530403139,101.015988264519,76.08735041964994,0.12209288396048186,0.8081354988674841,normal,large overshoot
2025-06-11,0.0,0.0,0.0,,,24.0,23.666666666666668,16.488888888888887,168.0,23.666666666666668,16.488888888888887,165.66666666666669,115.42222222222222,1.0140845070422535,1.4555256064690028,2.3333333333333144,52.57777777777778,38.180454769905204,28.50320086281033,101.015988264519,75.41238105231781,0.02309865372225317,0.6972035234015701,normal,moderate overshoot
2025-06-12,0.0,0.0,0.0,,,24.0,23.666666666666668,16.488888888888887,168.0,23.666666666666668,16.488888888888887,165.66666666666669,115.42222222222222,1.0140845070422535,1.4555256064690028,2.3333333333333144,52.57777777777778,38.180454769905204,28.50320086281033,101.015988264519,75.41238105231781,0.02309865372225317,0.6972035234015701,normal,moderate overshoot
2025-06-13,0.0,0.0,0.0,,,24.0,19.366666666666667,16.488888888888887,168.0,19.366666666666667,16.488888888888887,135.56666666666666,115.42222222222222,1.2392426850258176,1.4555256064690028,32.43333333333334,52.57777777777778,32.7924332455052,28.50320086281033,86.76062325229346,75.41238105231781,0.37382549960504097,0.6972035234015701,normal,moderate overshoot
2025-06-14,0.0,0.0,0.0,,,24.0,19.366666666666667,15.988888888888889,168.0,19.366666666666667,15.988888888888889,135.56666666666666,111.92222222222222,1.2392426850258176,1.5010423905489925,32.43333333333334,56.07777777777778,32.7924332455052,28.391917842082353,86.76062325229346,75.11795385432754,0.37382549960504097,0.7465296230848698,normal,large overshoot
2025-06-15,58.0,8.0,1.0,7.25,8.0,14.142857142857142,19.366666666666667,15.988888888888889,99.0,19.366666666666667,15.988888888888889,135.56666666666666,111.92222222222222,0.7302680108187853,0.8845428372877991,-36.56666666666666,-12.922222222222217,32.7924332455052,28.391917842082353,86.76062325229346,75.11795385432754,-0.4214661593697121,-0.17202574829556236,under baseline,normal
2025-06-16,0.0,0.0,0.0,,,22.428571428571427,21.3,16.633333333333333,157.0,21.3,16.633333333333333,149.1,116.43333333333334,1.0529845741113346,1.348411107930146,7.900000000000006,40.56666666666666,33.31681774761181,28.681689731302274,88.14801423624397,75.8846182101408,0.08962198489040664,0.5345835246127068,normal,moderate overshoot
2025-06-17,0.0,0.0,0.0,,,16.285714285714285,19.533333333333335,16.4,114.0,19.533333333333335,16.4,136.73333333333335,114.79999999999998,0.83373963920039,0.9930313588850176,-22.73333333333335,-0.799999999999983,32.98142981502884,28.73114428082159,87.26066117389733,76.01546264936964,-0.2605221302188995,-0.010524174583927457,normal,normal
2025-06-18,0.0,0.0,0.0,,,8.285714285714286,19.533333333333335,16.4,58.0,19.533333333333335,16.4,136.73333333333335,114.79999999999998,0.42418332520721597,0.505226480836237,-78.73333333333335,-56.79999999999998,32.98142981502884,28.73114428082159,87.26066117389733,76.01546264936964,-0.9022775243065108,-0.7472163954588652,under baseline,under baseline
2025-06-19,0.0,0.0,0.0,,,8.285714285714286,18.3,16.4,58.0,18.3,16.4,128.1,114.79999999999998,0.4527712724434036,0.505226480836237,-70.1,-56.79999999999998,32.99754431824401,28.73114428082159,87.30329614190603,76.01546264936964,-0.8029479194698084,-0.7472163954588652,under baseline,under baseline
2025-06-20,0.0,0.0,0.0,,,8.285714285714286,18.3,16.022222222222222,58.0,18.3,16.022222222222222,128.1,112.15555555555555,0.4527712724434036,0.5171388943927085,-70.1,-54.15555555555555,32.99754431824401,28.720652936843123,87.30329614190603,75.98770516228379,-0.8029479194698084,-0.7126883939960784,under baseline,under baseline
2025-06-21,0.0,0.0,0.0,,,8.285714285714286,14.2,16.022222222222222,58.0,14.2,16.022222222222222,99.39999999999999,112.15555555555555,0.5835010060362174,0.5171388943927085,-41.39999999999999,-54.15555555555555,26.551706224803535,28.720652936843123,70.2492115552758,75.98770516228379,-0.5893304577151628,-0.7126883939960784,under baseline,under baseline
2025-06-22,0.0,0.0,0.0,,,8.285714285714286,14.2,15.933333333333334,58.0,14.2,15.933333333333334,99.39999999999999,111.53333333333333,0.5835010060362174,0.5200239091452481,-41.39999999999999,-53.53333333333333,26.551706224803535,28.758115610782635,70.2492115552758,76.08682208097522,-0.5893304577151628,-0.7035821955654897,under baseline,under baseline
2025-06-23,0.0,0.0,0.0,,,0.0,12.133333333333333,15.933333333333334,0.0,12.133333333333333,15.933333333333334,84.93333333333334,111.53333333333333,0.0,0.0,-84.93333333333334,-111.53333333333333,25.074693016765973,28.758115610782635,66.34140192365071,76.08682208097522,-1.2802462846817624,-1.4658692567634675,under baseline,under baseline
2025-06-24,0.0,0.0,0.0,,,0.0,12.133333333333333,15.933333333333334,0.0,12.133333333333333,15.933333333333334,84.93333333333334,111.53333333333333,0.0,0.0,-84.93333333333334,-111.53333333333333,25.074693016765973,28.758115610782635,66.34140192365071,76.08682208097522,-1.2802462846817624,-1.4658692567634675,under baseline,under baseline
2025-06-25,0.0,0.0,0.0,,,0.0,12.133333333333333,15.511111111111111,0.0,12.133333333333333,15.511111111111111,84.93333333333334,108.57777777777778,0.0,0.0,-84.93333333333334,-108.57777777777778,25.074693016765973,28.70940982038294,66.34140192365071,75.9579586721688,-1.2802462846817624,-1.4294457049115115,under baseline,under baseline
2025-06-26,0.0,0.0,0.0,,,0.0,9.733333333333333,15.511111111111111,0.0,9.733333333333333,15.511111111111111,68.13333333333333,108.57777777777778,0.0,0.0,-68.13333333333333,-108.57777777777778,22.455985045591092,28.70940982038294,59.41295187561948,75.9579586721688,-1.1467757649202466,-1.4294457049115115,under baseline,under baseline
2025-06-27,0.0,0.0,0.0,,,0.0,9.733333333333333,14.88888888888889,0.0,9.733333333333333,14.88888888888889,68.13333333333333,104.22222222222223,0.0,0.0,-68.13333333333333,-104.22222222222223,22.455985045591092,28.42749280302716,59.41295187561948,75.21207635388832,-1.1467757649202466,-1.3857112750329508,under baseline,under baseline
2025-06-28,0.0,0.0,0.0,,,0.0,9.733333333333333,14.88888888888889,0.0,9.733333333333333,14.88888888888889,68.13333333333333,104.22222222222223,0.0,0.0,-68.13333333333333,-104.22222222222223,22.455985045591092,28.42749280302716,59.41295187561948,75.21207635388832,-1.1467757649202466,-1.3857112750329508,under baseline,under baseline
2025-06-29,0.0,0.0,0.0,,,0.0,9.733333333333333,14.88888888888889,0.0,9.733333333333333,14.88888888888889,68.13333333333333,104.22222222222223,0.0,0.0,-68.13333333333333,-104.22222222222223,22.455985045591092,28.42749280302716,59.41295187561948,75.21207635388832,-1.1467757649202466,-1.3857112750329508,under baseline,under baseline
2025-06-30,0.0,0.0,0.0,,,0.0,9.733333333333333,14.88888888888889,0.0,9.733333333333333,14.88888888888889,68.13333333333333,104.22222222222223,0.0,0.0,-68.13333333333333,-104.22222222222223,22.455985045591092,28.42749280302716,59.41295187561948,75.21207635388832,-1.1467757649202466,-1.3857112750329508,under baseline,under baseline
2025-07-01,0.0,0.0,0.0,,,0.0,9.733333333333333,14.88888888888889,0.0,9.733333333333333,14.88888888888889,68.13333333333333,104.22222222222223,0.0,0.0,-68.13333333333333,-104.22222222222223,22.455985045591092,28.42749280302716,59.41295187561948,75.21207635388832,-1.1467757649202466,-1.3857112750329508,under baseline,under baseline
2025-07-02,32.0,8.0,1.0,4.0,4.0,0.0,9.733333333333333,14.88888888888889,0.0,9.733333333333333,14.88888888888889,68.13333333333333,104.22222222222223,0.0,0.0,-68.13333333333333,-104.22222222222223,22.455985045591092,28.42749280302716,59.41295187561948,75.21207635388832,-1.1467757649202466,-1.3857112750329508,under baseline,under baseline
2025-07-03,0.0,0.0,0.0,,,4.571428571428571,10.8,15.244444444444444,32.0,10.8,15.244444444444444,75.60000000000001,106.71111111111111,0.42328042328042326,0.299875052061641,-43.60000000000001,-74.71111111111111,22.73596573561434,28.439295140963853,60.15371115332125,75.24330240495796,-0.7248098108007213,-0.9929270609232087,under baseline,under baseline
2025-07-04,0.0,0.0,0.0,,,4.571428571428571,8.6,14.866666666666667,32.0,8.6,14.866666666666667,60.199999999999996,104.06666666666666,0.53156146179402,0.3074951953875721,-28.199999999999996,-72.06666666666666,20.26990294789879,28.413163589585256,53.629122299555235,75.17416481863788,-0.5258337036075988,-0.9586626847206319,under baseline,under baseline
2025-07-05,44.0,11.0,3.0,4.0,4.0,4.571428571428571,8.6,14.866666666666667,32.0,8.6,14.866666666666667,60.199999999999996,104.06666666666666,0.53156146179402,0.3074951953875721,-28.199999999999996,-72.06666666666666,20.26990294789879,28.413163589585256,53.629122299555235,75.17416481863788,-0.5258337036075988,-0.9586626847206319,under baseline,under baseline
2025-07-06,0.0,0.0,0.0,,,10.857142857142858,10.066666666666666,14.78888888888889,76.0,10.066666666666666,14.78888888888889,70.46666666666667,103.52222222222223,1.0785241248817408,0.7341418911666845,5.533333333333331,-27.522222222222226,21.196833422151325,28.322577821976083,56.0815498170746,74.93449740522212,0.09866584199940658,-0.36728373680003124,normal,under baseline
2025-07-07,0.0,0.0,0.0,,,10.857142857142858,10.066666666666666,14.78888888888889,76.0,10.066666666666666,14.78888888888889,70.46666666666667,103.52222222222223,1.0785241248817408,0.7341418911666845,5.533333333333331,-27.522222222222226,21.196833422151325,28.322577821976083,56.0815498170746,74.93449740522212,0.09866584199940658,-0.36728373680003124,normal,under baseline
2025-07-08,0.0,0.0,0.0,,,10.857142857142858,7.766666666666667,14.78888888888889,76.0,7.766666666666667,14.78888888888889,54.36666666666667,103.52222222222223,1.3979153893316982,0.7341418911666845,21.633333333333333,-27.522222222222226,18.0987393985351,28.322577821976083,47.884763492290595,74.93449740522212,0.45177905779604155,-0.36728373680003124,moderate overshoot,under baseline
2025-07-09,35.0,9.0,7.0,3.888888888888889,6.0,10.857142857142858,7.766666666666667,14.78888888888889,76.0,7.766666666666667,14.78888888888889,54.36666666666667,103.52222222222223,1.3979153893316982,0.7341418911666845,21.633333333333333,-27.522222222222226,18.0987393985351,28.322577821976083,47.884763492290595,74.93449740522212,0.45177905779604155,-0.36728373680003124,moderate overshoot,under baseline
2025-07-10,0.0,0.0,0.0,,,11.285714285714286,7.5,15.177777777777777,79.0,7.5,15.177777777777777,52.5,106.24444444444444,1.5047619047619047,0.7435682911524786,26.5,-27.24444444444444,17.614159664589447,28.35750015835238,46.60268602588856,75.02689322247515,0.5686367516515853,-0.3631290497882839,large overshoot,under baseline
2025-07-11,71.0,16.0,9.0,4.4375,8.0,11.285714285714286,5.633333333333334,14.777777777777779,79.0,5.633333333333334,14.777777777777779,39.43333333333334,103.44444444444446,2.003381234150465,0.7636949516648763,39.56666666666666,-24.444444444444457,15.082493467440882,28.314358043415545,39.904526865604836,74.91274991531891,0.9915332864344926,-0.3263055283923813,large overshoot,under baseline
2025-07-12,0.0,0.0,0.0,,,21.428571428571427,8.0,15.566666666666666,150.0,8.0,15.566666666666666,56.0,108.96666666666667,2.6785714285714284,1.3765677577240747,94.0,41.03333333333333,19.18152847097314,28.88141192975464,50.74955410029996,76.41303347854485,1.8522330228600847,0.5369939062143714,large overshoot,moderate overshoot
2025-07-13,0.0,0.0,0.0,,,15.142857142857142,8.0,15.1,106.0,8.0,15.1,56.0,105.7,1.8928571428571428,1.0028382213812677,50.0,0.29999999999999716,19.18152847097314,28.78867208555185,50.74955410029996,76.1676669141574,0.9852303313085556,0.003938679129270214,large overshoot,normal
2025-07-14,0.0,0.0,0.0,,,15.142857142857142,8.0,15.1,106.0,8.0,15.1,56.0,105.7,1.8928571428571428,1.0028382213812677,50.0,0.29999999999999716,19.18152847097314,28.78867208555185,50.74955410029996,76.1676669141574,0.9852303313085556,0.003938679129270214,large overshoot,normal
2025-07-15,18.0,5.0,3.0,3.6,4.0,15.142857142857142,8.0,15.1,106.0,8.0,15.1,56.0,105.7,1.8928571428571428,1.0028382213812677,50.0,0.29999999999999716,19.18152847097314,28.78867208555185,50.74955410029996,76.1676669141574,0.9852303313085556,0.003938679129270214,large overshoot,normal
2025-07-16,0.0,0.0,0.0,,,17.714285714285715,6.666666666666667,14.8,124.0,6.666666666666667,14.8,46.66666666666667,103.60000000000001,2.657142857142857,1.1969111969111967,77.33333333333333,20.39999999999999,16.832508230603302,28.613739137269782,44.534630719624204,75.70483783689171,1.7364763574710942,0.26946758731525705,large overshoot,normal
2025-07-17,0.0,0.0,0.0,,,12.714285714285714,6.666666666666667,14.8,89.0,6.666666666666667,14.8,46.66666666666667,103.60000000000001,1.907142857142857,0.859073359073359,42.33333333333333,-14.600000000000009,16.832508230603302,28.613739137269782,44.534630719624204,75.70483783689171,0.950571109477711,-0.19285425366680178,large overshoot,normal
2025-07-18,0.0,0.0,0.0,,,12.714285714285714,6.666666666666667,14.5,89.0,6.666666666666667,14.5,46.66666666666667,101.5,1.907142857142857,0.8768472906403941,42.33333333333333,-12.5,16.832508230603302,28.625929159150683,44.534630719624204,75.73708960326502,0.950571109477711,-0.165044630913057,large overshoot,normal
2025-07-19,0.0,0.0,0.0,,,2.5714285714285716,6.666666666666667,14.5,18.0,6.666666666666667,14.5,46.66666666666667,101.5,0.3857142857142857,0.17733990147783252,-28.66666666666667,-83.5,16.832508230603302,28.625929159150683,44.534630719624204,75.73708960326502,-0.6436938221660091,-1.1024981344992206,under baseline,under baseline
2025-07-20,20.0,5.0,1.0,4.0,4.0,2.5714285714285716,6.666666666666667,13.7,18.0,6.666666666666667,13.7,46.66666666666667,95.89999999999999,0.3857142857142857,0.18769551616266947,-28.66666666666667,-77.89999999999999,16.832508230603302,28.000180577266725,44.534630719624204,74.08151447234873,-0.6436938221660091,-1.0515443772289041,under baseline,under baseline
2025-07-21,0.0,0.0,0.0,,,5.428571428571429,7.333333333333333,13.922222222222222,38.0,7.333333333333333,13.922222222222222,51.33333333333333,97.45555555555556,0.7402597402597403,0.38992133166115606,-13.333333333333329,-59.45555555555556,16.95497756907424,27.969577283777504,44.858654132448905,74.00054576847673,-0.29722990114606546,-0.8034475278273266,under baseline,under baseline
2025-07-22,4.0,1.0,1.0,4.0,4.0,5.428571428571429,7.333333333333333,13.5,38.0,7.333333333333333,13.5,51.33333333333333,94.5,0.7402597402597403,0.4021164021164021,-13.333333333333329,-56.5,16.95497756907424,27.888723507475177,44.858654132448905,73.78662678382032,-0.29722990114606546,-0.7657214113545725,under baseline,under baseline
2025-07-23,0.0,0.0,0.0,,,3.4285714285714284,7.466666666666667,13.544444444444444,24.0,7.466666666666667,13.544444444444444,52.266666666666666,94.8111111111111,0.45918367346938777,0.2531348880815657,-28.266666666666666,-70.8111111111111,16.910990781009755,27.870148788768763,44.74227603025776,73.73748269745018,-0.6317664002508685,-0.9603136494590387,under baseline,under baseline
2025-07-24,0.0,0.0,0.0,,,3.4285714285714284,7.466666666666667,13.544444444444444,24.0,7.466666666666667,13.544444444444444,52.266666666666666,94.8111111111111,0.45918367346938777,0.2531348880815657,-28.266666666666666,-70.8111111111111,16.910990781009755,27.870148788768763,44.74227603025776,73.73748269745018,-0.6317664002508685,-0.9603136494590387,under baseline,under baseline
2025-07-25,36.0,9.0,2.0,4.0,4.0,3.4285714285714284,7.466666666666667,13.544444444444444,24.0,7.466666666666667,13.544444444444444,52.266666666666666,94.8111111111111,0.45918367346938777,0.2531348880815657,-28.266666666666666,-70.8111111111111,16.910990781009755,27.870148788768763,44.74227603025776,73.73748269745018,-0.6317664002508685,-0.9603136494590387,under baseline,under baseline
2025-07-26,0.0,0.0,0.0,,,8.571428571428571,8.666666666666666,13.255555555555556,60.0,8.666666666666666,13.255555555555556,60.666666666666664,92.78888888888889,0.989010989010989,0.6466291462100348,-0.6666666666666643,-32.78888888888889,17.625086614281194,27.49445750525202,46.63159601736144,72.74349699153021,-0.014296458273022807,-0.4507466680177147,normal,under baseline
2025-07-27,71.0,14.0,4.0,5.071428571428571,6.0,8.571428571428571,8.666666666666666,13.255555555555556,60.0,8.666666666666666,13.255555555555556,60.666666666666664,92.78888888888889,0.989010989010989,0.6466291462100348,-0.6666666666666643,-32.78888888888889,17.625086614281194,27.49445750525202,46.63159601736144,72.74349699153021,-0.014296458273022807,-0.4507466680177147,normal,under baseline
2025-07-28,0.0,0.0,0.0,,,15.857142857142858,11.033333333333333,13.3,111.0,11.033333333333333,13.3,77.23333333333333,93.10000000000001,1.4372032801035821,1.192266380236305,33.766666666666666,17.89999999999999,20.88636468811775,27.585393464372842,55.260126756960716,72.98409092459704,0.6110493885614066,0.2452589293534291,moderate overshoot,normal
2025-07-29,0.0,0.0,0.0,,,15.857142857142858,11.033333333333333,13.3,111.0,11.033333333333333,13.3,77.23333333333333,93.10000000000001,1.4372032801035821,1.192266380236305,33.766666666666666,17.89999999999999,20.88636468811775,27.585393464372842,55.260126756960716,72.98409092459704,0.6110493885614066,0.2452589293534291,moderate overshoot,normal
2025-07-30,0.0,0.0,0.0,,,15.285714285714286,11.033333333333333,13.3,107.0,11.033333333333333,13.3,77.23333333333333,93.10000000000001,1.3854121709106604,1.1493018259935552,29.766666666666666,13.899999999999991,20.88636468811775,27.585393464372842,55.260126756960716,72.98409092459704,0.5386644659282686,0.19045246469344493,moderate overshoot,normal
2025-07-31,0.0,0.0,0.0,,,15.285714285714286,11.033333333333333,13.3,107.0,11.033333333333333,13.3,77.23333333333333,93.10000000000001,1.3854121709106604,1.1493018259935552,29.766666666666666,13.899999999999991,20.88636468811775,27.585393464372842,55.260126756960716,72.98409092459704,0.5386644659282686,0.19045246469344493,moderate overshoot,normal
2025-08-01,0.0,0.0,0.0,,,15.285714285714286,11.033333333333333,13.3,107.0,11.033333333333333,13.3,77.23333333333333,93.10000000000001,1.3854121709106604,1.1493018259935552,29.766666666666666,13.899999999999991,20.88636468811775,27.585393464372842,55.260126756960716,72.98409092459704,0.5386644659282686,0.19045246469344493,moderate overshoot,normal
2025-08-02,0.0,0.0,0.0,,,10.142857142857142,9.966666666666667,13.3,71.0,9.966666666666667,13.3,69.76666666666667,93.10000000000001,1.0176779741997133,0.7626208378088076,1.2333333333333343,-22.10000000000001,20.593744167843045,27.585393464372842,54.4859256317995,72.98409092459704,0.022635815011528896,-0.3028057172464127,normal,under baseline
2025-08-03,0.0,0.0,0.0,,,10.142857142857142,9.966666666666667,12.833333333333334,71.0,9.966666666666667,12.833333333333334,69.76666666666667,89.83333333333334,1.0176779741997133,0.7903525046382188,1.2333333333333343,-18.833333333333343,20.593744167843045,27.449340468121008,54.4859256317995,72.62412853138949,0.022635815011528896,-0.2593261181122914,normal,under baseline
2025-08-04,0.0,0.0,0.0,,,0.0,9.966666666666667,12.833333333333334,0.0,9.966666666666667,12.833333333333334,69.76666666666667,89.83333333333334,0.0,0.0,-69.76666666666667,-89.83333333333334,20.593744167843045,27.449340468121008,54.4859256317995,72.62412853138949,-1.2804529951116201,-1.2369626341816373,under baseline,under baseline
2025-08-05,44.0,13.0,5.0,3.3846153846153846,5.0,0.0,8.5,12.833333333333334,0.0,8.5,12.833333333333334,59.5,89.83333333333334,0.0,0.0,-59.5,-89.83333333333334,19.630641073727364,27.449340468121008,51.93779435785258,72.62412853138949,-1.1456012088238412,-1.2369626341816373,under baseline,under baseline
2025-08-06,0.0,0.0,0.0,,,6.285714285714286,9.966666666666667,13.322222222222223,44.0,9.966666666666667,13.322222222222223,69.76666666666667,93.25555555555556,0.630673674151935,0.47182175622542594,-25.766666666666666,-49.25555555555556,20.593744167843045,27.609568353546525,54.4859256317995,73.04805166932316,-0.47290500010572495,-0.6742897918554704,under baseline,under baseline
2025-08-07,124.0,25.0,8.0,4.96,8.0,6.285714285714286,9.966666666666667,13.322222222222223,44.0,9.966666666666667,13.322222222222223,69.76666666666667,93.25555555555556,0.630673674151935,0.47182175622542594,-25.766666666666666,-49.25555555555556,20.593744167843045,27.609568353546525,54.4859256317995,73.04805166932316,-0.47290500010572495,-0.6742897918554704,under baseline,under baseline
2025-08-08,0.0,0.0,0.0,,,24.0,14.1,14.7,168.0,14.1,14.7,98.7,102.89999999999999,1.702127659574468,1.6326530612244898,69.3,65.10000000000001,29.17881848663268,29.933428008825597,77.19989726632413,79.19640639900787,0.8976695883535819,0.8220069945094826,large overshoot,large overshoot
2025-08-09,0.0,0.0,0.0,,,24.0,12.933333333333334,14.7,168.0,12.933333333333334,14.7,90.53333333333333,102.89999999999999,1.8556701030927836,1.6326530612244898,77.46666666666667,65.10000000000001,29.013591741580726,29.933428008825597,76.76274838897999,79.19640639900787,1.0091700504796899,0.8220069945094826,large overshoot,large overshoot
2025-08-10,92.0,20.0,5.0,4.6,5.0,24.0,12.933333333333334,14.077777777777778,168.0,12.933333333333334,14.077777777777778,90.53333333333333,98.54444444444444,1.8556701030927836,1.7048145224940807,77.46666666666667,69.45555555555556,29.013591741580726,29.645936030021453,76.76274838897999,78.43577411916624,1.0091700504796899,0.8855086385713848,large overshoot,large overshoot
2025-08-11,0.0,0.0,0.0,,,37.142857142857146,13.633333333333333,15.1,260.0,13.633333333333333,15.1,95.43333333333334,105.7,2.7244149493538243,2.4597918637653735,164.56666666666666,154.3,30.66895918467497,30.72167554536375,81.14243897184022,81.28191335224712,2.028120780591499,1.8983312970416713,large overshoot,large overshoot
2025-08-12,34.0,15.0,15.0,2.2666666666666666,4.0,37.142857142857146,13.633333333333333,13.666666666666666,260.0,13.633333333333333,13.666666666666666,95.43333333333334,95.66666666666666,2.7244149493538243,2.717770034843206,164.56666666666666,164.33333333333334,30.66895918467497,28.25843813523123,81.14243897184022,74.76479974492565,2.028120780591499,2.1980040593165207,large overshoot,large overshoot
2025-08-13,0.0,0.0,0.0,,,35.714285714285715,14.766666666666667,14.044444444444444,250.0,14.766666666666667,14.044444444444444,103.36666666666667,98.3111111111111,2.418574653337633,2.5429475587703436,146.63333333333333,151.6888888888889,30.775811519968705,28.300915580977097,81.42514367803393,74.87718450269846,1.800836040439074,2.025835905774773,large overshoot,large overshoot
2025-08-14,17.0,5.0,4.0,3.4,7.0,35.714285714285715,14.766666666666667,14.044444444444444,250.0,14.766666666666667,14.044444444444444,103.36666666666667,98.3111111111111,2.418574653337633,2.5429475587703436,146.63333333333333,151.6888888888889,30.775811519968705,28.300915580977097,81.42514367803393,74.87718450269846,1.800836040439074,2.025835905774773,large overshoot,large overshoot
2025-08-15,0.0,0.0,0.0,,,20.428571428571427,14.733333333333333,14.233333333333333,143.0,14.733333333333333,14.233333333333333,103.13333333333333,99.63333333333333,1.3865546218487397,1.4352626296420208,39.866666666666674,43.366666666666674,30.772730128154453,28.26283143015633,81.41699108160148,74.77642331073363,0.4896602802074775,0.5799510694227293,moderate overshoot,moderate overshoot
2025-08-16,0.0,0.0,0.0,,,20.428571428571427,14.733333333333333,13.644444444444444,143.0,14.733333333333333,13.644444444444444,103.13333333333333,95.5111111111111,1.3865546218487397,1.4972080037226618,39.866666666666674,47.488888888888894,30.772730128154453,27.996914401055324,81.41699108160148,74.07287298235525,0.4896602802074775,0.641110395437222,moderate overshoot,moderate overshoot
2025-08-17,94.0,18.0,2.0,5.222222222222222,6.0,20.428571428571427,14.733333333333333,13.644444444444444,143.0,14.733333333333333,13.644444444444444,103.13333333333333,95.5111111111111,1.3865546218487397,1.4972080037226618,39.866666666666674,47.488888888888894,30.772730128154453,27.996914401055324,81.41699108160148,74.07287298235525,0.4896602802074775,0.641110395437222,moderate overshoot,moderate overshoot
2025-08-18,0.0,0.0,0.0,,,20.714285714285715,17.866666666666667,14.277777777777779,145.0,17.866666666666667,14.277777777777779,125.06666666666666,99.94444444444446,1.1593816631130065,1.450806003335186,19.933333333333337,45.05555555555554,33.85235012809889,29.152072325118382,89.56489973403521,77.12913357443173,0.22255742363945893,0.5841574184426135,normal,moderate overshoot
2025-08-19,69.0,24.0,22.0,2.875,5.0,20.714285714285715,17.866666666666667,14.277777777777779,145.0,17.866666666666667,14.277777777777779,125.06666666666666,99.94444444444446,1.1593816631130065,1.450806003335186,19.933333333333337,45.05555555555554,33.85235012809889,29.152072325118382,89.56489973403521,77.12913357443173,0.22255742363945893,0.5841574184426135,normal,moderate overshoot
2025-08-20,0.0,0.0,0.0,,,25.714285714285715,19.5,13.677777777777777,180.0,19.5,13.677777777777777,136.5,95.74444444444444,1.3186813186813187,1.8800046419867704,43.5,84.25555555555556,35.117291153091934,27.39180053554841,92.91161910932993,72.47189217934697,0.46818686852085917,1.1625963255802323,moderate overshoot,large overshoot
2025-08-21,81.0,16.0,4.0,5.0625,6.0,25.714285714285715,19.5,13.677777777777777,180.0,19.5,13.677777777777777,136.5,95.74444444444444,1.3186813186813187,1.8800046419867704,43.5,84.25555555555556,35.117291153091934,27.39180053554841,92.91161910932993,72.47189217934697,0.46818686852085917,1.1625963255802323,moderate overshoot,large overshoot
2025-08-22,0.0,0.0,0.0,,,34.857142857142854,22.066666666666666,13.88888888888889,244.0,22.066666666666666,13.88888888888889,154.46666666666667,97.22222222222223,1.5796288303841173,2.5097142857142853,89.53333333333333,146.77777777777777,36.722569714506314,27.837992164312404,97.15878696781591,73.65240426613535,0.9215155533280944,1.9928443509788416,large overshoot,large overshoot
2025-08-23,0.0,0.0,0.0,,,34.857142857142854,22.066666666666666,13.88888888888889,244.0,22.066666666666666,13.88888888888889,154.46666666666667,97.22222222222223,1.5796288303841173,2.5097142857142853,89.53333333333333,146.77777777777777,36.722569714506314,27.837992164312404,97.15878696781591,73.65240426613535,0.9215155533280944,1.9928443509788416,large overshoot,large overshoot
2025-08-24,0.0,0.0,0.0,,,34.857142857142854,22.066666666666666,13.88888888888889,244.0,22.066666666666666,13.88888888888889,154.46666666666667,97.22222222222223,1.5796288303841173,2.5097142857142853,89.53333333333333,146.77777777777777,36.722569714506314,27.837992164312404,97.15878696781591,73.65240426613535,0.9215155533280944,1.9928443509788416,large overshoot,large overshoot
2025-08-25,0.0,0.0,0.0,,,21.428571428571427,20.866666666666667,13.088888888888889,150.0,20.866666666666667,13.088888888888889,146.06666666666666,91.62222222222222,1.0269283432222729,1.6371574096531651,3.933333333333337,58.37777777777778,36.83957142786138,27.17593302593687,97.46834440432188,71.90076043277598,0.04035498250608356,0.8119215628095952,normal,large overshoot
2025-08-26,51.0,16.0,12.0,3.1875,4.0,21.428571428571427,20.866666666666667,13.088888888888889,150.0,20.866666666666667,13.088888888888889,146.06666666666666,91.62222222222222,1.0269283432222729,1.6371574096531651,3.933333333333337,58.37777777777778,36.83957142786138,27.17593302593687,97.46834440432188,71.90076043277598,0.04035498250608356,0.8119215628095952,normal,large overshoot
2025-08-27,0.0,0.0,0.0,,,18.857142857142858,20.2,13.655555555555555,132.0,20.2,13.655555555555555,141.4,95.58888888888889,0.9335219236209334,1.3809136347785655,-9.400000000000006,36.41111111111111,36.07406174849843,27.430468219965473,95.44299616651472,72.57419725608923,-0.09848810680251788,0.50170876823658,normal,moderate overshoot
2025-08-28,39.0,11.0,4.0,3.5454545454545454,4.0,18.857142857142858,20.2,13.655555555555555,132.0,20.2,13.655555555555555,141.4,95.58888888888889,0.9335219236209334,1.3809136347785655,-9.400000000000006,36.41111111111111,36.07406174849843,27.430468219965473,95.44299616651472,72.57419725608923,-0.09848810680251788,0.50170876823658,normal,moderate overshoot
2025-08-29,0.0,0.0,0.0,,,12.857142857142858,21.5,14.088888888888889,90.0,21.5,14.088888888888889,150.5,98.62222222222222,0.5980066445182725,0.9125732311852186,-60.5,-8.62222222222222,36.023699095896845,27.5202252262652,95.3097491123654,72.81167197318398,-0.6347724190174244,-0.11841813254058667,under baseline,normal
2025-08-30,0.0,0.0,0.0,,,12.857142857142858,21.5,14.088888888888889,90.0,21.5,14.088888888888889,150.5,98.62222222222222,0.5980066445182725,0.9125732311852186,-60.5,-8.62222222222222,36.023699095896845,27.5202252262652,95.3097491123654,72.81167197318398,-0.6347724190174244,-0.11841813254058667,under baseline,normal
2025-08-31,102.0,20.0,7.0,5.1,7.0,12.857142857142858,21.5,14.088888888888889,90.0,21.5,14.088888888888889,150.5,98.62222222222222,0.5980066445182725,0.9125732311852186,-60.5,-8.62222222222222,36.023699095896845,27.5202252262652,95.3097491123654,72.81167197318398,-0.6347724190174244,-0.11841813254058667,under baseline,normal
2025-09-01,0.0,0.0,0.0,,,27.428571428571427,24.9,15.222222222222221,192.0,24.9,15.222222222222221,174.29999999999998,106.55555555555554,1.1015490533562824,1.801876955161627,17.700000000000017,85.44444444444446,38.64279385915793,28.994295362114975,102.23922251606582,76.71169496770968,0.17312338224421306,1.113838567644877,normal,large overshoot
2025-09-02,75.0,16.0,11.0,4.6875,7.0,27.428571428571427,24.9,14.488888888888889,192.0,24.9,14.488888888888889,174.29999999999998,101.42222222222222,1.1015490533562824,1.89307624890447,17.700000000000017,90.57777777777778,38.64279385915793,28.526449167787092,102.23922251606582,75.4738902856901,0.17312338224421306,1.2001206965072977,normal,large overshoot
2025-09-03,0.0,0.0,0.0,,,30.857142857142858,27.4,15.322222222222223,216.0,27.4,15.322222222222223,191.79999999999998,107.25555555555556,1.1261730969760169,2.0138816948099034,24.200000000000017,108.74444444444444,39.39508108626125,29.186278050942196,104.22958743347156,77.219633418376,0.23217975428950607,1.4082486490872987,normal,large overshoot
2025-09-04,0.0,0.0,0.0,,,30.857142857142858,27.4,15.322222222222223,216.0,27.4,15.322222222222223,191.79999999999998,107.25555555555556,1.1261730969760169,2.0138816948099034,24.200000000000017,108.74444444444444,39.39508108626125,29.186278050942196,104.22958743347156,77.219633418376,0.23217975428950607,1.4082486490872987,normal,large overshoot
2025-09-05,0.0,0.0,0.0,,,25.285714285714285,25.933333333333334,15.322222222222223,177.0,25.933333333333334,15.322222222222223,181.53333333333333,107.25555555555556,0.9750275431509364,1.6502641665803377,-4.533333333333331,69.74444444444444,39.57440250128015,29.186278050942196,104.70402730235976,77.219633418376,-0.04329664722677923,0.9031957464310794,normal,large overshoot
2025-09-06,0.0,0.0,0.0,,,25.285714285714285,25.933333333333334,14.555555555555555,177.0,25.933333333333334,14.555555555555555,181.53333333333333,101.88888888888889,0.9750275431509364,1.737186477644493,-4.533333333333331,75.11111111111111,39.57440250128015,28.661962857704346,104.70402730235976,75.83242580845588,-0.04329664722677923,0.9904880440042004,normal,large overshoot
2025-09-07,106.0,17.0,5.0,6.235294117647059,8.0,25.285714285714285,21.8,14.555555555555555,177.0,21.8,14.555555555555555,152.6,101.88888888888889,1.1598951507208388,1.737186477644493,24.400000000000006,75.11111111111111,35.21402541895617,28.661962857704346,93.1675539200651,75.83242580845588,0.2618937492008694,0.9904880440042004,normal,large overshoot
2025-09-08,0.0,0.0,0.0,,,25.857142857142858,25.333333333333332,15.255555555555556,181.0,25.333333333333332,15.255555555555556,177.33333333333331,106.78888888888889,1.0206766917293235,1.6949328893975653,3.6666666666666856,74.21111111111111,38.14702350510254,30.09780353743063,100.9275374518368,79.63130316932157,0.036329695138122634,0.9319339023413268,normal,large overshoot
2025-09-09,84.0,14.0,7.0,6.0,8.0,25.857142857142858,25.333333333333332,14.633333333333333,181.0,25.333333333333332,14.633333333333333,177.33333333333331,102.43333333333334,1.0206766917293235,1.767002928734136,3.6666666666666856,78.56666666666666,38.14702350510254,29.82362007883576,100.9275374518368,78.90588192427197,0.036329695138122634,0.995701014305488,normal,large overshoot
2025-09-10,0.0,0.0,0.0,,,27.142857142857142,25.066666666666666,15.566666666666666,190.0,25.066666666666666,15.566666666666666,175.46666666666667,108.96666666666667,1.0828267477203648,1.743652493117161,14.533333333333331,81.03333333333333,37.69014627773122,30.663102300592858,99.71875392852358,81.12694311310122,0.14574323044339818,0.9988461320471871,normal,large overshoot
2025-09-11,0.0,0.0,0.0,,,27.142857142857142,25.066666666666666,15.566666666666666,190.0,25.066666666666666,15.566666666666666,175.46666666666667,108.96666666666667,1.0828267477203648,1.743652493117161,14.533333333333331,81.03333333333333,37.69014627773122,30.663102300592858,99.71875392852358,81.12694311310122,0.14574323044339818,0.9988461320471871,normal,large overshoot
2025-09-12,47.0,13.0,8.0,3.6153846153846154,5.0,27.142857142857142,23.933333333333334,15.566666666666666,190.0,23.933333333333334,15.566666666666666,167.53333333333333,108.96666666666667,1.1341026661360922,1.743652493117161,22.46666666666667,81.03333333333333,37.92272845317605,30.663102300592858,100.334108524137,81.12694311310122,0.22391853575159784,0.9988461320471871,normal,large overshoot
2025-09-13,0.0,0.0,0.0,,,33.857142857142854,25.5,16.08888888888889,237.0,25.5,16.08888888888889,178.5,112.62222222222222,1.3277310924369747,2.1043804262036305,58.5,124.37777777777778,37.87069652346533,30.794952324028607,100.19644497788762,81.47578548547025,0.5838530500050214,1.526561260338611,moderate overshoot,large overshoot
2025-09-14,141.0,19.0,4.0,7.421052631578948,10.0,33.857142857142854,24.933333333333334,15.444444444444445,237.0,24.933333333333334,15.444444444444445,174.53333333333333,108.11111111111111,1.3579067990832696,2.1921891058581706,62.46666666666667,128.88888888888889,38.12857859594455,30.513622344197167,100.87873680924959,80.73145632248945,0.6192253059709119,1.5965138591583188,moderate overshoot,large overshoot
2025-09-15,0.0,0.0,0.0,,,38.857142857142854,29.633333333333333,17.011111111111113,272.0,29.633333333333333,17.011111111111113,207.43333333333334,119.07777777777778,1.3112646633456533,2.2842213305962487,64.56666666666666,152.92222222222222,43.290106644975225,33.21211855597703,114.53485641206915,87.87100621270885,0.5637294068311499,1.7403035291532256,moderate overshoot,large overshoot
2025-09-16,34.0,10.0,6.0,3.4,4.0,38.857142857142854,29.633333333333333,17.011111111111113,272.0,29.633333333333333,17.011111111111113,207.43333333333334,119.07777777777778,1.3112646633456533,2.2842213305962487,64.56666666666666,152.92222222222222,43.290106644975225,33.21211855597703,114.53485641206915,87.87100621270885,0.5637294068311499,1.7403035291532256,moderate overshoot,large overshoot
2025-09-17,0.0,0.0,0.0,,,31.714285714285715,27.633333333333333,17.38888888888889,222.0,27.633333333333333,17.38888888888889,193.43333333333334,121.72222222222223,1.1476822333275891,1.8238247375627565,28.566666666666663,100.27777777777777,41.56547251923309,33.209817975826205,109.97190341278016,87.86491944975859,0.2597633193584139,1.1412720617711019,normal,large overshoot
2025-09-18,0.0,0.0,0.0,,,31.714285714285715,27.633333333333333,17.38888888888889,222.0,27.633333333333333,17.38888888888889,193.43333333333334,121.72222222222223,1.1476822333275891,1.8238247375627565,28.566666666666663,100.27777777777777,41.56547251923309,33.209817975826205,109.97190341278016,87.86491944975859,0.2597633193584139,1.1412720617711019,normal,large overshoot
2025-09-19,0.0,0.0,0.0,,,31.714285714285715,25.333333333333332,17.38888888888889,222.0,25.333333333333332,17.38888888888889,177.33333333333331,121.72222222222223,1.2518796992481205,1.8238247375627565,44.666666666666686,100.27777777777777,41.10401719887063,33.209817975826205,108.75100739393345,87.86491944975859,0.4107241646495163,1.1412720617711019,normal,large overshoot
2025-09-20,0.0,0.0,0.0,,,25.0,25.333333333333332,17.38888888888889,175.0,25.333333333333332,17.38888888888889,177.33333333333331,121.72222222222223,0.986842105263158,1.4376996805111821,-2.3333333333333144,53.27777777777777,41.10401719887063,33.209817975826205,108.75100739393345,87.86491944975859,-0.021455739944377532,0.606360059411904,normal,moderate overshoot
2025-09-21,73.0,12.0,4.0,6.083333333333333,10.0,25.0,22.633333333333333,17.38888888888889,175.0,22.633333333333333,17.38888888888889,158.43333333333334,121.72222222222223,1.1045655375552283,1.4376996805111821,16.566666666666663,53.27777777777777,39.96591938944571,33.209817975826205,105.73988362252773,87.86491944975859,0.15667377435184882,0.606360059411904,normal,moderate overshoot
2025-09-22,0.0,0.0,0.0,,,15.285714285714286,25.066666666666666,18.2,107.0,25.066666666666666,18.2,175.46666666666667,127.39999999999999,0.6098024316109423,0.8398744113029828,-68.46666666666667,-20.39999999999999,40.75488829012079,33.66864309843629,107.82729912587801,89.0788566194536,-0.6349659800598215,-0.22901057303810196,under baseline,normal
2025-09-23,4.0,1.0,0.0,4.0,4.0,15.285714285714286,25.066666666666666,18.2,107.0,25.066666666666666,18.2,175.46666666666667,127.39999999999999,0.6098024316109423,0.8398744113029828,-68.46666666666667,-20.39999999999999,40.75488829012079,33.66864309843629,107.82729912587801,89.0788566194536,-0.6349659800598215,-0.22901057303810196,under baseline,normal
2025-09-24,37.0,9.0,5.0,4.111111111111111,5.0,11.0,25.2,18.244444444444444,77.0,25.2,18.244444444444444,176.4,127.71111111111111,0.4365079365079365,0.6029232643118149,-99.4,-50.71111111111111,40.67652038147833,33.64698130310473,107.61995712884185,89.02154489605512,-0.9236205128849757,-0.569649865887222,under baseline,under baseline
2025-09-25,0.0,0.0,0.0,,,16.285714285714285,26.433333333333334,18.655555555555555,114.0,26.433333333333334,18.655555555555555,185.03333333333333,130.58888888888887,0.6161052062691407,0.872968603760742,-71.03333333333333,-16.588888888888874,40.44637431714113,33.64759907995201,107.01104787738532,89.02317937995875,-0.6637943907878022,-0.18634347823150688,under baseline,normal
2025-09-26,0.0,0.0,0.0,,,16.285714285714285,24.733333333333334,18.655555555555555,114.0,24.733333333333334,18.655555555555555,173.13333333333333,130.58888888888887,0.6584520600693108,0.872968603760742,-59.133333333333326,-16.588888888888874,40.44999751360399,33.64759907995201,107.02063395417719,89.02317937995875,-0.5525414226068996,-0.18634347823150688,under baseline,normal
2025-09-27,108.0,18.0,5.0,6.0,10.0,16.285714285714285,24.733333333333334,18.655555555555555,114.0,24.733333333333334,18.655555555555555,173.13333333333333,130.58888888888887,0.6584520600693108,0.872968603760742,-59.133333333333326,-16.588888888888874,40.44999751360399,33.64759907995201,107.02063395417719,89.02317937995875,-0.5525414226068996,-0.18634347823150688,under baseline,normal
2025-09-28,66.0,9.0,2.0,7.333333333333333,10.0,31.714285714285715,27.033333333333335,19.855555555555554,222.0,27.033333333333335,19.855555555555554,189.23333333333335,138.98888888888888,1.1731548353003345,1.5972499800143898,32.76666666666665,83.01111111111112,43.16007361002739,34.87813812907457,114.19082133937421,92.27887968249094,0.28694658889688146,0.899567825235114,normal,large overshoot
2025-09-29,0.0,0.0,0.0,,,30.714285714285715,29.233333333333334,20.58888888888889,215.0,29.233333333333334,20.58888888888889,204.63333333333333,144.1222222222222,1.050659716566216,1.4917893763009793,10.366666666666674,70.8777777777778,43.41593806611708,35.14876712222249,114.86777505952833,92.99489669592413,0.09024869386818296,0.7621684661851374,normal,moderate overshoot
2025-09-30,107.0,13.0,3.0,8.23076923076923,10.0,30.714285714285715,29.233333333333334,20.58888888888889,215.0,29.233333333333334,20.58888888888889,204.63333333333333,144.1222222222222,1.050659716566216,1.4917893763009793,10.366666666666674,70.8777777777778,43.41593806611708,35.14876712222249,114.86777505952833,92.99489669592413,0.09024869386818296,0.7621684661851374,normal,moderate overshoot
2025-10-01,0.0,0.0,0.0,,,45.42857142857143,29.4,21.42222222222222,318.0,29.4,21.42222222222222,205.79999999999998,149.95555555555555,1.545189504373178,2.1206283343212804,112.20000000000002,168.04444444444445,43.71348722668138,36.29280975551571,115.6550161411975,96.02174899287347,0.970126534442921,1.7500664818854357,large overshoot,large overshoot
2025-10-02,0.0,0.0,0.0,,,40.142857142857146,29.4,21.42222222222222,281.0,29.4,21.42222222222222,205.79999999999998,149.95555555555555,1.3654033041788145,1.8738885595732069,75.20000000000002,131.04444444444445,43.71348722668138,36.29280975551571,115.6550161411975,96.02174899287347,0.6502095845820647,1.3647371123615994,moderate overshoot,large overshoot
2025-10-03,81.0,15.0,6.0,5.4,7.0,40.142857142857146,26.9,21.42222222222222,281.0,26.9,21.42222222222222,188.29999999999998,149.95555555555555,1.4922995220392992,1.8738885595732069,92.70000000000002,131.04444444444445,43.156771155309094,36.29280975551571,114.18208386547354,96.02174899287347,0.8118611682478735,1.3647371123615994,moderate overshoot,large overshoot
2025-10-04,38.0,9.0,9.0,4.222222222222222,6.0,51.714285714285715,29.6,21.833333333333332,362.0,29.6,21.833333333333332,207.20000000000002,152.83333333333331,1.747104247104247,2.3685932388222466,154.79999999999998,209.16666666666669,43.94243883803535,36.75801525372735,116.26076516710762,97.25256704968136,1.331489602511199,2.1507572808830244,large overshoot,large overshoot
2025-10-05,12.0,4.0,4.0,3.0,3.0,41.714285714285715,30.866666666666667,22.255555555555556,292.0,30.866666666666667,22.255555555555556,216.06666666666666,155.7888888888889,1.351434742363468,1.874331360102703,75.93333333333334,136.2111111111111,43.606179041217395,36.722635187049725,115.3711053688182,97.15896019188348,0.6581659514363649,1.4019408075395396,moderate overshoot,large overshoot
2025-10-06,0.0,0.0,0.0,,,34.0,31.266666666666666,22.38888888888889,238.0,31.266666666666666,22.38888888888889,218.86666666666667,156.72222222222223,1.0874200426439231,1.5186104218362282,19.133333333333326,81.27777777777777,43.36766102741189,36.66265725440263,114.74004602107976,97.00027349794749,0.16675375334796533,0.8379128722714126,normal,large overshoot
2025-10-07,84.0,12.0,0.0,7.0,7.0,34.0,31.266666666666666,22.38888888888889,238.0,31.266666666666666,22.38888888888889,218.86666666666667,156.72222222222223,1.0874200426439231,1.5186104218362282,19.133333333333326,81.27777777777777,43.36766102741189,36.66265725440263,114.74004602107976,97.00027349794749,0.16675375334796533,0.8379128722714126,normal,large overshoot
2025-10-08,0.0,0.0,0.0,,,30.714285714285715,30.533333333333335,22.933333333333334,215.0,30.533333333333335,22.933333333333334,213.73333333333335,160.53333333333333,1.0059263880224578,1.3392857142857142,1.2666666666666515,54.46666666666667,42.23149121893172,37.21175361013731,111.73402326070135,98.45304590103329,0.01133644551320975,0.5532248003928442,normal,moderate overshoot
2025-10-09,19.0,4.0,2.0,4.75,7.0,30.714285714285715,30.533333333333335,22.933333333333334,215.0,30.533333333333335,22.933333333333334,213.73333333333335,160.53333333333333,1.0059263880224578,1.3392857142857142,1.2666666666666515,54.46666666666667,42.23149121893172,37.21175361013731,111.73402326070135,98.45304590103329,0.01133644551320975,0.5532248003928442,normal,moderate overshoot
2025-10-10,0.0,0.0,0.0,,,33.42857142857143,28.366666666666667,22.355555555555554,234.0,28.366666666666667,22.355555555555554,198.56666666666666,156.48888888888888,1.1784455262716131,1.4953138312979268,35.43333333333334,77.51111111111112,41.044537066319805,36.85907297971341,108.59363775525482,97.51994066070219,0.3262929032103331,0.7948231980656437,normal,moderate overshoot
2025-10-11,38.0,7.0,4.0,5.428571428571429,7.0,21.857142857142858,28.366666666666667,22.355555555555554,153.0,28.366666666666667,22.355555555555554,198.56666666666666,156.48888888888888,0.770522074869901,0.977705197387106,-45.56666666666666,-3.48888888888888,41.044537066319805,36.85907297971341,108.59363775525482,97.51994066070219,-0.41960714834292123,-0.03577615885788582,under baseline,normal
2025-10-12,0.0,0.0,0.0,,,21.857142857142858,29.633333333333333,22.77777777777778,153.0,29.633333333333333,22.77777777777778,207.43333333333334,159.44444444444446,0.7375863731319299,0.959581881533101,-54.43333333333334,-6.444444444444457,40.72403622477488,36.81773442296449,107.74567223354002,97.41056911998622,-0.5052020392554463,-0.06615754843302951,under baseline,normal
2025-10-13,68.0,14.0,9.0,4.857142857142857,7.0,20.142857142857142,28.066666666666666,22.77777777777778,141.0,28.066666666666666,22.77777777777778,196.46666666666667,159.44444444444446,0.7176789955887343,0.8843205574912891,-55.46666666666667,-18.444444444444457,40.9363958568304,36.81773442296449,108.30752300846811,97.41056911998622,-0.5121220126355392,-0.18934746620487733,under baseline,normal
2025-10-14,0.0,0.0,0.0,,,29.857142857142858,30.333333333333332,23.333333333333332,209.0,30.333333333333332,23.333333333333332,212.33333333333331,163.33333333333331,0.9843014128728416,1.2795918367346941,-3.3333333333333144,45.666666666666686,41.21042162578184,37.12081701929215,109.03252704593687,98.21245029658097,-0.03057191668986023,0.4649783864343364,normal,normal
2025-10-15,78.0,19.0,16.0,4.105263157894737,6.0,17.857142857142858,25.633333333333333,23.333333333333332,125.0,25.633333333333333,23.333333333333332,179.43333333333334,163.33333333333331,0.6966375626973806,0.7653061224489797,-54.43333333333334,-38.333333333333314,35.84495668208046,37.12081701929215,94.83684113666783,98.21245029658097,-0.573968224594178,-0.39031032437918717,under baseline,under baseline
2025-10-16,0.0,0.0,0.0,,,29.0,28.233333333333334,24.2,203.0,28.233333333333334,24.2,197.63333333333333,169.4,1.0271546635183,1.1983471074380165,5.366666666666674,33.599999999999994,36.73923331219381,37.47874303889173,97.20287470324466,99.1594335322007,0.055210987154966654,0.3388482447218584,normal,normal
2025-10-17,0.0,0.0,0.0,,,26.285714285714285,27.1,24.2,184.0,27.1,24.2,189.70000000000002,169.4,0.9699525566684237,1.0861865407319953,-5.700000000000017,14.599999999999994,37.07806303760601,37.47874303889173,98.09933389348164,99.1594335322007,-0.058104370068294234,0.14723763014699798,normal,normal
2025-10-18,0.0,0.0,0.0,,,26.285714285714285,27.1,24.2,184.0,27.1,24.2,189.70000000000002,169.4,0.9699525566684237,1.0861865407319953,-5.700000000000017,14.599999999999994,37.07806303760601,37.47874303889173,98.09933389348164,99.1594335322007,-0.058104370068294234,0.14723763014699798,normal,normal
2025-10-19,100.0,10.0,0.0,10.0,10.0,20.857142857142858,27.1,23.977777777777778,146.0,27.1,23.977777777777778,189.70000000000002,167.84444444444443,0.7696362677912493,0.8698530385277373,-43.70000000000002,-21.844444444444434,37.07806303760601,37.56312373417788,98.09933389348164,99.38268386738257,-0.44546683719025465,-0.21980131341184064,under baseline,normal
2025-10-20,0.0,0.0,0.0,,,35.142857142857146,30.433333333333334,25.08888888888889,246.0,30.433333333333334,25.08888888888889,213.03333333333333,175.6222222222222,1.154748865592239,1.4007338985195497,32.96666666666667,70.3777777777778,39.002814516774045,38.31731630853906,103.19174764296397,101.37808985979385,0.3194699907664028,0.6942109273819466,normal,moderate overshoot
2025-10-21,44.0,11.0,2.0,4.0,4.0,25.428571428571427,30.433333333333334,25.044444444444444,178.0,30.433333333333334,25.044444444444444,213.03333333333333,175.3111111111111,0.8355499921764982,1.015337812143491,-35.03333333333333,2.688888888888897,39.002814516774045,38.34436252343144,103.19174764296397,101.44964741830469,-0.33949743204801747,0.026504664701316027,normal,normal
2025-10-22,0.0,0.0,0.0,,,31.714285714285715,29.466666666666665,25.533333333333335,222.0,29.466666666666665,25.533333333333335,206.26666666666665,178.73333333333335,1.0762766645119588,1.2420738530399105,15.733333333333348,43.26666666666665,38.26381502450952,38.3019347063198,101.23653876742904,101.33739396555596,0.15541160854459452,0.4269565751944713,normal,normal
2025-10-23,0.0,0.0,0.0,,,20.571428571428573,29.466666666666665,25.533333333333335,144.0,29.466666666666665,25.533333333333335,206.26666666666665,178.73333333333335,0.698125404007757,0.8056695262961581,-62.26666666666665,-34.73333333333335,38.26381502450952,38.3019347063198,101.23653876742904,101.33739396555596,-0.6150611965281826,-0.34274942323007657,under baseline,normal
2025-10-24,0.0,0.0,0.0,,,20.571428571428573,29.333333333333332,25.133333333333333,144.0,29.333333333333332,25.133333333333333,205.33333333333331,175.93333333333334,0.7012987012987013,0.8184918529746116,-61.333333333333314,-31.933333333333337,38.36245770176274,38.37930153763677,101.49752276009869,101.54208736094574,-0.6042840422647737,-0.3144837196405248,under baseline,normal
2025-10-25,0.0,0.0,0.0,,,20.571428571428573,28.1,25.133333333333333,144.0,28.1,25.133333333333333,196.70000000000002,175.93333333333334,0.7320793085917641,0.8184918529746116,-52.70000000000002,-31.933333333333337,38.70075291079056,38.37930153763677,102.3925677529109,101.54208736094574,-0.5146857936717952,-0.3144837196405248,under baseline,normal
2025-10-26,0.0,0.0,0.0,,,20.571428571428573,28.1,24.344444444444445,144.0,28.1,24.344444444444445,196.70000000000002,170.41111111111113,0.7320793085917641,0.8450153224228988,-52.70000000000002,-26.411111111111126,38.70075291079056,38.154965250716586,102.3925677529109,100.94854933570731,-0.5146857936717952,-0.2616294269200463,under baseline,normal
2025-10-27,0.0,0.0,0.0,,,6.285714285714286,28.1,24.344444444444445,44.0,28.1,24.344444444444445,196.70000000000002,170.41111111111113,0.22369089984748347,0.25819912629588576,-152.70000000000002,-126.41111111111113,38.70075291079056,38.154965250716586,102.3925677529109,100.94854933570731,-1.4913191782482564,-1.2522330627132374,under baseline,under baseline
2025-10-28,0.0,0.0,0.0,,,6.285714285714286,24.5,24.344444444444445,44.0,24.5,24.344444444444445,171.5,170.41111111111113,0.2565597667638484,0.25819912629588576,-127.5,-126.41111111111113,35.936486117631944,38.154965250716586,95.07900526077918,100.94854933570731,-1.3409900498043466,-1.2522330627132374,under baseline,under baseline
2025-10-29,0.0,0.0,0.0,,,0.0,22.3,24.344444444444445,0.0,22.3,24.344444444444445,156.1,170.41111111111113,0.0,0.0,-156.1,-170.41111111111113,35.3232852769758,38.154965250716586,93.45662833266728,100.94854933570731,-1.6702935124552964,-1.6880986624622416,under baseline,under baseline
2025-10-30,0.0,0.0,0.0,,,0.0,22.3,24.344444444444445,0.0,22.3,24.344444444444445,156.1,170.41111111111113,0.0,0.0,-156.1,-170.41111111111113,35.3232852769758,38.154965250716586,93.45662833266728,100.94854933570731,-1.6702935124552964,-1.6880986624622416,under baseline,under baseline
2025-10-31,29.0,7.0,1.0,4.142857142857143,6.0,0.0,18.733333333333334,24.344444444444445,0.0,18.733333333333334,24.344444444444445,131.13333333333333,170.41111111111113,0.0,0.0,-131.13333333333333,-170.41111111111113,31.69132736073155,38.154965250716586,83.84737091403264,100.94854933570731,-1.563952833628883,-1.6880986624622416,under baseline,under baseline
2025-11-01,0.0,0.0,0.0,,,4.142857142857143,19.7,24.666666666666668,29.0,19.7,24.666666666666668,137.9,172.66666666666669,0.21029731689630166,0.16795366795366792,-108.9,-143.66666666666669,31.542144767782023,38.0694220980093,83.4526708731484,100.7222234272794,-1.304931272547677,-1.426365123585589,under baseline,under baseline
2025-11-02,0.0,0.0,0.0,,,4.142857142857143,19.7,24.666666666666668,29.0,19.7,24.666666666666668,137.9,172.66666666666669,0.21029731689630166,0.16795366795366792,-108.9,-143.66666666666669,31.542144767782023,38.0694220980093,83.4526708731484,100.7222234272794,-1.304931272547677,-1.426365123585589,under baseline,under baseline
2025-11-03,0.0,0.0,0.0,,,4.142857142857143,17.0,24.666666666666668,29.0,17.0,24.666666666666668,119.0,172.66666666666669,0.24369747899159663,0.16795366795366792,-90.0,-143.66666666666669,29.515629991465502,38.0694220980093,78.0910167468172,100.7222234272794,-1.1525013215257973,-1.426365123585589,under baseline,under baseline
2025-11-04,0.0,0.0,0.0,,,4.142857142857143,15.733333333333333,24.177777777777777,29.0,15.733333333333333,24.177777777777777,110.13333333333333,169.24444444444444,0.263317191283293,0.1713497899159664,-81.13333333333333,-140.24444444444444,29.398490851875554,38.100864886752845,77.78109571467013,100.80541322682117,-1.043098359413198,-1.3912392197518395,under baseline,under baseline
2025-11-05,0.0,0.0,0.0,,,4.142857142857143,15.333333333333334,24.177777777777777,29.0,15.333333333333334,24.177777777777777,107.33333333333334,169.24444444444444,0.27018633540372666,0.1713497899159664,-78.33333333333334,-140.24444444444444,29.532370706399856,38.100864886752845,78.13530851530294,100.80541322682117,-1.0025343832614626,-1.3912392197518395,under baseline,under baseline
2025-11-06,0.0,0.0,0.0,,,4.142857142857143,15.333333333333334,22.8,29.0,15.333333333333334,22.8,107.33333333333334,159.6,0.27018633540372666,0.1817042606516291,-78.33333333333334,-130.6,29.532370706399856,36.665570293448525,78.13530851530294,97.00798067482235,-1.0025343832614626,-1.3462809873115542,under baseline,under baseline
2025-11-07,0.0,0.0,0.0,,,4.142857142857143,12.533333333333333,22.8,29.0,12.533333333333333,22.8,87.73333333333333,159.6,0.3305471124620061,0.1817042606516291,-58.733333333333334,-130.6,26.637714167922674,36.665570293448525,70.47676718354523,97.00798067482235,-0.8333715588907754,-1.3462809873115542,under baseline,under baseline
2025-11-08,0.0,0.0,0.0,,,0.0,12.533333333333333,22.8,0.0,12.533333333333333,22.8,87.73333333333333,159.6,0.0,0.0,-87.73333333333333,-159.6,26.637714167922674,36.665570293448525,70.47676718354523,97.00798067482235,-1.244854678206879,-1.6452254638202453,under baseline,under baseline
2025-11-09,0.0,0.0,0.0,,,0.0,11.9,21.77777777777778,0.0,11.9,21.77777777777778,83.3,152.44444444444446,0.0,0.0,-83.3,-152.44444444444446,26.704448809269415,35.990878300604635,70.65333044838181,95.22291345019084,-1.1789960851294568,-1.6009218676572528,under baseline,under baseline
2025-11-10,0.0,0.0,0.0,,,0.0,11.9,21.77777777777778,0.0,11.9,21.77777777777778,83.3,152.44444444444446,0.0,0.0,-83.3,-152.44444444444446,26.704448809269415,35.990878300604635,70.65333044838181,95.22291345019084,-1.1789960851294568,-1.6009218676572528,under baseline,under baseline
2025-11-11,0.0,0.0,0.0,,,0.0,10.633333333333333,21.4,0.0,10.633333333333333,21.4,74.43333333333334,149.79999999999998,0.0,0.0,-74.43333333333334,-149.79999999999998,26.322251414729404,36.03955380137553,69.6421311906921,95.35169672017217,-1.0687974658547152,-1.5710260556727877,under baseline,under baseline
2025-11-12,49.0,13.0,13.0,3.769230769230769,6.0,0.0,10.633333333333333,21.4,0.0,10.633333333333333,21.4,74.43333333333334,149.79999999999998,0.0,0.0,-74.43333333333334,-149.79999999999998,26.322251414729404,36.03955380137553,69.6421311906921,95.35169672017217,-1.0687974658547152,-1.5710260556727877,under baseline,under baseline
2025-11-13,0.0,0.0,0.0,,,7.0,10.0,21.755555555555556,49.0,10.0,21.755555555555556,70.0,152.2888888888889,0.7,0.32175689479060265,-21.0,-103.28888888888889,25.094304890373607,36.15332863010264,66.39329006396054,95.65271662244307,-0.31629702308425256,-1.0798322571076266,under baseline,under baseline
2025-11-14,0.0,0.0,0.0,,,7.0,10.0,21.755555555555556,49.0,10.0,21.755555555555556,70.0,152.2888888888889,0.7,0.32175689479060265,-21.0,-103.28888888888889,25.094304890373607,36.15332863010264,66.39329006396054,95.65271662244307,-0.31629702308425256,-1.0798322571076266,under baseline,under baseline
2025-11-15,0.0,0.0,0.0,,,7.0,7.4,21.755555555555556,49.0,7.4,21.755555555555556,51.800000000000004,152.2888888888889,0.9459459459459458,0.32175689479060265,-2.8000000000000043,-103.28888888888889,21.60395876877089,36.15332863010264,57.15870223666094,95.65271662244307,-0.048986416598593034,-1.0798322571076266,normal,under baseline
2025-11-16,60.0,7.0,1.0,8.571428571428571,11.0,7.0,7.4,20.711111111111112,49.0,7.4,20.711111111111112,51.800000000000004,144.9777777777778,0.9459459459459458,0.33798283261802575,-2.8000000000000043,-95.97777777777779,21.60395876877089,35.39257982426152,57.15870223666094,93.63996447199808,-0.048986416598593034,-1.0249659781372387,normal,under baseline
2025-11-17,0.0,0.0,0.0,,,15.571428571428571,9.4,21.377777777777776,109.0,9.4,21.377777777777776,65.8,149.64444444444445,1.656534954407295,0.7283932283932284,43.2,-40.644444444444446,23.581991960552873,35.56275598127576,62.3920861471474,94.09020826253045,0.6923955050663926,-0.4319731584719032,large overshoot,under baseline
2025-11-18,99.0,11.0,0.0,9.0,9.0,15.571428571428571,9.4,20.61111111111111,109.0,9.4,20.61111111111111,65.8,144.27777777777777,1.656534954407295,0.7554871005005777,43.2,-35.27777777777777,23.581991960552873,35.26710102180064,62.3920861471474,93.30797876587641,0.6923955050663926,-0.3780788979074872,large overshoot,under baseline
2025-11-19,0.0,0.0,0.0,,,29.714285714285715,9.366666666666667,21.711111111111112,208.0,9.366666666666667,21.711111111111112,65.56666666666666,151.9777777777778,3.1723436705643113,1.3686211434420237,142.43333333333334,56.02222222222221,23.449848662600036,36.149889099382065,62.04246784334028,95.64361647952965,2.295739326375334,0.5857392713105165,large overshoot,moderate overshoot
2025-11-20,33.0,9.0,6.0,3.6666666666666665,4.0,22.714285714285715,9.366666666666667,20.81111111111111,159.0,9.366666666666667,20.81111111111111,65.56666666666666,145.67777777777778,2.4250127097102188,1.0914499275417588,93.43333333333334,13.322222222222223,23.449848662600036,35.662240265777285,62.04246784334028,94.35341893868069,1.505957718659036,0.14119490710644197,large overshoot,normal
2025-11-21,0.0,0.0,0.0,,,27.428571428571427,9.0,21.177777777777777,192.0,9.0,21.177777777777777,63.0,148.24444444444444,3.0476190476190474,1.2951581472043172,129.0,43.75555555555556,22.970746013436028,35.615480089036126,60.77488138118009,94.22970313976215,2.1225874418563144,0.46434992467987524,large overshoot,normal
2025-11-22,62.0,11.0,5.0,5.636363636363637,8.0,27.428571428571427,9.0,21.177777777777777,192.0,9.0,21.177777777777777,63.0,148.24444444444444,3.0476190476190474,1.2951581472043172,129.0,43.75555555555556,22.970746013436028,35.615480089036126,60.77488138118009,94.22970313976215,2.1225874418563144,0.46434992467987524,large overshoot,normal
2025-11-23,23.0,4.0,1.0,5.75,9.0,36.285714285714285,11.066666666666666,21.866666666666667,254.0,11.066666666666666,21.866666666666667,77.46666666666667,153.06666666666666,3.278829604130809,1.6594076655052266,176.53333333333333,100.93333333333334,24.845638392410667,35.800382899213965,65.73538035095726,94.7189099922097,2.685514747018005,1.0656091095393174,large overshoot,large overshoot
2025-11-24,0.0,0.0,0.0,,,31.0,11.833333333333334,22.122222222222224,217.0,11.833333333333334,22.122222222222224,82.83333333333334,154.85555555555555,2.6197183098591545,1.401305876443998,134.16666666666666,62.144444444444446,24.84723440287185,35.72454787466083,65.7396029977274,94.51826937657363,2.0408803909464552,0.65748605909036,large overshoot,moderate overshoot
2025-11-25,12.0,3.0,2.0,4.0,4.0,31.0,11.833333333333334,21.555555555555557,217.0,11.833333333333334,21.555555555555557,82.83333333333334,150.8888888888889,2.6197183098591545,1.438144329896907,134.16666666666666,66.11111111111109,24.84723440287185,35.66577407962879,65.7396029977274,94.36276853131136,2.0408803909464552,0.700605886623326,large overshoot,moderate overshoot
2025-11-26,0.0,0.0,0.0,,,18.571428571428573,12.233333333333333,21.68888888888889,130.0,12.233333333333333,21.68888888888889,85.63333333333333,151.82222222222222,1.5181004281821722,0.8562646370023419,44.366666666666674,-21.822222222222223,24.746554386883492,35.60666660355507,65.4732287134282,94.2063848489956,0.6776306520769964,-0.23164270932592618,large overshoot,normal
2025-11-27,0.0,0.0,0.0,,,18.571428571428573,12.233333333333333,21.255555555555556,130.0,12.233333333333333,21.255555555555556,85.63333333333333,148.7888888888889,1.5181004281821722,0.8737211560002986,44.366666666666674,-18.78888888888889,24.746554386883492,35.63092997714485,65.4732287134282,94.27057970148162,0.6776306520769964,-0.19930808687488735,large overshoot,normal
2025-11-28,0.0,0.0,0.0,,,13.857142857142858,12.233333333333333,21.255555555555556,97.0,12.233333333333333,21.255555555555556,85.63333333333333,148.7888888888889,1.1327364733359284,0.6519304010156075,11.366666666666674,-51.78888888888889,24.746554386883492,35.63092997714485,65.4732287134282,94.27057970148162,0.17360785301146198,-0.5493642773056475,normal,under baseline
2025-11-29,0.0,0.0,0.0,,,13.857142857142858,12.233333333333333,21.255555555555556,97.0,12.233333333333333,21.255555555555556,85.63333333333333,148.7888888888889,1.1327364733359284,0.6519304010156075,11.366666666666674,-51.78888888888889,24.746554386883492,35.63092997714485,65.4732287134282,94.27057970148162,0.17360785301146198,-0.5493642773056475,normal,under baseline
2025-11-30,0.0,0.0,0.0,,,5.0,12.233333333333333,20.122222222222224,35.0,12.233333333333333,20.122222222222224,85.63333333333333,140.85555555555555,0.40871934604904636,0.2484815019326339,-50.633333333333326,-105.85555555555555,24.746554386883492,34.64225768448337,65.4732287134282,91.65479868695927,-0.7733440725056027,-1.1549374072283767,under baseline,under baseline
2025-12-01,0.0,0.0,0.0,,,1.7142857142857142,11.266666666666667,20.122222222222224,12.0,11.266666666666667,20.122222222222224,78.86666666666667,140.85555555555555,0.15215553677092136,0.08519365780547448,-66.86666666666667,-128.85555555555555,24.635177166462242,34.64225768448337,65.17855228647595,91.65479868695927,-1.0258998446723862,-1.4058789872601536,under baseline,under baseline
2025-12-02,47.0,15.0,14.0,3.1333333333333333,5.0,1.7142857142857142,11.266666666666667,19.288888888888888,12.0,11.266666666666667,19.288888888888888,78.86666666666667,135.0222222222222,0.15215553677092136,0.08887425938117183,-66.86666666666667,-123.02222222222221,24.635177166462242,34.206656965772424,65.17855228647595,90.5023075143291,-1.0258998446723862,-1.3593269122198268,under baseline,under baseline
2025-12-03,0.0,0.0,0.0,,,6.714285714285714,12.833333333333334,19.81111111111111,47.0,12.833333333333334,19.81111111111111,89.83333333333334,138.67777777777778,0.523191094619666,0.33891515102956493,-42.83333333333334,-91.67777777777778,25.377268314900068,34.26758367446393,67.14194091538475,90.6635044337285,-0.6379519678663119,-1.0111872285368217,under baseline,under baseline
2025-12-04,0.0,0.0,0.0,,,6.714285714285714,12.833333333333334,19.81111111111111,47.0,12.833333333333334,19.81111111111111,89.83333333333334,138.67777777777778,0.523191094619666,0.33891515102956493,-42.83333333333334,-91.67777777777778,25.377268314900068,34.26758367446393,67.14194091538475,90.6635044337285,-0.6379519678663119,-1.0111872285368217,under baseline,under baseline
2025-12-05,0.0,0.0,0.0,,,6.714285714285714,12.833333333333334,19.81111111111111,47.0,12.833333333333334,19.81111111111111,89.83333333333334,138.67777777777778,0.523191094619666,0.33891515102956493,-42.83333333333334,-91.67777777777778,25.377268314900068,34.26758367446393,67.14194091538475,90.6635044337285,-0.6379519678663119,-1.0111872285368217,under baseline,under baseline
2025-12-06,0.0,0.0,0.0,,,6.714285714285714,12.833333333333334,19.81111111111111,47.0,12.833333333333334,19.81111111111111,89.83333333333334,138.67777777777778,0.523191094619666,0.33891515102956493,-42.83333333333334,-91.67777777777778,25.377268314900068,34.26758367446393,67.14194091538475,90.6635044337285,-0.6379519678663119,-1.0111872285368217,under baseline,under baseline
2025-12-07,19.0,6.0,3.0,3.1666666666666665,4.0,6.714285714285714,12.833333333333334,18.633333333333333,47.0,12.833333333333334,18.633333333333333,89.83333333333334,130.43333333333334,0.523191094619666,0.3603373370815231,-42.83333333333334,-83.43333333333334,25.377268314900068,33.07276621585401,67.14194091538475,87.50231457612846,-0.6379519678663119,-0.9534985872944534,under baseline,under baseline
2025-12-08,0.0,0.0,0.0,,,9.428571428571429,13.466666666666667,18.844444444444445,66.0,13.466666666666667,18.844444444444445,94.26666666666667,131.91111111111113,0.7001414427157001,0.5003369272237196,-28.266666666666666,-65.91111111111113,25.282859579282984,33.01307575849605,66.8921588793499,87.34438847031558,-0.4225707039542536,-0.7546118561870903,under baseline,under baseline
2025-12-09,0.0,0.0,0.0,,,9.428571428571429,13.466666666666667,17.91111111111111,66.0,13.466666666666667,17.91111111111111,94.26666666666667,125.37777777777778,0.7001414427157001,0.5264090747961716,-28.266666666666666,-59.37777777777778,25.282859579282984,32.33068061244481,66.8921588793499,85.5389406179864,-0.4225707039542536,-0.694160780444507,under baseline,under baseline
2025-12-10,88.0,12.0,2.0,7.333333333333333,8.0,2.7142857142857144,13.466666666666667,17.91111111111111,19.0,13.466666666666667,17.91111111111111,94.26666666666667,125.37777777777778,0.20155586987270155,0.15154200638071605,-75.26666666666667,-106.37777777777778,25.282859579282984,32.33068061244481,66.8921588793499,85.5389406179864,-1.1251941621800763,-1.2436181347259936,under baseline,under baseline
2025-12-11,0.0,0.0,0.0,,,15.285714285714286,16.4,18.88888888888889,107.0,16.4,18.88888888888889,114.79999999999998,132.22222222222223,0.93205574912892,0.8092436974789916,-7.799999999999983,-25.22222222222223,28.55919442503396,33.1043445481864,75.56052609298216,87.5858629902981,-0.10322850307317308,-0.2879713844346787,normal,normal
2025-12-12,0.0,0.0,0.0,,,15.285714285714286,16.4,18.366666666666667,107.0,16.4,18.366666666666667,114.79999999999998,128.56666666666666,0.93205574912892,0.8322530464091263,-7.799999999999983,-21.566666666666663,28.55919442503396,33.02653002350161,75.56052609298216,87.37998510959345,-0.10322850307317308,-0.24681472123870685,normal,normal
2025-12-13,0.0,0.0,0.0,,,15.285714285714286,14.766666666666667,18.366666666666667,107.0,14.766666666666667,18.366666666666667,103.36666666666667,128.56666666666666,1.0351499516285068,0.8322530464091263,3.6333333333333258,-21.566666666666663,28.026690890985414,33.02653002350161,74.15165416962668,87.37998510959345,0.04899868214702051,-0.24681472123870685,normal,normal
2025-12-14,84.0,12.0,3.0,7.0,8.0,15.285714285714286,14.766666666666667,16.8,107.0,14.766666666666667,16.8,103.36666666666667,117.60000000000001,1.0351499516285068,0.9098639455782312,3.6333333333333258,-10.600000000000009,28.026690890985414,30.382283424183413,74.15165416962668,80.38396620266924,0.04899868214702051,-0.13186709365987995,normal,normal
2025-12-15,27.0,10.0,9.0,2.7,4.0,24.571428571428573,17.566666666666666,17.733333333333334,172.0,17.566666666666666,17.733333333333334,122.96666666666667,124.13333333333334,1.3987530496069396,1.3856068743286787,49.03333333333333,47.86666666666666,30.580231763553364,31.14114298667999,80.90768828108035,82.39171988505848,0.6060404687745775,0.5809645281521445,moderate overshoot,moderate overshoot
2025-12-16,0.0,0.0,0.0,,,28.428571428571427,18.466666666666665,17.655555555555555,199.0,18.466666666666665,17.655555555555555,129.26666666666665,123.58888888888889,1.5394533264569368,1.6101771104917737,69.73333333333335,75.41111111111111,30.442408411376586,31.108783799164595,80.54304196636333,82.30610552226463,0.8657896651389902,0.9162274248380231,large overshoot,large overshoot
2025-12-17,0.0,0.0,0.0,,,28.428571428571427,16.466666666666665,17.655555555555555,199.0,16.466666666666665,17.655555555555555,115.26666666666665,123.58888888888889,1.7264314632735687,1.6101771104917737,83.73333333333335,75.41111111111111,29.57833938745606,31.108783799164595,78.2569302134753,82.30610552226463,1.06997978460079,0.9162274248380231,large overshoot,large overshoot
2025-12-18,0.0,0.0,0.0,,,15.857142857142858,16.466666666666665,17.655555555555555,111.0,16.466666666666665,17.655555555555555,115.26666666666665,123.58888888888889,0.9629843840370157,0.8981389912793312,-4.2666666666666515,-12.588888888888889,29.57833938745606,31.108783799164595,78.2569302134753,82.30610552226463,-0.054521262909594186,-0.1529520660588596,normal,normal
2025-12-19,0.0,0.0,0.0,,,15.857142857142858,13.166666666666666,17.655555555555555,111.0,13.166666666666666,17.655555555555555,92.16666666666666,123.58888888888889,1.204339963833635,0.8981389912793312,18.833333333333343,-12.588888888888889,25.26014078827892,31.108783799164595,66.8320506082651,82.30610552226463,0.28180091979706856,-0.1529520660588596,normal,normal
2025-12-20,0.0,0.0,0.0,,,15.857142857142858,13.166666666666666,17.655555555555555,111.0,13.166666666666666,17.655555555555555,92.16666666666666,123.58888888888889,1.204339963833635,0.8981389912793312,18.833333333333343,-12.588888888888889,25.26014078827892,31.108783799164595,66.8320506082651,82.30610552226463,0.28180091979706856,-0.1529520660588596,normal,normal
2025-12-21,0.0,0.0,0.0,,,15.857142857142858,12.066666666666666,16.844444444444445,111.0,12.066666666666666,16.844444444444445,84.46666666666667,117.91111111111111,1.314127861089187,0.941387108933283,26.53333333333333,-6.911111111111111,25.084592514314227,30.597022367834626,66.36759353226789,80.95211204437106,0.3997935124833604,-0.0853728326114954,moderate overshoot,normal
2025-12-22,0.0,0.0,0.0,,,3.857142857142857,12.066666666666666,16.844444444444445,27.0,12.066666666666666,16.844444444444445,84.46666666666667,117.91111111111111,0.3196527229676401,0.2289860535243121,-57.46666666666667,-90.91111111111111,25.084592514314227,30.597022367834626,66.36759353226789,80.95211204437106,-0.8658844416096902,-1.1230233383074844,under baseline,under baseline
2025-12-23,0.0,0.0,0.0,,,0.0,10.0,16.8,0.0,10.0,16.8,70.0,117.60000000000001,0.0,0.0,-70.0,-117.60000000000001,23.32085051977117,30.618786918484297,61.70117083782591,81.00969563278717,-1.1345003514436793,-1.4516780871894004,under baseline,under baseline
2025-12-24,0.0,0.0,0.0,,,0.0,9.233333333333333,16.38888888888889,0.0,9.233333333333333,16.38888888888889,64.63333333333333,114.72222222222223,0.0,0.0,-64.63333333333333,-114.72222222222223,23.256713281194145,30.592903063499527,61.53147965477269,80.94121338952581,-1.0504108416693998,-1.4173523896920952,under baseline,under baseline
2025-12-25,0.0,0.0,0.0,,,0.0,9.233333333333333,16.38888888888889,0.0,9.233333333333333,16.38888888888889,64.63333333333333,114.72222222222223,0.0,0.0,-64.63333333333333,-114.72222222222223,23.256713281194145,30.592903063499527,61.53147965477269,80.94121338952581,-1.0504108416693998,-1.4173523896920952,under baseline,under baseline
2025-12-26,0.0,0.0,0.0,,,0.0,8.833333333333334,16.38888888888889,0.0,8.833333333333334,16.38888888888889,61.833333333333336,114.72222222222223,0.0,0.0,-61.833333333333336,-114.72222222222223,23.310621130104153,30.592903063499527,61.67410641670301,80.94121338952581,-1.0025817466337412,-1.4173523896920952,under baseline,under baseline
2025-12-27,0.0,0.0,0.0,,,0.0,8.833333333333334,15.188888888888888,0.0,8.833333333333334,15.188888888888888,61.833333333333336,106.32222222222222,0.0,0.0,-61.833333333333336,-106.32222222222222,23.310621130104153,29.037710639804118,61.67410641670301,76.82656099557596,-1.0025817466337412,-1.3839253097420925,under baseline,under baseline
2025-12-28,0.0,0.0,0.0,,,0.0,8.833333333333334,14.455555555555556,0.0,8.833333333333334,14.455555555555556,61.833333333333336,101.1888888888889,0.0,0.0,-61.833333333333336,-101.1888888888889,23.310621130104153,28.569710176610563,61.67410641670301,75.58834815650278,-1.0025817466337412,-1.3386836907638355,under baseline,under baseline
2025-12-29,0.0,0.0,0.0,,,0.0,8.833333333333334,14.455555555555556,0.0,8.833333333333334,14.455555555555556,61.833333333333336,101.1888888888889,0.0,0.0,-61.833333333333336,-101.1888888888889,23.310621130104153,28.569710176610563,61.67410641670301,75.58834815650278,-1.0025817466337412,-1.3386836907638355,under baseline,under baseline
2025-12-30,0.0,0.0,0.0,,,0.0,8.833333333333334,13.266666666666667,0.0,8.833333333333334,13.266666666666667,61.833333333333336,92.86666666666667,0.0,0.0,-61.833333333333336,-92.86666666666667,23.310621130104153,26.84989485887382,61.67410641670301,71.03814452481183,-1.0025817466337412,-1.3072788892202933,under baseline,under baseline
2025-12-31,0.0,0.0,0.0,,,0.0,8.833333333333334,13.266666666666667,0.0,8.833333333333334,13.266666666666667,61.833333333333336,92.86666666666667,0.0,0.0,-61.833333333333336,-92.86666666666667,23.310621130104153,26.84989485887382,61.67410641670301,71.03814452481183,-1.0025817466337412,-1.3072788892202933,under baseline,under baseline
2026-01-01,0.0,0.0,0.0,,,0.0,8.833333333333334,13.266666666666667,0.0,8.833333333333334,13.266666666666667,61.833333333333336,92.86666666666667,0.0,0.0,-61.833333333333336,-92.86666666666667,23.310621130104153,26.84989485887382,61.67410641670301,71.03814452481183,-1.0025817466337412,-1.3072788892202933,under baseline,under baseline
2026-01-02,0.0,0.0,0.0,,,0.0,7.266666666666667,12.366666666666667,0.0,7.266666666666667,12.366666666666667,50.86666666666667,86.56666666666666,0.0,0.0,-50.86666666666667,-86.56666666666666,22.21048732302897,25.894535452332978,58.76342595428737,68.5105011224185,-0.8656177859037071,-1.263553254587707,under baseline,under baseline
2026-01-03,0.0,0.0,0.0,,,0.0,7.266666666666667,11.944444444444445,0.0,7.266666666666667,11.944444444444445,50.86666666666667,83.61111111111111,0.0,0.0,-50.86666666666667,-83.61111111111111,22.21048732302897,25.78143270184562,58.76342595428737,68.21125937203156,-0.8656177859037071,-1.2257670050495197,under baseline,under baseline
2026-01-04,0.0,0.0,0.0,,,0.0,7.266666666666667,11.811111111111112,0.0,7.266666666666667,11.811111111111112,50.86666666666667,82.67777777777778,0.0,0.0,-50.86666666666667,-82.67777777777778,22.21048732302897,25.81215393736808,58.76342595428737,68.29254012119263,-0.8656177859037071,-1.210641420440021,under baseline,under baseline
2026-01-05,0.0,0.0,0.0,,,0.0,7.266666666666667,11.811111111111112,0.0,7.266666666666667,11.811111111111112,50.86666666666667,82.67777777777778,0.0,0.0,-50.86666666666667,-82.67777777777778,22.21048732302897,25.81215393736808,58.76342595428737,68.29254012119263,-0.8656177859037071,-1.210641420440021,under baseline,under baseline
2026-01-06,0.0,0.0,0.0,,,0.0,7.266666666666667,10.877777777777778,0.0,7.266666666666667,10.877777777777778,50.86666666666667,76.14444444444445,0.0,0.0,-50.86666666666667,-76.14444444444445,22.21048732302897,24.665778402874693,58.76342595428737,65.25951554783438,-0.8656177859037071,-1.16679450966245,under baseline,under baseline
2026-01-07,0.0,0.0,0.0,,,0.0,6.633333333333334,10.877777777777778,0.0,6.633333333333334,10.877777777777778,46.43333333333334,76.14444444444445,0.0,0.0,-46.43333333333334,-76.14444444444445,22.135138757552113,24.665778402874693,58.56407238839014,65.25951554783438,-0.7928638060787996,-1.16679450966245,under baseline,under baseline
2026-01-08,0.0,0.0,0.0,,,0.0,6.633333333333334,10.666666666666666,0.0,6.633333333333334,10.666666666666666,46.43333333333334,74.66666666666666,0.0,0.0,-46.43333333333334,-74.66666666666666,22.135138757552113,24.67678707256505,58.56407238839014,65.28864175010072,-0.7928638060787996,-1.1436394549677007,under baseline,under baseline
2026-01-09,0.0,0.0,0.0,,,0.0,6.633333333333334,10.666666666666666,0.0,6.633333333333334,10.666666666666666,46.43333333333334,74.66666666666666,0.0,0.0,-46.43333333333334,-74.66666666666666,22.135138757552113,24.67678707256505,58.56407238839014,65.28864175010072,-0.7928638060787996,-1.1436394549677007,under baseline,under baseline
2026-01-10,0.0,0.0,0.0,,,0.0,3.7,10.244444444444444,0.0,3.7,10.244444444444444,25.900000000000002,71.71111111111111,0.0,0.0,-25.900000000000002,-71.71111111111111,15.946354031456387,24.52850261836463,42.19008708542586,64.89631796098946,-0.6138882801440554,-1.1050104746191942,under baseline,under baseline
2026-01-11,12.0,3.0,2.0,4.0,4.0,0.0,3.7,10.244444444444444,0.0,3.7,10.244444444444444,25.900000000000002,71.71111111111111,0.0,0.0,-25.900000000000002,-71.71111111111111,15.946354031456387,24.52850261836463,42.19008708542586,64.89631796098946,-0.6138882801440554,-1.1050104746191942,under baseline,under baseline
2026-01-12,0.0,0.0,0.0,,,1.7142857142857142,4.1,9.622222222222222,12.0,4.1,9.622222222222222,28.699999999999996,67.35555555555555,0.41811846689895477,0.17815902342461234,-16.699999999999996,-55.355555555555554,16.000754292564714,23.744699125894822,42.334016647575474,62.822568843170465,-0.3944818215343246,-0.8811412295753859,under baseline,under baseline
2026-01-13,0.0,0.0,0.0,,,1.7142857142857142,4.1,9.622222222222222,12.0,4.1,9.622222222222222,28.699999999999996,67.35555555555555,0.41811846689895477,0.17815902342461234,-16.699999999999996,-55.355555555555554,16.000754292564714,23.744699125894822,42.334016647575474,62.822568843170465,-0.3944818215343246,-0.8811412295753859,under baseline,under baseline
2026-01-14,0.0,0.0,0.0,,,1.7142857142857142,1.3,8.755555555555556,12.0,1.3,8.755555555555556,9.1,61.28888888888889,1.3186813186813187,0.19579405366207395,2.9000000000000004,-49.28888888888889,5.324957503472368,22.61763809637671,14.088513296175249,59.84064564667311,0.20584144962884712,-0.8236690690122784,moderate overshoot,under baseline
2026-01-15,0.0,0.0,0.0,,,1.7142857142857142,0.4,8.755555555555556,12.0,0.4,8.755555555555556,2.8000000000000003,61.28888888888889,4.285714285714286,0.19579405366207395,9.2,-49.28888888888889,2.190890230019187,22.61763809637671,5.796550698471866,59.84064564667311,1.587150786488485,-0.8236690690122784,large overshoot,under baseline
2026-01-16,0.0,0.0,0.0,,,1.7142857142857142,0.4,8.755555555555556,12.0,0.4,8.755555555555556,2.8000000000000003,61.28888888888889,4.285714285714286,0.19579405366207395,9.2,-49.28888888888889,2.190890230019187,22.61763809637671,5.796550698471866,59.84064564667311,1.587150786488485,-0.8236690690122784,large overshoot,under baseline
2026-01-17,58.0,11.0,2.0,5.2727272727272725,9.0,1.7142857142857142,0.4,8.755555555555556,12.0,0.4,8.755555555555556,2.8000000000000003,61.28888888888889,4.285714285714286,0.19579405366207395,9.2,-49.28888888888889,2.190890230019187,22.61763809637671,5.796550698471866,59.84064564667311,1.587150786488485,-0.8236690690122784,large overshoot,under baseline
2026-01-18,0.0,0.0,0.0,,,10.0,2.3333333333333335,8.28888888888889,70.0,2.3333333333333335,8.28888888888889,16.333333333333336,58.022222222222226,4.285714285714285,1.2064343163538873,53.666666666666664,11.977777777777774,10.739335795724378,21.095952242047428,28.41361176150066,55.81464330255297,1.8887660997530384,0.2145991995837033,large overshoot,normal
2026-01-19,0.0,0.0,0.0,,,8.285714285714286,2.3333333333333335,8.28888888888889,58.0,2.3333333333333335,8.28888888888889,16.333333333333336,58.022222222222226,3.551020408163265,0.9996170049789352,41.666666666666664,-0.022222222222225696,10.739335795724378,21.095952242047428,28.41361176150066,55.81464330255297,1.4664333072616758,-0.0003981432274280833,large overshoot,normal
2026-01-20,0.0,0.0,0.0,,,8.285714285714286,2.3333333333333335,7.8,58.0,2.3333333333333335,7.8,16.333333333333336,54.6,3.551020408163265,1.0622710622710623,41.666666666666664,3.3999999999999986,10.739335795724378,20.766329705516007,28.41361176150066,54.94254404436853,1.4664333072616758,0.06188282794576,large overshoot,normal
2026-01-21,0.0,0.0,0.0,,,8.285714285714286,2.3333333333333335,7.8,58.0,2.3333333333333335,7.8,16.333333333333336,54.6,3.551020408163265,1.0622710622710623,41.666666666666664,3.3999999999999986,10.739335795724378,20.766329705516007,28.41361176150066,54.94254404436853,1.4664333072616758,0.06188282794576,large overshoot,normal
2026-01-22,0.0,0.0,0.0,,,8.285714285714286,2.3333333333333335,7.8,58.0,2.3333333333333335,7.8,16.333333333333336,54.6,3.551020408163265,1.0622710622710623,41.666666666666664,3.3999999999999986,10.739335795724378,20.766329705516007,28.41361176150066,54.94254404436853,1.4664333072616758,0.06188282794576,large overshoot,normal
2026-01-23,0.0,0.0,0.0,,,8.285714285714286,2.3333333333333335,7.8,58.0,2.3333333333333335,7.8,16.333333333333336,54.6,3.551020408163265,1.0622710622710623,41.666666666666664,3.3999999999999986,10.739335795724378,20.766329705516007,28.41361176150066,54.94254404436853,1.4664333072616758,0.06188282794576,large overshoot,normal
2026-01-24,0.0,0.0,0.0,,,8.285714285714286,2.3333333333333335,7.8,58.0,2.3333333333333335,7.8,16.333333333333336,54.6,3.551020408163265,1.0622710622710623,41.666666666666664,3.3999999999999986,10.739335795724378,20.766329705516007,28.41361176150066,54.94254404436853,1.4664333072616758,0.06188282794576,large overshoot,normal
2026-01-25,0.0,0.0,0.0,,,0.0,2.3333333333333335,7.8,0.0,2.3333333333333335,7.8,16.333333333333336,54.6,0.0,0.0,-16.333333333333336,-54.6,10.739335795724378,20.766329705516007,28.41361176150066,54.94254404436853,-0.574841856446577,-0.993765413481911,under baseline,under baseline
2026-01-26,0.0,0.0,0.0,,,0.0,2.3333333333333335,7.8,0.0,2.3333333333333335,7.8,16.333333333333336,54.6,0.0,0.0,-16.333333333333336,-54.6,10.739335795724378,20.766329705516007,28.41361176150066,54.94254404436853,-0.574841856446577,-0.993765413481911,under baseline,under baseline
2026-01-27,0.0,0.0,0.0,,,0.0,2.3333333333333335,7.8,0.0,2.3333333333333335,7.8,16.333333333333336,54.6,0.0,0.0,-16.333333333333336,-54.6,10.739335795724378,20.766329705516007,28.41361176150066,54.94254404436853,-0.574841856446577,-0.993765413481911,under baseline,under baseline
2026-01-28,0.0,0.0,0.0,,,0.0,2.3333333333333335,7.8,0.0,2.3333333333333335,7.8,16.333333333333336,54.6,0.0,0.0,-16.333333333333336,-54.6,10.739335795724378,20.766329705516007,28.41361176150066,54.94254404436853,-0.574841856446577,-0.993765413481911,under baseline,under baseline
2026-01-29,0.0,0.0,0.0,,,0.0,2.3333333333333335,7.8,0.0,2.3333333333333335,7.8,16.333333333333336,54.6,0.0,0.0,-16.333333333333336,-54.6,10.739335795724378,20.766329705516007,28.41361176150066,54.94254404436853,-0.574841856446577,-0.993765413481911,under baseline,under baseline
2026-01-30,0.0,0.0,0.0,,,0.0,2.3333333333333335,7.477777777777778,0.0,2.3333333333333335,7.477777777777778,16.333333333333336,52.34444444444445,0.0,0.0,-16.333333333333336,-52.34444444444445,10.739335795724378,20.658392085192943,28.41361176150066,54.6569679438856,-0.574841856446577,-0.9576902344488751,under baseline,under baseline
2026-01-31,0.0,0.0,0.0,,,0.0,2.3333333333333335,7.477777777777778,0.0,2.3333333333333335,7.477777777777778,16.333333333333336,52.34444444444445,0.0,0.0,-16.333333333333336,-52.34444444444445,10.739335795724378,20.658392085192943,28.41361176150066,54.6569679438856,-0.574841856446577,-0.9576902344488751,under baseline,under baseline
2026-02-01,0.0,0.0,0.0,,,0.0,2.3333333333333335,7.477777777777778,0.0,2.3333333333333335,7.477777777777778,16.333333333333336,52.34444444444445,0.0,0.0,-16.333333333333336,-52.34444444444445,10.739335795724378,20.658392085192943,28.41361176150066,54.6569679438856,-0.574841856446577,-0.9576902344488751,under baseline,under baseline
2026-02-02,0.0,0.0,0.0,,,0.0,2.3333333333333335,7.477777777777778,0.0,2.3333333333333335,7.477777777777778,16.333333333333336,52.34444444444445,0.0,0.0,-16.333333333333336,-52.34444444444445,10.739335795724378,20.658392085192943,28.41361176150066,54.6569679438856,-0.574841856446577,-0.9576902344488751,under baseline,under baseline
2026-02-03,0.0,0.0,0.0,,,0.0,2.3333333333333335,7.477777777777778,0.0,2.3333333333333335,7.477777777777778,16.333333333333336,52.34444444444445,0.0,0.0,-16.333333333333336,-52.34444444444445,10.739335795724378,20.658392085192943,28.41361176150066,54.6569679438856,-0.574841856446577,-0.9576902344488751,under baseline,under baseline
2026-02-04,61.0,17.0,13.0,3.588235294117647,6.0,0.0,2.3333333333333335,7.477777777777778,0.0,2.3333333333333335,7.477777777777778,16.333333333333336,52.34444444444445,0.0,0.0,-16.333333333333336,-52.34444444444445,10.739335795724378,20.658392085192943,28.41361176150066,54.6569679438856,-0.574841856446577,-0.9576902344488751,under baseline,under baseline
2026-02-05,0.0,0.0,0.0,,,8.714285714285714,4.366666666666666,8.155555555555555,61.0,4.366666666666666,8.155555555555555,30.566666666666663,57.08888888888889,1.9956379498364234,1.0685091475282211,30.433333333333337,3.9111111111111114,15.15092652984092,21.397737521434344,40.0855837301699,56.613092101150905,0.7592089350174057,0.06908492304435711,large overshoot,normal
2026-02-06,0.0,0.0,0.0,,,8.714285714285714,4.366666666666666,8.155555555555555,61.0,4.366666666666666,8.155555555555555,30.566666666666663,57.08888888888889,1.9956379498364234,1.0685091475282211,30.433333333333337,3.9111111111111114,15.15092652984092,21.397737521434344,40.0855837301699,56.613092101150905,0.7592089350174057,0.06908492304435711,large overshoot,normal
2026-02-07,0.0,0.0,0.0,,,8.714285714285714,4.366666666666666,8.155555555555555,61.0,4.366666666666666,8.155555555555555,30.566666666666663,57.08888888888889,1.9956379498364234,1.0685091475282211,30.433333333333337,3.9111111111111114,15.15092652984092,21.397737521434344,40.0855837301699,56.613092101150905,0.7592089350174057,0.06908492304435711,large overshoot,normal
2026-02-08,4.0,1.0,1.0,4.0,4.0,8.714285714285714,4.366666666666666,8.155555555555555,61.0,4.366666666666666,8.155555555555555,30.566666666666663,57.08888888888889,1.9956379498364234,1.0685091475282211,30.433333333333337,3.9111111111111114,15.15092652984092,21.397737521434344,40.0855837301699,56.613092101150905,0.7592089350174057,0.06908492304435711,large overshoot,normal
2026-02-09,0.0,0.0,0.0,,,9.285714285714286,4.5,8.2,65.0,4.5,8.2,31.5,57.39999999999999,2.0634920634920637,1.1324041811846692,33.5,7.6000000000000085,15.128757726423583,21.384757776709414,40.02693058946375,56.57875092452763,0.8369365201542126,0.1343260477796322,large overshoot,normal
2026-02-10,0.0,0.0,0.0,,,9.285714285714286,4.5,8.2,65.0,4.5,8.2,31.5,57.39999999999999,2.0634920634920637,1.1324041811846692,33.5,7.6000000000000085,15.128757726423583,21.384757776709414,40.02693058946375,56.57875092452763,0.8369365201542126,0.1343260477796322,large overshoot,normal
2026-02-11,26.0,7.0,5.0,3.7142857142857144,5.0,9.285714285714286,4.1,7.655555555555556,65.0,4.1,7.655555555555556,28.699999999999996,53.58888888888889,2.2648083623693385,1.2129380053908356,36.300000000000004,11.411111111111111,15.082188627420662,20.953753846260632,39.903720334721676,55.43842171046878,0.9096896152916863,0.20583398226425845,large overshoot,normal
2026-02-12,0.0,0.0,0.0,,,4.285714285714286,4.966666666666667,7.944444444444445,30.0,4.966666666666667,7.944444444444445,34.766666666666666,55.611111111111114,0.862895493767977,0.5394605394605394,-4.766666666666666,-25.611111111111114,15.577356097505747,21.02612666414985,41.21381031789583,55.62990218828461,-0.11565702442700106,-0.46038389613607283,normal,under baseline
2026-02-13,0.0,0.0,0.0,,,4.285714285714286,4.966666666666667,7.944444444444445,30.0,4.966666666666667,7.944444444444445,34.766666666666666,55.611111111111114,0.862895493767977,0.5394605394605394,-4.766666666666666,-25.611111111111114,15.577356097505747,21.02612666414985,41.21381031789583,55.62990218828461,-0.11565702442700106,-0.46038389613607283,normal,under baseline
2026-02-14,63.0,13.0,4.0,4.846153846153846,7.0,4.285714285714286,4.966666666666667,7.944444444444445,30.0,4.966666666666667,7.944444444444445,34.766666666666666,55.611111111111114,0.862895493767977,0.5394605394605394,-4.766666666666666,-25.611111111111114,15.577356097505747,21.02612666414985,41.21381031789583,55.62990218828461,-0.11565702442700106,-0.46038389613607283,normal,under baseline
2026-02-15,0.0,0.0,0.0,,,13.285714285714286,7.066666666666666,7.977777777777778,93.0,7.066666666666666,7.977777777777778,49.46666666666667,55.84444444444445,1.880053908355795,1.6653402307998406,43.53333333333333,37.15555555555555,18.79826355394753,21.111782629440686,49.735530443594385,55.856526570753346,0.8752964519541008,0.665196313424371,large overshoot,large overshoot
2026-02-16,0.0,0.0,0.0,,,12.714285714285714,7.066666666666666,7.977777777777778,89.0,7.066666666666666,7.977777777777778,49.46666666666667,55.84444444444445,1.7991913746630728,1.5937126939912454,39.53333333333333,33.15555555555555,18.79826355394753,21.111782629440686,49.735530443594385,55.856526570753346,0.7948710505494361,0.593584270113135,large overshoot,large overshoot
2026-02-17,0.0,0.0,0.0,,,12.714285714285714,5.133333333333334,6.877777777777778,89.0,5.133333333333334,6.877777777777778,35.93333333333334,48.144444444444446,2.4768089053803335,1.8486037387491345,53.06666666666666,40.855555555555554,16.17945340991691,18.764554068462672,42.806810071596125,49.64634352817752,1.2396781394808563,0.8229318143513908,large overshoot,large overshoot
2026-02-18,0.0,0.0,0.0,,,12.714285714285714,5.133333333333334,6.877777777777778,89.0,5.133333333333334,6.877777777777778,35.93333333333334,48.144444444444446,2.4768089053803335,1.8486037387491345,53.06666666666666,40.855555555555554,16.17945340991691,18.764554068462672,42.806810071596125,49.64634352817752,1.2396781394808563,0.8229318143513908,large overshoot,large overshoot
2026-02-19,0.0,0.0,0.0,,,9.0,5.133333333333334,6.511111111111111,63.0,5.133333333333334,6.511111111111111,35.93333333333334,45.577777777777776,1.753246753246753,1.3822525597269626,27.066666666666663,17.422222222222224,16.17945340991691,18.569786046363987,42.806810071596125,49.13103577835646,0.6322981465191302,0.35460726496422,large overshoot,moderate overshoot
2026-02-20,0.0,0.0,0.0,,,9.0,5.133333333333334,6.511111111111111,63.0,5.133333333333334,6.511111111111111,35.93333333333334,45.577777777777776,1.753246753246753,1.3822525597269626,27.066666666666663,17.422222222222224,16.17945340991691,18.569786046363987,42.806810071596125,49.13103577835646,0.6322981465191302,0.35460726496422,large overshoot,moderate overshoot
2026-02-21,21.0,6.0,4.0,3.5,4.0,9.0,5.133333333333334,5.822222222222222,63.0,5.133333333333334,5.822222222222222,35.93333333333334,40.75555555555555,1.753246753246753,1.5458015267175573,27.066666666666663,22.244444444444447,16.17945340991691,17.61356587609122,42.806810071596125,46.60111500919088,0.6322981465191302,0.47733717186932756,large overshoot,large overshoot
2026-02-22,0.0,0.0,0.0,,,3.0,5.833333333333333,5.8,21.0,5.833333333333333,5.8,40.83333333333333,40.6,0.5142857142857143,0.5172413793103449,-19.83333333333333,-19.6,16.402445850697124,17.592899486996018,43.39679261414787,46.54643688314728,-0.4570230226384847,-0.4210848630412874,under baseline,under baseline
2026-02-23,0.0,0.0,0.0,,,3.0,5.833333333333333,5.8,21.0,5.833333333333333,5.8,40.83333333333333,40.6,0.5142857142857143,0.5172413793103449,-19.83333333333333,-19.6,16.402445850697124,17.592899486996018,43.39679261414787,46.54643688314728,-0.4570230226384847,-0.4210848630412874,under baseline,under baseline
2026-02-24,20.0,4.0,0.0,5.0,5.0,3.0,5.833333333333333,5.666666666666667,21.0,5.833333333333333,5.666666666666667,40.83333333333333,39.66666666666667,0.5142857142857143,0.5294117647058822,-19.83333333333333,-18.66666666666667,16.402445850697124,17.590855642838562,43.39679261414787,46.54102937978808,-0.4570230226384847,-0.40107979809258937,under baseline,under baseline
2026-02-25,0.0,0.0,0.0,,,5.857142857142857,6.5,5.888888888888889,41.0,6.5,5.888888888888889,45.5,41.22222222222223,0.9010989010989011,0.994609164420485,-4.5,-0.22222222222222854,16.562837504693764,17.644711111611574,43.8211490429933,46.683517556902274,-0.10269014159316114,-0.004760185903972706,normal,normal
2026-02-26,0.0,0.0,0.0,,,5.857142857142857,6.5,5.888888888888889,41.0,6.5,5.888888888888889,45.5,41.22222222222223,0.9010989010989011,0.994609164420485,-4.5,-0.22222222222222854,16.562837504693764,17.644711111611574,43.8211490429933,46.683517556902274,-0.10269014159316114,-0.004760185903972706,normal,normal
2026-02-27,0.0,0.0,0.0,,,5.857142857142857,6.5,5.888888888888889,41.0,6.5,5.888888888888889,45.5,41.22222222222223,0.9010989010989011,0.994609164420485,-4.5,-0.22222222222222854,16.562837504693764,17.644711111611574,43.8211490429933,46.683517556902274,-0.10269014159316114,-0.004760185903972706,normal,normal
2026-02-28,53.0,12.0,7.0,4.416666666666667,7.0,5.857142857142857,6.5,5.888888888888889,41.0,6.5,5.888888888888889,45.5,41.22222222222223,0.9010989010989011,0.994609164420485,-4.5,-0.22222222222222854,16.562837504693764,17.644711111611574,43.8211490429933,46.683517556902274,-0.10269014159316114,-0.004760185903972706,normal,normal
2026-03-01,0.0,0.0,0.0,,,10.428571428571429,8.266666666666667,6.477777777777778,73.0,8.266666666666667,6.477777777777778,57.866666666666674,45.34444444444445,1.2615207373271888,1.6098995344278362,15.133333333333326,27.65555555555555,18.552689800957936,18.31756557213274,49.08580336465912,48.46372312798181,0.30830367022634997,0.5706444691119467,normal,large overshoot
2026-03-02,44.0,8.0,1.0,5.5,10.0,10.428571428571429,8.266666666666667,6.477777777777778,73.0,8.266666666666667,6.477777777777778,57.866666666666674,45.34444444444445,1.2615207373271888,1.6098995344278362,15.133333333333326,27.65555555555555,18.552689800957936,18.31756557213274,49.08580336465912,48.46372312798181,0.30830367022634997,0.5706444691119467,normal,large overshoot
2026-03-03,0.0,0.0,0.0,,,16.714285714285715,9.733333333333333,6.444444444444445,117.0,9.733333333333333,6.444444444444445,68.13333333333333,45.111111111111114,1.7172211350293545,2.5935960591133003,48.866666666666674,71.88888888888889,19.587000145827275,18.245585035382945,51.822331315644846,48.273280528504905,0.942965424867216,1.489206619103485,large overshoot,large overshoot
2026-03-04,79.0,16.0,10.0,4.9375,8.0,13.857142857142858,9.733333333333333,6.444444444444445,97.0,9.733333333333333,6.444444444444445,68.13333333333333,45.111111111111114,1.4236790606653622,2.150246305418719,28.866666666666674,51.888888888888886,19.587000145827275,18.245585035382945,51.822331315644846,48.273280528504905,0.5570314174181509,1.0748987498011244,moderate overshoot,large overshoot
2026-03-05,0.0,0.0,0.0,,,25.142857142857142,12.366666666666667,7.322222222222222,176.0,12.366666666666667,7.322222222222222,86.56666666666666,51.25555555555555,2.033115132845591,3.4337741166269242,89.43333333333334,124.74444444444444,23.20892119398271,19.76879153114176,61.405033677374526,52.30330611168088,1.4564495445637415,2.3850202543235657,large overshoot,large overshoot
2026-03-06,0.0,0.0,0.0,,,25.142857142857142,12.366666666666667,7.322222222222222,176.0,12.366666666666667,7.322222222222222,86.56666666666666,51.25555555555555,2.033115132845591,3.4337741166269242,89.43333333333334,124.74444444444444,23.20892119398271,19.76879153114176,61.405033677374526,52.30330611168088,1.4564495445637415,2.3850202543235657,large overshoot,large overshoot
2026-03-07,0.0,0.0,0.0,,,25.142857142857142,10.333333333333334,7.322222222222222,176.0,10.333333333333334,7.322222222222222,72.33333333333334,51.25555555555555,2.433179723502304,3.4337741166269242,103.66666666666666,124.74444444444444,21.403082815869833,19.76879153114176,56.62723442091163,52.30330611168088,1.8306856714228665,2.3850202543235657,large overshoot,large overshoot
2026-03-08,0.0,0.0,0.0,,,17.571428571428573,10.333333333333334,7.111111111111111,123.0,10.333333333333334,7.111111111111111,72.33333333333334,49.77777777777777,1.7004608294930874,2.4709821428571432,50.66666666666666,73.22222222222223,21.403082815869833,19.744118421309697,56.62723442091163,52.238027198994665,0.8947402638465456,1.401703436144147,large overshoot,large overshoot
2026-03-09,56.0,12.0,3.0,4.666666666666667,5.0,17.571428571428573,10.333333333333334,7.111111111111111,123.0,10.333333333333334,7.111111111111111,72.33333333333334,49.77777777777777,1.7004608294930874,2.4709821428571432,50.66666666666666,73.22222222222223,21.403082815869833,19.744118421309697,56.62723442091163,52.238027198994665,0.8947402638465456,1.401703436144147,large overshoot,large overshoot
2026-03-10,0.0,0.0,0.0,,,19.285714285714285,12.2,7.733333333333333,135.0,12.2,7.733333333333333,85.39999999999999,54.13333333333333,1.5807962529274007,2.4938423645320196,49.60000000000001,80.86666666666667,22.86301033064772,20.389356112850244,60.48983955719449,53.94516566733636,0.8199724178984158,1.4990530785528982,large overshoot,large overshoot
2026-03-11,0.0,0.0,0.0,,,19.285714285714285,12.066666666666666,6.7555555555555555,135.0,12.066666666666666,6.7555555555555555,84.46666666666667,47.28888888888889,1.5982636148382003,2.854793233082707,50.53333333333333,87.71111111111111,22.92406254742285,18.52135791798449,60.65136853977069,49.002906994204,0.8331771326841093,1.7899164864134585,large overshoot,large overshoot
2026-03-12,0.0,0.0,0.0,,,8.0,12.066666666666666,6.7555555555555555,56.0,12.066666666666666,6.7555555555555555,84.46666666666667,47.28888888888889,0.6629834254143646,1.1842105263157894,-28.46666666666667,8.711111111111109,22.92406254742285,18.52135791798449,60.65136853977069,49.002906994204,-0.4693491235568795,0.17776723148570447,under baseline,normal
2026-03-13,48.0,8.0,2.0,6.0,8.0,8.0,12.066666666666666,6.7555555555555555,56.0,12.066666666666666,6.7555555555555555,84.46666666666667,47.28888888888889,0.6629834254143646,1.1842105263157894,-28.46666666666667,8.711111111111109,22.92406254742285,18.52135791798449,60.65136853977069,49.002906994204,-0.4693491235568795,0.17776723148570447,under baseline,normal
2026-03-14,0.0,0.0,0.0,,,14.857142857142858,12.8,7.288888888888889,104.0,12.8,7.288888888888889,89.60000000000001,51.02222222222222,1.1607142857142856,2.0383275261324045,14.399999999999991,52.97777777777778,23.72311545511141,19.00930844981792,62.765463817897675,50.29390275353696,0.2294255331527369,1.0533638249827824,normal,large overshoot
2026-03-15,0.0,0.0,0.0,,,14.857142857142858,12.8,6.355555555555555,104.0,12.8,6.355555555555555,89.60000000000001,44.48888888888889,1.1607142857142856,2.3376623376623376,14.399999999999991,59.51111111111111,23.72311545511141,17.17413204460817,62.765463817897675,45.438482373418466,0.2294255331527369,1.309707278998498,normal,large overshoot
2026-03-16,18.0,4.0,2.0,4.5,5.0,14.857142857142858,12.8,6.055555555555555,104.0,12.8,6.055555555555555,89.60000000000001,42.388888888888886,1.1607142857142856,2.453473132372215,14.399999999999991,61.611111111111114,23.72311545511141,17.044793011034425,62.765463817897675,45.096283455768905,0.2294255331527369,1.3662126097717164,normal,large overshoot
2026-03-17,0.0,0.0,0.0,,,9.428571428571429,11.3,6.2555555555555555,66.0,11.3,6.2555555555555555,79.10000000000001,43.78888888888889,0.8343868520859671,1.5072316670895711,-13.100000000000009,22.21111111111111,21.782862609130827,17.078510783635696,57.632037306847735,45.185492296834894,-0.22730412826206806,0.49155403608752823,normal,large overshoot
2026-03-18,0.0,0.0,0.0,,,9.428571428571429,11.3,6.2555555555555555,66.0,11.3,6.2555555555555555,79.10000000000001,43.78888888888889,0.8343868520859671,1.5072316670895711,-13.100000000000009,22.21111111111111,21.782862609130827,17.078510783635696,57.632037306847735,45.185492296834894,-0.22730412826206806,0.49155403608752823,normal,large overshoot
2026-03-19,0.0,0.0,0.0,,,9.428571428571429,11.3,6.2555555555555555,66.0,11.3,6.2555555555555555,79.10000000000001,43.78888888888889,0.8343868520859671,1.5072316670895711,-13.100000000000009,22.21111111111111,21.782862609130827,17.078510783635696,57.632037306847735,45.185492296834894,-0.22730412826206806,0.49155403608752823,normal,large overshoot
2026-03-20,0.0,0.0,0.0,,,9.428571428571429,11.3,6.2555555555555555,66.0,11.3,6.2555555555555555,79.10000000000001,43.78888888888889,0.8343868520859671,1.5072316670895711,-13.100000000000009,22.21111111111111,21.782862609130827,17.078510783635696,57.632037306847735,45.185492296834894,-0.22730412826206806,0.49155403608752823,normal,large overshoot
2026-03-21,45.0,9.0,0.0,5.0,5.0,2.5714285714285716,11.3,6.2555555555555555,18.0,11.3,6.2555555555555555,79.10000000000001,43.78888888888889,0.2275600505689001,0.4110631819335194,-61.10000000000001,-25.78888888888889,21.782862609130827,17.078510783635696,57.632037306847735,45.185492296834894,-1.0601742165505612,-0.5707338257924729,under baseline,under baseline
2026-03-22,0.0,0.0,0.0,,,9.0,12.8,6.7555555555555555,63.0,12.8,6.7555555555555555,89.60000000000001,47.28888888888889,0.7031249999999999,1.332236842105263,-26.60000000000001,15.711111111111109,22.514975858992802,17.545645838501688,59.569026897517816,46.42141548069082,-0.44654078445435214,0.33844532633103813,under baseline,moderate overshoot
2026-03-23,92.0,22.0,17.0,4.181818181818182,8.0,9.0,12.8,6.7555555555555555,63.0,12.8,6.7555555555555555,89.60000000000001,47.28888888888889,0.7031249999999999,1.332236842105263,-26.60000000000001,15.711111111111109,22.514975858992802,17.545645838501688,59.569026897517816,46.42141548069082,-0.44654078445435214,0.33844532633103813,under baseline,moderate overshoot
2026-03-24,0.0,0.0,0.0,,,19.571428571428573,15.166666666666666,7.777777777777778,137.0,15.166666666666666,7.777777777777778,106.16666666666666,54.44444444444444,1.2904238618524333,2.516326530612245,30.833333333333343,82.55555555555556,26.74152567454395,19.69587750042771,70.75142661329207,52.110393719324186,0.4357980440713924,1.5842435580167444,normal,large overshoot
2026-03-25,0.0,0.0,0.0,,,19.571428571428573,15.166666666666666,7.777777777777778,137.0,15.166666666666666,7.777777777777778,106.16666666666666,54.44444444444444,1.2904238618524333,2.516326530612245,30.833333333333343,82.55555555555556,26.74152567454395,19.69587750042771,70.75142661329207,52.110393719324186,0.4357980440713924,1.5842435580167444,normal,large overshoot
2026-03-26,0.0,0.0,0.0,,,19.571428571428573,15.166666666666666,7.777777777777778,137.0,15.166666666666666,7.777777777777778,106.16666666666666,54.44444444444444,1.2904238618524333,2.516326530612245,30.833333333333343,82.55555555555556,26.74152567454395,19.69587750042771,70.75142661329207,52.110393719324186,0.4357980440713924,1.5842435580167444,normal,large overshoot
2026-03-27,99.0,17.0,2.0,5.823529411764706,7.0,19.571428571428573,14.5,7.777777777777778,137.0,14.5,7.777777777777778,101.5,54.44444444444444,1.3497536945812807,2.516326530612245,35.5,82.55555555555556,26.86588658631909,19.69587750042771,71.08045465866633,52.110393719324186,0.49943405920057293,1.5842435580167444,moderate overshoot,large overshoot
2026-03-28,0.0,0.0,0.0,,,33.714285714285715,17.8,8.877777777777778,236.0,17.8,8.877777777777778,124.60000000000001,62.144444444444446,1.8940609951845906,3.7976041480421956,111.39999999999999,173.85555555555555,30.81356620173913,21.89804145866332,81.52503317682687,57.936771899005244,1.366451452505081,3.0007808487952814,large overshoot,large overshoot
2026-03-29,0.0,0.0,0.0,,,27.285714285714285,17.8,8.877777777777778,191.0,17.8,8.877777777777778,124.60000000000001,62.144444444444446,1.5329052969502406,3.0734847130341496,66.39999999999999,128.85555555555555,30.81356620173913,21.89804145866332,81.52503317682687,57.936771899005244,0.8144737562507843,2.2240720587639085,large overshoot,large overshoot
2026-03-30,42.0,11.0,5.0,3.8181818181818183,7.0,27.285714285714285,17.8,8.877777777777778,191.0,17.8,8.877777777777778,124.60000000000001,62.144444444444446,1.5329052969502406,3.0734847130341496,66.39999999999999,128.85555555555555,30.81356620173913,21.89804145866332,81.52503317682687,57.936771899005244,0.8144737562507843,2.2240720587639085,large overshoot,large overshoot
2026-03-31,0.0,0.0,0.0,,,20.142857142857142,17.433333333333334,9.344444444444445,141.0,17.433333333333334,9.344444444444445,122.03333333333333,65.41111111111111,1.155422015842666,2.1555970783081366,18.96666666666667,75.58888888888889,30.4434844774121,22.152769432017056,80.54588896948758,58.61071876847071,0.23547653281040362,1.2896768795395064,normal,large overshoot
2026-04-01,0.0,0.0,0.0,,,20.142857142857142,17.433333333333334,9.344444444444445,141.0,17.433333333333334,9.344444444444445,122.03333333333333,65.41111111111111,1.155422015842666,2.1555970783081366,18.96666666666667,75.58888888888889,30.4434844774121,22.152769432017056,80.54588896948758,58.61071876847071,0.23547653281040362,1.2896768795395064,normal,large overshoot
2026-04-02,0.0,0.0,0.0,,,20.142857142857142,15.966666666666667,9.344444444444445,141.0,15.966666666666667,9.344444444444445,111.76666666666667,65.41111111111111,1.261556814792723,2.1555970783081366,29.233333333333334,75.58888888888889,30.178187296551485,22.152769432017056,79.84397860540386,58.61071876847071,0.36613071948489817,1.2896768795395064,normal,large overshoot
2026-04-03,46.0,16.0,12.0,2.875,4.0,20.142857142857142,15.966666666666667,9.344444444444445,141.0,15.966666666666667,9.344444444444445,111.76666666666667,65.41111111111111,1.261556814792723,2.1555970783081366,29.233333333333334,75.58888888888889,30.178187296551485,22.152769432017056,79.84397860540386,58.61071876847071,0.36613071948489817,1.2896768795395064,normal,large overshoot
2026-04-04,0.0,0.0,0.0,,,12.571428571428571,14.866666666666667,9.855555555555556,88.0,14.866666666666667,9.855555555555556,104.06666666666666,68.9888888888889,0.8456117873158232,1.2755677242712191,-16.066666666666663,19.011111111111106,28.347271757471624,22.46323393684373,74.99983141743479,59.432130639154906,-0.21422270374506114,0.31987934651944416,normal,normal
2026-04-05,121.0,13.0,0.0,9.307692307692308,10.0,12.571428571428571,14.866666666666667,9.855555555555556,88.0,14.866666666666667,9.855555555555556,104.06666666666666,68.9888888888889,0.8456117873158232,1.2755677242712191,-16.066666666666663,19.011111111111106,28.347271757471624,22.46323393684373,74.99983141743479,59.432130639154906,-0.21422270374506114,0.31987934651944416,normal,normal
2026-04-06,0.0,0.0,0.0,,,29.857142857142858,18.9,11.2,209.0,18.9,11.2,132.29999999999998,78.39999999999999,1.579743008314437,2.6658163265306127,76.70000000000002,130.60000000000002,34.16930463603758,25.30763530032738,90.40348253896182,66.95770927578569,0.8484186432413605,1.9504848868422933,large overshoot,large overshoot
2026-04-07,0.0,0.0,0.0,,,23.857142857142858,18.9,11.2,167.0,18.9,11.2,132.29999999999998,78.39999999999999,1.2622826908541196,2.1301020408163267,34.70000000000002,88.60000000000001,34.16930463603758,25.30763530032738,90.40348253896182,66.95770927578569,0.3838347708015022,1.323223284641862,normal,large overshoot
2026-04-08,0.0,0.0,0.0,,,23.857142857142858,18.9,11.2,167.0,18.9,11.2,132.29999999999998,78.39999999999999,1.2622826908541196,2.1301020408163267,34.70000000000002,88.60000000000001,34.16930463603758,25.30763530032738,90.40348253896182,66.95770927578569,0.3838347708015022,1.323223284641862,normal,large overshoot
2026-04-09,31.0,8.0,3.0,3.875,7.0,23.857142857142858,17.033333333333335,11.2,167.0,17.033333333333335,11.2,119.23333333333335,78.39999999999999,1.4006150405367626,2.1301020408163267,47.76666666666665,88.60000000000001,33.5974992227544,25.30763530032738,88.89062761709403,66.95770927578569,0.5373644887785777,1.323223284641862,moderate overshoot,large overshoot
2026-04-10,0.0,0.0,0.0,,,28.285714285714285,18.066666666666666,11.544444444444444,198.0,18.066666666666666,11.544444444444444,126.46666666666667,80.8111111111111,1.5656299420137059,2.4501581190705353,71.53333333333333,117.1888888888889,33.53221131095134,25.36438319930416,88.71789203884441,67.10785010390366,0.8063010931550655,1.7462769066129273,large overshoot,large overshoot
2026-04-11,0.0,0.0,0.0,,,21.714285714285715,18.066666666666666,11.544444444444444,152.0,18.066666666666666,11.544444444444444,126.46666666666667,80.8111111111111,1.201897733263047,1.8809294651450572,25.53333333333333,71.1888888888889,33.53221131095134,25.36438319930416,88.71789203884441,67.10785010390366,0.28780365207678477,1.0608131355521975,normal,large overshoot
2026-04-12,135.0,16.0,1.0,8.4375,10.0,21.714285714285715,18.066666666666666,11.411111111111111,152.0,18.066666666666666,11.411111111111111,126.46666666666667,79.87777777777778,1.201897733263047,1.9029072193629155,25.53333333333333,72.12222222222222,33.53221131095134,25.393485161340017,88.71789203884441,67.18484665811458,0.28780365207678477,1.0734894222388063,normal,large overshoot
2026-04-13,0.0,0.0,0.0,,,23.714285714285715,20.966666666666665,12.911111111111111,166.0,20.966666666666665,12.911111111111111,146.76666666666665,90.37777777777778,1.1310470133999546,1.836734693877551,19.23333333333335,75.62222222222222,39.45008485925339,28.50808852082345,104.375113737979,75.42531257991405,0.1842712562844845,1.0026106572922657,normal,large overshoot
2026-04-14,0.0,0.0,0.0,,,23.714285714285715,20.966666666666665,12.911111111111111,166.0,20.966666666666665,12.911111111111111,146.76666666666665,90.37777777777778,1.1310470133999546,1.836734693877551,19.23333333333335,75.62222222222222,39.45008485925339,28.50808852082345,104.375113737979,75.42531257991405,0.1842712562844845,1.0026106572922657,normal,large overshoot
2026-04-15,0.0,0.0,0.0,,,23.714285714285715,20.966666666666665,12.911111111111111,166.0,20.966666666666665,12.911111111111111,146.76666666666665,90.37777777777778,1.1310470133999546,1.836734693877551,19.23333333333335,75.62222222222222,39.45008485925339,28.50808852082345,104.375113737979,75.42531257991405,0.1842712562844845,1.0026106572922657,normal,large overshoot
2026-04-16,0.0,0.0,0.0,,,23.714285714285715,20.366666666666667,12.911111111111111,166.0,20.366666666666667,12.911111111111111,142.56666666666666,90.37777777777778,1.1643675473462707,1.836734693877551,23.433333333333337,75.62222222222222,39.63321781060658,28.50808852082345,104.85963798412085,75.42531257991405,0.22347333811014972,1.0026106572922657,normal,large overshoot
2026-04-17,0.0,0.0,0.0,,,19.285714285714285,20.366666666666667,12.911111111111111,135.0,20.366666666666667,12.911111111111111,142.56666666666666,90.37777777777778,0.9469254150105214,1.4937300221293337,-7.566666666666663,44.62222222222222,39.63321781060658,28.50808852082345,104.85963798412085,75.42531257991405,-0.0721599541266059,0.5916080516728973,normal,moderate overshoot
2026-04-18,21.0,5.0,1.0,4.2,5.0,19.285714285714285,20.366666666666667,12.266666666666667,135.0,20.366666666666667,12.266666666666667,142.56666666666666,85.86666666666667,0.9469254150105214,1.5722049689440993,-7.566666666666663,49.133333333333326,39.63321781060658,28.130434556092467,104.85963798412085,74.42613410759832,-0.0721599541266059,0.6601623733714419,normal,large overshoot
2026-04-19,0.0,0.0,0.0,,,22.285714285714285,21.066666666666666,12.5,156.0,21.066666666666666,12.5,147.46666666666667,87.5,1.057866184448463,1.782857142857143,8.533333333333331,68.5,39.44610756841345,28.114632920770237,104.36459081552476,74.38432691022756,0.08176464130843844,0.920892919857577,normal,large overshoot
2026-04-20,29.0,7.0,5.0,4.142857142857143,5.0,3.0,21.066666666666666,12.5,21.0,21.066666666666666,12.5,147.46666666666667,87.5,0.14240506329113925,0.24,-126.46666666666667,-66.5,39.44610756841345,28.114632920770237,104.36459081552476,74.38432691022756,-1.2117775356414668,-0.894005535336188,under baseline,under baseline
2026-04-21,0.0,0.0,0.0,,,7.142857142857143,20.533333333333335,12.822222222222223,50.0,20.533333333333335,12.822222222222223,143.73333333333335,89.75555555555556,0.3478664192949907,0.5570685813320129,-93.73333333333335,-39.75555555555556,39.21886714618207,28.1359371853573,103.76336917047922,74.44069269619004,-0.9033374116768808,-0.534056765401248,under baseline,under baseline
2026-04-22,0.0,0.0,0.0,,,7.142857142857143,20.533333333333335,12.822222222222223,50.0,20.533333333333335,12.822222222222223,143.73333333333335,89.75555555555556,0.3478664192949907,0.5570685813320129,-93.73333333333335,-39.75555555555556,39.21886714618207,28.1359371853573,103.76336917047922,74.44069269619004,-0.9033374116768808,-0.534056765401248,under baseline,under baseline
2026-04-23,61.0,15.0,4.0,4.066666666666666,6.0,7.142857142857143,17.466666666666665,12.822222222222223,50.0,17.466666666666665,12.822222222222223,122.26666666666665,89.75555555555556,0.40894220283533267,0.5570685813320129,-72.26666666666665,-39.75555555555556,36.97038267860224,28.1359371853573,97.81443844247151,74.44069269619004,-0.7388138992299127,-0.534056765401248,under baseline,under baseline
2026-04-24,0.0,0.0,0.0,,,15.857142857142858,19.5,13.5,111.0,19.5,13.5,136.5,94.5,0.8131868131868132,1.1746031746031746,-25.5,16.5,37.64786938148707,28.555190008201468,99.60689977485788,75.54993140189754,-0.25600636158376394,0.2183986099501022,normal,normal
2026-04-25,94.0,20.0,7.0,4.7,8.0,15.857142857142858,19.5,13.5,111.0,19.5,13.5,136.5,94.5,0.8131868131868132,1.1746031746031746,-25.5,16.5,37.64786938148707,28.555190008201468,99.60689977485788,75.54993140189754,-0.25600636158376394,0.2183986099501022,normal,normal
2026-04-26,0.0,0.0,0.0,,,26.285714285714285,22.633333333333333,14.544444444444444,184.0,22.633333333333333,14.544444444444444,158.43333333333334,101.8111111111111,1.1613717652009257,1.8072683618902108,25.566666666666663,82.1888888888889,39.81810654960123,29.749954626010485,105.34880760771702,78.71098145587932,0.24268586657257857,1.0441857968059907,normal,large overshoot
2026-04-27,12.0,3.0,2.0,4.0,4.0,26.285714285714285,19.333333333333332,14.544444444444444,184.0,19.333333333333332,14.544444444444444,135.33333333333331,101.8111111111111,1.3596059113300494,1.8072683618902108,48.666666666666686,82.1888888888889,37.293184487187425,29.749954626010485,98.66849175074978,78.71098145587932,0.4932341196580302,1.0441857968059907,moderate overshoot,large overshoot
2026-04-28,0.0,0.0,0.0,,,23.857142857142858,19.733333333333334,14.677777777777777,167.0,19.733333333333334,14.677777777777777,138.13333333333333,102.74444444444444,1.208976833976834,1.6253920190332,28.866666666666674,64.25555555555556,37.14271946418836,29.71090208780954,98.27039871888064,78.60765815173377,0.29374732414839116,0.8174210638806358,normal,large overshoot
2026-04-29,40.0,11.0,2.0,3.6363636363636362,4.0,23.857142857142858,19.733333333333334,14.677777777777777,167.0,19.733333333333334,14.677777777777777,138.13333333333333,102.74444444444444,1.208976833976834,1.6253920190332,28.866666666666674,64.25555555555556,37.14271946418836,29.71090208780954,98.27039871888064,78.60765815173377,0.29374732414839116,0.8174210638806358,normal,large overshoot
2026-04-30,0.0,0.0,0.0,,,29.571428571428573,19.666666666666668,15.122222222222222,207.0,19.666666666666668,15.122222222222222,137.66666666666669,105.85555555555555,1.5036319612590796,1.9554949092054161,69.33333333333331,101.14444444444445,37.10314916770427,29.787950123066988,98.16570555507865,78.81150809203112,0.7062887486142693,1.2833715137938273,large overshoot,large overshoot
2026-05-01,0.0,0.0,0.0,,,20.857142857142858,19.666666666666668,15.122222222222222,146.0,19.666666666666668,15.122222222222222,137.66666666666669,105.85555555555555,1.0605326876513315,1.3792379552849796,8.333333333333314,40.144444444444446,37.10314916770427,29.787950123066988,98.16570555507865,78.81150809203112,0.08489047459306104,0.5093728748035921,normal,moderate overshoot
2026-05-02,0.0,0.0,0.0,,,20.857142857142858,19.666666666666668,15.122222222222222,146.0,19.666666666666668,15.122222222222222,137.66666666666669,105.85555555555555,1.0605326876513315,1.3792379552849796,8.333333333333314,40.144444444444446,37.10314916770427,29.787950123066988,98.16570555507865,78.81150809203112,0.08489047459306104,0.5093728748035921,normal,moderate overshoot
2026-05-03,81.0,16.0,3.0,5.0625,7.0,7.428571428571429,19.666666666666668,15.122222222222222,52.0,19.666666666666668,15.122222222222222,137.66666666666669,105.85555555555555,0.3777239709443099,0.4912354361288968,-85.66666666666669,-53.855555555555554,37.10314916770427,29.787950123066988,98.16570555507865,78.81150809203112,-0.8726740788166696,-0.683346339378082,under baseline,under baseline
2026-05-04,0.0,0.0,0.0,,,19.0,20.833333333333332,16.022222222222222,133.0,20.833333333333332,16.022222222222222,145.83333333333331,112.15555555555555,0.9120000000000001,1.185852981969487,-12.833333333333314,20.84444444444445,38.48428549271835,30.540074162282213,101.81984879774359,80.801441254868,-0.12603960313107154,0.2579711960668603,normal,normal
2026-05-05,0.0,0.0,0.0,,,17.285714285714285,20.833333333333332,16.022222222222222,121.0,20.833333333333332,16.022222222222222,145.83333333333331,112.15555555555555,0.8297142857142858,1.0788587279572024,-24.833333333333314,8.844444444444449,38.48428549271835,30.540074162282213,101.81984879774359,80.801441254868,-0.24389481644843733,0.10945899364030963,normal,normal
2026-05-06,0.0,0.0,0.0,,,17.285714285714285,16.8,15.344444444444445,121.0,16.8,15.344444444444445,117.60000000000001,107.41111111111111,1.0289115646258502,1.126512878866246,3.3999999999999915,13.588888888888889,33.66303610787349,30.205722023257643,89.06402191682093,79.91682864468649,0.038174786258533606,0.17003788963280372,normal,normal
2026-05-07,0.0,0.0,0.0,,,11.571428571428571,16.8,15.344444444444445,81.0,16.8,15.344444444444445,117.60000000000001,107.41111111111111,0.6887755102040816,0.754111927174925,-36.60000000000001,-26.41111111111111,33.66303610787349,30.205722023257643,89.06402191682093,79.91682864468649,-0.410940346194804,-0.3304824723280249,under baseline,under baseline
2026-05-08,0.0,0.0,0.0,,,11.571428571428571,16.8,15.344444444444445,81.0,16.8,15.344444444444445,117.60000000000001,107.41111111111111,0.6887755102040816,0.754111927174925,-36.60000000000001,-26.41111111111111,33.66303610787349,30.205722023257643,89.06402191682093,79.91682864468649,-0.410940346194804,-0.3304824723280249,under baseline,under baseline
2026-05-09,0.0,0.0,0.0,,,11.571428571428571,16.8,15.344444444444445,81.0,16.8,15.344444444444445,117.60000000000001,107.41111111111111,0.6887755102040816,0.754111927174925,-36.60000000000001,-26.41111111111111,33.66303610787349,30.205722023257643,89.06402191682093,79.91682864468649,-0.410940346194804,-0.3304824723280249,under baseline,under baseline
2026-05-10,0.0,0.0,0.0,,,11.571428571428571,15.766666666666667,15.3,81.0,15.766666666666667,15.3,110.36666666666667,107.10000000000001,0.7339172455451525,0.7563025210084033,-29.366666666666674,-26.10000000000001,33.68790157673333,30.22553797813052,89.12980976365711,79.96925673327141,-0.3294819852587748,-0.32637542308356904,under baseline,under baseline
2026-05-11,0.0,0.0,0.0,,,0.0,15.766666666666667,15.3,0.0,15.766666666666667,15.3,110.36666666666667,107.10000000000001,0.0,0.0,-110.36666666666667,-107.10000000000001,33.68790157673333,30.22553797813052,89.12980976365711,79.96925673327141,-1.2382688458476767,-1.3392646671360244,under baseline,under baseline
2026-05-12,47.0,9.0,3.0,5.222222222222222,7.0,0.0,15.766666666666667,15.3,0.0,15.766666666666667,15.3,110.36666666666667,107.10000000000001,0.0,0.0,-110.36666666666667,-107.10000000000001,33.68790157673333,30.22553797813052,89.12980976365711,79.96925673327141,-1.2382688458476767,-1.3392646671360244,under baseline,under baseline
2026-05-13,0.0,0.0,0.0,,,6.714285714285714,12.833333333333334,15.533333333333333,47.0,12.833333333333334,15.533333333333333,89.83333333333334,108.73333333333333,0.523191094619666,0.43225015328019617,-42.83333333333334,-61.733333333333334,25.872476832944663,30.389678910275737,68.4521395012516,80.40353281969398,-0.6257413376034824,-0.7677937917450863,under baseline,under baseline
2026-05-14,53.0,12.0,5.0,4.416666666666667,7.0,6.714285714285714,12.833333333333334,15.533333333333333,47.0,12.833333333333334,15.533333333333333,89.83333333333334,108.73333333333333,0.523191094619666,0.43225015328019617,-42.83333333333334,-61.733333333333334,25.872476832944663,30.389678910275737,68.4521395012516,80.40353281969398,-0.6257413376034824,-0.7677937917450863,under baseline,under baseline
2026-05-15,0.0,0.0,0.0,,,14.285714285714286,14.6,16.122222222222224,100.0,14.6,16.122222222222224,102.2,112.85555555555557,0.9784735812133072,0.8860884119326572,-2.200000000000003,-12.855555555555569,26.7602381309954,30.598093418527466,70.80093511948174,80.95494577814587,-0.03107303591806157,-0.15879889032086758,normal,normal
2026-05-16,0.0,0.0,0.0,,,14.285714285714286,14.6,15.422222222222222,100.0,14.6,15.422222222222222,102.2,107.95555555555556,0.9784735812133072,0.9263071222725401,-2.200000000000003,-7.955555555555563,26.7602381309954,30.232053001972957,70.80093511948174,79.98649386614414,-0.03107303591806157,-0.09946123615405661,normal,normal
2026-05-17,74.0,12.0,3.0,6.166666666666667,7.0,14.285714285714286,14.6,15.422222222222222,100.0,14.6,15.422222222222222,102.2,107.95555555555556,0.9784735812133072,0.9263071222725401,-2.200000000000003,-7.955555555555563,26.7602381309954,30.232053001972957,70.80093511948174,79.98649386614414,-0.03107303591806157,-0.09946123615405661,normal,normal
